{"type":"FeatureCollection","name":"MRDCL household survey export","features":[{"type":"Feature","id":"AS589-001","geometry":{"type":"Polygon","coordinates":[[[78.3731438,17.3286083],[78.3731711,17.3286111],[78.3731772,17.3285566],[78.37315,17.3285538],[78.3731438,17.3286083]]]},"properties":{"household_id":"AS589-001","OBJECTID":18,"fid_1":691,"Area":190.174306964,"DSM":526.7207,"DTM":524,"HEIGHT":2.7207,"BuildingID":"7f1c8","BuiType":null,"StructType":"Temporary","NameOwnRep":"7f1c8","Contact":0,"HNoPlotNo":null,"TPIN":null,"ColnyStrtN":"Darga Kaleez khan","SyTsNo":"7","WardBlockN":null,"Use":"Govt","Extent":0,"PlinthArea":0,"Classifica":"Govt","Caste":null,"FinanDepen":null,"HHSize":0,"NoAdults":0,"NoChild":0,"Govtbenefi":null,"Borewell":"No","Courtcase":"No","NameStruct":"Temporary TIN","ReliType":null,"Remarks":"There is a temporary shed for adjacent graveyard purpose of","CommStatus":null,"Trees":"No","location":null,"Occupation":null,"SkilledOcc":null,"Craftsmen":null,"ReliStruct":null,"Cremetoriu":null,"Email":null,"Date":"1899-12-30T00:00:00","Time":null,"SurvyeorNa":null,"Survey_Dat":"2024/08/15 11:32:21.852","Survey_Loc":null,"UUID":null,"email_id":null,"Mandals":"Rajendra Nagar","Zone":"Buffer","Income":"BPL","AreaSqm":1.7667,"Areatext":"17.6678419185448","Duplicate":"0","Dist":"Ranga Reddy","PCs":"Chevella","Assembly_C":"Rajendra Nagar","Affeceted_":"1900-01-01T00:00:00","S_Number":27,"S_Fall":"Roads","Zone_1":"Z1A N","Affected_S":"Buffer","Area_SQF":190.174306964,"Zonewise":"Z1A","no_of_Floo":1,"gis_geometry_geojson":"{\"type\":\"Polygon\",\"coordinates\":[[[78.3731438,17.3286083],[78.3731711,17.3286111],[78.3731772,17.3285566],[78.37315,17.3285538],[78.3731438,17.3286083]]]}"}},{"type":"Feature","id":"AS589-002","geometry":{"type":"Polygon","coordinates":[[[78.4068264,17.3555213],[78.4068371,17.3554945],[78.4068475,17.3554983],[78.4068514,17.3554883],[78.4068718,17.3554962],[78.4068907,17.3554441],[78.4068151,17.355418],[78.406781,17.3555054],[78.4068264,17.3555213]]]},"properties":{"household_id":"AS589-002","OBJECTID":59,"fid_1":732,"Area":813.888494032,"DSM":504.64554,"DTM":501,"HEIGHT":3.64554,"BuildingID":"393b2","BuiType":"Individual","StructType":"Temporary","NameOwnRep":"393b2","Contact":9848144383,"HNoPlotNo":null,"TPIN":null,"ColnyStrtN":null,"SyTsNo":"112","WardBlockN":null,"Use":"Residential","Extent":0,"PlinthArea":0,"Classifica":"Patta","Caste":null,"FinanDepen":"No","HHSize":0,"NoAdults":0,"NoChild":0,"Govtbenefi":"No","Borewell":"No","Courtcase":"No","NameStruct":"Rcc","ReliType":null,"Remarks":null,"CommStatus":null,"Trees":"No","location":null,"Occupation":null,"SkilledOcc":null,"Craftsmen":null,"ReliStruct":null,"Cremetoriu":null,"Email":null,"Date":"1899-12-30T00:00:00","Time":null,"SurvyeorNa":null,"Survey_Dat":"2024/08/13 16:40:45.965","Survey_Loc":null,"UUID":null,"email_id":null,"Mandals":"Rajendra Nagar","Zone":"Buffer","Income":"BPL","AreaSqm":7.5613,"Areatext":"75.6130177810589","Duplicate":"0","Dist":"Ranga Reddy","PCs":"Chevella","Assembly_C":"Rajendra Nagar","Affeceted_":"1900-01-01T00:00:00","S_Number":402,"S_Fall":"Roads","Zone_1":"Z1A N","Affected_S":"Buffer","Area_SQF":813.888494032,"Zonewise":"Z1A","no_of_Floo":1,"gis_geometry_geojson":"{\"type\":\"Polygon\",\"coordinates\":[[[78.4068264,17.3555213],[78.4068371,17.3554945],[78.4068475,17.3554983],[78.4068514,17.3554883],[78.4068718,17.3554962],[78.4068907,17.3554441],[78.4068151,17.355418],[78.406781,17.3555054],[78.4068264,17.3555213]]]}"}},{"type":"Feature","id":"AS589-003","geometry":{"type":"Polygon","coordinates":[[[78.406781,17.3555054],[78.4068151,17.355418],[78.4067271,17.3553872],[78.4066887,17.3554746],[78.406781,17.3555054]]]},"properties":{"household_id":"AS589-003","OBJECTID":60,"fid_1":733,"Area":1146.91273555,"DSM":510.83594,"DTM":501,"HEIGHT":9.83594,"BuildingID":"6d4d1","BuiType":"Individual","StructType":"Permanent","NameOwnRep":"6d4d1","Contact":9848144383,"HNoPlotNo":"3-7-400/MR/7&6/P","TPIN":null,"ColnyStrtN":"Hyderabad enclave","SyTsNo":"112","WardBlockN":null,"Use":"Residential","Extent":13,"PlinthArea":0,"Classifica":"Patta","Caste":"Minority","FinanDepen":"No","HHSize":0,"NoAdults":20,"NoChild":3,"Govtbenefi":"No","Borewell":"Yes","Courtcase":"No","NameStruct":"Building","ReliType":null,"Remarks":"Driver","CommStatus":null,"Trees":"No","location":null,"Occupation":"Others","SkilledOcc":null,"Craftsmen":null,"ReliStruct":null,"Cremetoriu":null,"Email":null,"Date":"1899-12-30T00:00:00","Time":null,"SurvyeorNa":"sambaraju","Survey_Dat":"2024/08/12 11:15:37.073","Survey_Loc":null,"UUID":null,"email_id":"etikalasambaraju84@gmail.com","Mandals":"Rajendra Nagar","Zone":"Buffer","Income":null,"AreaSqm":1.0655,"Areatext":"106.552105971491","Duplicate":"0","Dist":"Ranga Reddy","PCs":"Chevella","Assembly_C":"Rajendra Nagar","Affeceted_":"1900-01-01T00:00:00","S_Number":401,"S_Fall":"Roads","Zone_1":"Z1A N","Affected_S":"Buffer","Area_SQF":3440.73820665,"Zonewise":"Z1A","no_of_Floo":3,"gis_geometry_geojson":"{\"type\":\"Polygon\",\"coordinates\":[[[78.406781,17.3555054],[78.4068151,17.355418],[78.4067271,17.3553872],[78.4066887,17.3554746],[78.406781,17.3555054]]]}"}},{"type":"Feature","id":"AS589-004","geometry":{"type":"Polygon","coordinates":[[[78.4068356,17.355572],[78.4067715,17.3555493],[78.406731,17.3556543],[78.406794,17.3556773],[78.4068356,17.355572]]]},"properties":{"household_id":"AS589-004","OBJECTID":61,"fid_1":734,"Area":965.192790171,"DSM":507.91772,"DTM":501,"HEIGHT":6.91772,"BuildingID":"b5c4a","BuiType":"Individual","StructType":"Permanent","NameOwnRep":"b5c4a","Contact":7981899157,"HNoPlotNo":null,"TPIN":null,"ColnyStrtN":"Hyder enclave","SyTsNo":"112","WardBlockN":null,"Use":"Residential","Extent":104,"PlinthArea":0,"Classifica":"Patta","Caste":"Minority","FinanDepen":"No","HHSize":0,"NoAdults":0,"NoChild":0,"Govtbenefi":"No","Borewell":"No","Courtcase":"No","NameStruct":"House","ReliType":null,"Remarks":null,"CommStatus":null,"Trees":"No","location":null,"Occupation":"Others","SkilledOcc":null,"Craftsmen":null,"ReliStruct":null,"Cremetoriu":null,"Email":null,"Date":"1899-12-30T00:00:00","Time":null,"SurvyeorNa":null,"Survey_Dat":"2024/08/07 21:17:28.056","Survey_Loc":null,"UUID":null,"email_id":null,"Mandals":"Rajendra Nagar","Zone":"Buffer","Income":null,"AreaSqm":8.9669,"Areatext":"89.6697030712146","Duplicate":"0","Dist":"Ranga Reddy","PCs":"Chevella","Assembly_C":"Rajendra Nagar","Affeceted_":"1900-01-01T00:00:00","S_Number":403,"S_Fall":"Roads","Zone_1":"Z1A N","Affected_S":"Buffer","Area_SQF":1930.38558034,"Zonewise":"Z1A","no_of_Floo":2,"gis_geometry_geojson":"{\"type\":\"Polygon\",\"coordinates\":[[[78.4068356,17.355572],[78.4067715,17.3555493],[78.406731,17.3556543],[78.406794,17.3556773],[78.4068356,17.355572]]]}"}},{"type":"Feature","id":"AS589-005","geometry":{"type":"Polygon","coordinates":[[[78.4073577,17.3556094],[78.407321,17.3555749],[78.407262,17.3556412],[78.4073024,17.3556724],[78.4073577,17.3556094]]]},"properties":{"household_id":"AS589-005","OBJECTID":62,"fid_1":735,"Area":553.535083233,"DSM":505.94827,"DTM":499,"HEIGHT":6.94827,"BuildingID":"93341","BuiType":"Individual","StructType":"Permanent","NameOwnRep":"93341","Contact":8008271903,"HNoPlotNo":null,"TPIN":null,"ColnyStrtN":"Hyder Enclave","SyTsNo":"112 Hyderguda","WardBlockN":null,"Use":"Residential","Extent":0,"PlinthArea":0,"Classifica":"Patta","Caste":null,"FinanDepen":null,"HHSize":0,"NoAdults":0,"NoChild":0,"Govtbenefi":null,"Borewell":"No","Courtcase":"No","NameStruct":"Mohammed Shafeeq","ReliType":null,"Remarks":null,"CommStatus":null,"Trees":"Yes","location":null,"Occupation":null,"SkilledOcc":null,"Craftsmen":null,"ReliStruct":null,"Cremetoriu":null,"Email":null,"Date":"1899-12-30T00:00:00","Time":null,"SurvyeorNa":null,"Survey_Dat":"2024/08/07 21:17:28.130","Survey_Loc":null,"UUID":null,"email_id":null,"Mandals":"Rajendra Nagar","Zone":"Buffer","Income":null,"AreaSqm":5.1425,"Areatext":"51.4252976798749","Duplicate":"0","Dist":"Ranga Reddy","PCs":"Chevella","Assembly_C":"Rajendra Nagar","Affeceted_":"1900-01-01T00:00:00","S_Number":406,"S_Fall":"Roads","Zone_1":"Z1A N","Affected_S":"RIVER","Area_SQF":1107.07016647,"Zonewise":"Z1A","no_of_Floo":2,"gis_geometry_geojson":"{\"type\":\"Polygon\",\"coordinates\":[[[78.4073577,17.3556094],[78.407321,17.3555749],[78.407262,17.3556412],[78.4073024,17.3556724],[78.4073577,17.3556094]]]}"}},{"type":"Feature","id":"AS589-006","geometry":{"type":"Polygon","coordinates":[[[78.4064549,17.3550783],[78.4064265,17.3551474],[78.4065684,17.3552164],[78.4065955,17.3551485],[78.4064549,17.3550783]]]},"properties":{"household_id":"AS589-006","OBJECTID":64,"fid_1":737,"Area":1474.20890568,"DSM":522.58185,"DTM":501,"HEIGHT":21.58185,"BuildingID":"edde0","BuiType":"Individual","StructType":"Permanent","NameOwnRep":"edde0","Contact":9398617046,"HNoPlotNo":"Plot no 340 part","TPIN":null,"ColnyStrtN":"Hyder enclave","SyTsNo":"112","WardBlockN":null,"Use":"Residential","Extent":150,"PlinthArea":0,"Classifica":"Patta","Caste":"Minority","FinanDepen":"No","HHSize":0,"NoAdults":12,"NoChild":18,"Govtbenefi":"No","Borewell":"Yes","Courtcase":"No","NameStruct":"House","ReliType":null,"Remarks":null,"CommStatus":null,"Trees":"No","location":null,"Occupation":"UnSkilled Worker","SkilledOcc":null,"Craftsmen":null,"ReliStruct":null,"Cremetoriu":null,"Email":null,"Date":"1899-12-30T00:00:00","Time":null,"SurvyeorNa":null,"Survey_Dat":"2024/08/15 19:42:57.917","Survey_Loc":null,"UUID":null,"email_id":null,"Mandals":"Rajendra Nagar","Zone":"Buffer","Income":"APL","AreaSqm":1.3695,"Areatext":"136.959036779435","Duplicate":"0","Dist":"Ranga Reddy","PCs":"Chevella","Assembly_C":"Rajendra Nagar","Affeceted_":"1900-01-01T00:00:00","S_Number":388,"S_Fall":"Roads","Zone_1":"Z1A N","Affected_S":"Buffer","Area_SQF":10319.4623398,"Zonewise":"Z1A","no_of_Floo":7,"gis_geometry_geojson":"{\"type\":\"Polygon\",\"coordinates\":[[[78.4064549,17.3550783],[78.4064265,17.3551474],[78.4065684,17.3552164],[78.4065955,17.3551485],[78.4064549,17.3550783]]]}"}},{"type":"Feature","id":"AS589-007","geometry":{"type":"Polygon","coordinates":[[[78.4044788,17.3534563],[78.4044968,17.3534087],[78.4044646,17.3533983],[78.4044599,17.3534123],[78.404385,17.3533868],[78.4043727,17.35342],[78.4044788,17.3534563]]]},"properties":{"household_id":"AS589-007","OBJECTID":65,"fid_1":738,"Area":567.337189681,"DSM":506.63486,"DTM":504,"HEIGHT":2.63486,"BuildingID":"b78c5","BuiType":"Individual","StructType":"Permanent","NameOwnRep":"b78c5","Contact":9908185300,"HNoPlotNo":"3-7-400/oc/open/44&45","TPIN":null,"ColnyStrtN":"Hyderguda","SyTsNo":"111","WardBlockN":null,"Use":"Residential","Extent":0,"PlinthArea":0,"Classifica":"Govt","Caste":"Minority","FinanDepen":"No","HHSize":0,"NoAdults":0,"NoChild":0,"Govtbenefi":"No","Borewell":"No","Courtcase":"No","NameStruct":"House","ReliType":null,"Remarks":null,"CommStatus":null,"Trees":"No","location":null,"Occupation":"Buisness","SkilledOcc":null,"Craftsmen":null,"ReliStruct":null,"Cremetoriu":null,"Email":null,"Date":"1899-12-30T00:00:00","Time":null,"SurvyeorNa":null,"Survey_Dat":"2024/08/15 19:42:57.993","Survey_Loc":null,"UUID":null,"email_id":null,"Mandals":"Rajendra Nagar","Zone":"Buffer","Income":"APL","AreaSqm":1.7207,"Areatext":"17.2075836590361","Duplicate":"0","Dist":"Ranga Reddy","PCs":"Chevella","Assembly_C":"Rajendra Nagar","Affeceted_":"1900-01-01T00:00:00","S_Number":282,"S_Fall":"Roads","Zone_1":"Z1A N","Affected_S":"Buffer","Area_SQF":567.337189681,"Zonewise":"Z1A","no_of_Floo":1,"gis_geometry_geojson":"{\"type\":\"Polygon\",\"coordinates\":[[[78.4044788,17.3534563],[78.4044968,17.3534087],[78.4044646,17.3533983],[78.4044599,17.3534123],[78.404385,17.3533868],[78.4043727,17.35342],[78.4044788,17.3534563]]]}"}},{"type":"Feature","id":"AS589-008","geometry":{"type":"Polygon","coordinates":[[[78.4059641,17.3547654],[78.4059679,17.3547555],[78.4060191,17.3547718],[78.406016,17.3547821],[78.4060351,17.3547886],[78.4060389,17.3547768],[78.406031,17.3547745],[78.4060477,17.3547263],[78.4060559,17.3547286],[78.4060725,17.3546802],[78.4060033,17.3546585],[78.4059946,17.3546866],[78.405972,17.3546801],[78.4059801,17.354654],[78.4059478,17.3546447],[78.405915,17.3547504],[78.4059641,17.3547654]]]},"properties":{"household_id":"AS589-008","OBJECTID":78,"fid_1":751,"Area":1617.84793653,"DSM":508.95258,"DTM":502,"HEIGHT":6.95258,"BuildingID":"d2fa2","BuiType":"Individual","StructType":"Permanent","NameOwnRep":"d2fa2","Contact":9182989548,"HNoPlotNo":null,"TPIN":null,"ColnyStrtN":"Hyder Enclave","SyTsNo":"112","WardBlockN":null,"Use":"Residential","Extent":0,"PlinthArea":0,"Classifica":"Patta","Caste":"Minority","FinanDepen":null,"HHSize":0,"NoAdults":0,"NoChild":0,"Govtbenefi":null,"Borewell":"No","Courtcase":"No","NameStruct":"Building","ReliType":null,"Remarks":null,"CommStatus":null,"Trees":"No","location":null,"Occupation":null,"SkilledOcc":null,"Craftsmen":null,"ReliStruct":null,"Cremetoriu":null,"Email":null,"Date":"1899-12-30T00:00:00","Time":null,"SurvyeorNa":null,"Survey_Dat":"2024/08/07 21:17:29.305","Survey_Loc":null,"UUID":null,"email_id":null,"Mandals":"Rajendra Nagar","Zone":"Buffer","Income":null,"AreaSqm":1.503,"Areatext":"150.303592776951","Duplicate":"0","Dist":"Ranga Reddy","PCs":"Chevella","Assembly_C":"Rajendra Nagar","Affeceted_":"1900-01-01T00:00:00","S_Number":360,"S_Fall":"Roads","Zone_1":"Z1A N","Affected_S":"Buffer","Area_SQF":3235.69587306,"Zonewise":"Z1A","no_of_Floo":2,"gis_geometry_geojson":"{\"type\":\"Polygon\",\"coordinates\":[[[78.4059641,17.3547654],[78.4059679,17.3547555],[78.4060191,17.3547718],[78.406016,17.3547821],[78.4060351,17.3547886],[78.4060389,17.3547768],[78.406031,17.3547745],[78.4060477,17.3547263],[78.4060559,17.3547286],[78.4060725,17.3546802],[78.4060033,17.3546585],[78.4059946,17.3546866],[78.405972,17.3546801],[78.4059801,17.354654],[78.4059478,17.3546447],[78.405915,17.3547504],[78.4059641,17.3547654]]]}"}},{"type":"Feature","id":"AS589-009","geometry":{"type":"Polygon","coordinates":[[[78.4062678,17.354904],[78.4062128,17.3548849],[78.4061971,17.3549329],[78.4062492,17.3549509],[78.4062678,17.354904]]]},"properties":{"household_id":"AS589-009","OBJECTID":82,"fid_1":755,"Area":362.187116943,"DSM":504.41815,"DTM":501,"HEIGHT":3.41815,"BuildingID":"f9ac2","BuiType":null,"StructType":"Temporary","NameOwnRep":"f9ac2","Contact":0,"HNoPlotNo":null,"TPIN":null,"ColnyStrtN":null,"SyTsNo":"112","WardBlockN":null,"Use":"Residential","Extent":0,"PlinthArea":0,"Classifica":"Patta","Caste":null,"FinanDepen":null,"HHSize":0,"NoAdults":0,"NoChild":0,"Govtbenefi":null,"Borewell":"No","Courtcase":"No","NameStruct":"Tin shed","ReliType":null,"Remarks":null,"CommStatus":null,"Trees":"No","location":null,"Occupation":null,"SkilledOcc":null,"Craftsmen":null,"ReliStruct":null,"Cremetoriu":null,"Email":null,"Date":"1899-12-30T00:00:00","Time":null,"SurvyeorNa":null,"Survey_Dat":"2024/08/13 16:40:46.503","Survey_Loc":null,"UUID":null,"email_id":null,"Mandals":"Rajendra Nagar","Zone":"Buffer","Income":"BPL","AreaSqm":3.3648,"Areatext":"33.648418810694","Duplicate":"0","Dist":"Ranga Reddy","PCs":"Chevella","Assembly_C":"Rajendra Nagar","Affeceted_":"1900-01-01T00:00:00","S_Number":370,"S_Fall":"Roads","Zone_1":"Z1A N","Affected_S":"Buffer","Area_SQF":362.187116943,"Zonewise":"Z1A","no_of_Floo":1,"gis_geometry_geojson":"{\"type\":\"Polygon\",\"coordinates\":[[[78.4062678,17.354904],[78.4062128,17.3548849],[78.4061971,17.3549329],[78.4062492,17.3549509],[78.4062678,17.354904]]]}"}},{"type":"Feature","id":"AS589-010","geometry":{"type":"Polygon","coordinates":[[[78.4062678,17.354904],[78.4062478,17.3549547],[78.4062804,17.354968],[78.4063016,17.3549156],[78.4062678,17.354904]]]},"properties":{"household_id":"AS589-010","OBJECTID":83,"fid_1":756,"Area":249.585267403,"DSM":503.75116,"DTM":501,"HEIGHT":2.75116,"BuildingID":"94242","BuiType":null,"StructType":"Temporary","NameOwnRep":"94242","Contact":0,"HNoPlotNo":null,"TPIN":null,"ColnyStrtN":"Hyder enclave","SyTsNo":"112","WardBlockN":null,"Use":"Commercial","Extent":0,"PlinthArea":0,"Classifica":"Patta","Caste":"Minority","FinanDepen":"No","HHSize":0,"NoAdults":0,"NoChild":0,"Govtbenefi":"No","Borewell":"Yes","Courtcase":"No","NameStruct":"Tin shed","ReliType":null,"Remarks":"Water filter","CommStatus":"Others","Trees":"No","location":null,"Occupation":null,"SkilledOcc":null,"Craftsmen":null,"ReliStruct":null,"Cremetoriu":null,"Email":null,"Date":"1899-12-30T00:00:00","Time":null,"SurvyeorNa":null,"Survey_Dat":"2024/08/15 11:32:22.059","Survey_Loc":null,"UUID":null,"email_id":null,"Mandals":"Rajendra Nagar","Zone":"Buffer","Income":"BPL","AreaSqm":2.3187,"Areatext":"23.1873228283704","Duplicate":"0","Dist":"Ranga Reddy","PCs":"Chevella","Assembly_C":"Rajendra Nagar","Affeceted_":"1900-01-01T00:00:00","S_Number":369,"S_Fall":"Roads","Zone_1":"Z1A N","Affected_S":"Buffer","Area_SQF":249.585267403,"Zonewise":"Z1A","no_of_Floo":1,"gis_geometry_geojson":"{\"type\":\"Polygon\",\"coordinates\":[[[78.4062678,17.354904],[78.4062478,17.3549547],[78.4062804,17.354968],[78.4063016,17.3549156],[78.4062678,17.354904]]]}"}},{"type":"Feature","id":"AS589-011","geometry":{"type":"Polygon","coordinates":[[[78.4041657,17.3532326],[78.4041472,17.3532853],[78.4042911,17.353332],[78.4043117,17.35328],[78.4041657,17.3532326]]]},"properties":{"household_id":"AS589-011","OBJECTID":87,"fid_1":760,"Area":1077.83377094,"DSM":511.48138,"DTM":504,"HEIGHT":7.48138,"BuildingID":"8e1d2","BuiType":"Individual","StructType":"Permanent","NameOwnRep":"8e1d2","Contact":9849269246,"HNoPlotNo":"Plot no 61","TPIN":null,"ColnyStrtN":"Officers colony","SyTsNo":"111","WardBlockN":"Ward no 60","Use":"Residential","Extent":120,"PlinthArea":0,"Classifica":"Patta","Caste":"Minority","FinanDepen":"No","HHSize":0,"NoAdults":0,"NoChild":0,"Govtbenefi":"No","Borewell":"Yes","Courtcase":"No","NameStruct":"New building","ReliType":null,"Remarks":null,"CommStatus":null,"Trees":"No","location":null,"Occupation":"Buisness","SkilledOcc":null,"Craftsmen":null,"ReliStruct":null,"Cremetoriu":null,"Email":null,"Date":"1899-12-30T00:00:00","Time":null,"SurvyeorNa":null,"Survey_Dat":"2024/08/15 19:42:58.147","Survey_Loc":null,"UUID":null,"email_id":null,"Mandals":"Rajendra Nagar","Zone":"Buffer","Income":"APL","AreaSqm":1.0013,"Areatext":"100.134434471393","Duplicate":"0","Dist":"Ranga Reddy","PCs":"Chevella","Assembly_C":"Rajendra Nagar","Affeceted_":"1900-01-01T00:00:00","S_Number":272,"S_Fall":"Roads","Zone_1":"Z1A N","Affected_S":"Buffer","Area_SQF":2155.66754188,"Zonewise":"Z1A","no_of_Floo":2,"gis_geometry_geojson":"{\"type\":\"Polygon\",\"coordinates\":[[[78.4041657,17.3532326],[78.4041472,17.3532853],[78.4042911,17.353332],[78.4043117,17.35328],[78.4041657,17.3532326]]]}"}},{"type":"Feature","id":"AS589-012","geometry":{"type":"Polygon","coordinates":[[[78.4041288,17.3533363],[78.4042746,17.353385],[78.4042911,17.353332],[78.4041472,17.3532853],[78.4041288,17.3533363]]]},"properties":{"household_id":"AS589-012","OBJECTID":88,"fid_1":761,"Area":1055.50756666,"DSM":511.62405,"DTM":504,"HEIGHT":7.62405,"BuildingID":"8286e","BuiType":"Individual","StructType":"Permanent","NameOwnRep":"8286e","Contact":9849269246,"HNoPlotNo":"Polt no 61","TPIN":null,"ColnyStrtN":"Officers colony","SyTsNo":"111","WardBlockN":"Ward no 60","Use":"Residential","Extent":110,"PlinthArea":0,"Classifica":"Patta","Caste":"Minority","FinanDepen":"No","HHSize":0,"NoAdults":0,"NoChild":0,"Govtbenefi":"No","Borewell":"No","Courtcase":"No","NameStruct":"New buliding","ReliType":null,"Remarks":null,"CommStatus":null,"Trees":"No","location":null,"Occupation":"Buisness","SkilledOcc":null,"Craftsmen":null,"ReliStruct":null,"Cremetoriu":null,"Email":null,"Date":"1899-12-30T00:00:00","Time":null,"SurvyeorNa":null,"Survey_Dat":"2024/08/15 19:42:58.224","Survey_Loc":null,"UUID":null,"email_id":null,"Mandals":"Rajendra Nagar","Zone":"Buffer","Income":"APL","AreaSqm":9.806,"Areatext":"98.0602539195574","Duplicate":"0","Dist":"Ranga Reddy","PCs":"Chevella","Assembly_C":"Rajendra Nagar","Affeceted_":"1900-01-01T00:00:00","S_Number":271,"S_Fall":"Roads","Zone_1":"Z1A N","Affected_S":"Buffer","Area_SQF":3166.52269998,"Zonewise":"Z1A","no_of_Floo":3,"gis_geometry_geojson":"{\"type\":\"Polygon\",\"coordinates\":[[[78.4041288,17.3533363],[78.4042746,17.353385],[78.4042911,17.353332],[78.4041472,17.3532853],[78.4041288,17.3533363]]]}"}},{"type":"Feature","id":"AS589-013","geometry":{"type":"Polygon","coordinates":[[[78.405083,17.3539718],[78.4052093,17.3540169],[78.4052407,17.3539358],[78.4051144,17.3538908],[78.405083,17.3539718]]]},"properties":{"household_id":"AS589-013","OBJECTID":89,"fid_1":762,"Area":1475.99612343,"DSM":506.5452,"DTM":503,"HEIGHT":3.5452,"BuildingID":"ac97a","BuiType":"Individual","StructType":"Permanent","NameOwnRep":"ac97a","Contact":9989844349,"HNoPlotNo":"3-7-400/oc/13","TPIN":"1060338283","ColnyStrtN":"Officer colony","SyTsNo":"112","WardBlockN":"Ward 60","Use":"Residential","Extent":200,"PlinthArea":1800,"Classifica":"Patta","Caste":"Minority","FinanDepen":"No","HHSize":3,"NoAdults":3,"NoChild":0,"Govtbenefi":"No","Borewell":"Yes","Courtcase":"No","NameStruct":"Abdul muneer","ReliType":null,"Remarks":null,"CommStatus":null,"Trees":"No","location":null,"Occupation":"Retired","SkilledOcc":null,"Craftsmen":null,"ReliStruct":null,"Cremetoriu":null,"Email":null,"Date":"1899-12-30T00:00:00","Time":null,"SurvyeorNa":null,"Survey_Dat":"2024/08/07 21:17:30.116","Survey_Loc":null,"UUID":null,"email_id":null,"Mandals":"Rajendra Nagar","Zone":"Buffer","Income":null,"AreaSqm":1.3712,"Areatext":"137.12507540359","Duplicate":"0","Dist":"Ranga Reddy","PCs":"Chevella","Assembly_C":"Rajendra Nagar","Affeceted_":"1900-01-01T00:00:00","S_Number":311,"S_Fall":"Roads","Zone_1":"Z1A N","Affected_S":"Buffer","Area_SQF":1475.99612343,"Zonewise":"Z1A","no_of_Floo":1,"gis_geometry_geojson":"{\"type\":\"Polygon\",\"coordinates\":[[[78.405083,17.3539718],[78.4052093,17.3540169],[78.4052407,17.3539358],[78.4051144,17.3538908],[78.405083,17.3539718]]]}"}},{"type":"Feature","id":"AS589-014","geometry":{"type":"Polygon","coordinates":[[[78.4036512,17.3529549],[78.4036721,17.3528995],[78.4036173,17.3527656],[78.4036066,17.3527687],[78.4035522,17.3529232],[78.4036512,17.3529549]]]},"properties":{"household_id":"AS589-014","OBJECTID":90,"fid_1":763,"Area":1588.44998595,"DSM":519.47565,"DTM":506,"HEIGHT":13.47565,"BuildingID":"8b0b8","BuiType":"Individual","StructType":"Permanent","NameOwnRep":"8b0b8","Contact":9573359949,"HNoPlotNo":"3-7-400/oc/112/a","TPIN":"322708382","ColnyStrtN":"Officers colony","SyTsNo":"111","WardBlockN":null,"Use":"Residential","Extent":150,"PlinthArea":0,"Classifica":"Govt","Caste":"Minority","FinanDepen":"No","HHSize":0,"NoAdults":4,"NoChild":2,"Govtbenefi":"No","Borewell":"Yes","Courtcase":"No","NameStruct":"Apartment","ReliType":null,"Remarks":null,"CommStatus":null,"Trees":"No","location":null,"Occupation":"Buisness","SkilledOcc":null,"Craftsmen":null,"ReliStruct":null,"Cremetoriu":null,"Email":null,"Date":"1899-12-30T00:00:00","Time":null,"SurvyeorNa":null,"Survey_Dat":"2024/08/15 19:42:58.301","Survey_Loc":null,"UUID":null,"email_id":null,"Mandals":"Rajendra Nagar","Zone":"Buffer","Income":"APL","AreaSqm":1.4757,"Areatext":"147.572422878036","Duplicate":"0","Dist":"Ranga Reddy","PCs":"Chevella","Assembly_C":"Rajendra Nagar","Affeceted_":"1900-01-01T00:00:00","S_Number":264,"S_Fall":"Roads","Zone_1":"Z1A N","Affected_S":"Buffer","Area_SQF":6353.7999438,"Zonewise":"Z1A","no_of_Floo":4,"gis_geometry_geojson":"{\"type\":\"Polygon\",\"coordinates\":[[[78.4036512,17.3529549],[78.4036721,17.3528995],[78.4036173,17.3527656],[78.4036066,17.3527687],[78.4035522,17.3529232],[78.4036512,17.3529549]]]}"}},{"type":"Feature","id":"AS589-015","geometry":{"type":"Polygon","coordinates":[[[78.4073748,17.3557988],[78.4074373,17.3558332],[78.4074505,17.3558111],[78.4073919,17.3557789],[78.4073748,17.3557988]]]},"properties":{"household_id":"AS589-015","OBJECTID":93,"fid_1":766,"Area":225.278645145,"DSM":503,"DTM":500,"HEIGHT":3,"BuildingID":"dc96a","BuiType":null,"StructType":"Temporary","NameOwnRep":"dc96a","Contact":0,"HNoPlotNo":null,"TPIN":null,"ColnyStrtN":"Hyder enclave","SyTsNo":"112","WardBlockN":"Ward 60","Use":"Commercial","Extent":150,"PlinthArea":200,"Classifica":"Patta","Caste":"Minority","FinanDepen":"No","HHSize":0,"NoAdults":0,"NoChild":0,"Govtbenefi":"No","Borewell":"No","Courtcase":"No","NameStruct":"Best in best","ReliType":null,"Remarks":null,"CommStatus":"Fabrication","Trees":"No","location":null,"Occupation":null,"SkilledOcc":null,"Craftsmen":null,"ReliStruct":null,"Cremetoriu":null,"Email":null,"Date":"1899-12-30T00:00:00","Time":null,"SurvyeorNa":null,"Survey_Dat":"2024/08/15 11:32:22.127","Survey_Loc":null,"UUID":null,"email_id":null,"Mandals":"Rajendra Nagar","Zone":"Buffer","Income":"BPL","AreaSqm":2.0929,"Areatext":"20.929154696297","Duplicate":"0","Dist":"Ranga Reddy","PCs":"Chevella","Assembly_C":"Rajendra Nagar","Affeceted_":"1900-01-01T00:00:00","S_Number":407,"S_Fall":"Roads","Zone_1":"Z1A N","Affected_S":"RIVER","Area_SQF":225.278645145,"Zonewise":"Z1A","no_of_Floo":1,"gis_geometry_geojson":"{\"type\":\"Polygon\",\"coordinates\":[[[78.4073748,17.3557988],[78.4074373,17.3558332],[78.4074505,17.3558111],[78.4073919,17.3557789],[78.4073748,17.3557988]]]}"}},{"type":"Feature","id":"AS589-016","geometry":{"type":"Polygon","coordinates":[[[78.401132,17.3506066],[78.4011734,17.3505882],[78.4011609,17.3505624],[78.4011196,17.3505808],[78.401132,17.3506066]]]},"properties":{"household_id":"AS589-016","OBJECTID":121,"fid_1":794,"Area":164.113990738,"DSM":512.42908,"DTM":508,"HEIGHT":4.42908,"BuildingID":"89d86","BuiType":"Individual","StructType":"Permanent","NameOwnRep":"89d86","Contact":9849585290,"HNoPlotNo":null,"TPIN":null,"ColnyStrtN":null,"SyTsNo":"145","WardBlockN":null,"Use":"Residential","Extent":0,"PlinthArea":0,"Classifica":"Patta","Caste":null,"FinanDepen":null,"HHSize":0,"NoAdults":0,"NoChild":0,"Govtbenefi":null,"Borewell":"No","Courtcase":"No","NameStruct":"Building","ReliType":null,"Remarks":null,"CommStatus":null,"Trees":"No","location":null,"Occupation":null,"SkilledOcc":null,"Craftsmen":null,"ReliStruct":null,"Cremetoriu":null,"Email":null,"Date":"1899-12-30T00:00:00","Time":null,"SurvyeorNa":"parameshgunti","Survey_Dat":"2024/08/21 13:15:24.955","Survey_Loc":null,"UUID":null,"email_id":"paramesh.gunti@gmail.com","Mandals":"Rajendra Nagar","Zone":"Buffer","Income":null,"AreaSqm":1.5246,"Areatext":"15.2467496324222","Duplicate":"0","Dist":"Ranga Reddy","PCs":"Chevella","Assembly_C":"Rajendra Nagar","Affeceted_":"1900-01-01T00:00:00","S_Number":200,"S_Fall":"Roads","Zone_1":"Z1A N","Affected_S":"Buffer","Area_SQF":164.113990738,"Zonewise":"Z1A","no_of_Floo":1,"gis_geometry_geojson":"{\"type\":\"Polygon\",\"coordinates\":[[[78.401132,17.3506066],[78.4011734,17.3505882],[78.4011609,17.3505624],[78.4011196,17.3505808],[78.401132,17.3506066]]]}"}},{"type":"Feature","id":"AS589-017","geometry":{"type":"Polygon","coordinates":[[[78.4010764,17.3505315],[78.4011256,17.3505107],[78.401111,17.3504788],[78.4010617,17.3504997],[78.4010764,17.3505315]]]},"properties":{"household_id":"AS589-017","OBJECTID":122,"fid_1":795,"Area":237.308850768,"DSM":509.13174,"DTM":508,"HEIGHT":1.13174,"BuildingID":"462dc","BuiType":"Individual","StructType":"Permanent","NameOwnRep":"462dc","Contact":9849585290,"HNoPlotNo":null,"TPIN":null,"ColnyStrtN":"Maple Town Phase 1","SyTsNo":"98","WardBlockN":null,"Use":"Residential","Extent":0,"PlinthArea":0,"Classifica":"Patta","Caste":null,"FinanDepen":null,"HHSize":0,"NoAdults":0,"NoChild":0,"Govtbenefi":null,"Borewell":"No","Courtcase":"No","NameStruct":"Buildings","ReliType":null,"Remarks":null,"CommStatus":null,"Trees":"No","location":null,"Occupation":null,"SkilledOcc":null,"Craftsmen":null,"ReliStruct":null,"Cremetoriu":null,"Email":null,"Date":"1899-12-30T00:00:00","Time":null,"SurvyeorNa":"parameshgunti","Survey_Dat":"2024/08/21 13:18:06.230","Survey_Loc":null,"UUID":null,"email_id":"paramesh.gunti@gmail.com","Mandals":"Rajendra Nagar","Zone":"Buffer","Income":null,"AreaSqm":2.2046,"Areatext":"22.0468018437025","Duplicate":"0","Dist":"Ranga Reddy","PCs":"Chevella","Assembly_C":"Rajendra Nagar","Affeceted_":"1900-01-01T00:00:00","S_Number":197,"S_Fall":"Roads","Zone_1":"Z1A N","Affected_S":"Buffer","Area_SQF":237.308850768,"Zonewise":"Z1A","no_of_Floo":1,"gis_geometry_geojson":"{\"type\":\"Polygon\",\"coordinates\":[[[78.4010764,17.3505315],[78.4011256,17.3505107],[78.401111,17.3504788],[78.4010617,17.3504997],[78.4010764,17.3505315]]]}"}},{"type":"Feature","id":"AS589-018","geometry":{"type":"Polygon","coordinates":[[[78.3980997,17.3402892],[78.3981696,17.3402821],[78.3981416,17.3400287],[78.3980718,17.3400358],[78.3980997,17.3402892]]]},"properties":{"household_id":"AS589-018","OBJECTID":126,"fid_1":799,"Area":2269.18160693,"DSM":519.23383,"DTM":516,"HEIGHT":3.23383,"BuildingID":"270c0","BuiType":null,"StructType":"Temporary","NameOwnRep":"270c0","Contact":0,"HNoPlotNo":null,"TPIN":null,"ColnyStrtN":null,"SyTsNo":"21","WardBlockN":null,"Use":"Govt","Extent":0,"PlinthArea":0,"Classifica":null,"Caste":null,"FinanDepen":null,"HHSize":0,"NoAdults":0,"NoChild":0,"Govtbenefi":null,"Borewell":"No","Courtcase":"No","NameStruct":"Temporary teen seacts","ReliType":null,"Remarks":"This a Government land in nature and regularised in favour of  vide GO Ms No.59. At present on ground labour sheds exists for adjacent construction labour.","CommStatus":null,"Trees":"No","location":null,"Occupation":null,"SkilledOcc":null,"Craftsmen":null,"ReliStruct":null,"Cremetoriu":null,"Email":null,"Date":"1899-12-30T00:00:00","Time":null,"SurvyeorNa":null,"Survey_Dat":"2024/08/15 11:32:22.335","Survey_Loc":null,"UUID":null,"email_id":null,"Mandals":"Gandipet","Zone":"Buffer","Income":"BPL","AreaSqm":2.1081,"Areatext":"210.814712843245","Duplicate":"0","Dist":"Ranga Reddy","PCs":"Chevella","Assembly_C":"Rajendra Nagar","Affeceted_":"1900-01-01T00:00:00","S_Number":93,"S_Fall":"Roads","Zone_1":"Z1A N","Affected_S":"Buffer","Area_SQF":2269.18160693,"Zonewise":"Z1A","no_of_Floo":1,"gis_geometry_geojson":"{\"type\":\"Polygon\",\"coordinates\":[[[78.3980997,17.3402892],[78.3981696,17.3402821],[78.3981416,17.3400287],[78.3980718,17.3400358],[78.3980997,17.3402892]]]}"}},{"type":"Feature","id":"AS589-019","geometry":{"type":"Polygon","coordinates":[[[78.3981885,17.3402524],[78.3982368,17.3402452],[78.3982255,17.3401749],[78.3981772,17.3401821],[78.3981885,17.3402524]]]},"properties":{"household_id":"AS589-019","OBJECTID":127,"fid_1":800,"Area":440.708307876,"DSM":518.37103,"DTM":516,"HEIGHT":2.37103,"BuildingID":"3798a","BuiType":"Individual","StructType":"Temporary","NameOwnRep":"3798a","Contact":9959175999,"HNoPlotNo":null,"TPIN":null,"ColnyStrtN":null,"SyTsNo":"21","WardBlockN":null,"Use":"Residential","Extent":100,"PlinthArea":900,"Classifica":"Govt","Caste":"OC","FinanDepen":"No","HHSize":0,"NoAdults":0,"NoChild":0,"Govtbenefi":"No","Borewell":"No","Courtcase":"No","NameStruct":"Temporary TIN sheets","ReliType":null,"Remarks":"This is Government land and the area is regularised under GO Ms No.59 in favour of.  . There are temporary TIN sheets constructed for purpose of residence for construction labour. The sheets will be removed once the construction completes in adjacent lan","CommStatus":null,"Trees":"No","location":null,"Occupation":"Buisness","SkilledOcc":null,"Craftsmen":null,"ReliStruct":null,"Cremetoriu":null,"Email":null,"Date":"1899-12-30T00:00:00","Time":null,"SurvyeorNa":null,"Survey_Dat":"2024/08/13 16:40:47.967","Survey_Loc":null,"UUID":null,"email_id":null,"Mandals":"Gandipet","Zone":"Buffer","Income":"BPL","AreaSqm":4.0943,"Areatext":"40.9433053232667","Duplicate":"0","Dist":"Ranga Reddy","PCs":"Chevella","Assembly_C":"Rajendra Nagar","Affeceted_":"1900-01-01T00:00:00","S_Number":94,"S_Fall":"Roads","Zone_1":"Z1A N","Affected_S":"Buffer","Area_SQF":440.708307876,"Zonewise":"Z1A","no_of_Floo":1,"gis_geometry_geojson":"{\"type\":\"Polygon\",\"coordinates\":[[[78.3981885,17.3402524],[78.3982368,17.3402452],[78.3982255,17.3401749],[78.3981772,17.3401821],[78.3981885,17.3402524]]]}"}},{"type":"Feature","id":"AS589-020","geometry":{"type":"Polygon","coordinates":[[[78.3981254,17.3403382],[78.3981775,17.340332],[78.398172,17.3402892],[78.3981199,17.3402954],[78.3981254,17.3403382]]]},"properties":{"household_id":"AS589-020","OBJECTID":132,"fid_1":805,"Area":286.673113027,"DSM":518.57806,"DTM":515,"HEIGHT":3.57806,"BuildingID":"eea17","BuiType":"Individual","StructType":"Temporary","NameOwnRep":"eea17","Contact":9959175999,"HNoPlotNo":null,"TPIN":null,"ColnyStrtN":null,"SyTsNo":"21","WardBlockN":null,"Use":"Residential","Extent":0,"PlinthArea":0,"Classifica":"Govt","Caste":"OC","FinanDepen":"No","HHSize":0,"NoAdults":0,"NoChild":0,"Govtbenefi":"No","Borewell":"No","Courtcase":"No","NameStruct":"Temporary TIN sheets","ReliType":null,"Remarks":"This is a Government land in nature and regularised in favour of        Vide GO ms 59. At present there are labour sheds exists for residing  construction labour. The temporary sheds will be removed once the construction completes","CommStatus":null,"Trees":"No","location":null,"Occupation":"Buisness","SkilledOcc":null,"Craftsmen":null,"ReliStruct":null,"Cremetoriu":null,"Email":null,"Date":"1899-12-30T00:00:00","Time":null,"SurvyeorNa":null,"Survey_Dat":"2024/08/13 16:40:48.234","Survey_Loc":null,"UUID":null,"email_id":null,"Mandals":"Gandipet","Zone":"Buffer","Income":"BPL","AreaSqm":2.6632,"Areatext":"26.6329102218052","Duplicate":"0","Dist":"Ranga Reddy","PCs":"Chevella","Assembly_C":"Rajendra Nagar","Affeceted_":"1900-01-01T00:00:00","S_Number":95,"S_Fall":"Roads","Zone_1":"Z1A N","Affected_S":"Buffer","Area_SQF":286.673113027,"Zonewise":"Z1A","no_of_Floo":1,"gis_geometry_geojson":"{\"type\":\"Polygon\",\"coordinates\":[[[78.3981254,17.3403382],[78.3981775,17.340332],[78.398172,17.3402892],[78.3981199,17.3402954],[78.3981254,17.3403382]]]}"}},{"type":"Feature","id":"AS589-021","geometry":{"type":"Polygon","coordinates":[[[78.3983831,17.3413584],[78.3984173,17.3413607],[78.3984187,17.3413073],[78.3983843,17.3413048],[78.3983831,17.3413584]]]},"properties":{"household_id":"AS589-021","OBJECTID":133,"fid_1":806,"Area":232.924420381,"DSM":517.82758,"DTM":515,"HEIGHT":2.82758,"BuildingID":"a3e58","BuiType":null,"StructType":"Temporary","NameOwnRep":"a3e58","Contact":9959999620,"HNoPlotNo":null,"TPIN":null,"ColnyStrtN":null,"SyTsNo":"19","WardBlockN":null,"Use":"Commercial","Extent":20,"PlinthArea":180,"Classifica":"Patta","Caste":"OC","FinanDepen":"No","HHSize":0,"NoAdults":0,"NoChild":0,"Govtbenefi":"No","Borewell":"No","Courtcase":"No","NameStruct":"Temporary Tin sheds","ReliType":null,"Remarks":"There is temporary TIN shed exists in the land which is using for office purpose by adjacent construction owners.  This will be removed once the construction completes .","CommStatus":"Others","Trees":"No","location":null,"Occupation":null,"SkilledOcc":null,"Craftsmen":null,"ReliStruct":null,"Cremetoriu":null,"Email":null,"Date":"1899-12-30T00:00:00","Time":null,"SurvyeorNa":null,"Survey_Dat":"2024/08/15 11:32:22.473","Survey_Loc":null,"UUID":null,"email_id":null,"Mandals":"Gandipet","Zone":"Buffer","Income":"BPL","AreaSqm":2.1639,"Areatext":"21.6394733007213","Duplicate":"0","Dist":"Ranga Reddy","PCs":"Chevella","Assembly_C":"Rajendra Nagar","Affeceted_":"1900-01-01T00:00:00","S_Number":122,"S_Fall":"Roads","Zone_1":"Z1A N","Affected_S":"Buffer","Area_SQF":232.924420381,"Zonewise":"Z1A","no_of_Floo":1,"gis_geometry_geojson":"{\"type\":\"Polygon\",\"coordinates\":[[[78.3983831,17.3413584],[78.3984173,17.3413607],[78.3984187,17.3413073],[78.3983843,17.3413048],[78.3983831,17.3413584]]]}"}},{"type":"Feature","id":"AS589-022","geometry":{"type":"Polygon","coordinates":[[[78.3983826,17.3413641],[78.3983544,17.3413621],[78.39835,17.3414176],[78.3983783,17.3414197],[78.3983826,17.3413641]]]},"properties":{"household_id":"AS589-022","OBJECTID":134,"fid_1":807,"Area":200.141719434,"DSM":517.72009,"DTM":515,"HEIGHT":2.72009,"BuildingID":"59a5b","BuiType":null,"StructType":"Temporary","NameOwnRep":"59a5b","Contact":9949999620,"HNoPlotNo":null,"TPIN":null,"ColnyStrtN":null,"SyTsNo":"19","WardBlockN":null,"Use":"Commercial","Extent":0,"PlinthArea":0,"Classifica":"Patta","Caste":"OC","FinanDepen":"No","HHSize":0,"NoAdults":0,"NoChild":0,"Govtbenefi":"No","Borewell":"No","Courtcase":"No","NameStruct":"Temporary teen seacts","ReliType":null,"Remarks":"There is temporary shead exists land which use of land for office purpose Adsense ent purpose this is removed after construction","CommStatus":"Others","Trees":"No","location":null,"Occupation":null,"SkilledOcc":null,"Craftsmen":null,"ReliStruct":null,"Cremetoriu":null,"Email":null,"Date":"1899-12-30T00:00:00","Time":null,"SurvyeorNa":null,"Survey_Dat":"2024/08/15 11:32:22.542","Survey_Loc":null,"UUID":null,"email_id":null,"Mandals":"Gandipet","Zone":"Buffer","Income":"BPL","AreaSqm":1.8593,"Areatext":"18.5938485443981","Duplicate":"0","Dist":"Ranga Reddy","PCs":"Chevella","Assembly_C":"Rajendra Nagar","Affeceted_":"1900-01-01T00:00:00","S_Number":123,"S_Fall":"Roads","Zone_1":"Z1A N","Affected_S":"Buffer","Area_SQF":200.141719434,"Zonewise":"Z1A","no_of_Floo":1,"gis_geometry_geojson":"{\"type\":\"Polygon\",\"coordinates\":[[[78.3983826,17.3413641],[78.3983544,17.3413621],[78.39835,17.3414176],[78.3983783,17.3414197],[78.3983826,17.3413641]]]}"}},{"type":"Feature","id":"AS589-023","geometry":{"type":"Polygon","coordinates":[[[78.3984261,17.3414273],[78.3983836,17.3414244],[78.3983816,17.3414509],[78.3984242,17.3414538],[78.3984261,17.3414273]]]},"properties":{"household_id":"AS589-023","OBJECTID":135,"fid_1":808,"Area":143.615031701,"DSM":517.90845,"DTM":515,"HEIGHT":2.90845,"BuildingID":"22df5","BuiType":null,"StructType":"Temporary","NameOwnRep":"22df5","Contact":9959999620,"HNoPlotNo":null,"TPIN":null,"ColnyStrtN":null,"SyTsNo":"19","WardBlockN":null,"Use":"Commercial","Extent":10,"PlinthArea":90,"Classifica":"Patta","Caste":"OC","FinanDepen":null,"HHSize":0,"NoAdults":0,"NoChild":0,"Govtbenefi":"No","Borewell":"No","Courtcase":"No","NameStruct":"Temporary TIN sheds","ReliType":null,"Remarks":"There is temporary TIN shed exists in the land which is using for office purpose by adjacent construction owners.  This will be removed once the construction completes .","CommStatus":"Others","Trees":"No","location":null,"Occupation":null,"SkilledOcc":null,"Craftsmen":null,"ReliStruct":null,"Cremetoriu":null,"Email":null,"Date":"1899-12-30T00:00:00","Time":null,"SurvyeorNa":null,"Survey_Dat":"2024/08/15 11:32:22.611","Survey_Loc":null,"UUID":null,"email_id":null,"Mandals":"Gandipet","Zone":"Buffer","Income":"BPL","AreaSqm":1.3342,"Areatext":"13.3423264038778","Duplicate":"0","Dist":"Ranga Reddy","PCs":"Chevella","Assembly_C":"Rajendra Nagar","Affeceted_":"1900-01-01T00:00:00","S_Number":124,"S_Fall":"Roads","Zone_1":"Z1A N","Affected_S":"Buffer","Area_SQF":143.615031701,"Zonewise":"Z1A","no_of_Floo":1,"gis_geometry_geojson":"{\"type\":\"Polygon\",\"coordinates\":[[[78.3984261,17.3414273],[78.3983836,17.3414244],[78.3983816,17.3414509],[78.3984242,17.3414538],[78.3984261,17.3414273]]]}"}},{"type":"Feature","id":"AS589-024","geometry":{"type":"Polygon","coordinates":[[[78.3986755,17.3428523],[78.398719,17.3428389],[78.3987055,17.3427985],[78.3986621,17.3428119],[78.3986755,17.3428523]]]},"properties":{"household_id":"AS589-024","OBJECTID":137,"fid_1":810,"Area":245.591547714,"DSM":517.80939,"DTM":514,"HEIGHT":3.80939,"BuildingID":"01398","BuiType":null,"StructType":"Temporary","NameOwnRep":"01398","Contact":0,"HNoPlotNo":null,"TPIN":null,"ColnyStrtN":null,"SyTsNo":"18","WardBlockN":null,"Use":"Commercial","Extent":20,"PlinthArea":180,"Classifica":"Patta","Caste":"OC","FinanDepen":"No","HHSize":0,"NoAdults":0,"NoChild":0,"Govtbenefi":"No","Borewell":"No","Courtcase":"No","NameStruct":"Temporary TIn shed","ReliType":null,"Remarks":"There is temporary TIN shed used for storage of scrap or others . This will be removed once the adjacent project construction completes.","CommStatus":"Others","Trees":"No","location":null,"Occupation":null,"SkilledOcc":null,"Craftsmen":null,"ReliStruct":null,"Cremetoriu":null,"Email":null,"Date":"1899-12-30T00:00:00","Time":null,"SurvyeorNa":null,"Survey_Dat":"2024/08/15 11:32:22.680","Survey_Loc":null,"UUID":null,"email_id":null,"Mandals":"Rajendra Nagar","Zone":"Buffer","Income":"BPL","AreaSqm":2.2816,"Areatext":"22.8162926528325","Duplicate":"0","Dist":"Ranga Reddy","PCs":"Chevella","Assembly_C":"Rajendra Nagar","Affeceted_":"1900-01-01T00:00:00","S_Number":128,"S_Fall":"Roads","Zone_1":"Z1A N","Affected_S":"Buffer","Area_SQF":245.591547714,"Zonewise":"Z1A","no_of_Floo":1,"gis_geometry_geojson":"{\"type\":\"Polygon\",\"coordinates\":[[[78.3986755,17.3428523],[78.398719,17.3428389],[78.3987055,17.3427985],[78.3986621,17.3428119],[78.3986755,17.3428523]]]}"}},{"type":"Feature","id":"AS589-025","geometry":{"type":"Polygon","coordinates":[[[78.3986165,17.3414381],[78.3986217,17.341374],[78.3983831,17.3413584],[78.398378,17.341424],[78.3986165,17.3414381]]]},"properties":{"household_id":"AS589-025","OBJECTID":138,"fid_1":812,"Area":2006.29607582,"DSM":519.66107,"DTM":516,"HEIGHT":3.66107,"BuildingID":"6d6fe","BuiType":null,"StructType":"Temporary","NameOwnRep":"6d6fe","Contact":9949999620,"HNoPlotNo":null,"TPIN":null,"ColnyStrtN":null,"SyTsNo":"19","WardBlockN":null,"Use":"Commercial","Extent":150,"PlinthArea":1350,"Classifica":"Patta","Caste":"OC","FinanDepen":"No","HHSize":0,"NoAdults":0,"NoChild":0,"Govtbenefi":"No","Borewell":"No","Courtcase":"No","NameStruct":"Temporary TIN sheds","ReliType":null,"Remarks":"There is temporary TIN shed exists in the land which is using for office purpose by adjacent construction owners.  This will be removed once the construction completes .","CommStatus":"Others","Trees":"No","location":null,"Occupation":null,"SkilledOcc":null,"Craftsmen":null,"ReliStruct":null,"Cremetoriu":null,"Email":null,"Date":"1899-12-30T00:00:00","Time":null,"SurvyeorNa":null,"Survey_Dat":"2024/08/15 11:32:22.748","Survey_Loc":null,"UUID":null,"email_id":null,"Mandals":"Gandipet","Zone":"Buffer","Income":"BPL","AreaSqm":1.8639,"Areatext":"186.391750133958","Duplicate":"0","Dist":"Ranga Reddy","PCs":"Chevella","Assembly_C":"Rajendra Nagar","Affeceted_":"1900-01-01T00:00:00","S_Number":120,"S_Fall":"Roads","Zone_1":"Z1A N","Affected_S":"Buffer","Area_SQF":2006.29607582,"Zonewise":"Z1A","no_of_Floo":1,"gis_geometry_geojson":"{\"type\":\"Polygon\",\"coordinates\":[[[78.3986165,17.3414381],[78.3986217,17.341374],[78.3983831,17.3413584],[78.398378,17.341424],[78.3986165,17.3414381]]]}"}},{"type":"Feature","id":"AS589-026","geometry":{"type":"Polygon","coordinates":[[[78.4079001,17.3622428],[78.4079979,17.3622294],[78.4079935,17.3622001],[78.4079991,17.3621994],[78.4079901,17.362139],[78.4078526,17.362159],[78.4078695,17.362248],[78.4079006,17.3622461],[78.4079001,17.3622428]]]},"properties":{"household_id":"AS589-026","OBJECTID":155,"fid_1":833,"Area":1555.1492444,"DSM":516,"DTM":506,"HEIGHT":10,"BuildingID":"d4216","BuiType":"Individual","StructType":"Permanent","NameOwnRep":"d4216","Contact":9963784446,"HNoPlotNo":"Villa 72","TPIN":null,"ColnyStrtN":"Keerthi Richmond villas","SyTsNo":"115","WardBlockN":"Ward 60","Use":"Residential","Extent":300,"PlinthArea":3800,"Classifica":"Patta","Caste":"OC","FinanDepen":"No","HHSize":0,"NoAdults":0,"NoChild":0,"Govtbenefi":"No","Borewell":"No","Courtcase":"No","NameStruct":"Villa no 72","ReliType":null,"Remarks":null,"CommStatus":null,"Trees":"No","location":null,"Occupation":"Buisness","SkilledOcc":null,"Craftsmen":null,"ReliStruct":null,"Cremetoriu":null,"Email":null,"Date":"1899-12-30T00:00:00","Time":null,"SurvyeorNa":null,"Survey_Dat":"2024/08/15 19:42:58.851","Survey_Loc":null,"UUID":null,"email_id":null,"Mandals":"Gandipet","Zone":"Buffer","Income":"APL","AreaSqm":1.4447,"Areatext":"144.478670362253","Duplicate":"0","Dist":"Ranga Reddy","PCs":"Chevella","Assembly_C":"Rajendra Nagar","Affeceted_":"1900-01-01T00:00:00","S_Number":602,"S_Fall":"Roads","Zone_1":"Z1A N","Affected_S":"Buffer","Area_SQF":4665.4477332,"Zonewise":"Z1A","no_of_Floo":3,"gis_geometry_geojson":"{\"type\":\"Polygon\",\"coordinates\":[[[78.4079001,17.3622428],[78.4079979,17.3622294],[78.4079935,17.3622001],[78.4079991,17.3621994],[78.4079901,17.362139],[78.4078526,17.362159],[78.4078695,17.362248],[78.4079006,17.3622461],[78.4079001,17.3622428]]]}"}},{"type":"Feature","id":"AS589-027","geometry":{"type":"Polygon","coordinates":[[[78.4081952,17.3622005],[78.4081828,17.3621171],[78.4081613,17.36212],[78.4081606,17.3621153],[78.4080511,17.3621303],[78.4080601,17.3621909],[78.4080658,17.3621901],[78.4080699,17.3622177],[78.4081952,17.3622005]]]},"properties":{"household_id":"AS589-027","OBJECTID":156,"fid_1":834,"Area":1460.14962161,"DSM":518,"DTM":506,"HEIGHT":12,"BuildingID":"d7a47","BuiType":"Individual","StructType":"Permanent","NameOwnRep":"d7a47","Contact":8639541811,"HNoPlotNo":"Plot no 87","TPIN":null,"ColnyStrtN":"Keerthi Richmond villas phase 1","SyTsNo":"115","WardBlockN":"Ward 60","Use":"Residential","Extent":300,"PlinthArea":3800,"Classifica":"Patta","Caste":"OC","FinanDepen":"No","HHSize":0,"NoAdults":0,"NoChild":0,"Govtbenefi":"No","Borewell":"No","Courtcase":"No","NameStruct":"Villa no 87","ReliType":null,"Remarks":null,"CommStatus":null,"Trees":"No","location":null,"Occupation":"Buisness","SkilledOcc":null,"Craftsmen":null,"ReliStruct":null,"Cremetoriu":null,"Email":null,"Date":"1899-12-30T00:00:00","Time":null,"SurvyeorNa":null,"Survey_Dat":"2024/08/15 19:42:58.920","Survey_Loc":null,"UUID":null,"email_id":null,"Mandals":"Rajendra Nagar","Zone":"Buffer","Income":"APL","AreaSqm":1.3565,"Areatext":"135.652881321267","Duplicate":"0","Dist":"Ranga Reddy","PCs":"Chevella","Assembly_C":"Rajendra Nagar","Affeceted_":"1900-01-01T00:00:00","S_Number":601,"S_Fall":"Roads","Zone_1":"Z1A N","Affected_S":"Buffer","Area_SQF":5840.59848644,"Zonewise":"Z1A","no_of_Floo":4,"gis_geometry_geojson":"{\"type\":\"Polygon\",\"coordinates\":[[[78.4081952,17.3622005],[78.4081828,17.3621171],[78.4081613,17.36212],[78.4081606,17.3621153],[78.4080511,17.3621303],[78.4080601,17.3621909],[78.4080658,17.3621901],[78.4080699,17.3622177],[78.4081952,17.3622005]]]}"}},{"type":"Feature","id":"AS589-028","geometry":{"type":"Polygon","coordinates":[[[78.4081886,17.362156],[78.4081952,17.3622005],[78.4082393,17.3621945],[78.4082327,17.3621499],[78.4081886,17.362156]]]},"properties":{"household_id":"AS589-028","OBJECTID":157,"fid_1":835,"Area":254.058212315,"DSM":508,"DTM":505,"HEIGHT":3,"BuildingID":"d5c03","BuiType":"Individual","StructType":"Permanent","NameOwnRep":"d5c03","Contact":0,"HNoPlotNo":"87","TPIN":null,"ColnyStrtN":"Keerthi Richmond villas phase 1","SyTsNo":"115","WardBlockN":"Ward 60","Use":"Residential","Extent":0,"PlinthArea":60,"Classifica":"Patta","Caste":"OC","FinanDepen":"No","HHSize":0,"NoAdults":0,"NoChild":0,"Govtbenefi":"No","Borewell":"No","Courtcase":"No","NameStruct":"Villa 87","ReliType":null,"Remarks":null,"CommStatus":null,"Trees":"No","location":null,"Occupation":"Buisness","SkilledOcc":null,"Craftsmen":null,"ReliStruct":null,"Cremetoriu":null,"Email":null,"Date":"1899-12-30T00:00:00","Time":null,"SurvyeorNa":null,"Survey_Dat":"2024/08/15 19:42:58.998","Survey_Loc":null,"UUID":null,"email_id":null,"Mandals":"Rajendra Nagar","Zone":"Buffer","Income":"APL","AreaSqm":2.3602,"Areatext":"23.6028746683961","Duplicate":"0","Dist":"Ranga Reddy","PCs":"Chevella","Assembly_C":"Rajendra Nagar","Affeceted_":"1900-01-01T00:00:00","S_Number":600,"S_Fall":"Roads","Zone_1":"Z1A N","Affected_S":"Buffer","Area_SQF":254.058212315,"Zonewise":"Z1A","no_of_Floo":1,"gis_geometry_geojson":"{\"type\":\"Polygon\",\"coordinates\":[[[78.4081886,17.362156],[78.4081952,17.3622005],[78.4082393,17.3621945],[78.4082327,17.3621499],[78.4081886,17.362156]]]}"}},{"type":"Feature","id":"AS589-029","geometry":{"type":"Polygon","coordinates":[[[78.4078702,17.3622525],[78.407859,17.362202],[78.4078288,17.3622062],[78.4078364,17.3622571],[78.4078702,17.3622525]]]},"properties":{"household_id":"AS589-029","OBJECTID":164,"fid_1":842,"Area":214.693818742,"DSM":509,"DTM":506,"HEIGHT":3,"BuildingID":"c618a","BuiType":"Individual","StructType":"Temporary","NameOwnRep":"c618a","Contact":0,"HNoPlotNo":"72","TPIN":null,"ColnyStrtN":"Keerthi Richmond villas","SyTsNo":"115","WardBlockN":"Ward 60","Use":"Residential","Extent":0,"PlinthArea":60,"Classifica":"Patta","Caste":null,"FinanDepen":"No","HHSize":0,"NoAdults":0,"NoChild":0,"Govtbenefi":"No","Borewell":"No","Courtcase":"No","NameStruct":"Villa no 72","ReliType":null,"Remarks":null,"CommStatus":null,"Trees":"No","location":null,"Occupation":"Buisness","SkilledOcc":null,"Craftsmen":null,"ReliStruct":null,"Cremetoriu":null,"Email":null,"Date":"1899-12-30T00:00:00","Time":null,"SurvyeorNa":null,"Survey_Dat":"2024/08/13 16:40:48.770","Survey_Loc":null,"UUID":null,"email_id":null,"Mandals":"Gandipet","Zone":"Buffer","Income":"BPL","AreaSqm":1.9945,"Areatext":"19.9457882146332","Duplicate":"0","Dist":"Ranga Reddy","PCs":"Chevella","Assembly_C":"Rajendra Nagar","Affeceted_":"1900-01-01T00:00:00","S_Number":603,"S_Fall":"Roads","Zone_1":"Z1A N","Affected_S":"Buffer","Area_SQF":214.693818742,"Zonewise":"Z1A","no_of_Floo":1,"gis_geometry_geojson":"{\"type\":\"Polygon\",\"coordinates\":[[[78.4078702,17.3622525],[78.407859,17.362202],[78.4078288,17.3622062],[78.4078364,17.3622571],[78.4078702,17.3622525]]]}"}},{"type":"Feature","id":"AS589-030","geometry":{"type":"Polygon","coordinates":[[[78.4085001,17.3620097],[78.4084913,17.3619483],[78.4083449,17.3619679],[78.4083536,17.3620285],[78.4083595,17.3620277],[78.4083649,17.3620648],[78.4084976,17.3620471],[78.4084923,17.3620108],[78.4085001,17.3620097]]]},"properties":{"household_id":"AS589-030","OBJECTID":169,"fid_1":847,"Area":1776.41497806,"DSM":516,"DTM":506,"HEIGHT":10,"BuildingID":"0d53e","BuiType":"Individual","StructType":"Permanent","NameOwnRep":"0d53e","Contact":9490189632,"HNoPlotNo":"Plot no 89","TPIN":null,"ColnyStrtN":null,"SyTsNo":"144","WardBlockN":null,"Use":"Residential","Extent":0,"PlinthArea":0,"Classifica":"Patta","Caste":null,"FinanDepen":null,"HHSize":0,"NoAdults":0,"NoChild":0,"Govtbenefi":null,"Borewell":"Yes","Courtcase":"No","NameStruct":"Villa","ReliType":null,"Remarks":null,"CommStatus":null,"Trees":"No","location":null,"Occupation":null,"SkilledOcc":null,"Craftsmen":null,"ReliStruct":null,"Cremetoriu":null,"Email":null,"Date":"1899-12-30T00:00:00","Time":null,"SurvyeorNa":null,"Survey_Dat":"2024/08/07 21:17:35.904","Survey_Loc":null,"UUID":null,"email_id":null,"Mandals":"Rajendra Nagar","Zone":"Buffer","Income":null,"AreaSqm":1.6503,"Areatext":"165.035011897894","Duplicate":"0","Dist":"Ranga Reddy","PCs":"Chevella","Assembly_C":"Rajendra Nagar","Affeceted_":"1900-01-01T00:00:00","S_Number":591,"S_Fall":"Roads","Zone_1":"Z1A N","Affected_S":"Buffer","Area_SQF":5329.24493418,"Zonewise":"Z1A","no_of_Floo":3,"gis_geometry_geojson":"{\"type\":\"Polygon\",\"coordinates\":[[[78.4085001,17.3620097],[78.4084913,17.3619483],[78.4083449,17.3619679],[78.4083536,17.3620285],[78.4083595,17.3620277],[78.4083649,17.3620648],[78.4084976,17.3620471],[78.4084923,17.3620108],[78.4085001,17.3620097]]]}"}},{"type":"Feature","id":"AS589-031","geometry":{"type":"Polygon","coordinates":[[[78.4085268,17.3618182],[78.4085462,17.361915],[78.4086703,17.3618972],[78.408663,17.3618503],[78.4086699,17.3618493],[78.4086627,17.3618032],[78.4086436,17.3618059],[78.4086429,17.3618016],[78.4085268,17.3618182]]]},"properties":{"household_id":"AS589-031","OBJECTID":172,"fid_1":850,"Area":1628.3337811,"DSM":515,"DTM":506,"HEIGHT":9,"BuildingID":"10f7b","BuiType":"Individual","StructType":"Permanent","NameOwnRep":"10f7b","Contact":9747173542,"HNoPlotNo":"Villa 101","TPIN":null,"ColnyStrtN":null,"SyTsNo":"115","WardBlockN":null,"Use":"Residential","Extent":0,"PlinthArea":0,"Classifica":"Patta","Caste":null,"FinanDepen":null,"HHSize":0,"NoAdults":0,"NoChild":0,"Govtbenefi":null,"Borewell":"Yes","Courtcase":"No","NameStruct":"Villa","ReliType":null,"Remarks":null,"CommStatus":null,"Trees":"No","location":null,"Occupation":null,"SkilledOcc":null,"Craftsmen":null,"ReliStruct":null,"Cremetoriu":null,"Email":null,"Date":"1899-12-30T00:00:00","Time":null,"SurvyeorNa":null,"Survey_Dat":"2024/08/07 21:17:36.136","Survey_Loc":null,"UUID":null,"email_id":null,"Mandals":"Rajendra Nagar","Zone":"Buffer","Income":null,"AreaSqm":1.5127,"Areatext":"151.277763525327","Duplicate":"0","Dist":"Ranga Reddy","PCs":"Chevella","Assembly_C":"Rajendra Nagar","Affeceted_":"1900-01-01T00:00:00","S_Number":587,"S_Fall":"Roads","Zone_1":"Z1A N","Affected_S":"Buffer","Area_SQF":4885.0013433,"Zonewise":"Z1A","no_of_Floo":3,"gis_geometry_geojson":"{\"type\":\"Polygon\",\"coordinates\":[[[78.4085268,17.3618182],[78.4085462,17.361915],[78.4086703,17.3618972],[78.408663,17.3618503],[78.4086699,17.3618493],[78.4086627,17.3618032],[78.4086436,17.3618059],[78.4086429,17.3618016],[78.4085268,17.3618182]]]}"}},{"type":"Feature","id":"AS589-032","geometry":{"type":"Polygon","coordinates":[[[78.4088091,17.361587],[78.408839,17.3615828],[78.4088446,17.3616197],[78.4089414,17.3616063],[78.4089358,17.3615695],[78.4089413,17.3615687],[78.408932,17.3615076],[78.4087999,17.3615259],[78.4088091,17.361587]]]},"properties":{"household_id":"AS589-032","OBJECTID":184,"fid_1":862,"Area":1500.37659275,"DSM":516,"DTM":506,"HEIGHT":10,"BuildingID":"c400c","BuiType":"Individual","StructType":"Permanent","NameOwnRep":"c400c","Contact":9490116299,"HNoPlotNo":"Plot no 103","TPIN":null,"ColnyStrtN":null,"SyTsNo":"144","WardBlockN":null,"Use":"Residential","Extent":0,"PlinthArea":0,"Classifica":"Patta","Caste":null,"FinanDepen":null,"HHSize":0,"NoAdults":0,"NoChild":0,"Govtbenefi":null,"Borewell":"Yes","Courtcase":"No","NameStruct":"Villa","ReliType":null,"Remarks":null,"CommStatus":null,"Trees":"Yes","location":null,"Occupation":null,"SkilledOcc":null,"Craftsmen":null,"ReliStruct":null,"Cremetoriu":null,"Email":null,"Date":"1899-12-30T00:00:00","Time":null,"SurvyeorNa":null,"Survey_Dat":"2024/08/07 21:17:37.039","Survey_Loc":null,"UUID":null,"email_id":null,"Mandals":"Rajendra Nagar","Zone":"Buffer","Income":null,"AreaSqm":1.3939,"Areatext":"139.390104156986","Duplicate":"0","Dist":"Ranga Reddy","PCs":"Chevella","Assembly_C":"Rajendra Nagar","Affeceted_":"1900-01-01T00:00:00","S_Number":576,"S_Fall":"Roads","Zone_1":"Z1A N","Affected_S":"Buffer","Area_SQF":4501.12977825,"Zonewise":"Z1A","no_of_Floo":3,"gis_geometry_geojson":"{\"type\":\"Polygon\",\"coordinates\":[[[78.4088091,17.361587],[78.408839,17.3615828],[78.4088446,17.3616197],[78.4089414,17.3616063],[78.4089358,17.3615695],[78.4089413,17.3615687],[78.408932,17.3615076],[78.4087999,17.3615259],[78.4088091,17.361587]]]}"}},{"type":"Feature","id":"AS589-033","geometry":{"type":"Polygon","coordinates":[[[78.4093361,17.3611705],[78.409302,17.3611383],[78.4092562,17.3611831],[78.4092903,17.3612152],[78.4093361,17.3611705]]]},"properties":{"household_id":"AS589-033","OBJECTID":191,"fid_1":869,"Area":379.455190974,"DSM":508,"DTM":505,"HEIGHT":3,"BuildingID":"278f8","BuiType":"Individual","StructType":"Temporary","NameOwnRep":"278f8","Contact":9866171758,"HNoPlotNo":"STP","TPIN":null,"ColnyStrtN":null,"SyTsNo":"114","WardBlockN":null,"Use":"Residential","Extent":0,"PlinthArea":0,"Classifica":"Patta","Caste":null,"FinanDepen":null,"HHSize":0,"NoAdults":0,"NoChild":0,"Govtbenefi":null,"Borewell":"No","Courtcase":"No","NameStruct":"STP","ReliType":null,"Remarks":null,"CommStatus":null,"Trees":"No","location":null,"Occupation":null,"SkilledOcc":null,"Craftsmen":null,"ReliStruct":null,"Cremetoriu":null,"Email":null,"Date":"1899-12-30T00:00:00","Time":null,"SurvyeorNa":null,"Survey_Dat":"2024/08/13 16:40:49.037","Survey_Loc":null,"UUID":null,"email_id":null,"Mandals":"Rajendra Nagar","Zone":"Buffer","Income":"BPL","AreaSqm":3.5252,"Areatext":"35.2526817987142","Duplicate":"0","Dist":"Ranga Reddy","PCs":"Chevella","Assembly_C":"Rajendra Nagar","Affeceted_":"1900-01-01T00:00:00","S_Number":562,"S_Fall":"Roads","Zone_1":"Z1A N","Affected_S":"Buffer","Area_SQF":379.455190974,"Zonewise":"Z1A","no_of_Floo":1,"gis_geometry_geojson":"{\"type\":\"Polygon\",\"coordinates\":[[[78.4093361,17.3611705],[78.409302,17.3611383],[78.4092562,17.3611831],[78.4092903,17.3612152],[78.4093361,17.3611705]]]}"}},{"type":"Feature","id":"AS589-034","geometry":{"type":"Polygon","coordinates":[[[78.4093361,17.3611705],[78.4092903,17.3612152],[78.409314,17.3612375],[78.4093597,17.3611928],[78.4093361,17.3611705]]]},"properties":{"household_id":"AS589-034","OBJECTID":192,"fid_1":870,"Area":263.934759735,"DSM":508,"DTM":504,"HEIGHT":4,"BuildingID":"ca1af","BuiType":"Individual","StructType":"Temporary","NameOwnRep":"ca1af","Contact":9866171758,"HNoPlotNo":"STP","TPIN":null,"ColnyStrtN":null,"SyTsNo":"114","WardBlockN":null,"Use":"Residential","Extent":0,"PlinthArea":0,"Classifica":"Patta","Caste":null,"FinanDepen":null,"HHSize":0,"NoAdults":0,"NoChild":0,"Govtbenefi":null,"Borewell":"No","Courtcase":"No","NameStruct":"STP","ReliType":null,"Remarks":null,"CommStatus":null,"Trees":"No","location":null,"Occupation":null,"SkilledOcc":null,"Craftsmen":null,"ReliStruct":null,"Cremetoriu":null,"Email":null,"Date":"1899-12-30T00:00:00","Time":null,"SurvyeorNa":null,"Survey_Dat":"2024/08/13 16:40:49.104","Survey_Loc":null,"UUID":null,"email_id":null,"Mandals":"Rajendra Nagar","Zone":"Buffer","Income":"BPL","AreaSqm":2.452,"Areatext":"24.5204396212907","Duplicate":"0","Dist":"Ranga Reddy","PCs":"Chevella","Assembly_C":"Rajendra Nagar","Affeceted_":"1900-01-01T00:00:00","S_Number":563,"S_Fall":"Roads","Zone_1":"Z1A N","Affected_S":"Buffer","Area_SQF":263.934759735,"Zonewise":"Z1A","no_of_Floo":1,"gis_geometry_geojson":"{\"type\":\"Polygon\",\"coordinates\":[[[78.4093361,17.3611705],[78.4092903,17.3612152],[78.409314,17.3612375],[78.4093597,17.3611928],[78.4093361,17.3611705]]]}"}},{"type":"Feature","id":"AS589-035","geometry":{"type":"Polygon","coordinates":[[[78.4085379,17.3619357],[78.4085422,17.3619604],[78.4085671,17.3619564],[78.4085629,17.3619318],[78.4085379,17.3619357]]]},"properties":{"household_id":"AS589-035","OBJECTID":195,"fid_1":873,"Area":80.0525422991,"DSM":507,"DTM":505,"HEIGHT":2,"BuildingID":"d619f","BuiType":"Individual","StructType":"Permanent","NameOwnRep":"d619f","Contact":0,"HNoPlotNo":"Villa no 101","TPIN":null,"ColnyStrtN":null,"SyTsNo":"115","WardBlockN":null,"Use":"Residential","Extent":0,"PlinthArea":0,"Classifica":"Patta","Caste":null,"FinanDepen":null,"HHSize":0,"NoAdults":0,"NoChild":0,"Govtbenefi":null,"Borewell":"No","Courtcase":"No","NameStruct":"Villa","ReliType":null,"Remarks":null,"CommStatus":null,"Trees":"No","location":null,"Occupation":null,"SkilledOcc":null,"Craftsmen":null,"ReliStruct":null,"Cremetoriu":null,"Email":null,"Date":"1899-12-30T00:00:00","Time":null,"SurvyeorNa":null,"Survey_Dat":"2024/08/07 21:17:37.864","Survey_Loc":null,"UUID":null,"email_id":null,"Mandals":"Rajendra Nagar","Zone":"Buffer","Income":null,"AreaSqm":7.4372,"Areatext":"7.43715428783342","Duplicate":"0","Dist":"Ranga Reddy","PCs":"Chevella","Assembly_C":"Rajendra Nagar","Affeceted_":"1900-01-01T00:00:00","S_Number":589,"S_Fall":"Roads","Zone_1":"Z1A N","Affected_S":"Buffer","Area_SQF":80.0525422991,"Zonewise":"Z1A","no_of_Floo":1,"gis_geometry_geojson":"{\"type\":\"Polygon\",\"coordinates\":[[[78.4085379,17.3619357],[78.4085422,17.3619604],[78.4085671,17.3619564],[78.4085629,17.3619318],[78.4085379,17.3619357]]]}"}},{"type":"Feature","id":"AS589-036","geometry":{"type":"Polygon","coordinates":[[[78.4092953,17.3611449],[78.4093664,17.3610753],[78.4093271,17.3610383],[78.4092569,17.3611087],[78.4092953,17.3611449]]]},"properties":{"household_id":"AS589-036","OBJECTID":213,"fid_1":891,"Area":671.755637852,"DSM":513,"DTM":505,"HEIGHT":8,"BuildingID":"15365","BuiType":"Individual","StructType":"Temporary","NameOwnRep":"15365","Contact":9866171758,"HNoPlotNo":"STP","TPIN":null,"ColnyStrtN":null,"SyTsNo":"114","WardBlockN":null,"Use":"Residential","Extent":0,"PlinthArea":0,"Classifica":"Patta","Caste":null,"FinanDepen":null,"HHSize":0,"NoAdults":0,"NoChild":0,"Govtbenefi":null,"Borewell":"Yes","Courtcase":"No","NameStruct":"STP","ReliType":null,"Remarks":null,"CommStatus":null,"Trees":"No","location":null,"Occupation":null,"SkilledOcc":null,"Craftsmen":null,"ReliStruct":null,"Cremetoriu":null,"Email":null,"Date":"1899-12-30T00:00:00","Time":null,"SurvyeorNa":null,"Survey_Dat":"2024/08/13 16:40:49.641","Survey_Loc":null,"UUID":null,"email_id":null,"Mandals":"Rajendra Nagar","Zone":"Buffer","Income":"BPL","AreaSqm":6.2408,"Areatext":"62.4083905242965","Duplicate":"0","Dist":"Ranga Reddy","PCs":"Chevella","Assembly_C":"Rajendra Nagar","Affeceted_":"1900-01-01T00:00:00","S_Number":561,"S_Fall":"Roads","Zone_1":"Z1A N","Affected_S":"Buffer","Area_SQF":2015.26691356,"Zonewise":"Z1A","no_of_Floo":3,"gis_geometry_geojson":"{\"type\":\"Polygon\",\"coordinates\":[[[78.4092953,17.3611449],[78.4093664,17.3610753],[78.4093271,17.3610383],[78.4092569,17.3611087],[78.4092953,17.3611449]]]}"}},{"type":"Feature","id":"AS589-037","geometry":{"type":"Polygon","coordinates":[[[78.4038602,17.3530542],[78.4038504,17.3530587],[78.4038419,17.3530565],[78.4038161,17.3531213],[78.4038501,17.3531338],[78.4038774,17.3530596],[78.4038602,17.3530542]]]},"properties":{"household_id":"AS589-037","OBJECTID":223,"fid_1":901,"Area":337.949742997,"DSM":508.95905,"DTM":506,"HEIGHT":2.95905,"BuildingID":"25006","BuiType":"Individual","StructType":"Permanent","NameOwnRep":"25006","Contact":9963922285,"HNoPlotNo":null,"TPIN":null,"ColnyStrtN":"Officers colony","SyTsNo":"111","WardBlockN":"Ward no 60","Use":"Residential","Extent":0,"PlinthArea":200,"Classifica":"Patta","Caste":"Minority","FinanDepen":"No","HHSize":0,"NoAdults":0,"NoChild":0,"Govtbenefi":"No","Borewell":"No","Courtcase":"No","NameStruct":"Tin shed","ReliType":null,"Remarks":null,"CommStatus":null,"Trees":"No","location":null,"Occupation":"Buisness","SkilledOcc":null,"Craftsmen":null,"ReliStruct":null,"Cremetoriu":null,"Email":null,"Date":"1899-12-30T00:00:00","Time":null,"SurvyeorNa":null,"Survey_Dat":"2024/08/15 19:42:59.548","Survey_Loc":null,"UUID":null,"email_id":null,"Mandals":"Rajendra Nagar","Zone":"Buffer","Income":"APL","AreaSqm":3.1396,"Areatext":"31.3966840761488","Duplicate":"0","Dist":"Ranga Reddy","PCs":"Chevella","Assembly_C":"Rajendra Nagar","Affeceted_":"1900-01-01T00:00:00","S_Number":268,"S_Fall":"Roads","Zone_1":"Z1A N","Affected_S":"Buffer","Area_SQF":337.949742997,"Zonewise":"Z1A","no_of_Floo":1,"gis_geometry_geojson":"{\"type\":\"Polygon\",\"coordinates\":[[[78.4038602,17.3530542],[78.4038504,17.3530587],[78.4038419,17.3530565],[78.4038161,17.3531213],[78.4038501,17.3531338],[78.4038774,17.3530596],[78.4038602,17.3530542]]]}"}},{"type":"Feature","id":"AS589-038","geometry":{"type":"Polygon","coordinates":[[[78.4031619,17.3524395],[78.4031253,17.3523927],[78.4030446,17.352447],[78.403073,17.3524875],[78.4030809,17.3524821],[78.4031027,17.3525098],[78.4030985,17.3525133],[78.4031081,17.3525251],[78.4031287,17.3525112],[78.40312,17.3524994],[78.4031403,17.3524856],[78.403149,17.3524974],[78.4031667,17.3524854],[78.4031426,17.3524526],[78.4031619,17.3524395]]]},"properties":{"household_id":"AS589-038","OBJECTID":226,"fid_1":904,"Area":1039.12766504,"DSM":510.58759,"DTM":506,"HEIGHT":4.58759,"BuildingID":"e1877","BuiType":"Individual","StructType":"Permanent","NameOwnRep":"e1877","Contact":9848062200,"HNoPlotNo":"11","TPIN":null,"ColnyStrtN":"Vishwas nagar","SyTsNo":"111","WardBlockN":null,"Use":"Residential","Extent":150,"PlinthArea":0,"Classifica":"Govt","Caste":"Minority","FinanDepen":"No","HHSize":0,"NoAdults":0,"NoChild":0,"Govtbenefi":"No","Borewell":"Yes","Courtcase":"No","NameStruct":"House","ReliType":null,"Remarks":null,"CommStatus":null,"Trees":"No","location":null,"Occupation":"Buisness","SkilledOcc":null,"Craftsmen":null,"ReliStruct":null,"Cremetoriu":null,"Email":null,"Date":"1899-12-30T00:00:00","Time":null,"SurvyeorNa":null,"Survey_Dat":"2024/08/15 19:42:59.698","Survey_Loc":null,"UUID":null,"email_id":null,"Mandals":"Rajendra Nagar","Zone":"Buffer","Income":"APL","AreaSqm":9.6538,"Areatext":"96.5385051971993","Duplicate":"0","Dist":"Ranga Reddy","PCs":"Chevella","Assembly_C":"Rajendra Nagar","Affeceted_":"1900-01-01T00:00:00","S_Number":257,"S_Fall":"Roads","Zone_1":"Z1A N","Affected_S":"Buffer","Area_SQF":2078.25533008,"Zonewise":"Z1A","no_of_Floo":2,"gis_geometry_geojson":"{\"type\":\"Polygon\",\"coordinates\":[[[78.4031619,17.3524395],[78.4031253,17.3523927],[78.4030446,17.352447],[78.403073,17.3524875],[78.4030809,17.3524821],[78.4031027,17.3525098],[78.4030985,17.3525133],[78.4031081,17.3525251],[78.4031287,17.3525112],[78.40312,17.3524994],[78.4031403,17.3524856],[78.403149,17.3524974],[78.4031667,17.3524854],[78.4031426,17.3524526],[78.4031619,17.3524395]]]}"}},{"type":"Feature","id":"AS589-039","geometry":{"type":"Polygon","coordinates":[[[78.4033821,17.3525045],[78.4034278,17.3523826],[78.4033734,17.3523484],[78.4033606,17.3523654],[78.4032693,17.3524285],[78.4032523,17.3524629],[78.4033821,17.3525045]]]},"properties":{"household_id":"AS589-039","OBJECTID":227,"fid_1":905,"Area":1887.21462941,"DSM":515.87854,"DTM":506,"HEIGHT":9.87854,"BuildingID":"a1789","BuiType":"Individual","StructType":"Permanent","NameOwnRep":"a1789","Contact":8801475044,"HNoPlotNo":"125","TPIN":"111505427","ColnyStrtN":"Officers colony","SyTsNo":"111","WardBlockN":"Ward no 60","Use":"Residential","Extent":40,"PlinthArea":2000,"Classifica":"Patta","Caste":"Minority","FinanDepen":"No","HHSize":0,"NoAdults":0,"NoChild":0,"Govtbenefi":"No","Borewell":"No","Courtcase":"No","NameStruct":"Iqbal building","ReliType":null,"Remarks":null,"CommStatus":null,"Trees":"No","location":null,"Occupation":"Buisness","SkilledOcc":null,"Craftsmen":null,"ReliStruct":null,"Cremetoriu":null,"Email":null,"Date":"1899-12-30T00:00:00","Time":null,"SurvyeorNa":null,"Survey_Dat":"2024/08/15 19:42:59.781","Survey_Loc":null,"UUID":null,"email_id":null,"Mandals":"Rajendra Nagar","Zone":"Buffer","Income":"APL","AreaSqm":6.3721,"Areatext":"63.7214564132348","Duplicate":"0","Dist":"Ranga Reddy","PCs":"Chevella","Assembly_C":"Rajendra Nagar","Affeceted_":"1900-01-01T00:00:00","S_Number":259,"S_Fall":"Roads","Zone_1":"Z1A N","Affected_S":"Buffer","Area_SQF":5661.64388823,"Zonewise":"Z1A","no_of_Floo":3,"gis_geometry_geojson":"{\"type\":\"Polygon\",\"coordinates\":[[[78.4033821,17.3525045],[78.4034278,17.3523826],[78.4033734,17.3523484],[78.4033606,17.3523654],[78.4032693,17.3524285],[78.4032523,17.3524629],[78.4033821,17.3525045]]]}"}},{"type":"Feature","id":"AS589-040","geometry":{"type":"Polygon","coordinates":[[[78.4030214,17.3523003],[78.4030716,17.3523855],[78.4030796,17.3523803],[78.403077,17.3523766],[78.4031118,17.3523535],[78.403074,17.3523044],[78.4030792,17.3523008],[78.4030673,17.3522853],[78.4030627,17.3522885],[78.4030556,17.3522794],[78.4030214,17.3523003]]]},"properties":{"household_id":"AS589-040","OBJECTID":229,"fid_1":907,"Area":541.796123505,"DSM":514.12665,"DTM":504,"HEIGHT":10.12665,"BuildingID":"8440f","BuiType":"Individual","StructType":"Permanent","NameOwnRep":"8440f","Contact":9676058736,"HNoPlotNo":"14","TPIN":"10936","ColnyStrtN":"Vishwas nagar","SyTsNo":"111","WardBlockN":"Ward no 60","Use":"Residential","Extent":174,"PlinthArea":1000,"Classifica":"Patta","Caste":"Minority","FinanDepen":"No","HHSize":0,"NoAdults":0,"NoChild":0,"Govtbenefi":"No","Borewell":"No","Courtcase":"No","NameStruct":"Red building","ReliType":null,"Remarks":null,"CommStatus":null,"Trees":"No","location":null,"Occupation":"Buisness","SkilledOcc":null,"Craftsmen":null,"ReliStruct":null,"Cremetoriu":null,"Email":null,"Date":"1899-12-30T00:00:00","Time":null,"SurvyeorNa":null,"Survey_Dat":"2024/08/15 19:42:59.942","Survey_Loc":null,"UUID":null,"email_id":null,"Mandals":"Rajendra Nagar","Zone":"Buffer","Income":"APL","AreaSqm":5.0334,"Areatext":"50.3347082742741","Duplicate":"0","Dist":"Ranga Reddy","PCs":"Chevella","Assembly_C":"Rajendra Nagar","Affeceted_":"1900-01-01T00:00:00","S_Number":254,"S_Fall":"Roads","Zone_1":"Z1A N","Affected_S":"Buffer","Area_SQF":1625.38837051,"Zonewise":"Z1A","no_of_Floo":3,"gis_geometry_geojson":"{\"type\":\"Polygon\",\"coordinates\":[[[78.4030214,17.3523003],[78.4030716,17.3523855],[78.4030796,17.3523803],[78.403077,17.3523766],[78.4031118,17.3523535],[78.403074,17.3523044],[78.4030792,17.3523008],[78.4030673,17.3522853],[78.4030627,17.3522885],[78.4030556,17.3522794],[78.4030214,17.3523003]]]}"}},{"type":"Feature","id":"AS589-041","geometry":{"type":"Polygon","coordinates":[[[78.4030689,17.3523817],[78.4030214,17.3523003],[78.4029449,17.352347],[78.4029713,17.3524378],[78.4029962,17.352423],[78.4030025,17.3524327],[78.403008,17.3524331],[78.403039,17.3524115],[78.403034,17.3524024],[78.4030689,17.3523817]]]},"properties":{"household_id":"AS589-041","OBJECTID":230,"fid_1":908,"Area":1275.91193314,"DSM":517.78027,"DTM":505,"HEIGHT":12.78027,"BuildingID":"9c768","BuiType":"Individual","StructType":"Permanent","NameOwnRep":"9c768","Contact":9676058736,"HNoPlotNo":"13","TPIN":"10935","ColnyStrtN":"Vishwas nagar","SyTsNo":"111","WardBlockN":"Ward no 60","Use":"Residential","Extent":174,"PlinthArea":2500,"Classifica":"Patta","Caste":"Minority","FinanDepen":"No","HHSize":6,"NoAdults":6,"NoChild":0,"Govtbenefi":"No","Borewell":"Yes","Courtcase":"No","NameStruct":"Red building","ReliType":null,"Remarks":null,"CommStatus":null,"Trees":"Yes","location":null,"Occupation":"Buisness","SkilledOcc":null,"Craftsmen":null,"ReliStruct":null,"Cremetoriu":null,"Email":null,"Date":"1899-12-30T00:00:00","Time":null,"SurvyeorNa":null,"Survey_Dat":"2024/08/15 19:43:00.026","Survey_Loc":null,"UUID":null,"email_id":null,"Mandals":"Rajendra Nagar","Zone":"Buffer","Income":"APL","AreaSqm":1.1853,"Areatext":"118.536571506303","Duplicate":"0","Dist":"Ranga Reddy","PCs":"Chevella","Assembly_C":"Rajendra Nagar","Affeceted_":"1900-01-01T00:00:00","S_Number":253,"S_Fall":"Roads","Zone_1":"Z1A N","Affected_S":"Buffer","Area_SQF":5103.64773256,"Zonewise":"Z1A","no_of_Floo":4,"gis_geometry_geojson":"{\"type\":\"Polygon\",\"coordinates\":[[[78.4030689,17.3523817],[78.4030214,17.3523003],[78.4029449,17.352347],[78.4029713,17.3524378],[78.4029962,17.352423],[78.4030025,17.3524327],[78.403008,17.3524331],[78.403039,17.3524115],[78.403034,17.3524024],[78.4030689,17.3523817]]]}"}},{"type":"Feature","id":"AS589-042","geometry":{"type":"Polygon","coordinates":[[[78.4026406,17.3522227],[78.4027339,17.3521561],[78.4026854,17.3520841],[78.4025655,17.3521094],[78.4026406,17.3522227]]]},"properties":{"household_id":"AS589-042","OBJECTID":233,"fid_1":911,"Area":1616.53703595,"DSM":508.72433,"DTM":505,"HEIGHT":3.72433,"BuildingID":"09f9e","BuiType":null,"StructType":"Permanent","NameOwnRep":"09f9e","Contact":9949363664,"HNoPlotNo":null,"TPIN":null,"ColnyStrtN":"Vishwas nagar","SyTsNo":"111","WardBlockN":"Ward no 60","Use":"Religions","Extent":200,"PlinthArea":0,"Classifica":"Patta","Caste":null,"FinanDepen":null,"HHSize":0,"NoAdults":0,"NoChild":0,"Govtbenefi":null,"Borewell":"Yes","Courtcase":"No","NameStruct":"Masjid","ReliType":"Muslim","Remarks":null,"CommStatus":null,"Trees":"No","location":null,"Occupation":null,"SkilledOcc":null,"Craftsmen":null,"ReliStruct":"Religious","Cremetoriu":null,"Email":null,"Date":"1899-12-30T00:00:00","Time":null,"SurvyeorNa":null,"Survey_Dat":"2024/08/07 21:17:40.644","Survey_Loc":null,"UUID":null,"email_id":null,"Mandals":"Rajendra Nagar","Zone":"Buffer","Income":null,"AreaSqm":1.5018,"Areatext":"150.181805631931","Duplicate":"0","Dist":"Ranga Reddy","PCs":"Chevella","Assembly_C":"Rajendra Nagar","Affeceted_":"1900-01-01T00:00:00","S_Number":250,"S_Fall":"Roads","Zone_1":"Z1A N","Affected_S":"Buffer","Area_SQF":1616.53703595,"Zonewise":"Z1A","no_of_Floo":1,"gis_geometry_geojson":"{\"type\":\"Polygon\",\"coordinates\":[[[78.4026406,17.3522227],[78.4027339,17.3521561],[78.4026854,17.3520841],[78.4025655,17.3521094],[78.4026406,17.3522227]]]}"}},{"type":"Feature","id":"AS589-043","geometry":{"type":"Polygon","coordinates":[[[78.4034928,17.352815],[78.4035784,17.3528429],[78.4035889,17.3528133],[78.4035819,17.352811],[78.4035992,17.3527619],[78.4036079,17.3527647],[78.4036153,17.3527439],[78.4035921,17.3527109],[78.4035694,17.3526442],[78.4035545,17.3526405],[78.4034928,17.352815]]]},"properties":{"household_id":"AS589-043","OBJECTID":236,"fid_1":914,"Area":1655.06541234,"DSM":516.43781,"DTM":506,"HEIGHT":10.43781,"BuildingID":"653ec","BuiType":"Apartment","StructType":"Permanent","NameOwnRep":"653ec","Contact":7013542103,"HNoPlotNo":"3-7-400/oc/113/p","TPIN":"322709997","ColnyStrtN":"Officers colony","SyTsNo":"112","WardBlockN":null,"Use":"Residential","Extent":150,"PlinthArea":0,"Classifica":"Govt","Caste":"Minority","FinanDepen":"No","HHSize":0,"NoAdults":0,"NoChild":0,"Govtbenefi":"No","Borewell":"Yes","Courtcase":"No","NameStruct":"Apartment","ReliType":null,"Remarks":null,"CommStatus":null,"Trees":"No","location":null,"Occupation":"Others","SkilledOcc":null,"Craftsmen":null,"ReliStruct":null,"Cremetoriu":null,"Email":null,"Date":"1899-12-30T00:00:00","Time":null,"SurvyeorNa":null,"Survey_Dat":"2024/08/13 16:47:16.390","Survey_Loc":null,"UUID":null,"email_id":null,"Mandals":"Rajendra Nagar","Zone":"Buffer","Income":"APL","AreaSqm":1.5376,"Areatext":"153.761223255925","Duplicate":"0","Dist":"Ranga Reddy","PCs":"Chevella","Assembly_C":"Rajendra Nagar","Affeceted_":"1900-01-01T00:00:00","S_Number":263,"S_Fall":"Roads","Zone_1":"Z1A N","Affected_S":"Buffer","Area_SQF":4965.19623702,"Zonewise":"Z1A","no_of_Floo":3,"gis_geometry_geojson":"{\"type\":\"Polygon\",\"coordinates\":[[[78.4034928,17.352815],[78.4035784,17.3528429],[78.4035889,17.3528133],[78.4035819,17.352811],[78.4035992,17.3527619],[78.4036079,17.3527647],[78.4036153,17.3527439],[78.4035921,17.3527109],[78.4035694,17.3526442],[78.4035545,17.3526405],[78.4034928,17.352815]]]}"}},{"type":"Feature","id":"AS589-044","geometry":{"type":"Polygon","coordinates":[[[78.4031323,17.3524012],[78.403185,17.35247],[78.4032557,17.3524212],[78.4032498,17.3524128],[78.4032732,17.3523972],[78.4032795,17.352405],[78.4033726,17.3523433],[78.4033015,17.3522835],[78.4031323,17.3524012]]]},"properties":{"household_id":"AS589-044","OBJECTID":239,"fid_1":917,"Area":2358.64812068,"DSM":520.56799,"DTM":504,"HEIGHT":16.56799,"BuildingID":"75501","BuiType":"Individual","StructType":"Permanent","NameOwnRep":"75501","Contact":9848062200,"HNoPlotNo":"Plot no 10","TPIN":"112854520","ColnyStrtN":"Vishwas nagar","SyTsNo":"111","WardBlockN":"Ward no 60","Use":"Residential","Extent":271,"PlinthArea":6000,"Classifica":"Patta","Caste":"Minority","FinanDepen":"No","HHSize":6,"NoAdults":5,"NoChild":1,"Govtbenefi":"No","Borewell":"Yes","Courtcase":"No","NameStruct":"Bada building","ReliType":null,"Remarks":null,"CommStatus":null,"Trees":"No","location":null,"Occupation":"Buisness","SkilledOcc":null,"Craftsmen":null,"ReliStruct":null,"Cremetoriu":null,"Email":null,"Date":"1899-12-30T00:00:00","Time":null,"SurvyeorNa":null,"Survey_Dat":"2024/08/15 19:43:00.342","Survey_Loc":null,"UUID":null,"email_id":null,"Mandals":"Rajendra Nagar","Zone":"Buffer","Income":"APL","AreaSqm":2.1912,"Areatext":"219.126457202588","Duplicate":"0","Dist":"Ranga Reddy","PCs":"Chevella","Assembly_C":"Rajendra Nagar","Affeceted_":"1900-01-01T00:00:00","S_Number":258,"S_Fall":"Roads","Zone_1":"Z1A N","Affected_S":"Buffer","Area_SQF":14151.8887241,"Zonewise":"Z1A","no_of_Floo":6,"gis_geometry_geojson":"{\"type\":\"Polygon\",\"coordinates\":[[[78.4031323,17.3524012],[78.403185,17.35247],[78.4032557,17.3524212],[78.4032498,17.3524128],[78.4032732,17.3523972],[78.4032795,17.352405],[78.4033726,17.3523433],[78.4033015,17.3522835],[78.4031323,17.3524012]]]}"}},{"type":"Feature","id":"AS589-045","geometry":{"type":"Polygon","coordinates":[[[78.4024075,17.3518305],[78.4024076,17.351846],[78.4024166,17.3518665],[78.4024504,17.3518528],[78.4024356,17.3518191],[78.4024075,17.3518305]]]},"properties":{"household_id":"AS589-045","OBJECTID":241,"fid_1":921,"Area":164.23614969,"DSM":507.7489,"DTM":505,"HEIGHT":2.7489,"BuildingID":"ccb1a","BuiType":"Individual","StructType":"Temporary","NameOwnRep":"ccb1a","Contact":9949363664,"HNoPlotNo":null,"TPIN":null,"ColnyStrtN":"Vishwas Nagar Colony","SyTsNo":"111","WardBlockN":"60","Use":"Residential","Extent":20,"PlinthArea":0,"Classifica":"Patta","Caste":"Minority","FinanDepen":"No","HHSize":0,"NoAdults":0,"NoChild":0,"Govtbenefi":"No","Borewell":"No","Courtcase":"No","NameStruct":"Tin shed","ReliType":null,"Remarks":"Vishwas Nagar Colony","CommStatus":null,"Trees":"No","location":null,"Occupation":"Others","SkilledOcc":null,"Craftsmen":null,"ReliStruct":null,"Cremetoriu":null,"Email":null,"Date":"1899-12-30T00:00:00","Time":null,"SurvyeorNa":null,"Survey_Dat":"2024/08/13 16:40:49.843","Survey_Loc":null,"UUID":null,"email_id":null,"Mandals":"Rajendra Nagar","Zone":"Buffer","Income":"BPL","AreaSqm":1.5258,"Areatext":"15.258098615891","Duplicate":"0","Dist":"Ranga Reddy","PCs":"Chevella","Assembly_C":"Rajendra Nagar","Affeceted_":"1900-01-01T00:00:00","S_Number":245,"S_Fall":"Roads","Zone_1":"Z1A N","Affected_S":"Buffer","Area_SQF":164.23614969,"Zonewise":"Z1A","no_of_Floo":1,"gis_geometry_geojson":"{\"type\":\"Polygon\",\"coordinates\":[[[78.4024075,17.3518305],[78.4024076,17.351846],[78.4024166,17.3518665],[78.4024504,17.3518528],[78.4024356,17.3518191],[78.4024075,17.3518305]]]}"}},{"type":"Feature","id":"AS589-046","geometry":{"type":"Polygon","coordinates":[[[78.4023278,17.3517872],[78.4023735,17.3517776],[78.402365,17.3517404],[78.4023193,17.35175],[78.4023278,17.3517872]]]},"properties":{"household_id":"AS589-046","OBJECTID":242,"fid_1":922,"Area":225.550550761,"DSM":507.34799,"DTM":505,"HEIGHT":2.34799,"BuildingID":"9c53b","BuiType":"Individual","StructType":"Temporary","NameOwnRep":"9c53b","Contact":9949363664,"HNoPlotNo":null,"TPIN":null,"ColnyStrtN":"Madina mandos","SyTsNo":"112","WardBlockN":null,"Use":"Residential","Extent":0,"PlinthArea":0,"Classifica":"Govt","Caste":"Minority","FinanDepen":"No","HHSize":0,"NoAdults":0,"NoChild":0,"Govtbenefi":"No","Borewell":"No","Courtcase":"No","NameStruct":"Rekula shad","ReliType":null,"Remarks":null,"CommStatus":null,"Trees":"No","location":null,"Occupation":"Others","SkilledOcc":null,"Craftsmen":null,"ReliStruct":null,"Cremetoriu":null,"Email":null,"Date":"1899-12-30T00:00:00","Time":null,"SurvyeorNa":null,"Survey_Dat":"2024/08/13 16:40:49.911","Survey_Loc":null,"UUID":null,"email_id":null,"Mandals":"Rajendra Nagar","Zone":"Buffer","Income":"BPL","AreaSqm":2.0954,"Areatext":"20.9544156570047","Duplicate":"0","Dist":"Ranga Reddy","PCs":"Chevella","Assembly_C":"Rajendra Nagar","Affeceted_":"1900-01-01T00:00:00","S_Number":244,"S_Fall":"Roads","Zone_1":"Z1A N","Affected_S":"Buffer","Area_SQF":225.550550761,"Zonewise":"Z1A","no_of_Floo":1,"gis_geometry_geojson":"{\"type\":\"Polygon\",\"coordinates\":[[[78.4023278,17.3517872],[78.4023735,17.3517776],[78.402365,17.3517404],[78.4023193,17.35175],[78.4023278,17.3517872]]]}"}},{"type":"Feature","id":"AS589-047","geometry":{"type":"Polygon","coordinates":[[[78.4022852,17.3516313],[78.4022613,17.3515534],[78.4022117,17.3515698],[78.4022224,17.3516049],[78.4022313,17.3516023],[78.4022438,17.351643],[78.4022852,17.3516313]]]},"properties":{"household_id":"AS589-047","OBJECTID":243,"fid_1":923,"Area":487.123057239,"DSM":508.34299,"DTM":506,"HEIGHT":2.34299,"BuildingID":"42616","BuiType":"Individual","StructType":"Temporary","NameOwnRep":"42616","Contact":9967997179,"HNoPlotNo":null,"TPIN":null,"ColnyStrtN":"Vishwas Nagar","SyTsNo":"97","WardBlockN":null,"Use":"Residential","Extent":0,"PlinthArea":0,"Classifica":"Govt","Caste":"ST","FinanDepen":"No","HHSize":0,"NoAdults":5,"NoChild":0,"Govtbenefi":"No","Borewell":"No","Courtcase":"No","NameStruct":"Tin shed","ReliType":null,"Remarks":null,"CommStatus":null,"Trees":"No","location":null,"Occupation":"Others","SkilledOcc":null,"Craftsmen":null,"ReliStruct":null,"Cremetoriu":null,"Email":null,"Date":"1899-12-30T00:00:00","Time":null,"SurvyeorNa":null,"Survey_Dat":"2024/08/13 16:40:49.979","Survey_Loc":null,"UUID":null,"email_id":null,"Mandals":"Rajendra Nagar","Zone":"Buffer","Income":"BPL","AreaSqm":4.5255,"Areatext":"45.2553939006804","Duplicate":"0","Dist":"Ranga Reddy","PCs":"Chevella","Assembly_C":"Rajendra Nagar","Affeceted_":"1900-01-01T00:00:00","S_Number":243,"S_Fall":"Roads","Zone_1":"Z1A N","Affected_S":"Buffer","Area_SQF":487.123057239,"Zonewise":"Z1A","no_of_Floo":1,"gis_geometry_geojson":"{\"type\":\"Polygon\",\"coordinates\":[[[78.4022852,17.3516313],[78.4022613,17.3515534],[78.4022117,17.3515698],[78.4022224,17.3516049],[78.4022313,17.3516023],[78.4022438,17.351643],[78.4022852,17.3516313]]]}"}},{"type":"Feature","id":"AS589-048","geometry":{"type":"Polygon","coordinates":[[[78.4021684,17.3515832],[78.4021433,17.351601],[78.4021664,17.3516312],[78.4021915,17.3516134],[78.4021684,17.3515832]]]},"properties":{"household_id":"AS589-048","OBJECTID":244,"fid_1":924,"Area":148.058955027,"DSM":508.64508,"DTM":506,"HEIGHT":2.64508,"BuildingID":"836b9","BuiType":"Individual","StructType":"Temporary","NameOwnRep":"836b9","Contact":6301519784,"HNoPlotNo":null,"TPIN":null,"ColnyStrtN":null,"SyTsNo":"97","WardBlockN":null,"Use":"Residential","Extent":0,"PlinthArea":0,"Classifica":"Govt","Caste":"ST","FinanDepen":"No","HHSize":0,"NoAdults":2,"NoChild":3,"Govtbenefi":"No","Borewell":"No","Courtcase":"No","NameStruct":"Tean shead","ReliType":null,"Remarks":null,"CommStatus":null,"Trees":"No","location":null,"Occupation":"Others","SkilledOcc":null,"Craftsmen":null,"ReliStruct":null,"Cremetoriu":null,"Email":null,"Date":"1899-12-30T00:00:00","Time":null,"SurvyeorNa":null,"Survey_Dat":"2024/08/13 16:40:50.047","Survey_Loc":null,"UUID":null,"email_id":null,"Mandals":"Rajendra Nagar","Zone":"Buffer","Income":"BPL","AreaSqm":1.3755,"Areatext":"13.7551820462327","Duplicate":"0","Dist":"Ranga Reddy","PCs":"Chevella","Assembly_C":"Rajendra Nagar","Affeceted_":"1900-01-01T00:00:00","S_Number":241,"S_Fall":"Roads","Zone_1":"Z1A N","Affected_S":"Buffer","Area_SQF":148.058955027,"Zonewise":"Z1A","no_of_Floo":1,"gis_geometry_geojson":"{\"type\":\"Polygon\",\"coordinates\":[[[78.4021684,17.3515832],[78.4021433,17.351601],[78.4021664,17.3516312],[78.4021915,17.3516134],[78.4021684,17.3515832]]]}"}},{"type":"Feature","id":"AS589-049","geometry":{"type":"Polygon","coordinates":[[[78.4021481,17.3515975],[78.4021684,17.3515832],[78.402159,17.351571],[78.4021388,17.3515854],[78.4021481,17.3515975]]]},"properties":{"household_id":"AS589-049","OBJECTID":245,"fid_1":925,"Area":48.2084139097,"DSM":507.9903,"DTM":506,"HEIGHT":1.9903,"BuildingID":"95747","BuiType":"Individual","StructType":"Temporary","NameOwnRep":"95747","Contact":9967997179,"HNoPlotNo":null,"TPIN":null,"ColnyStrtN":"Vishwash Nagar colony","SyTsNo":"97","WardBlockN":null,"Use":"Residential","Extent":0,"PlinthArea":0,"Classifica":"Govt","Caste":null,"FinanDepen":null,"HHSize":0,"NoAdults":0,"NoChild":0,"Govtbenefi":null,"Borewell":"No","Courtcase":"No","NameStruct":"Tean shead","ReliType":null,"Remarks":null,"CommStatus":null,"Trees":"No","location":null,"Occupation":null,"SkilledOcc":null,"Craftsmen":null,"ReliStruct":null,"Cremetoriu":null,"Email":null,"Date":"1899-12-30T00:00:00","Time":null,"SurvyeorNa":null,"Survey_Dat":"2024/08/15 11:32:23.095","Survey_Loc":null,"UUID":null,"email_id":null,"Mandals":"Rajendra Nagar","Zone":"Buffer","Income":"BPL","AreaSqm":4.4787,"Areatext":"4.47872611976709","Duplicate":"0","Dist":"Ranga Reddy","PCs":"Chevella","Assembly_C":"Rajendra Nagar","Affeceted_":"1900-01-01T00:00:00","S_Number":240,"S_Fall":"Roads","Zone_1":"Z1A N","Affected_S":"Buffer","Area_SQF":48.2084139097,"Zonewise":"Z1A","no_of_Floo":1,"gis_geometry_geojson":"{\"type\":\"Polygon\",\"coordinates\":[[[78.4021481,17.3515975],[78.4021684,17.3515832],[78.402159,17.351571],[78.4021388,17.3515854],[78.4021481,17.3515975]]]}"}},{"type":"Feature","id":"AS589-050","geometry":{"type":"Polygon","coordinates":[[[78.40215,17.351676],[78.4021806,17.3516562],[78.4021632,17.3516315],[78.4021326,17.3516514],[78.40215,17.351676]]]},"properties":{"household_id":"AS589-050","OBJECTID":246,"fid_1":926,"Area":139.081997736,"DSM":508.53391,"DTM":506,"HEIGHT":2.53391,"BuildingID":"4f08c","BuiType":"Individual","StructType":"Temporary","NameOwnRep":"4f08c","Contact":9967997179,"HNoPlotNo":null,"TPIN":null,"ColnyStrtN":"Vishwash Nagar colony","SyTsNo":"97","WardBlockN":null,"Use":"Residential","Extent":0,"PlinthArea":0,"Classifica":"Govt","Caste":"ST","FinanDepen":"No","HHSize":0,"NoAdults":0,"NoChild":0,"Govtbenefi":"No","Borewell":"No","Courtcase":"No","NameStruct":"Tean shead","ReliType":null,"Remarks":null,"CommStatus":null,"Trees":"No","location":null,"Occupation":null,"SkilledOcc":null,"Craftsmen":null,"ReliStruct":null,"Cremetoriu":null,"Email":null,"Date":"1899-12-30T00:00:00","Time":null,"SurvyeorNa":null,"Survey_Dat":"2024/08/13 16:40:50.114","Survey_Loc":null,"UUID":null,"email_id":null,"Mandals":"Rajendra Nagar","Zone":"Buffer","Income":"BPL","AreaSqm":1.2921,"Areatext":"12.9211920784384","Duplicate":"0","Dist":"Ranga Reddy","PCs":"Chevella","Assembly_C":"Rajendra Nagar","Affeceted_":"1900-01-01T00:00:00","S_Number":242,"S_Fall":"Roads","Zone_1":"Z1A N","Affected_S":"Buffer","Area_SQF":139.081997736,"Zonewise":"Z1A","no_of_Floo":1,"gis_geometry_geojson":"{\"type\":\"Polygon\",\"coordinates\":[[[78.40215,17.351676],[78.4021806,17.3516562],[78.4021632,17.3516315],[78.4021326,17.3516514],[78.40215,17.351676]]]}"}},{"type":"Feature","id":"AS589-051","geometry":{"type":"Polygon","coordinates":[[[78.4021538,17.3516312],[78.4021116,17.3515859],[78.4020856,17.3516083],[78.4021278,17.3516536],[78.4021538,17.3516312]]]},"properties":{"household_id":"AS589-051","OBJECTID":247,"fid_1":927,"Area":269.490982208,"DSM":508.48297,"DTM":506.9239,"HEIGHT":1.55907,"BuildingID":"1ebb1","BuiType":"Individual","StructType":"Temporary","NameOwnRep":"1ebb1","Contact":9381336234,"HNoPlotNo":null,"TPIN":null,"ColnyStrtN":"Vishwash Nagar colony","SyTsNo":"97","WardBlockN":null,"Use":"Residential","Extent":0,"PlinthArea":0,"Classifica":"Govt","Caste":"ST","FinanDepen":"No","HHSize":0,"NoAdults":2,"NoChild":3,"Govtbenefi":"No","Borewell":"No","Courtcase":"No","NameStruct":"Tean shead","ReliType":null,"Remarks":null,"CommStatus":null,"Trees":"No","location":null,"Occupation":"Others","SkilledOcc":null,"Craftsmen":null,"ReliStruct":null,"Cremetoriu":null,"Email":null,"Date":"1899-12-30T00:00:00","Time":null,"SurvyeorNa":null,"Survey_Dat":"2024/08/13 16:40:50.182","Survey_Loc":null,"UUID":null,"email_id":null,"Mandals":"Rajendra Nagar","Zone":"Buffer","Income":"BPL","AreaSqm":2.5036,"Areatext":"25.0366316466416","Duplicate":"0","Dist":"Ranga Reddy","PCs":"Chevella","Assembly_C":"Rajendra Nagar","Affeceted_":"1900-01-01T00:00:00","S_Number":239,"S_Fall":"Roads","Zone_1":"Z1A N","Affected_S":"Buffer","Area_SQF":269.490982208,"Zonewise":"Z1A","no_of_Floo":1,"gis_geometry_geojson":"{\"type\":\"Polygon\",\"coordinates\":[[[78.4021538,17.3516312],[78.4021116,17.3515859],[78.4020856,17.3516083],[78.4021278,17.3516536],[78.4021538,17.3516312]]]}"}},{"type":"Feature","id":"AS589-052","geometry":{"type":"Polygon","coordinates":[[[78.4021116,17.3515859],[78.4020544,17.3515245],[78.4020283,17.3515469],[78.4020856,17.3516083],[78.4021116,17.3515859]]]},"properties":{"household_id":"AS589-052","OBJECTID":248,"fid_1":928,"Area":365.435387183,"DSM":508.60995,"DTM":507,"HEIGHT":1.60995,"BuildingID":"f3920","BuiType":"Individual","StructType":"Temporary","NameOwnRep":"f3920","Contact":9959116693,"HNoPlotNo":null,"TPIN":null,"ColnyStrtN":"Vishwash Nagar colony","SyTsNo":"97","WardBlockN":null,"Use":"Residential","Extent":0,"PlinthArea":0,"Classifica":"Govt","Caste":"ST","FinanDepen":"No","HHSize":0,"NoAdults":2,"NoChild":3,"Govtbenefi":"No","Borewell":"No","Courtcase":"No","NameStruct":"Tean shead","ReliType":null,"Remarks":null,"CommStatus":null,"Trees":"No","location":null,"Occupation":"Others","SkilledOcc":null,"Craftsmen":null,"ReliStruct":null,"Cremetoriu":null,"Email":null,"Date":"1899-12-30T00:00:00","Time":null,"SurvyeorNa":null,"Survey_Dat":"2024/08/13 16:40:50.250","Survey_Loc":null,"UUID":null,"email_id":null,"Mandals":"Rajendra Nagar","Zone":"Buffer","Income":"BPL","AreaSqm":3.395,"Areatext":"33.9501941990064","Duplicate":"0","Dist":"Ranga Reddy","PCs":"Chevella","Assembly_C":"Rajendra Nagar","Affeceted_":"1900-01-01T00:00:00","S_Number":234,"S_Fall":"Roads","Zone_1":"Z1A N","Affected_S":"Buffer","Area_SQF":365.435387183,"Zonewise":"Z1A","no_of_Floo":1,"gis_geometry_geojson":"{\"type\":\"Polygon\",\"coordinates\":[[[78.4021116,17.3515859],[78.4020544,17.3515245],[78.4020283,17.3515469],[78.4020856,17.3516083],[78.4021116,17.3515859]]]}"}},{"type":"Feature","id":"AS589-053","geometry":{"type":"Polygon","coordinates":[[[78.4021422,17.3515338],[78.4021322,17.3515418],[78.4021447,17.3515563],[78.4021547,17.3515484],[78.4021422,17.3515338]]]},"properties":{"household_id":"AS589-053","OBJECTID":249,"fid_1":929,"Area":31.0805124335,"DSM":507.98917,"DTM":506,"HEIGHT":1.98917,"BuildingID":"970d7","BuiType":"Individual","StructType":"Temporary","NameOwnRep":"970d7","Contact":9967997179,"HNoPlotNo":null,"TPIN":null,"ColnyStrtN":"Vishwash Nagar colony","SyTsNo":"97","WardBlockN":null,"Use":"Residential","Extent":0,"PlinthArea":0,"Classifica":"Govt","Caste":"ST","FinanDepen":"No","HHSize":0,"NoAdults":0,"NoChild":0,"Govtbenefi":"No","Borewell":"No","Courtcase":"No","NameStruct":"Tean shead","ReliType":null,"Remarks":null,"CommStatus":null,"Trees":"No","location":null,"Occupation":"Others","SkilledOcc":null,"Craftsmen":null,"ReliStruct":null,"Cremetoriu":null,"Email":null,"Date":"1899-12-30T00:00:00","Time":null,"SurvyeorNa":null,"Survey_Dat":"2024/08/15 11:32:23.164","Survey_Loc":null,"UUID":null,"email_id":null,"Mandals":"Rajendra Nagar","Zone":"Buffer","Income":"BPL","AreaSqm":2.8875,"Areatext":"2.88748564524747","Duplicate":"0","Dist":"Ranga Reddy","PCs":"Chevella","Assembly_C":"Rajendra Nagar","Affeceted_":"1900-01-01T00:00:00","S_Number":233,"S_Fall":"Roads","Zone_1":"Z1A N","Affected_S":"Buffer","Area_SQF":31.0805124335,"Zonewise":"Z1A","no_of_Floo":1,"gis_geometry_geojson":"{\"type\":\"Polygon\",\"coordinates\":[[[78.4021422,17.3515338],[78.4021322,17.3515418],[78.4021447,17.3515563],[78.4021547,17.3515484],[78.4021422,17.3515338]]]}"}},{"type":"Feature","id":"AS589-054","geometry":{"type":"Polygon","coordinates":[[[78.4019914,17.3516211],[78.4020438,17.3515906],[78.4020267,17.3515635],[78.4019743,17.351594],[78.4019914,17.3516211]]]},"properties":{"household_id":"AS589-054","OBJECTID":254,"fid_1":937,"Area":245.70171469,"DSM":509.48349,"DTM":507,"HEIGHT":2.48349,"BuildingID":"2a123","BuiType":"Individual","StructType":"Temporary","NameOwnRep":"2a123","Contact":9967997179,"HNoPlotNo":null,"TPIN":null,"ColnyStrtN":null,"SyTsNo":"30","WardBlockN":null,"Use":"Residential","Extent":0,"PlinthArea":0,"Classifica":null,"Caste":null,"FinanDepen":null,"HHSize":0,"NoAdults":0,"NoChild":0,"Govtbenefi":null,"Borewell":"No","Courtcase":null,"NameStruct":null,"ReliType":null,"Remarks":null,"CommStatus":null,"Trees":"No","location":null,"Occupation":null,"SkilledOcc":null,"Craftsmen":null,"ReliStruct":null,"Cremetoriu":null,"Email":null,"Date":"1899-12-30T00:00:00","Time":null,"SurvyeorNa":"prudhviraju003","Survey_Dat":"2024/08/21 14:15:10.860","Survey_Loc":null,"UUID":null,"email_id":"prudhviraju003@gmail.com","Mandals":"Rajendra Nagar","Zone":"Buffer","Income":null,"AreaSqm":2.2826,"Areatext":"22.8265275301261","Duplicate":"0","Dist":"Ranga Reddy","PCs":"Chevella","Assembly_C":"Rajendra Nagar","Affeceted_":"1900-01-01T00:00:00","S_Number":235,"S_Fall":"Roads","Zone_1":"Z1A N","Affected_S":"Buffer","Area_SQF":245.70171469,"Zonewise":"Z1A","no_of_Floo":1,"gis_geometry_geojson":"{\"type\":\"Polygon\",\"coordinates\":[[[78.4019914,17.3516211],[78.4020438,17.3515906],[78.4020267,17.3515635],[78.4019743,17.351594],[78.4019914,17.3516211]]]}"}},{"type":"Feature","id":"AS589-055","geometry":{"type":"Polygon","coordinates":[[[78.4019871,17.3514977],[78.4020258,17.3515353],[78.4020499,17.3515125],[78.4020111,17.3514748],[78.4019871,17.3514977]]]},"properties":{"household_id":"AS589-055","OBJECTID":255,"fid_1":938,"Area":227.308798064,"DSM":508.90207,"DTM":507,"HEIGHT":1.90207,"BuildingID":"5ce01","BuiType":"Individual","StructType":"Temporary","NameOwnRep":"5ce01","Contact":6301727691,"HNoPlotNo":null,"TPIN":null,"ColnyStrtN":"Vishwash Nagar colony","SyTsNo":"97","WardBlockN":null,"Use":"Residential","Extent":0,"PlinthArea":0,"Classifica":"Govt","Caste":"ST","FinanDepen":"No","HHSize":6,"NoAdults":4,"NoChild":2,"Govtbenefi":"No","Borewell":"No","Courtcase":"No","NameStruct":"Tean shead","ReliType":null,"Remarks":null,"CommStatus":null,"Trees":"No","location":null,"Occupation":"Others","SkilledOcc":null,"Craftsmen":null,"ReliStruct":null,"Cremetoriu":null,"Email":null,"Date":"1899-12-30T00:00:00","Time":null,"SurvyeorNa":null,"Survey_Dat":"2024/08/13 16:40:50.385","Survey_Loc":null,"UUID":null,"email_id":null,"Mandals":"Rajendra Nagar","Zone":"Buffer","Income":"BPL","AreaSqm":2.1117,"Areatext":"21.1177628259425","Duplicate":"0","Dist":"Ranga Reddy","PCs":"Chevella","Assembly_C":"Rajendra Nagar","Affeceted_":"1900-01-01T00:00:00","S_Number":226,"S_Fall":"Roads","Zone_1":"Z1A N","Affected_S":"Buffer","Area_SQF":227.308798064,"Zonewise":"Z1A","no_of_Floo":1,"gis_geometry_geojson":"{\"type\":\"Polygon\",\"coordinates\":[[[78.4019871,17.3514977],[78.4020258,17.3515353],[78.4020499,17.3515125],[78.4020111,17.3514748],[78.4019871,17.3514977]]]}"}},{"type":"Feature","id":"AS589-056","geometry":{"type":"Polygon","coordinates":[[[78.401916,17.3514399],[78.4019505,17.3514729],[78.4019821,17.3514425],[78.4019477,17.3514095],[78.401916,17.3514399]]]},"properties":{"household_id":"AS589-056","OBJECTID":256,"fid_1":939,"Area":265.424189846,"DSM":508.51129,"DTM":507,"HEIGHT":1.51129,"BuildingID":"4af11","BuiType":"Individual","StructType":"Temporary","NameOwnRep":"4af11","Contact":7893614204,"HNoPlotNo":null,"TPIN":null,"ColnyStrtN":"Vishwash Nagar colony","SyTsNo":"97","WardBlockN":null,"Use":"Residential","Extent":0,"PlinthArea":0,"Classifica":"Govt","Caste":"ST","FinanDepen":"No","HHSize":4,"NoAdults":2,"NoChild":2,"Govtbenefi":"No","Borewell":"No","Courtcase":"No","NameStruct":"Tean shead","ReliType":null,"Remarks":null,"CommStatus":null,"Trees":"No","location":null,"Occupation":"Others","SkilledOcc":null,"Craftsmen":null,"ReliStruct":null,"Cremetoriu":null,"Email":null,"Date":"1899-12-30T00:00:00","Time":null,"SurvyeorNa":null,"Survey_Dat":"2024/08/13 16:40:50.453","Survey_Loc":null,"UUID":null,"email_id":null,"Mandals":"Rajendra Nagar","Zone":"Buffer","Income":"BPL","AreaSqm":2.4658,"Areatext":"24.6588127612554","Duplicate":"0","Dist":"Ranga Reddy","PCs":"Chevella","Assembly_C":"Rajendra Nagar","Affeceted_":"1900-01-01T00:00:00","S_Number":223,"S_Fall":"Roads","Zone_1":"Z1A N","Affected_S":"Buffer","Area_SQF":265.424189846,"Zonewise":"Z1A","no_of_Floo":1,"gis_geometry_geojson":"{\"type\":\"Polygon\",\"coordinates\":[[[78.401916,17.3514399],[78.4019505,17.3514729],[78.4019821,17.3514425],[78.4019477,17.3514095],[78.401916,17.3514399]]]}"}},{"type":"Feature","id":"AS589-057","geometry":{"type":"Polygon","coordinates":[[[78.4018362,17.3513428],[78.4018596,17.3513682],[78.4018851,17.3513466],[78.4018617,17.3513212],[78.4018362,17.3513428]]]},"properties":{"household_id":"AS589-057","OBJECTID":257,"fid_1":940,"Area":146.150858477,"DSM":508.98587,"DTM":507,"HEIGHT":1.98587,"BuildingID":"fee68","BuiType":"Individual","StructType":"Permanent","NameOwnRep":"fee68","Contact":0,"HNoPlotNo":null,"TPIN":null,"ColnyStrtN":null,"SyTsNo":null,"WardBlockN":null,"Use":"Temp","Extent":0,"PlinthArea":0,"Classifica":null,"Caste":null,"FinanDepen":null,"HHSize":0,"NoAdults":0,"NoChild":0,"Govtbenefi":null,"Borewell":null,"Courtcase":null,"NameStruct":null,"ReliType":null,"Remarks":null,"CommStatus":null,"Trees":null,"location":null,"Occupation":null,"SkilledOcc":null,"Craftsmen":null,"ReliStruct":null,"Cremetoriu":null,"Email":null,"Date":"1899-12-30T00:00:00","Time":null,"SurvyeorNa":null,"Survey_Dat":"2024/08/07 21:17:42.761","Survey_Loc":null,"UUID":null,"email_id":null,"Mandals":"Rajendra Nagar","Zone":"Buffer","Income":null,"AreaSqm":1.3577,"Areatext":"13.5779133662644","Duplicate":"0","Dist":"Ranga Reddy","PCs":"Chevella","Assembly_C":"Rajendra Nagar","Affeceted_":"1900-01-01T00:00:00","S_Number":219,"S_Fall":"Roads","Zone_1":"Z1A N","Affected_S":"Buffer","Area_SQF":146.150858477,"Zonewise":"Z1A","no_of_Floo":1,"gis_geometry_geojson":"{\"type\":\"Polygon\",\"coordinates\":[[[78.4018362,17.3513428],[78.4018596,17.3513682],[78.4018851,17.3513466],[78.4018617,17.3513212],[78.4018362,17.3513428]]]}"}},{"type":"Feature","id":"AS589-058","geometry":{"type":"Polygon","coordinates":[[[78.4018,17.351303],[78.4018264,17.3513363],[78.4018531,17.3513167],[78.4018267,17.3512834],[78.4018,17.351303]]]},"properties":{"household_id":"AS589-058","OBJECTID":258,"fid_1":941,"Area":178.247812081,"DSM":509.16522,"DTM":508,"HEIGHT":1.16522,"BuildingID":"919f9","BuiType":"Individual","StructType":"Temporary","NameOwnRep":"919f9","Contact":9959116639,"HNoPlotNo":null,"TPIN":null,"ColnyStrtN":null,"SyTsNo":"97","WardBlockN":null,"Use":"Residential","Extent":0,"PlinthArea":0,"Classifica":"Govt","Caste":"ST","FinanDepen":"No","HHSize":5,"NoAdults":2,"NoChild":3,"Govtbenefi":"No","Borewell":"No","Courtcase":"No","NameStruct":"Tean shead","ReliType":null,"Remarks":null,"CommStatus":null,"Trees":"No","location":null,"Occupation":"Others","SkilledOcc":null,"Craftsmen":null,"ReliStruct":null,"Cremetoriu":null,"Email":null,"Date":"1899-12-30T00:00:00","Time":null,"SurvyeorNa":null,"Survey_Dat":"2024/08/13 16:40:50.520","Survey_Loc":null,"UUID":null,"email_id":null,"Mandals":"Rajendra Nagar","Zone":"Buffer","Income":"BPL","AreaSqm":1.6559,"Areatext":"16.5598298570507","Duplicate":"0","Dist":"Ranga Reddy","PCs":"Chevella","Assembly_C":"Rajendra Nagar","Affeceted_":"1900-01-01T00:00:00","S_Number":218,"S_Fall":"Roads","Zone_1":"Z1A N","Affected_S":"Buffer","Area_SQF":178.247812081,"Zonewise":"Z1A","no_of_Floo":1,"gis_geometry_geojson":"{\"type\":\"Polygon\",\"coordinates\":[[[78.4018,17.351303],[78.4018264,17.3513363],[78.4018531,17.3513167],[78.4018267,17.3512834],[78.4018,17.351303]]]}"}},{"type":"Feature","id":"AS589-059","geometry":{"type":"Polygon","coordinates":[[[78.4017686,17.3512716],[78.4017909,17.3512996],[78.4018226,17.3512762],[78.4018002,17.3512483],[78.4017686,17.3512716]]]},"properties":{"household_id":"AS589-059","OBJECTID":259,"fid_1":942,"Area":178.371408133,"DSM":508.86377,"DTM":507.8582,"HEIGHT":1.00557,"BuildingID":"d3ec3","BuiType":"Individual","StructType":"Temporary","NameOwnRep":"d3ec3","Contact":7013037248,"HNoPlotNo":null,"TPIN":null,"ColnyStrtN":"Vishwash Nagar colony","SyTsNo":"97","WardBlockN":null,"Use":"Residential","Extent":0,"PlinthArea":0,"Classifica":"Govt","Caste":"ST","FinanDepen":"No","HHSize":2,"NoAdults":2,"NoChild":0,"Govtbenefi":"No","Borewell":"No","Courtcase":"No","NameStruct":"Tean shead","ReliType":null,"Remarks":null,"CommStatus":null,"Trees":"No","location":null,"Occupation":"Others","SkilledOcc":null,"Craftsmen":null,"ReliStruct":null,"Cremetoriu":null,"Email":null,"Date":"1899-12-30T00:00:00","Time":null,"SurvyeorNa":null,"Survey_Dat":"2024/08/13 16:40:50.588","Survey_Loc":null,"UUID":null,"email_id":null,"Mandals":"Rajendra Nagar","Zone":"Buffer","Income":"BPL","AreaSqm":1.6571,"Areatext":"16.5713123573194","Duplicate":"0","Dist":"Ranga Reddy","PCs":"Chevella","Assembly_C":"Rajendra Nagar","Affeceted_":"1900-01-01T00:00:00","S_Number":216,"S_Fall":"Roads","Zone_1":"Z1A N","Affected_S":"Buffer","Area_SQF":178.371408133,"Zonewise":"Z1A","no_of_Floo":1,"gis_geometry_geojson":"{\"type\":\"Polygon\",\"coordinates\":[[[78.4017686,17.3512716],[78.4017909,17.3512996],[78.4018226,17.3512762],[78.4018002,17.3512483],[78.4017686,17.3512716]]]}"}},{"type":"Feature","id":"AS589-060","geometry":{"type":"Polygon","coordinates":[[[78.4017289,17.3512194],[78.4017529,17.3512472],[78.4017878,17.3512194],[78.4017637,17.3511916],[78.4017289,17.3512194]]]},"properties":{"household_id":"AS589-060","OBJECTID":260,"fid_1":943,"Area":207.754642279,"DSM":509.28729,"DTM":507,"HEIGHT":2.28729,"BuildingID":"e150f","BuiType":"Individual","StructType":"Temporary","NameOwnRep":"e150f","Contact":8885391031,"HNoPlotNo":null,"TPIN":null,"ColnyStrtN":"Vishwash Nagar colony","SyTsNo":"97","WardBlockN":null,"Use":"Residential","Extent":0,"PlinthArea":0,"Classifica":"Govt","Caste":"ST","FinanDepen":"No","HHSize":5,"NoAdults":2,"NoChild":3,"Govtbenefi":"No","Borewell":"No","Courtcase":"No","NameStruct":"Tean shead","ReliType":null,"Remarks":null,"CommStatus":null,"Trees":"No","location":null,"Occupation":"Others","SkilledOcc":null,"Craftsmen":null,"ReliStruct":null,"Cremetoriu":null,"Email":null,"Date":"1899-12-30T00:00:00","Time":null,"SurvyeorNa":null,"Survey_Dat":"2024/08/13 16:40:50.656","Survey_Loc":null,"UUID":null,"email_id":null,"Mandals":"Rajendra Nagar","Zone":"Buffer","Income":"BPL","AreaSqm":1.9301,"Areatext":"19.3011150505214","Duplicate":"0","Dist":"Ranga Reddy","PCs":"Chevella","Assembly_C":"Rajendra Nagar","Affeceted_":"1900-01-01T00:00:00","S_Number":215,"S_Fall":"Roads","Zone_1":"Z1A N","Affected_S":"Buffer","Area_SQF":207.754642279,"Zonewise":"Z1A","no_of_Floo":1,"gis_geometry_geojson":"{\"type\":\"Polygon\",\"coordinates\":[[[78.4017289,17.3512194],[78.4017529,17.3512472],[78.4017878,17.3512194],[78.4017637,17.3511916],[78.4017289,17.3512194]]]}"}},{"type":"Feature","id":"AS589-061","geometry":{"type":"Polygon","coordinates":[[[78.4016927,17.3511744],[78.4017188,17.351207],[78.401741,17.3511906],[78.4017149,17.351158],[78.4016927,17.3511744]]]},"properties":{"household_id":"AS589-061","OBJECTID":261,"fid_1":944,"Area":146.023118526,"DSM":509.16354,"DTM":507,"HEIGHT":2.16354,"BuildingID":"c6a9f","BuiType":"Individual","StructType":"Temporary","NameOwnRep":"c6a9f","Contact":8421577427,"HNoPlotNo":null,"TPIN":null,"ColnyStrtN":"Vishwash Nagar colony","SyTsNo":"97","WardBlockN":null,"Use":"Residential","Extent":0,"PlinthArea":0,"Classifica":"Govt","Caste":"ST","FinanDepen":"No","HHSize":4,"NoAdults":2,"NoChild":2,"Govtbenefi":"No","Borewell":"No","Courtcase":"No","NameStruct":"Tean shead","ReliType":null,"Remarks":null,"CommStatus":null,"Trees":"No","location":null,"Occupation":"Others","SkilledOcc":null,"Craftsmen":null,"ReliStruct":null,"Cremetoriu":null,"Email":null,"Date":"1899-12-30T00:00:00","Time":null,"SurvyeorNa":null,"Survey_Dat":"2024/08/13 16:40:50.723","Survey_Loc":null,"UUID":null,"email_id":null,"Mandals":"Rajendra Nagar","Zone":"Buffer","Income":"BPL","AreaSqm":1.3566,"Areatext":"13.5660458815803","Duplicate":"0","Dist":"Ranga Reddy","PCs":"Chevella","Assembly_C":"Rajendra Nagar","Affeceted_":"1900-01-01T00:00:00","S_Number":214,"S_Fall":"Roads","Zone_1":"Z1A N","Affected_S":"Buffer","Area_SQF":146.023118526,"Zonewise":"Z1A","no_of_Floo":1,"gis_geometry_geojson":"{\"type\":\"Polygon\",\"coordinates\":[[[78.4016927,17.3511744],[78.4017188,17.351207],[78.401741,17.3511906],[78.4017149,17.351158],[78.4016927,17.3511744]]]}"}},{"type":"Feature","id":"AS589-062","geometry":{"type":"Polygon","coordinates":[[[78.4019921,17.3513874],[78.4019782,17.3514001],[78.4020002,17.3514223],[78.4020141,17.3514097],[78.4019921,17.3513874]]]},"properties":{"household_id":"AS589-062","OBJECTID":270,"fid_1":953,"Area":74.5067059085,"DSM":508.52191,"DTM":507,"HEIGHT":1.52191,"BuildingID":"d096e","BuiType":"Individual","StructType":"Temporary","NameOwnRep":"d096e","Contact":9110227405,"HNoPlotNo":null,"TPIN":null,"ColnyStrtN":"Vishwas Nagar","SyTsNo":"97","WardBlockN":"60","Use":"Residential","Extent":15,"PlinthArea":0,"Classifica":"Govt","Caste":"ST","FinanDepen":"No","HHSize":15,"NoAdults":2,"NoChild":3,"Govtbenefi":"No","Borewell":"No","Courtcase":"No","NameStruct":"Tin shed","ReliType":null,"Remarks":"Tin shed","CommStatus":null,"Trees":"No","location":null,"Occupation":"Others","SkilledOcc":null,"Craftsmen":null,"ReliStruct":null,"Cremetoriu":null,"Email":null,"Date":"1899-12-30T00:00:00","Time":null,"SurvyeorNa":null,"Survey_Dat":"2024/08/13 16:40:51.199","Survey_Loc":null,"UUID":null,"email_id":null,"Mandals":"Rajendra Nagar","Zone":"Buffer","Income":"BPL","AreaSqm":6.9219,"Areatext":"6.92192716825655","Duplicate":"0","Dist":"Ranga Reddy","PCs":"Chevella","Assembly_C":"Rajendra Nagar","Affeceted_":"1900-01-01T00:00:00","S_Number":224,"S_Fall":"Roads","Zone_1":"Z1A N","Affected_S":"Buffer","Area_SQF":74.5067059085,"Zonewise":"Z1A","no_of_Floo":1,"gis_geometry_geojson":"{\"type\":\"Polygon\",\"coordinates\":[[[78.4019921,17.3513874],[78.4019782,17.3514001],[78.4020002,17.3514223],[78.4020141,17.3514097],[78.4019921,17.3513874]]]}"}},{"type":"Feature","id":"AS589-063","geometry":{"type":"Polygon","coordinates":[[[78.4020169,17.3514116],[78.4020248,17.3514192],[78.4020167,17.3514263],[78.4020461,17.3514563],[78.4020831,17.3514256],[78.4020426,17.3513864],[78.4020169,17.3514116]]]},"properties":{"household_id":"AS589-063","OBJECTID":271,"fid_1":954,"Area":310.581904953,"DSM":508.4173,"DTM":506,"HEIGHT":2.4173,"BuildingID":"780d8","BuiType":"Individual","StructType":"Temporary","NameOwnRep":"780d8","Contact":7981873322,"HNoPlotNo":"Tin shed","TPIN":null,"ColnyStrtN":"Vishwas Nagar","SyTsNo":"97","WardBlockN":"60","Use":"Residential","Extent":30,"PlinthArea":0,"Classifica":"Govt","Caste":"ST","FinanDepen":"No","HHSize":0,"NoAdults":2,"NoChild":3,"Govtbenefi":"No","Borewell":"No","Courtcase":"No","NameStruct":"Tin shed","ReliType":null,"Remarks":"Labour Tin shed","CommStatus":null,"Trees":"No","location":null,"Occupation":"Others","SkilledOcc":null,"Craftsmen":null,"ReliStruct":null,"Cremetoriu":null,"Email":null,"Date":"1899-12-30T00:00:00","Time":null,"SurvyeorNa":null,"Survey_Dat":"2024/08/13 16:40:51.266","Survey_Loc":null,"UUID":null,"email_id":null,"Mandals":"Rajendra Nagar","Zone":"Buffer","Income":"BPL","AreaSqm":2.8854,"Areatext":"28.8541185551471","Duplicate":"0","Dist":"Ranga Reddy","PCs":"Chevella","Assembly_C":"Rajendra Nagar","Affeceted_":"1900-01-01T00:00:00","S_Number":225,"S_Fall":"Roads","Zone_1":"Z1A N","Affected_S":"Buffer","Area_SQF":310.581904953,"Zonewise":"Z1A","no_of_Floo":1,"gis_geometry_geojson":"{\"type\":\"Polygon\",\"coordinates\":[[[78.4020169,17.3514116],[78.4020248,17.3514192],[78.4020167,17.3514263],[78.4020461,17.3514563],[78.4020831,17.3514256],[78.4020426,17.3513864],[78.4020169,17.3514116]]]}"}},{"type":"Feature","id":"AS589-064","geometry":{"type":"Polygon","coordinates":[[[78.4020579,17.3514663],[78.4020887,17.3515005],[78.4021388,17.3514614],[78.4021068,17.3514258],[78.4020579,17.3514663]]]},"properties":{"household_id":"AS589-064","OBJECTID":272,"fid_1":955,"Area":377.505588687,"DSM":508.65802,"DTM":506,"HEIGHT":2.65802,"BuildingID":"79ed9","BuiType":"Individual","StructType":"Temporary","NameOwnRep":"79ed9","Contact":6305724568,"HNoPlotNo":"Tin shed","TPIN":null,"ColnyStrtN":"Vishwas Nagar","SyTsNo":"97","WardBlockN":"60","Use":"Residential","Extent":30,"PlinthArea":0,"Classifica":"Govt","Caste":"ST","FinanDepen":"No","HHSize":30,"NoAdults":2,"NoChild":4,"Govtbenefi":"No","Borewell":"No","Courtcase":"No","NameStruct":"Tin shed","ReliType":null,"Remarks":"Labour Tin shed","CommStatus":null,"Trees":"No","location":null,"Occupation":"Others","SkilledOcc":null,"Craftsmen":null,"ReliStruct":null,"Cremetoriu":null,"Email":null,"Date":"1899-12-30T00:00:00","Time":null,"SurvyeorNa":null,"Survey_Dat":"2024/08/13 16:40:51.334","Survey_Loc":null,"UUID":null,"email_id":null,"Mandals":"Rajendra Nagar","Zone":"Buffer","Income":"BPL","AreaSqm":3.5071,"Areatext":"35.071557089528","Duplicate":"0","Dist":"Ranga Reddy","PCs":"Chevella","Assembly_C":"Rajendra Nagar","Affeceted_":"1900-01-01T00:00:00","S_Number":227,"S_Fall":"Roads","Zone_1":"Z1A N","Affected_S":"Buffer","Area_SQF":377.505588687,"Zonewise":"Z1A","no_of_Floo":1,"gis_geometry_geojson":"{\"type\":\"Polygon\",\"coordinates\":[[[78.4020579,17.3514663],[78.4020887,17.3515005],[78.4021388,17.3514614],[78.4021068,17.3514258],[78.4020579,17.3514663]]]}"}},{"type":"Feature","id":"AS589-065","geometry":{"type":"Polygon","coordinates":[[[78.4021929,17.3514848],[78.402173,17.3514616],[78.4021542,17.3514765],[78.4021436,17.3514641],[78.402092,17.3515049],[78.4021225,17.3515404],[78.4021929,17.3514848]]]},"properties":{"household_id":"AS589-065","OBJECTID":275,"fid_1":958,"Area":482.698751563,"DSM":508.69601,"DTM":506,"HEIGHT":2.69601,"BuildingID":"e53cc","BuiType":"Individual","StructType":"Temporary","NameOwnRep":"e53cc","Contact":6303864407,"HNoPlotNo":null,"TPIN":null,"ColnyStrtN":"Vishwas Nagar","SyTsNo":"97","WardBlockN":"60","Use":"Residential","Extent":40,"PlinthArea":0,"Classifica":"Govt","Caste":"ST","FinanDepen":"No","HHSize":40,"NoAdults":4,"NoChild":5,"Govtbenefi":"No","Borewell":"No","Courtcase":"No","NameStruct":"Tin shed","ReliType":null,"Remarks":"Tin shed Labour shed","CommStatus":null,"Trees":"No","location":null,"Occupation":"Others","SkilledOcc":null,"Craftsmen":null,"ReliStruct":null,"Cremetoriu":null,"Email":null,"Date":"1899-12-30T00:00:00","Time":null,"SurvyeorNa":null,"Survey_Dat":"2024/08/13 16:40:51.537","Survey_Loc":null,"UUID":null,"email_id":null,"Mandals":"Rajendra Nagar","Zone":"Buffer","Income":"BPL","AreaSqm":3.6229,"Areatext":"36.2294581354502","Duplicate":"0","Dist":"Ranga Reddy","PCs":"Chevella","Assembly_C":"Rajendra Nagar","Affeceted_":"1900-01-01T00:00:00","S_Number":231,"S_Fall":"Roads","Zone_1":"Z1A N","Affected_S":"Buffer","Area_SQF":482.698751563,"Zonewise":"Z1A","no_of_Floo":1,"gis_geometry_geojson":"{\"type\":\"Polygon\",\"coordinates\":[[[78.4021929,17.3514848],[78.402173,17.3514616],[78.4021542,17.3514765],[78.4021436,17.3514641],[78.402092,17.3515049],[78.4021225,17.3515404],[78.4021929,17.3514848]]]}"}},{"type":"Feature","id":"AS589-066","geometry":{"type":"Polygon","coordinates":[[[78.4021929,17.3514848],[78.4021376,17.3515285],[78.4021583,17.3515526],[78.4022136,17.351509],[78.4021929,17.3514848]]]},"properties":{"household_id":"AS589-066","OBJECTID":277,"fid_1":960,"Area":283.317786258,"DSM":508.39688,"DTM":506,"HEIGHT":2.39688,"BuildingID":"d15a2","BuiType":"Individual","StructType":"Temporary","NameOwnRep":"d15a2","Contact":9967997179,"HNoPlotNo":"Tin shed","TPIN":null,"ColnyStrtN":"Vishwas Nagar","SyTsNo":"97","WardBlockN":"60","Use":"Residential","Extent":0,"PlinthArea":0,"Classifica":"Govt","Caste":"ST","FinanDepen":"No","HHSize":0,"NoAdults":2,"NoChild":1,"Govtbenefi":"No","Borewell":"No","Courtcase":"No","NameStruct":"Tin shed","ReliType":null,"Remarks":"Lanbour","CommStatus":null,"Trees":"No","location":null,"Occupation":"Others","SkilledOcc":null,"Craftsmen":null,"ReliStruct":null,"Cremetoriu":null,"Email":null,"Date":"1899-12-30T00:00:00","Time":null,"SurvyeorNa":null,"Survey_Dat":"2024/08/13 16:40:51.674","Survey_Loc":null,"UUID":null,"email_id":null,"Mandals":"Rajendra Nagar","Zone":"Buffer","Income":"BPL","AreaSqm":2.6321,"Areatext":"26.3211889135549","Duplicate":"0","Dist":"Ranga Reddy","PCs":"Chevella","Assembly_C":"Rajendra Nagar","Affeceted_":"1900-01-01T00:00:00","S_Number":232,"S_Fall":"Roads","Zone_1":"Z1A N","Affected_S":"Buffer","Area_SQF":283.317786258,"Zonewise":"Z1A","no_of_Floo":1,"gis_geometry_geojson":"{\"type\":\"Polygon\",\"coordinates\":[[[78.4021929,17.3514848],[78.4021376,17.3515285],[78.4021583,17.3515526],[78.4022136,17.351509],[78.4021929,17.3514848]]]}"}},{"type":"Feature","id":"AS589-067","geometry":{"type":"Polygon","coordinates":[[[78.3939574,17.3287842],[78.3939876,17.3287861],[78.3939897,17.3287544],[78.3939595,17.3287525],[78.3939574,17.3287842]]]},"properties":{"household_id":"AS589-067","OBJECTID":301,"fid_1":984,"Area":122.158403267,"DSM":514.75995,"DTM":512,"HEIGHT":2.75995,"BuildingID":"d446d","BuiType":null,"StructType":"Temporary","NameOwnRep":"d446d","Contact":0,"HNoPlotNo":null,"TPIN":null,"ColnyStrtN":null,"SyTsNo":"410","WardBlockN":null,"Use":"Govt","Extent":0,"PlinthArea":0,"Classifica":"Govt","Caste":null,"FinanDepen":null,"HHSize":0,"NoAdults":0,"NoChild":0,"Govtbenefi":null,"Borewell":"Yes","Courtcase":"No","NameStruct":"Motor shed","ReliType":null,"Remarks":null,"CommStatus":null,"Trees":"No","location":null,"Occupation":null,"SkilledOcc":null,"Craftsmen":null,"ReliStruct":null,"Cremetoriu":null,"Email":null,"Date":"1899-12-30T00:00:00","Time":null,"SurvyeorNa":null,"Survey_Dat":"2024/08/15 11:32:23.373","Survey_Loc":null,"UUID":null,"email_id":null,"Mandals":"Rajendra Nagar","Zone":"Buffer","Income":"BPL","AreaSqm":1.1348,"Areatext":"11.3489324245784","Duplicate":"0","Dist":"Ranga Reddy","PCs":"Chevella","Assembly_C":"Rajendra Nagar","Affeceted_":"1900-01-01T00:00:00","S_Number":49,"S_Fall":"Roads","Zone_1":"Z1A S","Affected_S":"Buffer","Area_SQF":122.158403267,"Zonewise":"Z1A","no_of_Floo":1,"gis_geometry_geojson":"{\"type\":\"Polygon\",\"coordinates\":[[[78.3939574,17.3287842],[78.3939876,17.3287861],[78.3939897,17.3287544],[78.3939595,17.3287525],[78.3939574,17.3287842]]]}"}},{"type":"Feature","id":"AS589-068","geometry":{"type":"Polygon","coordinates":[[[78.4035139,17.3507471],[78.4036025,17.3507472],[78.4036025,17.3507034],[78.403514,17.3507033],[78.4035139,17.3507471]]]},"properties":{"household_id":"AS589-068","OBJECTID":302,"fid_1":985,"Area":491.927586529,"DSM":506.68713,"DTM":504,"HEIGHT":2.68713,"BuildingID":"b9e2a","BuiType":"Individual","StructType":"Temporary","NameOwnRep":"b9e2a","Contact":8688655141,"HNoPlotNo":null,"TPIN":null,"ColnyStrtN":null,"SyTsNo":"519","WardBlockN":null,"Use":"Residential","Extent":0,"PlinthArea":0,"Classifica":"Patta","Caste":null,"FinanDepen":null,"HHSize":0,"NoAdults":0,"NoChild":0,"Govtbenefi":null,"Borewell":"No","Courtcase":"No","NameStruct":"Rcc","ReliType":null,"Remarks":null,"CommStatus":null,"Trees":"No","location":null,"Occupation":null,"SkilledOcc":null,"Craftsmen":null,"ReliStruct":null,"Cremetoriu":null,"Email":null,"Date":"1899-12-30T00:00:00","Time":null,"SurvyeorNa":null,"Survey_Dat":"2024/08/13 16:40:52.831","Survey_Loc":null,"UUID":null,"email_id":null,"Mandals":"Rajendra Nagar","Zone":"Buffer","Income":"BPL","AreaSqm":4.5701,"Areatext":"45.7017510567742","Duplicate":"0","Dist":"Ranga Reddy","PCs":"Chevella","Assembly_C":"Rajendra Nagar","Affeceted_":"1900-01-01T00:00:00","S_Number":208,"S_Fall":"Roads","Zone_1":"Z1A S","Affected_S":"Buffer","Area_SQF":491.927586529,"Zonewise":"Z1A","no_of_Floo":1,"gis_geometry_geojson":"{\"type\":\"Polygon\",\"coordinates\":[[[78.4035139,17.3507471],[78.4036025,17.3507472],[78.4036025,17.3507034],[78.403514,17.3507033],[78.4035139,17.3507471]]]}"}},{"type":"Feature","id":"AS589-069","geometry":{"type":"Polygon","coordinates":[[[78.4020351,17.3491089],[78.4020063,17.34911],[78.4020064,17.3492012],[78.4020351,17.3492011],[78.4020351,17.3491089]]]},"properties":{"household_id":"AS589-069","OBJECTID":304,"fid_1":987,"Area":333.314205879,"DSM":509.42807,"DTM":505,"HEIGHT":4.42807,"BuildingID":"23aed","BuiType":null,"StructType":"Temporary","NameOwnRep":"23aed","Contact":0,"HNoPlotNo":null,"TPIN":null,"ColnyStrtN":null,"SyTsNo":"95","WardBlockN":null,"Use":"Govt","Extent":0,"PlinthArea":0,"Classifica":"Govt","Caste":null,"FinanDepen":null,"HHSize":0,"NoAdults":0,"NoChild":0,"Govtbenefi":null,"Borewell":"No","Courtcase":"No","NameStruct":"Rcc","ReliType":null,"Remarks":null,"CommStatus":null,"Trees":"No","location":null,"Occupation":null,"SkilledOcc":null,"Craftsmen":null,"ReliStruct":null,"Cremetoriu":null,"Email":null,"Date":"1899-12-30T00:00:00","Time":null,"SurvyeorNa":null,"Survey_Dat":"2024/08/15 11:32:23.442","Survey_Loc":null,"UUID":null,"email_id":null,"Mandals":"Rajendra Nagar","Zone":"Buffer","Income":"BPL","AreaSqm":3.0966,"Areatext":"30.9660268727707","Duplicate":"0","Dist":"Ranga Reddy","PCs":"Chevella","Assembly_C":"Rajendra Nagar","Affeceted_":"1900-01-01T00:00:00","S_Number":164,"S_Fall":"Roads","Zone_1":"Z1A S","Affected_S":"Buffer","Area_SQF":333.314205879,"Zonewise":"Z1A","no_of_Floo":1,"gis_geometry_geojson":"{\"type\":\"Polygon\",\"coordinates\":[[[78.4020351,17.3491089],[78.4020063,17.34911],[78.4020064,17.3492012],[78.4020351,17.3492011],[78.4020351,17.3491089]]]}"}},{"type":"Feature","id":"AS589-070","geometry":{"type":"Polygon","coordinates":[[[78.4020064,17.3492012],[78.4020063,17.34911],[78.402021,17.34911],[78.40202,17.3490625],[78.4019277,17.3490633],[78.4019328,17.3491436],[78.4019286,17.3491437],[78.4019298,17.3492033],[78.4020064,17.3492012]]]},"properties":{"household_id":"AS589-070","OBJECTID":305,"fid_1":988,"Area":1455.04233955,"DSM":511.81494,"DTM":505,"HEIGHT":6.81494,"BuildingID":"12f9e","BuiType":null,"StructType":"Permanent","NameOwnRep":"12f9e","Contact":0,"HNoPlotNo":null,"TPIN":null,"ColnyStrtN":null,"SyTsNo":"95","WardBlockN":null,"Use":"Govt","Extent":0,"PlinthArea":0,"Classifica":"Govt","Caste":null,"FinanDepen":null,"HHSize":0,"NoAdults":0,"NoChild":0,"Govtbenefi":null,"Borewell":"No","Courtcase":"No","NameStruct":"Rcc","ReliType":null,"Remarks":null,"CommStatus":null,"Trees":"No","location":null,"Occupation":null,"SkilledOcc":null,"Craftsmen":null,"ReliStruct":null,"Cremetoriu":null,"Email":null,"Date":"1899-12-30T00:00:00","Time":null,"SurvyeorNa":"sambaraju","Survey_Dat":"2024/08/09 11:20:45.072","Survey_Loc":null,"UUID":null,"email_id":"etikalasambaraju84@gmail.com","Mandals":"Rajendra Nagar","Zone":"Buffer","Income":null,"AreaSqm":1.3517,"Areatext":"135.178397374976","Duplicate":"0","Dist":"Ranga Reddy","PCs":"Chevella","Assembly_C":"Rajendra Nagar","Affeceted_":"1900-01-01T00:00:00","S_Number":163,"S_Fall":"Roads","Zone_1":"Z1A S","Affected_S":"Buffer","Area_SQF":2910.0846791,"Zonewise":"Z1A","no_of_Floo":2,"gis_geometry_geojson":"{\"type\":\"Polygon\",\"coordinates\":[[[78.4020064,17.3492012],[78.4020063,17.34911],[78.402021,17.34911],[78.40202,17.3490625],[78.4019277,17.3490633],[78.4019328,17.3491436],[78.4019286,17.3491437],[78.4019298,17.3492033],[78.4020064,17.3492012]]]}"}},{"type":"Feature","id":"AS589-071","geometry":{"type":"Polygon","coordinates":[[[78.4021018,17.3492019],[78.4021014,17.3491507],[78.4020822,17.3491507],[78.4020851,17.3492019],[78.4021018,17.3492019]]]},"properties":{"household_id":"AS589-071","OBJECTID":306,"fid_1":989,"Area":121.386940712,"DSM":506.88004,"DTM":505,"HEIGHT":1.88004,"BuildingID":"df1d9","BuiType":null,"StructType":"Temporary","NameOwnRep":"df1d9","Contact":0,"HNoPlotNo":null,"TPIN":null,"ColnyStrtN":null,"SyTsNo":"95","WardBlockN":null,"Use":"Govt","Extent":0,"PlinthArea":0,"Classifica":"Govt","Caste":null,"FinanDepen":null,"HHSize":0,"NoAdults":0,"NoChild":0,"Govtbenefi":null,"Borewell":"Yes","Courtcase":"No","NameStruct":"Rcc","ReliType":null,"Remarks":null,"CommStatus":null,"Trees":"Yes","location":null,"Occupation":null,"SkilledOcc":null,"Craftsmen":null,"ReliStruct":null,"Cremetoriu":null,"Email":null,"Date":"1899-12-30T00:00:00","Time":null,"SurvyeorNa":null,"Survey_Dat":"2024/08/15 11:32:23.511","Survey_Loc":null,"UUID":null,"email_id":null,"Mandals":"Rajendra Nagar","Zone":"Buffer","Income":"BPL","AreaSqm":1.1277,"Areatext":"11.2772609185773","Duplicate":"0","Dist":"Ranga Reddy","PCs":"Chevella","Assembly_C":"Rajendra Nagar","Affeceted_":"1900-01-01T00:00:00","S_Number":165,"S_Fall":"Roads","Zone_1":"Z1A S","Affected_S":"Buffer","Area_SQF":121.386940712,"Zonewise":"Z1A","no_of_Floo":1,"gis_geometry_geojson":"{\"type\":\"Polygon\",\"coordinates\":[[[78.4021018,17.3492019],[78.4021014,17.3491507],[78.4020822,17.3491507],[78.4020851,17.3492019],[78.4021018,17.3492019]]]}"}},{"type":"Feature","id":"AS589-072","geometry":{"type":"Polygon","coordinates":[[[78.4021798,17.3494765],[78.4022212,17.3494767],[78.4022211,17.3493319],[78.4021797,17.3493317],[78.4021798,17.3494765]]]},"properties":{"household_id":"AS589-072","OBJECTID":307,"fid_1":990,"Area":760.775631038,"DSM":508.79639,"DTM":505,"HEIGHT":3.79639,"BuildingID":"6641a","BuiType":null,"StructType":"Temporary","NameOwnRep":"6641a","Contact":0,"HNoPlotNo":"520 plot","TPIN":null,"ColnyStrtN":null,"SyTsNo":"520 plot no","WardBlockN":null,"Use":"Residential","Extent":0,"PlinthArea":0,"Classifica":"ULC","Caste":null,"FinanDepen":null,"HHSize":0,"NoAdults":0,"NoChild":0,"Govtbenefi":null,"Borewell":"No","Courtcase":"No","NameStruct":"ACC rooms","ReliType":null,"Remarks":null,"CommStatus":null,"Trees":"No","location":null,"Occupation":null,"SkilledOcc":null,"Craftsmen":null,"ReliStruct":null,"Cremetoriu":null,"Email":null,"Date":"1899-12-30T00:00:00","Time":null,"SurvyeorNa":null,"Survey_Dat":"2024/08/13 16:40:52.899","Survey_Loc":null,"UUID":null,"email_id":null,"Mandals":"Rajendra Nagar","Zone":"Buffer","Income":"BPL","AreaSqm":7.0678,"Areatext":"70.6786515989764","Duplicate":"0","Dist":"Ranga Reddy","PCs":"Chevella","Assembly_C":"Rajendra Nagar","Affeceted_":"1900-01-01T00:00:00","S_Number":166,"S_Fall":"Roads","Zone_1":"Z1A S","Affected_S":"Buffer","Area_SQF":760.775631038,"Zonewise":"Z1A","no_of_Floo":1,"gis_geometry_geojson":"{\"type\":\"Polygon\",\"coordinates\":[[[78.4021798,17.3494765],[78.4022212,17.3494767],[78.4022211,17.3493319],[78.4021797,17.3493317],[78.4021798,17.3494765]]]}"}},{"type":"Feature","id":"AS589-073","geometry":{"type":"Polygon","coordinates":[[[78.4022263,17.3495199],[78.4022077,17.3494766],[78.4021798,17.3494765],[78.4021734,17.3494815],[78.4022077,17.3495267],[78.4022263,17.3495199]]]},"properties":{"household_id":"AS589-073","OBJECTID":308,"fid_1":991,"Area":176.694491613,"DSM":508.07819,"DTM":505,"HEIGHT":3.07819,"BuildingID":"839c5","BuiType":"Individual","StructType":"Temporary","NameOwnRep":"839c5","Contact":8688655141,"HNoPlotNo":null,"TPIN":null,"ColnyStrtN":null,"SyTsNo":"519","WardBlockN":null,"Use":"Residential","Extent":0,"PlinthArea":0,"Classifica":"Patta","Caste":null,"FinanDepen":"No","HHSize":0,"NoAdults":0,"NoChild":0,"Govtbenefi":"No","Borewell":"No","Courtcase":"No","NameStruct":"Tin shad","ReliType":null,"Remarks":null,"CommStatus":null,"Trees":"No","location":null,"Occupation":null,"SkilledOcc":null,"Craftsmen":null,"ReliStruct":null,"Cremetoriu":null,"Email":null,"Date":"1899-12-30T00:00:00","Time":null,"SurvyeorNa":null,"Survey_Dat":"2024/08/13 16:40:52.968","Survey_Loc":null,"UUID":null,"email_id":null,"Mandals":"Rajendra Nagar","Zone":"Buffer","Income":"BPL","AreaSqm":1.6415,"Areatext":"16.4155210831897","Duplicate":"0","Dist":"Ranga Reddy","PCs":"Chevella","Assembly_C":"Rajendra Nagar","Affeceted_":"1900-01-01T00:00:00","S_Number":168,"S_Fall":"Roads","Zone_1":"Z1A S","Affected_S":"Buffer","Area_SQF":176.694491613,"Zonewise":"Z1A","no_of_Floo":1,"gis_geometry_geojson":"{\"type\":\"Polygon\",\"coordinates\":[[[78.4022263,17.3495199],[78.4022077,17.3494766],[78.4021798,17.3494765],[78.4021734,17.3494815],[78.4022077,17.3495267],[78.4022263,17.3495199]]]}"}},{"type":"Feature","id":"AS589-074","geometry":{"type":"Polygon","coordinates":[[[78.4022307,17.3494914],[78.4022306,17.3495027],[78.4022835,17.3495563],[78.4022956,17.3495559],[78.4022957,17.3495787],[78.4023076,17.3495789],[78.4023079,17.3495902],[78.4023268,17.3495902],[78.4023271,17.3496031],[78.4023416,17.3496035],[78.4023415,17.3496079],[78.4023713,17.3496079],[78.4023717,17.3496023],[78.4023858,17.3496023],[78.4023866,17.3495907],[78.4023809,17.3495906],[78.4023805,17.3494896],[78.4022307,17.3494914]]]},"properties":{"household_id":"AS589-074","OBJECTID":309,"fid_1":992,"Area":1533.32074034,"DSM":512.28424,"DTM":505,"HEIGHT":7.28424,"BuildingID":"43b8b","BuiType":"Individual","StructType":"Permanent","NameOwnRep":"43b8b","Contact":8688655141,"HNoPlotNo":"519","TPIN":null,"ColnyStrtN":null,"SyTsNo":"Plot no 519","WardBlockN":null,"Use":"Residential","Extent":0,"PlinthArea":0,"Classifica":"Patta","Caste":null,"FinanDepen":null,"HHSize":0,"NoAdults":0,"NoChild":0,"Govtbenefi":null,"Borewell":"Yes","Courtcase":"No","NameStruct":"Building","ReliType":null,"Remarks":"9502222160","CommStatus":null,"Trees":"No","location":null,"Occupation":null,"SkilledOcc":null,"Craftsmen":null,"ReliStruct":null,"Cremetoriu":null,"Email":null,"Date":"1899-12-30T00:00:00","Time":null,"SurvyeorNa":"sambaraju","Survey_Dat":"2024/08/12 11:51:59.172","Survey_Loc":null,"UUID":null,"email_id":"etikalasambaraju84@gmail.com","Mandals":"Rajendra Nagar","Zone":"Buffer","Income":null,"AreaSqm":1.4245,"Areatext":"142.450727875676","Duplicate":"0","Dist":"Ranga Reddy","PCs":"Chevella","Assembly_C":"Rajendra Nagar","Affeceted_":"1900-01-01T00:00:00","S_Number":168,"S_Fall":"Roads","Zone_1":"Z1A S","Affected_S":"Buffer","Area_SQF":3066.64148068,"Zonewise":"Z1A","no_of_Floo":2,"gis_geometry_geojson":"{\"type\":\"Polygon\",\"coordinates\":[[[78.4022307,17.3494914],[78.4022306,17.3495027],[78.4022835,17.3495563],[78.4022956,17.3495559],[78.4022957,17.3495787],[78.4023076,17.3495789],[78.4023079,17.3495902],[78.4023268,17.3495902],[78.4023271,17.3496031],[78.4023416,17.3496035],[78.4023415,17.3496079],[78.4023713,17.3496079],[78.4023717,17.3496023],[78.4023858,17.3496023],[78.4023866,17.3495907],[78.4023809,17.3495906],[78.4023805,17.3494896],[78.4022307,17.3494914]]]}"}},{"type":"Feature","id":"AS589-075","geometry":{"type":"Polygon","coordinates":[[[78.4022137,17.3494905],[78.4022284,17.3494891],[78.4022271,17.3494781],[78.4022094,17.3494806],[78.4022137,17.3494905]]]},"properties":{"household_id":"AS589-075","OBJECTID":310,"fid_1":993,"Area":22.1581988984,"DSM":507.81137,"DTM":505,"HEIGHT":2.81137,"BuildingID":"e92ce","BuiType":"Individual","StructType":"Temporary","NameOwnRep":"e92ce","Contact":7095685541,"HNoPlotNo":"Plot 520","TPIN":null,"ColnyStrtN":null,"SyTsNo":"520 plot","WardBlockN":null,"Use":"Residential","Extent":0,"PlinthArea":0,"Classifica":null,"Caste":null,"FinanDepen":null,"HHSize":0,"NoAdults":0,"NoChild":0,"Govtbenefi":null,"Borewell":"No","Courtcase":null,"NameStruct":"ACC room","ReliType":null,"Remarks":null,"CommStatus":null,"Trees":"No","location":null,"Occupation":null,"SkilledOcc":null,"Craftsmen":null,"ReliStruct":null,"Cremetoriu":null,"Email":null,"Date":"1899-12-30T00:00:00","Time":null,"SurvyeorNa":null,"Survey_Dat":"2024/08/15 11:32:23.580","Survey_Loc":null,"UUID":null,"email_id":null,"Mandals":"Rajendra Nagar","Zone":"Buffer","Income":"BPL","AreaSqm":2.0586,"Areatext":"2.05857227567758","Duplicate":"0","Dist":"Ranga Reddy","PCs":"Chevella","Assembly_C":"Rajendra Nagar","Affeceted_":"1900-01-01T00:00:00","S_Number":167,"S_Fall":"Roads","Zone_1":"Z1A S","Affected_S":"Buffer","Area_SQF":22.1581988984,"Zonewise":"Z1A","no_of_Floo":1,"gis_geometry_geojson":"{\"type\":\"Polygon\",\"coordinates\":[[[78.4022137,17.3494905],[78.4022284,17.3494891],[78.4022271,17.3494781],[78.4022094,17.3494806],[78.4022137,17.3494905]]]}"}},{"type":"Feature","id":"AS589-076","geometry":{"type":"Polygon","coordinates":[[[78.4065663,17.353386],[78.4065665,17.353551],[78.4067412,17.3535414],[78.406741,17.353379],[78.4065663,17.353386]]]},"properties":{"household_id":"AS589-076","OBJECTID":311,"fid_1":994,"Area":3624.90691052,"DSM":505.52985,"DTM":501,"HEIGHT":4.52985,"BuildingID":"75526","BuiType":null,"StructType":"Permanent","NameOwnRep":"75526","Contact":9121756422,"HNoPlotNo":null,"TPIN":null,"ColnyStrtN":null,"SyTsNo":"134","WardBlockN":null,"Use":"Commercial","Extent":0,"PlinthArea":0,"Classifica":"ULC","Caste":null,"FinanDepen":null,"HHSize":0,"NoAdults":0,"NoChild":0,"Govtbenefi":null,"Borewell":"Yes","Courtcase":"No","NameStruct":"Godown","ReliType":null,"Remarks":null,"CommStatus":null,"Trees":"No","location":null,"Occupation":null,"SkilledOcc":null,"Craftsmen":null,"ReliStruct":null,"Cremetoriu":null,"Email":null,"Date":"1899-12-30T00:00:00","Time":null,"SurvyeorNa":null,"Survey_Dat":"2024/08/07 21:17:46.755","Survey_Loc":null,"UUID":null,"email_id":null,"Mandals":"Rajendra Nagar","Zone":"Buffer","Income":null,"AreaSqm":3.3676,"Areatext":"336.766218757122","Duplicate":"0","Dist":"Ranga Reddy","PCs":"Chevella","Assembly_C":"Rajendra Nagar","Affeceted_":"1900-01-01T00:00:00","S_Number":321,"S_Fall":"Roads","Zone_1":"Z1A S","Affected_S":"Buffer","Area_SQF":7249.81382104,"Zonewise":"Z1A","no_of_Floo":2,"gis_geometry_geojson":"{\"type\":\"Polygon\",\"coordinates\":[[[78.4065663,17.353386],[78.4065665,17.353551],[78.4067412,17.3535414],[78.406741,17.353379],[78.4065663,17.353386]]]}"}},{"type":"Feature","id":"AS589-077","geometry":{"type":"Polygon","coordinates":[[[78.4068666,17.3536289],[78.4068665,17.3536997],[78.4069255,17.3536998],[78.4069256,17.3536758],[78.406964,17.3536759],[78.406964,17.3536998],[78.407023,17.3537002],[78.4070218,17.3536292],[78.4068666,17.3536289]]]},"properties":{"household_id":"AS589-077","OBJECTID":312,"fid_1":995,"Area":1282.76560847,"DSM":514.33905,"DTM":501,"HEIGHT":13.33905,"BuildingID":"103fe","BuiType":"Apartment","StructType":"Permanent","NameOwnRep":"103fe","Contact":0,"HNoPlotNo":null,"TPIN":null,"ColnyStrtN":null,"SyTsNo":"133","WardBlockN":null,"Use":"Residential","Extent":0,"PlinthArea":0,"Classifica":"ULC","Caste":null,"FinanDepen":null,"HHSize":0,"NoAdults":0,"NoChild":0,"Govtbenefi":null,"Borewell":"No","Courtcase":"No","NameStruct":"Cunstraction building","ReliType":null,"Remarks":null,"CommStatus":null,"Trees":"No","location":null,"Occupation":null,"SkilledOcc":null,"Craftsmen":null,"ReliStruct":null,"Cremetoriu":null,"Email":null,"Date":"1899-12-30T00:00:00","Time":null,"SurvyeorNa":null,"Survey_Dat":"2024/08/13 16:47:16.522","Survey_Loc":null,"UUID":null,"email_id":null,"Mandals":"Rajendra Nagar","Zone":"Buffer","Income":"APL","AreaSqm":1.1917,"Areatext":"119.173301327084","Duplicate":"0","Dist":"Ranga Reddy","PCs":"Chevella","Assembly_C":"Rajendra Nagar","Affeceted_":"1900-01-01T00:00:00","S_Number":323,"S_Fall":"Roads","Zone_1":"Z1A S","Affected_S":"Buffer","Area_SQF":5131.06243388,"Zonewise":"Z1A","no_of_Floo":4,"gis_geometry_geojson":"{\"type\":\"Polygon\",\"coordinates\":[[[78.4068666,17.3536289],[78.4068665,17.3536997],[78.4069255,17.3536998],[78.4069256,17.3536758],[78.406964,17.3536759],[78.406964,17.3536998],[78.407023,17.3537002],[78.4070218,17.3536292],[78.4068666,17.3536289]]]}"}},{"type":"Feature","id":"AS589-078","geometry":{"type":"Polygon","coordinates":[[[78.4066939,17.3537508],[78.406711,17.3537566],[78.4067359,17.3537503],[78.4067305,17.3536747],[78.4067347,17.3536744],[78.4067335,17.353633],[78.4066314,17.3536331],[78.4066257,17.3536606],[78.4066332,17.3536758],[78.4066639,17.3536755],[78.4066644,17.3536968],[78.4066808,17.3537122],[78.4066943,17.3537129],[78.4066939,17.3537508]]]},"properties":{"household_id":"AS589-078","OBJECTID":313,"fid_1":996,"Area":1077.28637944,"DSM":511.49799,"DTM":500,"HEIGHT":11.49799,"BuildingID":"aadac","BuiType":"Individual","StructType":"Permanent","NameOwnRep":"aadac","Contact":9989292097,"HNoPlotNo":"2-6-7/jc/528","TPIN":null,"ColnyStrtN":null,"SyTsNo":"134","WardBlockN":null,"Use":"Residential","Extent":0,"PlinthArea":0,"Classifica":"ULC","Caste":null,"FinanDepen":null,"HHSize":0,"NoAdults":0,"NoChild":0,"Govtbenefi":null,"Borewell":"Yes","Courtcase":"No","NameStruct":"Building","ReliType":null,"Remarks":null,"CommStatus":null,"Trees":"No","location":null,"Occupation":null,"SkilledOcc":null,"Craftsmen":null,"ReliStruct":null,"Cremetoriu":null,"Email":null,"Date":"1899-12-30T00:00:00","Time":null,"SurvyeorNa":null,"Survey_Dat":"2024/08/07 21:17:46.898","Survey_Loc":null,"UUID":null,"email_id":null,"Mandals":"Rajendra Nagar","Zone":"Buffer","Income":null,"AreaSqm":1.0008,"Areatext":"100.083579936939","Duplicate":"0","Dist":"Ranga Reddy","PCs":"Chevella","Assembly_C":"Rajendra Nagar","Affeceted_":"1900-01-01T00:00:00","S_Number":322,"S_Fall":"Roads","Zone_1":"Z1A S","Affected_S":"Buffer","Area_SQF":4309.14551776,"Zonewise":"Z1A","no_of_Floo":4,"gis_geometry_geojson":"{\"type\":\"Polygon\",\"coordinates\":[[[78.4066939,17.3537508],[78.406711,17.3537566],[78.4067359,17.3537503],[78.4067305,17.3536747],[78.4067347,17.3536744],[78.4067335,17.353633],[78.4066314,17.3536331],[78.4066257,17.3536606],[78.4066332,17.3536758],[78.4066639,17.3536755],[78.4066644,17.3536968],[78.4066808,17.3537122],[78.4066943,17.3537129],[78.4066939,17.3537508]]]}"}},{"type":"Feature","id":"AS589-079","geometry":{"type":"Polygon","coordinates":[[[78.4071702,17.3541218],[78.4071705,17.3541078],[78.4071341,17.3541072],[78.4071338,17.3541211],[78.4071702,17.3541218]]]},"properties":{"household_id":"AS589-079","OBJECTID":314,"fid_1":997,"Area":64.3154765948,"DSM":502.87106,"DTM":501,"HEIGHT":1.87106,"BuildingID":"5c6bf","BuiType":null,"StructType":"Permanent","NameOwnRep":"5c6bf","Contact":8801598222,"HNoPlotNo":"2-6-7/543/1/jc","TPIN":null,"ColnyStrtN":"Janachaitanya phase 1","SyTsNo":"135","WardBlockN":"Ward 60","Use":"Commercial","Extent":351,"PlinthArea":200,"Classifica":"Patta","Caste":"Minority","FinanDepen":"No","HHSize":0,"NoAdults":0,"NoChild":0,"Govtbenefi":"No","Borewell":"Yes","Courtcase":"No","NameStruct":"Sheep shed","ReliType":null,"Remarks":null,"CommStatus":"Others","Trees":"No","location":null,"Occupation":null,"SkilledOcc":null,"Craftsmen":null,"ReliStruct":null,"Cremetoriu":null,"Email":null,"Date":"1899-12-30T00:00:00","Time":null,"SurvyeorNa":null,"Survey_Dat":"2024/08/07 21:17:46.987","Survey_Loc":null,"UUID":null,"email_id":null,"Mandals":"Rajendra Nagar","Zone":"Buffer","Income":null,"AreaSqm":5.9751,"Areatext":"5.97512719412186","Duplicate":"0","Dist":"Ranga Reddy","PCs":"Chevella","Assembly_C":"Rajendra Nagar","Affeceted_":"1900-01-01T00:00:00","S_Number":379,"S_Fall":"Roads","Zone_1":"Z1A S","Affected_S":"Buffer","Area_SQF":64.3154765948,"Zonewise":"Z1A","no_of_Floo":1,"gis_geometry_geojson":"{\"type\":\"Polygon\",\"coordinates\":[[[78.4071702,17.3541218],[78.4071705,17.3541078],[78.4071341,17.3541072],[78.4071338,17.3541211],[78.4071702,17.3541218]]]}"}},{"type":"Feature","id":"AS589-080","geometry":{"type":"Polygon","coordinates":[[[78.4071155,17.3542982],[78.4071474,17.3542765],[78.4071028,17.3542172],[78.4070709,17.3542389],[78.4071155,17.3542982]]]},"properties":{"household_id":"AS589-080","OBJECTID":315,"fid_1":998,"Area":362.271041947,"DSM":504.32013,"DTM":501,"HEIGHT":3.32013,"BuildingID":"cdc98","BuiType":null,"StructType":"Permanent","NameOwnRep":"cdc98","Contact":0,"HNoPlotNo":null,"TPIN":null,"ColnyStrtN":"Janachaitanya","SyTsNo":"135","WardBlockN":"Ward 60","Use":"Commercial","Extent":0,"PlinthArea":50,"Classifica":"Patta","Caste":"Minority","FinanDepen":null,"HHSize":0,"NoAdults":0,"NoChild":0,"Govtbenefi":"No","Borewell":"No","Courtcase":"No","NameStruct":"Shed","ReliType":null,"Remarks":null,"CommStatus":null,"Trees":"No","location":null,"Occupation":null,"SkilledOcc":null,"Craftsmen":null,"ReliStruct":null,"Cremetoriu":null,"Email":null,"Date":"1899-12-30T00:00:00","Time":null,"SurvyeorNa":null,"Survey_Dat":"2024/08/07 21:06:04.460","Survey_Loc":null,"UUID":null,"email_id":null,"Mandals":"Rajendra Nagar","Zone":"River","Income":null,"AreaSqm":3.3656,"Areatext":"33.6562157217106","Duplicate":"0","Dist":"Ranga Reddy","PCs":"Chevella","Assembly_C":"Rajendra Nagar","Affeceted_":"1900-01-01T00:00:00","S_Number":376,"S_Fall":"Roads","Zone_1":"Z1A S","Affected_S":"Buffer","Area_SQF":362.271041947,"Zonewise":"Z1A","no_of_Floo":1,"gis_geometry_geojson":"{\"type\":\"Polygon\",\"coordinates\":[[[78.4071155,17.3542982],[78.4071474,17.3542765],[78.4071028,17.3542172],[78.4070709,17.3542389],[78.4071155,17.3542982]]]}"}},{"type":"Feature","id":"AS589-081","geometry":{"type":"Polygon","coordinates":[[[78.4071191,17.3542958],[78.40716,17.3543051],[78.4071647,17.3543011],[78.4071474,17.3542765],[78.4071191,17.3542958]]]},"properties":{"household_id":"AS589-081","OBJECTID":316,"fid_1":1000,"Area":78.1690329973,"DSM":503.87396,"DTM":501,"HEIGHT":2.87396,"BuildingID":"85371","BuiType":null,"StructType":"Permanent","NameOwnRep":"85371","Contact":0,"HNoPlotNo":null,"TPIN":null,"ColnyStrtN":"Janachaitanya phase 1","SyTsNo":"135","WardBlockN":"Ward 60","Use":"Commercial","Extent":0,"PlinthArea":50,"Classifica":"Patta","Caste":"Minority","FinanDepen":"No","HHSize":0,"NoAdults":0,"NoChild":0,"Govtbenefi":"No","Borewell":"No","Courtcase":"No","NameStruct":"Tin shed","ReliType":null,"Remarks":null,"CommStatus":"Others","Trees":"No","location":null,"Occupation":null,"SkilledOcc":null,"Craftsmen":null,"ReliStruct":null,"Cremetoriu":null,"Email":null,"Date":"1899-12-30T00:00:00","Time":null,"SurvyeorNa":null,"Survey_Dat":"2024/08/07 21:06:04.527","Survey_Loc":null,"UUID":null,"email_id":null,"Mandals":"Rajendra Nagar","Zone":"River","Income":null,"AreaSqm":7.2622,"Areatext":"7.2621698491842","Duplicate":"0","Dist":"Ranga Reddy","PCs":"Chevella","Assembly_C":"Rajendra Nagar","Affeceted_":"1900-01-01T00:00:00","S_Number":377,"S_Fall":"Roads","Zone_1":"Z1A S","Affected_S":"Buffer","Area_SQF":78.1690329973,"Zonewise":"Z1A","no_of_Floo":1,"gis_geometry_geojson":"{\"type\":\"Polygon\",\"coordinates\":[[[78.4071191,17.3542958],[78.40716,17.3543051],[78.4071647,17.3543011],[78.4071474,17.3542765],[78.4071191,17.3542958]]]}"}},{"type":"Feature","id":"AS589-082","geometry":{"type":"Polygon","coordinates":[[[78.4071846,17.3543041],[78.4072064,17.3543066],[78.4072077,17.3542942],[78.4071863,17.3542922],[78.4071846,17.3543041]]]},"properties":{"household_id":"AS589-082","OBJECTID":317,"fid_1":1001,"Area":33.7635097843,"DSM":502.8208,"DTM":501.3211,"HEIGHT":1.4997,"BuildingID":"5e747","BuiType":null,"StructType":"Permanent","NameOwnRep":"5e747","Contact":0,"HNoPlotNo":null,"TPIN":null,"ColnyStrtN":"Janachaitanya phase 1","SyTsNo":"135","WardBlockN":"Ward 60","Use":"Commercial","Extent":0,"PlinthArea":20,"Classifica":"Patta","Caste":"Minority","FinanDepen":"No","HHSize":0,"NoAdults":0,"NoChild":0,"Govtbenefi":"No","Borewell":"No","Courtcase":"No","NameStruct":"Shed birds","ReliType":null,"Remarks":null,"CommStatus":"Others","Trees":"No","location":null,"Occupation":null,"SkilledOcc":null,"Craftsmen":null,"ReliStruct":null,"Cremetoriu":null,"Email":null,"Date":"1899-12-30T00:00:00","Time":null,"SurvyeorNa":null,"Survey_Dat":"2024/08/07 21:17:47.060","Survey_Loc":null,"UUID":null,"email_id":null,"Mandals":"Rajendra Nagar","Zone":"Buffer","Income":null,"AreaSqm":3.1367,"Areatext":"3.13674524988468","Duplicate":"0","Dist":"Ranga Reddy","PCs":"Chevella","Assembly_C":"Rajendra Nagar","Affeceted_":"1900-01-01T00:00:00","S_Number":378,"S_Fall":"Roads","Zone_1":"Z1A S","Affected_S":"Buffer","Area_SQF":33.7635097843,"Zonewise":"Z1A","no_of_Floo":1,"gis_geometry_geojson":"{\"type\":\"Polygon\",\"coordinates\":[[[78.4071846,17.3543041],[78.4072064,17.3543066],[78.4072077,17.3542942],[78.4071863,17.3542922],[78.4071846,17.3543041]]]}"}},{"type":"Feature","id":"AS589-083","geometry":{"type":"Polygon","coordinates":[[[78.407837,17.3549314],[78.4078633,17.3549105],[78.4077862,17.3548213],[78.40776,17.3548422],[78.407837,17.3549314]]]},"properties":{"household_id":"AS589-083","OBJECTID":318,"fid_1":1002,"Area":500.383913311,"DSM":503.98236,"DTM":501,"HEIGHT":2.98236,"BuildingID":"dd971","BuiType":"Individual","StructType":"Temporary","NameOwnRep":"dd971","Contact":0,"HNoPlotNo":null,"TPIN":null,"ColnyStrtN":null,"SyTsNo":"136","WardBlockN":null,"Use":"Residential","Extent":0,"PlinthArea":0,"Classifica":"Patta","Caste":null,"FinanDepen":null,"HHSize":0,"NoAdults":0,"NoChild":0,"Govtbenefi":null,"Borewell":"No","Courtcase":"No","NameStruct":"Tean shead","ReliType":null,"Remarks":null,"CommStatus":null,"Trees":"No","location":null,"Occupation":null,"SkilledOcc":null,"Craftsmen":null,"ReliStruct":null,"Cremetoriu":null,"Email":null,"Date":"1899-12-30T00:00:00","Time":null,"SurvyeorNa":null,"Survey_Dat":"2024/08/13 16:40:53.035","Survey_Loc":null,"UUID":null,"email_id":null,"Mandals":"Rajendra Nagar","Zone":"Buffer","Income":"BPL","AreaSqm":4.6487,"Areatext":"46.4873726586983","Duplicate":"0","Dist":"Ranga Reddy","PCs":"Chevella","Assembly_C":"Rajendra Nagar","Affeceted_":"1900-01-01T00:00:00","S_Number":381,"S_Fall":"Roads","Zone_1":"Z1A S","Affected_S":"Buffer","Area_SQF":500.383913311,"Zonewise":"Z1A","no_of_Floo":1,"gis_geometry_geojson":"{\"type\":\"Polygon\",\"coordinates\":[[[78.407837,17.3549314],[78.4078633,17.3549105],[78.4077862,17.3548213],[78.40776,17.3548422],[78.407837,17.3549314]]]}"}},{"type":"Feature","id":"AS589-084","geometry":{"type":"Polygon","coordinates":[[[78.4077236,17.3548762],[78.407833,17.3550032],[78.4078625,17.3549798],[78.407753,17.3548528],[78.4077236,17.3548762]]]},"properties":{"household_id":"AS589-084","OBJECTID":319,"fid_1":1003,"Area":799.325902412,"DSM":504.11017,"DTM":501,"HEIGHT":3.11017,"BuildingID":"60b7b","BuiType":"Individual","StructType":"Temporary","NameOwnRep":"60b7b","Contact":0,"HNoPlotNo":null,"TPIN":null,"ColnyStrtN":null,"SyTsNo":"136","WardBlockN":null,"Use":"Residential","Extent":0,"PlinthArea":0,"Classifica":"Patta","Caste":null,"FinanDepen":null,"HHSize":0,"NoAdults":0,"NoChild":0,"Govtbenefi":null,"Borewell":"Yes","Courtcase":"No","NameStruct":"Teans shed","ReliType":null,"Remarks":null,"CommStatus":null,"Trees":"No","location":null,"Occupation":null,"SkilledOcc":null,"Craftsmen":null,"ReliStruct":null,"Cremetoriu":null,"Email":null,"Date":"1899-12-30T00:00:00","Time":null,"SurvyeorNa":null,"Survey_Dat":"2024/08/13 16:40:53.103","Survey_Loc":null,"UUID":null,"email_id":null,"Mandals":"Rajendra Nagar","Zone":"Buffer","Income":"BPL","AreaSqm":7.426,"Areatext":"74.2601033327794","Duplicate":"0","Dist":"Ranga Reddy","PCs":"Chevella","Assembly_C":"Rajendra Nagar","Affeceted_":"1900-01-01T00:00:00","S_Number":380,"S_Fall":"Roads","Zone_1":"Z1A S","Affected_S":"Buffer","Area_SQF":799.325902412,"Zonewise":"Z1A","no_of_Floo":1,"gis_geometry_geojson":"{\"type\":\"Polygon\",\"coordinates\":[[[78.4077236,17.3548762],[78.407833,17.3550032],[78.4078625,17.3549798],[78.407753,17.3548528],[78.4077236,17.3548762]]]}"}},{"type":"Feature","id":"AS589-085","geometry":{"type":"Polygon","coordinates":[[[78.407833,17.3550032],[78.4078437,17.3550189],[78.4078725,17.3549913],[78.4078625,17.3549798],[78.407833,17.3550032]]]},"properties":{"household_id":"AS589-085","OBJECTID":320,"fid_1":1004,"Area":86.886711313,"DSM":504.00674,"DTM":500,"HEIGHT":4.00674,"BuildingID":"bd362","BuiType":"Individual","StructType":"Temporary","NameOwnRep":"bd362","Contact":0,"HNoPlotNo":null,"TPIN":null,"ColnyStrtN":null,"SyTsNo":"136","WardBlockN":null,"Use":"Residential","Extent":0,"PlinthArea":0,"Classifica":"Patta","Caste":null,"FinanDepen":null,"HHSize":0,"NoAdults":0,"NoChild":0,"Govtbenefi":null,"Borewell":"No","Courtcase":"No","NameStruct":"Teens Shed","ReliType":null,"Remarks":null,"CommStatus":null,"Trees":"No","location":null,"Occupation":null,"SkilledOcc":null,"Craftsmen":null,"ReliStruct":null,"Cremetoriu":null,"Email":null,"Date":"1899-12-30T00:00:00","Time":null,"SurvyeorNa":null,"Survey_Dat":"2024/08/13 17:26:58.850","Survey_Loc":null,"UUID":null,"email_id":null,"Mandals":"Rajendra Nagar","Zone":"River","Income":"BPL","AreaSqm":8.0721,"Areatext":"8.07207190263588","Duplicate":"0","Dist":"Ranga Reddy","PCs":"Chevella","Assembly_C":"Rajendra Nagar","Affeceted_":"1900-01-01T00:00:00","S_Number":382,"S_Fall":"Roads","Zone_1":"Z1A S","Affected_S":"Buffer","Area_SQF":86.886711313,"Zonewise":"Z1A","no_of_Floo":1,"gis_geometry_geojson":"{\"type\":\"Polygon\",\"coordinates\":[[[78.407833,17.3550032],[78.4078437,17.3550189],[78.4078725,17.3549913],[78.4078625,17.3549798],[78.407833,17.3550032]]]}"}},{"type":"Feature","id":"AS589-086","geometry":{"type":"Polygon","coordinates":[[[78.4065665,17.353516],[78.4065663,17.3534055],[78.4064829,17.3534056],[78.406483,17.3535161],[78.4065665,17.353516]]]},"properties":{"household_id":"AS589-086","OBJECTID":321,"fid_1":1006,"Area":1169.386449,"DSM":503.90057,"DTM":501,"HEIGHT":2.90057,"BuildingID":"fc097","BuiType":null,"StructType":"Permanent","NameOwnRep":"fc097","Contact":9121756455,"HNoPlotNo":null,"TPIN":null,"ColnyStrtN":null,"SyTsNo":"134","WardBlockN":null,"Use":"Commercial","Extent":0,"PlinthArea":0,"Classifica":"ULC","Caste":null,"FinanDepen":null,"HHSize":0,"NoAdults":0,"NoChild":0,"Govtbenefi":null,"Borewell":"Yes","Courtcase":"No","NameStruct":"Godown","ReliType":null,"Remarks":null,"CommStatus":null,"Trees":"No","location":null,"Occupation":null,"SkilledOcc":null,"Craftsmen":null,"ReliStruct":null,"Cremetoriu":null,"Email":null,"Date":"1899-12-30T00:00:00","Time":null,"SurvyeorNa":null,"Survey_Dat":"2024/08/07 21:17:47.372","Survey_Loc":null,"UUID":null,"email_id":null,"Mandals":"Rajendra Nagar","Zone":"Buffer","Income":null,"AreaSqm":1.0864,"Areatext":"108.639990623909","Duplicate":"0","Dist":"Ranga Reddy","PCs":"Chevella","Assembly_C":"Rajendra Nagar","Affeceted_":"1900-01-01T00:00:00","S_Number":320,"S_Fall":"Roads","Zone_1":"Z1A S","Affected_S":"Buffer","Area_SQF":1169.386449,"Zonewise":"Z1A","no_of_Floo":1,"gis_geometry_geojson":"{\"type\":\"Polygon\",\"coordinates\":[[[78.4065665,17.353516],[78.4065663,17.3534055],[78.4064829,17.3534056],[78.406483,17.3535161],[78.4065665,17.353516]]]}"}},{"type":"Feature","id":"AS589-087","geometry":{"type":"Polygon","coordinates":[[[78.4020938,17.3487167],[78.4020933,17.3486477],[78.4020274,17.3486482],[78.4020274,17.3486436],[78.4019176,17.3486483],[78.4019182,17.3487179],[78.4020938,17.3487167]]]},"properties":{"household_id":"AS589-087","OBJECTID":322,"fid_1":1009,"Area":1567.17970339,"DSM":529.17908,"DTM":505,"HEIGHT":24.17908,"BuildingID":"b595a","BuiType":"Individual","StructType":"Permanent","NameOwnRep":"b595a","Contact":9292304040,"HNoPlotNo":"Plot no 544","TPIN":null,"ColnyStrtN":null,"SyTsNo":"-","WardBlockN":null,"Use":"Residential","Extent":0,"PlinthArea":0,"Classifica":null,"Caste":null,"FinanDepen":null,"HHSize":0,"NoAdults":0,"NoChild":0,"Govtbenefi":null,"Borewell":"Yes","Courtcase":"No","NameStruct":"Building","ReliType":null,"Remarks":null,"CommStatus":null,"Trees":"No","location":null,"Occupation":null,"SkilledOcc":null,"Craftsmen":null,"ReliStruct":null,"Cremetoriu":null,"Email":null,"Date":"1899-12-30T00:00:00","Time":null,"SurvyeorNa":null,"Survey_Dat":"2024/08/07 21:17:47.595","Survey_Loc":null,"UUID":null,"email_id":null,"Mandals":"Rajendra Nagar","Zone":"Buffer","Income":null,"AreaSqm":1.4559,"Areatext":"145.596341036726","Duplicate":"0","Dist":"Ranga Reddy","PCs":"Chevella","Assembly_C":"Rajendra Nagar","Affeceted_":"1900-01-01T00:00:00","S_Number":160,"S_Fall":"Roads","Zone_1":"Z1A S","Affected_S":"Buffer","Area_SQF":12537.4376271,"Zonewise":"Z1A","no_of_Floo":8,"gis_geometry_geojson":"{\"type\":\"Polygon\",\"coordinates\":[[[78.4020938,17.3487167],[78.4020933,17.3486477],[78.4020274,17.3486482],[78.4020274,17.3486436],[78.4019176,17.3486483],[78.4019182,17.3487179],[78.4020938,17.3487167]]]}"}},{"type":"Feature","id":"AS589-088","geometry":{"type":"Polygon","coordinates":[[[78.4058897,17.3529186],[78.4059208,17.3529168],[78.4059189,17.352888],[78.4058879,17.3528899],[78.4058897,17.3529186]]]},"properties":{"household_id":"AS589-088","OBJECTID":325,"fid_1":1012,"Area":113.581572501,"DSM":504.40585,"DTM":502,"HEIGHT":2.40585,"BuildingID":"23708","BuiType":null,"StructType":"Permanent","NameOwnRep":"23708","Contact":9989093010,"HNoPlotNo":"541/p","TPIN":null,"ColnyStrtN":"Janachaitanya phase-1","SyTsNo":"134","WardBlockN":"60","Use":"Commercial","Extent":100,"PlinthArea":90,"Classifica":"Patta","Caste":"Minority","FinanDepen":"No","HHSize":0,"NoAdults":0,"NoChild":0,"Govtbenefi":"No","Borewell":"No","Courtcase":"No","NameStruct":"Sheets","ReliType":null,"Remarks":"Plot no. 541","CommStatus":"Others","Trees":"No","location":null,"Occupation":null,"SkilledOcc":null,"Craftsmen":null,"ReliStruct":null,"Cremetoriu":null,"Email":null,"Date":"1899-12-30T00:00:00","Time":null,"SurvyeorNa":null,"Survey_Dat":"2024/08/07 21:17:47.833","Survey_Loc":null,"UUID":null,"email_id":null,"Mandals":"Rajendra Nagar","Zone":"Buffer","Income":null,"AreaSqm":1.0552,"Areatext":"10.5521155813985","Duplicate":"0","Dist":"Ranga Reddy","PCs":"Chevella","Assembly_C":"Rajendra Nagar","Affeceted_":"1900-01-01T00:00:00","S_Number":295,"S_Fall":"Roads","Zone_1":"Z1A S","Affected_S":"Buffer","Area_SQF":113.581572501,"Zonewise":"Z1A","no_of_Floo":1,"gis_geometry_geojson":"{\"type\":\"Polygon\",\"coordinates\":[[[78.4058897,17.3529186],[78.4059208,17.3529168],[78.4059189,17.352888],[78.4058879,17.3528899],[78.4058897,17.3529186]]]}"}},{"type":"Feature","id":"AS589-089","geometry":{"type":"Polygon","coordinates":[[[78.4058965,17.3529794],[78.4059418,17.3529774],[78.405939,17.3529189],[78.4058938,17.3529191],[78.4058965,17.3529794]]]},"properties":{"household_id":"AS589-089","OBJECTID":326,"fid_1":1013,"Area":340.492406024,"DSM":505.26343,"DTM":502,"HEIGHT":3.26343,"BuildingID":"a7c77","BuiType":null,"StructType":"Permanent","NameOwnRep":"a7c77","Contact":9989093010,"HNoPlotNo":"Plot no. 541/p","TPIN":null,"ColnyStrtN":"Janachaitanya phase-1","SyTsNo":"134","WardBlockN":"60","Use":"Commercial","Extent":300,"PlinthArea":200,"Classifica":"Patta","Caste":"Minority","FinanDepen":"No","HHSize":0,"NoAdults":0,"NoChild":0,"Govtbenefi":"No","Borewell":"No","Courtcase":"No","NameStruct":"Sheets","ReliType":null,"Remarks":"Plot no 541/p","CommStatus":"Others","Trees":"No","location":null,"Occupation":null,"SkilledOcc":null,"Craftsmen":null,"ReliStruct":null,"Cremetoriu":null,"Email":null,"Date":"1899-12-30T00:00:00","Time":null,"SurvyeorNa":"sambaraju","Survey_Dat":"2024/08/12 11:56:16.269","Survey_Loc":null,"UUID":null,"email_id":"etikalasambaraju84@gmail.com","Mandals":"Rajendra Nagar","Zone":"Buffer","Income":null,"AreaSqm":3.1632,"Areatext":"31.6329061477679","Duplicate":"0","Dist":"Ranga Reddy","PCs":"Chevella","Assembly_C":"Rajendra Nagar","Affeceted_":"1900-01-01T00:00:00","S_Number":296,"S_Fall":"Roads","Zone_1":"Z1A S","Affected_S":"Buffer","Area_SQF":340.492406024,"Zonewise":"Z1A","no_of_Floo":1,"gis_geometry_geojson":"{\"type\":\"Polygon\",\"coordinates\":[[[78.4058965,17.3529794],[78.4059418,17.3529774],[78.405939,17.3529189],[78.4058938,17.3529191],[78.4058965,17.3529794]]]}"}},{"type":"Feature","id":"AS589-090","geometry":{"type":"Polygon","coordinates":[[[78.4059917,17.3529713],[78.4060276,17.3529713],[78.4060275,17.3529431],[78.4059917,17.3529431],[78.4059917,17.3529713]]]},"properties":{"household_id":"AS589-090","OBJECTID":327,"fid_1":1014,"Area":128.058232797,"DSM":504.25302,"DTM":502,"HEIGHT":2.25302,"BuildingID":"bffbc","BuiType":"Individual","StructType":"Temporary","NameOwnRep":"bffbc","Contact":9989093010,"HNoPlotNo":null,"TPIN":null,"ColnyStrtN":null,"SyTsNo":"519","WardBlockN":null,"Use":"Residential","Extent":0,"PlinthArea":0,"Classifica":"Patta","Caste":null,"FinanDepen":"No","HHSize":0,"NoAdults":0,"NoChild":0,"Govtbenefi":"No","Borewell":"No","Courtcase":"No","NameStruct":"Rcc","ReliType":null,"Remarks":null,"CommStatus":null,"Trees":"No","location":null,"Occupation":null,"SkilledOcc":null,"Craftsmen":null,"ReliStruct":null,"Cremetoriu":null,"Email":null,"Date":"1899-12-30T00:00:00","Time":null,"SurvyeorNa":null,"Survey_Dat":"2024/08/13 16:40:53.308","Survey_Loc":null,"UUID":null,"email_id":null,"Mandals":"Rajendra Nagar","Zone":"Buffer","Income":"BPL","AreaSqm":1.1897,"Areatext":"11.8970467131954","Duplicate":"0","Dist":"Ranga Reddy","PCs":"Chevella","Assembly_C":"Rajendra Nagar","Affeceted_":"1900-01-01T00:00:00","S_Number":297,"S_Fall":"Roads","Zone_1":"Z1A S","Affected_S":"Buffer","Area_SQF":128.058232797,"Zonewise":"Z1A","no_of_Floo":1,"gis_geometry_geojson":"{\"type\":\"Polygon\",\"coordinates\":[[[78.4059917,17.3529713],[78.4060276,17.3529713],[78.4060275,17.3529431],[78.4059917,17.3529431],[78.4059917,17.3529713]]]}"}},{"type":"Feature","id":"AS589-091","geometry":{"type":"Polygon","coordinates":[[[78.406019,17.3529713],[78.4059917,17.3529713],[78.4059917,17.3529907],[78.406019,17.3529907],[78.406019,17.3529713]]]},"properties":{"household_id":"AS589-091","OBJECTID":328,"fid_1":1015,"Area":67.0156207901,"DSM":504.20847,"DTM":502,"HEIGHT":2.20847,"BuildingID":"ed1f8","BuiType":"Individual","StructType":"Temporary","NameOwnRep":"ed1f8","Contact":9989093010,"HNoPlotNo":null,"TPIN":null,"ColnyStrtN":null,"SyTsNo":"519","WardBlockN":null,"Use":"Residential","Extent":0,"PlinthArea":0,"Classifica":"Patta","Caste":null,"FinanDepen":null,"HHSize":0,"NoAdults":0,"NoChild":0,"Govtbenefi":null,"Borewell":"No","Courtcase":"No","NameStruct":"Rcc","ReliType":null,"Remarks":null,"CommStatus":null,"Trees":"No","location":null,"Occupation":null,"SkilledOcc":null,"Craftsmen":null,"ReliStruct":null,"Cremetoriu":null,"Email":null,"Date":"1899-12-30T00:00:00","Time":null,"SurvyeorNa":null,"Survey_Dat":"2024/08/13 16:40:53.376","Survey_Loc":null,"UUID":null,"email_id":null,"Mandals":"Rajendra Nagar","Zone":"Buffer","Income":"BPL","AreaSqm":6.226,"Areatext":"6.22597979705744","Duplicate":"0","Dist":"Ranga Reddy","PCs":"Chevella","Assembly_C":"Rajendra Nagar","Affeceted_":"1900-01-01T00:00:00","S_Number":298,"S_Fall":"Roads","Zone_1":"Z1A S","Affected_S":"Buffer","Area_SQF":67.0156207901,"Zonewise":"Z1A","no_of_Floo":1,"gis_geometry_geojson":"{\"type\":\"Polygon\",\"coordinates\":[[[78.406019,17.3529713],[78.4059917,17.3529713],[78.4059917,17.3529907],[78.406019,17.3529907],[78.406019,17.3529713]]]}"}},{"type":"Feature","id":"AS589-092","geometry":{"type":"Polygon","coordinates":[[[78.40006,17.3431547],[78.4001773,17.3431305],[78.4001621,17.3430617],[78.4001271,17.343068],[78.4001333,17.3430947],[78.4000968,17.3431015],[78.4000915,17.3430763],[78.400047,17.3430852],[78.40006,17.3431547]]]},"properties":{"household_id":"AS589-092","OBJECTID":331,"fid_1":1018,"Area":939.952426889,"DSM":528.06293,"DTM":514,"HEIGHT":14.06293,"BuildingID":"a16a5","BuiType":"Individual","StructType":"Permanent","NameOwnRep":"a16a5","Contact":7670982086,"HNoPlotNo":"1-2-116/NDC/49","TPIN":null,"ColnyStrtN":null,"SyTsNo":"430","WardBlockN":null,"Use":"Residential","Extent":0,"PlinthArea":0,"Classifica":"Govt","Caste":null,"FinanDepen":null,"HHSize":0,"NoAdults":0,"NoChild":0,"Govtbenefi":null,"Borewell":"Yes","Courtcase":"No","NameStruct":"Building","ReliType":null,"Remarks":null,"CommStatus":null,"Trees":"No","location":null,"Occupation":null,"SkilledOcc":null,"Craftsmen":null,"ReliStruct":null,"Cremetoriu":null,"Email":null,"Date":"1899-12-30T00:00:00","Time":null,"SurvyeorNa":null,"Survey_Dat":"2024/08/07 21:17:48.296","Survey_Loc":null,"UUID":null,"email_id":null,"Mandals":"Rajendra Nagar","Zone":"Buffer","Income":null,"AreaSqm":8.7324,"Areatext":"87.3247872041877","Duplicate":"0","Dist":"Ranga Reddy","PCs":"Chevella","Assembly_C":"Rajendra Nagar","Affeceted_":"1900-01-01T00:00:00","S_Number":136,"S_Fall":"Roads","Zone_1":"Z1A S","Affected_S":"Buffer","Area_SQF":4699.76213444,"Zonewise":"Z1A","no_of_Floo":5,"gis_geometry_geojson":"{\"type\":\"Polygon\",\"coordinates\":[[[78.40006,17.3431547],[78.4001773,17.3431305],[78.4001621,17.3430617],[78.4001271,17.343068],[78.4001333,17.3430947],[78.4000968,17.3431015],[78.4000915,17.3430763],[78.400047,17.3430852],[78.40006,17.3431547]]]}"}},{"type":"Feature","id":"AS589-093","geometry":{"type":"Polygon","coordinates":[[[78.4000505,17.3430701],[78.400156,17.3430518],[78.4001433,17.3429851],[78.4000376,17.3430037],[78.4000505,17.3430701]]]},"properties":{"household_id":"AS589-093","OBJECTID":332,"fid_1":1019,"Area":920.196894953,"DSM":517.38623,"DTM":514,"HEIGHT":3.38623,"BuildingID":"d1c88","BuiType":"Individual","StructType":"Permanent","NameOwnRep":"d1c88","Contact":9247247511,"HNoPlotNo":"1-2-116/NDC/50","TPIN":null,"ColnyStrtN":"New decent colony","SyTsNo":"512","WardBlockN":null,"Use":"Residential","Extent":259,"PlinthArea":0,"Classifica":"Govt","Caste":null,"FinanDepen":null,"HHSize":0,"NoAdults":0,"NoChild":0,"Govtbenefi":null,"Borewell":"Yes","Courtcase":"No","NameStruct":"Building","ReliType":null,"Remarks":null,"CommStatus":null,"Trees":"No","location":null,"Occupation":null,"SkilledOcc":null,"Craftsmen":null,"ReliStruct":null,"Cremetoriu":null,"Email":null,"Date":"1899-12-30T00:00:00","Time":null,"SurvyeorNa":null,"Survey_Dat":"2024/08/07 21:17:48.375","Survey_Loc":null,"UUID":null,"email_id":null,"Mandals":"Rajendra Nagar","Zone":"Buffer","Income":null,"AreaSqm":8.5489,"Areatext":"85.4894309060286","Duplicate":"0","Dist":"Ranga Reddy","PCs":"Chevella","Assembly_C":"Rajendra Nagar","Affeceted_":"1900-01-01T00:00:00","S_Number":135,"S_Fall":"Roads","Zone_1":"Z1A S","Affected_S":"Buffer","Area_SQF":920.196894953,"Zonewise":"Z1A","no_of_Floo":1,"gis_geometry_geojson":"{\"type\":\"Polygon\",\"coordinates\":[[[78.4000505,17.3430701],[78.400156,17.3430518],[78.4001433,17.3429851],[78.4000376,17.3430037],[78.4000505,17.3430701]]]}"}},{"type":"Feature","id":"AS589-094","geometry":{"type":"Polygon","coordinates":[[[78.400141,17.3427552],[78.4001835,17.3427436],[78.4001608,17.3426674],[78.4001184,17.342679],[78.400141,17.3427552]]]},"properties":{"household_id":"AS589-094","OBJECTID":333,"fid_1":1020,"Area":443.192935343,"DSM":517.19031,"DTM":514,"HEIGHT":3.19031,"BuildingID":"3e153","BuiType":"Individual","StructType":"Permanent","NameOwnRep":"3e153","Contact":9247709103,"HNoPlotNo":null,"TPIN":null,"ColnyStrtN":null,"SyTsNo":"512","WardBlockN":null,"Use":"Residential","Extent":0,"PlinthArea":0,"Classifica":"Govt","Caste":null,"FinanDepen":null,"HHSize":0,"NoAdults":0,"NoChild":0,"Govtbenefi":null,"Borewell":"No","Courtcase":"No","NameStruct":"Rcc building","ReliType":null,"Remarks":null,"CommStatus":null,"Trees":"No","location":null,"Occupation":null,"SkilledOcc":null,"Craftsmen":null,"ReliStruct":null,"Cremetoriu":null,"Email":null,"Date":"1899-12-30T00:00:00","Time":null,"SurvyeorNa":null,"Survey_Dat":"2024/08/07 21:17:48.454","Survey_Loc":null,"UUID":null,"email_id":null,"Mandals":"Rajendra Nagar","Zone":"Buffer","Income":null,"AreaSqm":4.1174,"Areatext":"41.1741356919479","Duplicate":"0","Dist":"Ranga Reddy","PCs":"Chevella","Assembly_C":"Rajendra Nagar","Affeceted_":"1900-01-01T00:00:00","S_Number":131,"S_Fall":"Roads","Zone_1":"Z1A S","Affected_S":"Buffer","Area_SQF":443.192935343,"Zonewise":"Z1A","no_of_Floo":1,"gis_geometry_geojson":"{\"type\":\"Polygon\",\"coordinates\":[[[78.400141,17.3427552],[78.4001835,17.3427436],[78.4001608,17.3426674],[78.4001184,17.342679],[78.400141,17.3427552]]]}"}},{"type":"Feature","id":"AS589-095","geometry":{"type":"Polygon","coordinates":[[[78.400141,17.3427552],[78.4001452,17.3427691],[78.4001719,17.3427618],[78.4001677,17.3427479],[78.400141,17.3427552]]]},"properties":{"household_id":"AS589-095","OBJECTID":334,"fid_1":1021,"Area":50.9471048586,"DSM":516.47137,"DTM":514,"HEIGHT":2.47137,"BuildingID":"62831","BuiType":"Individual","StructType":"Temporary","NameOwnRep":"62831","Contact":0,"HNoPlotNo":null,"TPIN":null,"ColnyStrtN":null,"SyTsNo":"512","WardBlockN":null,"Use":"Residential","Extent":0,"PlinthArea":0,"Classifica":"Govt","Caste":null,"FinanDepen":null,"HHSize":0,"NoAdults":0,"NoChild":0,"Govtbenefi":null,"Borewell":"No","Courtcase":"No","NameStruct":"Rcc building","ReliType":null,"Remarks":null,"CommStatus":null,"Trees":"No","location":null,"Occupation":null,"SkilledOcc":null,"Craftsmen":null,"ReliStruct":null,"Cremetoriu":null,"Email":null,"Date":"1899-12-30T00:00:00","Time":null,"SurvyeorNa":null,"Survey_Dat":"2024/08/15 11:32:23.648","Survey_Loc":null,"UUID":null,"email_id":null,"Mandals":"Rajendra Nagar","Zone":"Buffer","Income":"BPL","AreaSqm":4.7332,"Areatext":"4.73315985875196","Duplicate":"0","Dist":"Ranga Reddy","PCs":"Chevella","Assembly_C":"Rajendra Nagar","Affeceted_":"1900-01-01T00:00:00","S_Number":132,"S_Fall":"Roads","Zone_1":"Z1A S","Affected_S":"Buffer","Area_SQF":50.9471048586,"Zonewise":"Z1A","no_of_Floo":1,"gis_geometry_geojson":"{\"type\":\"Polygon\",\"coordinates\":[[[78.400141,17.3427552],[78.4001452,17.3427691],[78.4001719,17.3427618],[78.4001677,17.3427479],[78.400141,17.3427552]]]}"}},{"type":"Feature","id":"AS589-096","geometry":{"type":"Polygon","coordinates":[[[78.3999474,17.3420033],[78.3999257,17.3419457],[78.399914,17.3419499],[78.3999112,17.3419422],[78.3998635,17.34196],[78.3998885,17.3420257],[78.3999474,17.3420033]]]},"properties":{"household_id":"AS589-096","OBJECTID":335,"fid_1":1022,"Area":547.284862035,"DSM":517.63348,"DTM":515,"HEIGHT":2.63348,"BuildingID":"424b0","BuiType":"Individual","StructType":"Temporary","NameOwnRep":"424b0","Contact":0,"HNoPlotNo":null,"TPIN":null,"ColnyStrtN":null,"SyTsNo":"512","WardBlockN":null,"Use":"Residential","Extent":0,"PlinthArea":0,"Classifica":"Govt","Caste":null,"FinanDepen":null,"HHSize":0,"NoAdults":0,"NoChild":0,"Govtbenefi":null,"Borewell":"No","Courtcase":"No","NameStruct":"Dilaborated shed","ReliType":null,"Remarks":null,"CommStatus":null,"Trees":"No","location":null,"Occupation":null,"SkilledOcc":null,"Craftsmen":null,"ReliStruct":null,"Cremetoriu":null,"Email":null,"Date":"1899-12-30T00:00:00","Time":null,"SurvyeorNa":null,"Survey_Dat":"2024/08/13 16:40:53.445","Survey_Loc":null,"UUID":null,"email_id":null,"Mandals":"Rajendra Nagar","Zone":"Buffer","Income":"BPL","AreaSqm":1.793,"Areatext":"17.9305242078186","Duplicate":"0","Dist":"Ranga Reddy","PCs":"Chevella","Assembly_C":"Rajendra Nagar","Affeceted_":"1900-01-01T00:00:00","S_Number":116,"S_Fall":"Roads","Zone_1":"Z1A S","Affected_S":"Buffer","Area_SQF":547.284862035,"Zonewise":"Z1A","no_of_Floo":1,"gis_geometry_geojson":"{\"type\":\"Polygon\",\"coordinates\":[[[78.3999474,17.3420033],[78.3999257,17.3419457],[78.399914,17.3419499],[78.3999112,17.3419422],[78.3998635,17.34196],[78.3998885,17.3420257],[78.3999474,17.3420033]]]}"}},{"type":"Feature","id":"AS589-097","geometry":{"type":"Polygon","coordinates":[[[78.399969,17.3426668],[78.4000985,17.3426415],[78.4000843,17.3425746],[78.3999638,17.3425981],[78.3999706,17.3426299],[78.3999615,17.3426317],[78.399969,17.3426668]]]},"properties":{"household_id":"AS589-097","OBJECTID":339,"fid_1":1026,"Area":1105.45601951,"DSM":524.3656,"DTM":514,"HEIGHT":10.3656,"BuildingID":"02992","BuiType":"Individual","StructType":"Permanent","NameOwnRep":"02992","Contact":9052449394,"HNoPlotNo":"1-2-116/NDC/55","TPIN":"113041460","ColnyStrtN":"New decent colony","SyTsNo":"514","WardBlockN":null,"Use":"Residential","Extent":0,"PlinthArea":1150,"Classifica":"Patta","Caste":null,"FinanDepen":"No","HHSize":6,"NoAdults":5,"NoChild":1,"Govtbenefi":"No","Borewell":"Yes","Courtcase":"No","NameStruct":"Khan's villa","ReliType":null,"Remarks":null,"CommStatus":null,"Trees":"No","location":null,"Occupation":"Skilled Worker","SkilledOcc":null,"Craftsmen":null,"ReliStruct":null,"Cremetoriu":null,"Email":null,"Date":"1899-12-30T00:00:00","Time":null,"SurvyeorNa":null,"Survey_Dat":"2024/08/15 19:46:28.187","Survey_Loc":null,"UUID":null,"email_id":null,"Mandals":"Rajendra Nagar","Zone":"Buffer","Income":"APL","AreaSqm":1.027,"Areatext":"102.700635601967","Duplicate":"0","Dist":"Ranga Reddy","PCs":"Chevella","Assembly_C":"Rajendra Nagar","Affeceted_":"1900-01-01T00:00:00","S_Number":129,"S_Fall":"Roads","Zone_1":"Z1A S","Affected_S":"Buffer","Area_SQF":3316.36805853,"Zonewise":"Z1A","no_of_Floo":3,"gis_geometry_geojson":"{\"type\":\"Polygon\",\"coordinates\":[[[78.399969,17.3426668],[78.4000985,17.3426415],[78.4000843,17.3425746],[78.3999638,17.3425981],[78.3999706,17.3426299],[78.3999615,17.3426317],[78.399969,17.3426668]]]}"}},{"type":"Feature","id":"AS589-098","geometry":{"type":"Polygon","coordinates":[[[78.3999679,17.3426797],[78.3999798,17.3427341],[78.400007,17.3427286],[78.4000092,17.3427388],[78.400018,17.342737],[78.4000203,17.3427474],[78.4000723,17.3427328],[78.4000736,17.3427385],[78.4001114,17.3427308],[78.4000981,17.3426533],[78.3999679,17.3426797]]]},"properties":{"household_id":"AS589-098","OBJECTID":340,"fid_1":1027,"Area":1183.89857022,"DSM":528.59845,"DTM":514,"HEIGHT":14.59845,"BuildingID":"610f5","BuiType":"Individual","StructType":"Permanent","NameOwnRep":"610f5","Contact":8885940405,"HNoPlotNo":"1-2-116/ndc/54","TPIN":"1110103946","ColnyStrtN":"New decent colony","SyTsNo":"514","WardBlockN":"Ward no 40","Use":"Residential","Extent":0,"PlinthArea":1351,"Classifica":"Patta","Caste":"OC","FinanDepen":"No","HHSize":0,"NoAdults":0,"NoChild":0,"Govtbenefi":"No","Borewell":"Yes","Courtcase":"No","NameStruct":"Fasi house","ReliType":null,"Remarks":null,"CommStatus":null,"Trees":"No","location":null,"Occupation":"Skilled Worker","SkilledOcc":null,"Craftsmen":null,"ReliStruct":null,"Cremetoriu":null,"Email":null,"Date":"1899-12-30T00:00:00","Time":null,"SurvyeorNa":null,"Survey_Dat":"2024/08/15 19:46:28.278","Survey_Loc":null,"UUID":null,"email_id":null,"Mandals":"Rajendra Nagar","Zone":"Buffer","Income":"APL","AreaSqm":1.0998,"Areatext":"109.988216190407","Duplicate":"0","Dist":"Ranga Reddy","PCs":"Chevella","Assembly_C":"Rajendra Nagar","Affeceted_":"1900-01-01T00:00:00","S_Number":130,"S_Fall":"Roads","Zone_1":"Z1A S","Affected_S":"Buffer","Area_SQF":5919.4928511,"Zonewise":"Z1A","no_of_Floo":5,"gis_geometry_geojson":"{\"type\":\"Polygon\",\"coordinates\":[[[78.3999679,17.3426797],[78.3999798,17.3427341],[78.400007,17.3427286],[78.4000092,17.3427388],[78.400018,17.342737],[78.4000203,17.3427474],[78.4000723,17.3427328],[78.4000736,17.3427385],[78.4001114,17.3427308],[78.4000981,17.3426533],[78.3999679,17.3426797]]]}"}},{"type":"Feature","id":"AS589-099","geometry":{"type":"Polygon","coordinates":[[[78.3999988,17.3428415],[78.4000172,17.3429105],[78.4001328,17.3428914],[78.4001202,17.3428214],[78.3999988,17.3428415]]]},"properties":{"household_id":"AS589-099","OBJECTID":341,"fid_1":1028,"Area":1084.82457154,"DSM":530.3158,"DTM":514,"HEIGHT":16.3158,"BuildingID":"8ba10","BuiType":"Apartment","StructType":"Permanent","NameOwnRep":"8ba10","Contact":9553945966,"HNoPlotNo":"1-2-116ndc/52","TPIN":null,"ColnyStrtN":"Ndc colony","SyTsNo":"513,514","WardBlockN":null,"Use":"Residential","Extent":0,"PlinthArea":0,"Classifica":"Govt","Caste":null,"FinanDepen":null,"HHSize":0,"NoAdults":0,"NoChild":0,"Govtbenefi":null,"Borewell":"Yes","Courtcase":"No","NameStruct":"House","ReliType":null,"Remarks":null,"CommStatus":null,"Trees":"No","location":null,"Occupation":null,"SkilledOcc":null,"Craftsmen":null,"ReliStruct":null,"Cremetoriu":null,"Email":null,"Date":"1899-12-30T00:00:00","Time":null,"SurvyeorNa":null,"Survey_Dat":"2024/08/13 16:47:16.852","Survey_Loc":null,"UUID":null,"email_id":null,"Mandals":"Rajendra Nagar","Zone":"Buffer","Income":"APL","AreaSqm":1.0078,"Areatext":"100.783903716566","Duplicate":"0","Dist":"Ranga Reddy","PCs":"Chevella","Assembly_C":"Rajendra Nagar","Affeceted_":"1900-01-01T00:00:00","S_Number":133,"S_Fall":"Roads","Zone_1":"Z1A S","Affected_S":"Buffer","Area_SQF":5424.1228577,"Zonewise":"Z1A","no_of_Floo":5,"gis_geometry_geojson":"{\"type\":\"Polygon\",\"coordinates\":[[[78.3999988,17.3428415],[78.4000172,17.3429105],[78.4001328,17.3428914],[78.4001202,17.3428214],[78.3999988,17.3428415]]]}"}},{"type":"Feature","id":"AS589-100","geometry":{"type":"Polygon","coordinates":[[[78.4003382,17.3436936],[78.4003978,17.3436743],[78.4003836,17.3436292],[78.4003231,17.3436493],[78.4003382,17.3436936]]]},"properties":{"household_id":"AS589-100","OBJECTID":344,"fid_1":1031,"Area":376.424683484,"DSM":517.8399,"DTM":513,"HEIGHT":4.8399,"BuildingID":"7f728","BuiType":null,"StructType":"Temporary","NameOwnRep":"7f728","Contact":0,"HNoPlotNo":null,"TPIN":null,"ColnyStrtN":null,"SyTsNo":"88","WardBlockN":null,"Use":"Commercial","Extent":0,"PlinthArea":0,"Classifica":"Patta","Caste":null,"FinanDepen":null,"HHSize":0,"NoAdults":0,"NoChild":0,"Govtbenefi":null,"Borewell":"Yes","Courtcase":"No","NameStruct":"Park","ReliType":null,"Remarks":null,"CommStatus":null,"Trees":"No","location":null,"Occupation":null,"SkilledOcc":null,"Craftsmen":null,"ReliStruct":null,"Cremetoriu":null,"Email":null,"Date":"1899-12-30T00:00:00","Time":null,"SurvyeorNa":null,"Survey_Dat":"2024/08/15 11:32:23.857","Survey_Loc":null,"UUID":null,"email_id":null,"Mandals":"Rajendra Nagar","Zone":"Buffer","Income":"BPL","AreaSqm":3.4971,"Areatext":"34.97113731424","Duplicate":"0","Dist":"Ranga Reddy","PCs":"Chevella","Assembly_C":"Rajendra Nagar","Affeceted_":"1900-01-01T00:00:00","S_Number":140,"S_Fall":"Roads","Zone_1":"Z1A S","Affected_S":"Buffer","Area_SQF":752.849366968,"Zonewise":"Z1A","no_of_Floo":2,"gis_geometry_geojson":"{\"type\":\"Polygon\",\"coordinates\":[[[78.4003382,17.3436936],[78.4003978,17.3436743],[78.4003836,17.3436292],[78.4003231,17.3436493],[78.4003382,17.3436936]]]}"}},{"type":"Feature","id":"AS589-101","geometry":{"type":"Polygon","coordinates":[[[78.4004322,17.3445127],[78.4004638,17.3445028],[78.4004526,17.34447],[78.400421,17.34448],[78.4004322,17.3445127]]]},"properties":{"household_id":"AS589-101","OBJECTID":345,"fid_1":1032,"Area":145.468567186,"DSM":515.35748,"DTM":512,"HEIGHT":3.35748,"BuildingID":"7d245","BuiType":"Individual","StructType":"Permanent","NameOwnRep":"7d245","Contact":9346663193,"HNoPlotNo":"1-2-116/ndc/36","TPIN":null,"ColnyStrtN":"New decent colony","SyTsNo":"514","WardBlockN":"Ward no 60","Use":"Residential","Extent":0,"PlinthArea":0,"Classifica":"Patta","Caste":"Minority","FinanDepen":"No","HHSize":0,"NoAdults":0,"NoChild":0,"Govtbenefi":"No","Borewell":"No","Courtcase":"No","NameStruct":"Arshad","ReliType":null,"Remarks":null,"CommStatus":null,"Trees":"No","location":null,"Occupation":null,"SkilledOcc":null,"Craftsmen":null,"ReliStruct":null,"Cremetoriu":null,"Email":null,"Date":"1899-12-30T00:00:00","Time":null,"SurvyeorNa":null,"Survey_Dat":"2024/08/07 21:17:49.311","Survey_Loc":null,"UUID":null,"email_id":null,"Mandals":"Rajendra Nagar","Zone":"Buffer","Income":null,"AreaSqm":1.3514,"Areatext":"13.514526175182","Duplicate":"0","Dist":"Ranga Reddy","PCs":"Chevella","Assembly_C":"Rajendra Nagar","Affeceted_":"1900-01-01T00:00:00","S_Number":141,"S_Fall":"Roads","Zone_1":"Z1A S","Affected_S":"Buffer","Area_SQF":145.468567186,"Zonewise":"Z1A","no_of_Floo":1,"gis_geometry_geojson":"{\"type\":\"Polygon\",\"coordinates\":[[[78.4004322,17.3445127],[78.4004638,17.3445028],[78.4004526,17.34447],[78.400421,17.34448],[78.4004322,17.3445127]]]}"}},{"type":"Feature","id":"AS589-102","geometry":{"type":"Polygon","coordinates":[[[78.4003289,17.3445759],[78.4003607,17.3445656],[78.4003514,17.3445391],[78.4003196,17.3445495],[78.4003289,17.3445759]]]},"properties":{"household_id":"AS589-102","OBJECTID":346,"fid_1":1033,"Area":118.656963091,"DSM":514.78137,"DTM":512,"HEIGHT":2.78137,"BuildingID":"be777","BuiType":"Individual","StructType":"Permanent","NameOwnRep":"be777","Contact":9603999924,"HNoPlotNo":"Plot no 28","TPIN":null,"ColnyStrtN":"New decent colony","SyTsNo":"514","WardBlockN":"Ward 60","Use":"Residential","Extent":0,"PlinthArea":200,"Classifica":"Patta","Caste":"Minority","FinanDepen":"No","HHSize":0,"NoAdults":0,"NoChild":0,"Govtbenefi":"No","Borewell":"No","Courtcase":"No","NameStruct":"Mehboob","ReliType":null,"Remarks":null,"CommStatus":null,"Trees":"No","location":null,"Occupation":"Buisness","SkilledOcc":null,"Craftsmen":null,"ReliStruct":null,"Cremetoriu":null,"Email":null,"Date":"1899-12-30T00:00:00","Time":null,"SurvyeorNa":null,"Survey_Dat":"2024/08/15 19:43:00.571","Survey_Loc":null,"UUID":null,"email_id":null,"Mandals":"Rajendra Nagar","Zone":"Buffer","Income":"APL","AreaSqm":1.1023,"Areatext":"11.0236366769854","Duplicate":"0","Dist":"Ranga Reddy","PCs":"Chevella","Assembly_C":"Rajendra Nagar","Affeceted_":"1900-01-01T00:00:00","S_Number":142,"S_Fall":"Roads","Zone_1":"Z1A S","Affected_S":"Buffer","Area_SQF":118.656963091,"Zonewise":"Z1A","no_of_Floo":1,"gis_geometry_geojson":"{\"type\":\"Polygon\",\"coordinates\":[[[78.4003289,17.3445759],[78.4003607,17.3445656],[78.4003514,17.3445391],[78.4003196,17.3445495],[78.4003289,17.3445759]]]}"}},{"type":"Feature","id":"AS589-103","geometry":{"type":"Polygon","coordinates":[[[78.400517,17.3448317],[78.4006458,17.3447864],[78.4006271,17.3447221],[78.4004931,17.3447692],[78.400517,17.3448317]]]},"properties":{"household_id":"AS589-103","OBJECTID":347,"fid_1":1034,"Area":1181.02311245,"DSM":522.12061,"DTM":512,"HEIGHT":10.12061,"BuildingID":"fadcf","BuiType":"Individual","StructType":"Permanent","NameOwnRep":"fadcf","Contact":6305667607,"HNoPlotNo":"Plot no.15","TPIN":null,"ColnyStrtN":"New decent colony phase 2","SyTsNo":"88","WardBlockN":"Ward no 1","Use":"Residential","Extent":131,"PlinthArea":1200,"Classifica":"Patta","Caste":"OC","FinanDepen":"No","HHSize":0,"NoAdults":7,"NoChild":9,"Govtbenefi":"No","Borewell":"Yes","Courtcase":"No","NameStruct":"House","ReliType":null,"Remarks":null,"CommStatus":null,"Trees":"No","location":null,"Occupation":"Buisness","SkilledOcc":null,"Craftsmen":null,"ReliStruct":null,"Cremetoriu":null,"Email":null,"Date":"1899-12-30T00:00:00","Time":null,"SurvyeorNa":null,"Survey_Dat":"2024/08/15 19:43:00.651","Survey_Loc":null,"UUID":null,"email_id":null,"Mandals":"Rajendra Nagar","Zone":"Buffer","Income":"APL","AreaSqm":1.0972,"Areatext":"109.721076352674","Duplicate":"0","Dist":"Ranga Reddy","PCs":"Chevella","Assembly_C":"Rajendra Nagar","Affeceted_":"1900-01-01T00:00:00","S_Number":146,"S_Fall":"Roads","Zone_1":"Z1A S","Affected_S":"Buffer","Area_SQF":3543.06933735,"Zonewise":"Z1A","no_of_Floo":3,"gis_geometry_geojson":"{\"type\":\"Polygon\",\"coordinates\":[[[78.400517,17.3448317],[78.4006458,17.3447864],[78.4006271,17.3447221],[78.4004931,17.3447692],[78.400517,17.3448317]]]}"}},{"type":"Feature","id":"AS589-104","geometry":{"type":"Polygon","coordinates":[[[78.4008665,17.3452445],[78.4009107,17.3452409],[78.4009092,17.3452235],[78.4008649,17.3452271],[78.4008665,17.3452445]]]},"properties":{"household_id":"AS589-104","OBJECTID":351,"fid_1":1038,"Area":98.4680099771,"DSM":513.25165,"DTM":511,"HEIGHT":2.25165,"BuildingID":"45ea4","BuiType":null,"StructType":"Temporary","NameOwnRep":"45ea4","Contact":0,"HNoPlotNo":null,"TPIN":null,"ColnyStrtN":"New Decent Phase 2","SyTsNo":"88","WardBlockN":null,"Use":"Religions","Extent":25,"PlinthArea":0,"Classifica":"Patta","Caste":null,"FinanDepen":null,"HHSize":0,"NoAdults":0,"NoChild":0,"Govtbenefi":null,"Borewell":"No","Courtcase":"No","NameStruct":"Teens shed","ReliType":"Muslim","Remarks":null,"CommStatus":null,"Trees":"No","location":null,"Occupation":null,"SkilledOcc":null,"Craftsmen":null,"ReliStruct":"Graveyard","Cremetoriu":"No","Email":null,"Date":"1899-12-30T00:00:00","Time":null,"SurvyeorNa":null,"Survey_Dat":"2024/08/15 11:32:23.927","Survey_Loc":null,"UUID":null,"email_id":null,"Mandals":"Rajendra Nagar","Zone":"Buffer","Income":"BPL","AreaSqm":9.148,"Areatext":"9.14801406028732","Duplicate":"0","Dist":"Ranga Reddy","PCs":"Chevella","Assembly_C":"Rajendra Nagar","Affeceted_":"1900-01-01T00:00:00","S_Number":150,"S_Fall":"Roads","Zone_1":"Z1A S","Affected_S":"Buffer","Area_SQF":98.4680099771,"Zonewise":"Z1A","no_of_Floo":1,"gis_geometry_geojson":"{\"type\":\"Polygon\",\"coordinates\":[[[78.4008665,17.3452445],[78.4009107,17.3452409],[78.4009092,17.3452235],[78.4008649,17.3452271],[78.4008665,17.3452445]]]}"}},{"type":"Feature","id":"AS589-105","geometry":{"type":"Polygon","coordinates":[[[78.3990686,17.3364332],[78.3990736,17.3365026],[78.3990677,17.3365027],[78.3990679,17.3365213],[78.3990763,17.3365212],[78.3990763,17.336526],[78.3991008,17.3365258],[78.3990997,17.3364328],[78.3990686,17.3364332]]]},"properties":{"household_id":"AS589-105","OBJECTID":356,"fid_1":1043,"Area":347.713258807,"DSM":517.68097,"DTM":515,"HEIGHT":2.68097,"BuildingID":"740dc","BuiType":null,"StructType":"Temporary","NameOwnRep":"740dc","Contact":9392267779,"HNoPlotNo":null,"TPIN":null,"ColnyStrtN":"New green city colony road no.1","SyTsNo":"492","WardBlockN":null,"Use":"Commercial","Extent":0,"PlinthArea":0,"Classifica":"Govt","Caste":"BC","FinanDepen":"No","HHSize":0,"NoAdults":0,"NoChild":0,"Govtbenefi":"No","Borewell":"No","Courtcase":"No","NameStruct":"Cattle shed","ReliType":null,"Remarks":null,"CommStatus":"Others","Trees":"No","location":null,"Occupation":null,"SkilledOcc":null,"Craftsmen":null,"ReliStruct":null,"Cremetoriu":null,"Email":null,"Date":"1899-12-30T00:00:00","Time":null,"SurvyeorNa":null,"Survey_Dat":"2024/08/15 11:32:24.204","Survey_Loc":null,"UUID":null,"email_id":null,"Mandals":"Rajendra Nagar","Zone":"Buffer","Income":"BPL","AreaSqm":3.2303,"Areatext":"32.3037479979977","Duplicate":"0","Dist":"Ranga Reddy","PCs":"Chevella","Assembly_C":"Rajendra Nagar","Affeceted_":"1900-01-01T00:00:00","S_Number":74,"S_Fall":"Roads","Zone_1":"Z1A S","Affected_S":"Buffer","Area_SQF":347.713258807,"Zonewise":"Z1A","no_of_Floo":1,"gis_geometry_geojson":"{\"type\":\"Polygon\",\"coordinates\":[[[78.3990686,17.3364332],[78.3990736,17.3365026],[78.3990677,17.3365027],[78.3990679,17.3365213],[78.3990763,17.3365212],[78.3990763,17.336526],[78.3991008,17.3365258],[78.3990997,17.3364328],[78.3990686,17.3364332]]]}"}},{"type":"Feature","id":"AS589-106","geometry":{"type":"Polygon","coordinates":[[[78.3997107,17.3395633],[78.3997567,17.3395562],[78.3997555,17.3395474],[78.3998613,17.3395333],[78.3998589,17.3395134],[78.3998463,17.3395149],[78.3998442,17.3394978],[78.3998564,17.3394962],[78.3998536,17.3394766],[78.3997093,17.3394978],[78.3997119,17.3395229],[78.3997065,17.3395237],[78.3997107,17.3395633]]]},"properties":{"household_id":"AS589-106","OBJECTID":357,"fid_1":1047,"Area":1096.24124391,"DSM":520.35547,"DTM":516,"HEIGHT":4.35547,"BuildingID":"16671","BuiType":"Individual","StructType":"Permanent","NameOwnRep":"16671","Contact":8897010101,"HNoPlotNo":"1-1-27/HDDV/27","TPIN":null,"ColnyStrtN":"HD Dream valley","SyTsNo":"508","WardBlockN":null,"Use":"Residential","Extent":0,"PlinthArea":0,"Classifica":"Patta","Caste":"Minority","FinanDepen":"No","HHSize":0,"NoAdults":3,"NoChild":0,"Govtbenefi":"No","Borewell":"Yes","Courtcase":"No","NameStruct":"Building","ReliType":null,"Remarks":null,"CommStatus":null,"Trees":"No","location":null,"Occupation":"Others","SkilledOcc":null,"Craftsmen":null,"ReliStruct":null,"Cremetoriu":null,"Email":null,"Date":"1899-12-30T00:00:00","Time":null,"SurvyeorNa":"sambaraju","Survey_Dat":"2024/08/09 11:05:11.763","Survey_Loc":null,"UUID":null,"email_id":"etikalasambaraju84@gmail.com","Mandals":"Rajendra Nagar","Zone":"Buffer","Income":null,"AreaSqm":1.0184,"Areatext":"101.844551501217","Duplicate":"0","Dist":"Ranga Reddy","PCs":"Chevella","Assembly_C":"Rajendra Nagar","Affeceted_":"1900-01-01T00:00:00","S_Number":85,"S_Fall":"Roads","Zone_1":"Z1A S","Affected_S":"Buffer","Area_SQF":1096.24124391,"Zonewise":"Z1A","no_of_Floo":1,"gis_geometry_geojson":"{\"type\":\"Polygon\",\"coordinates\":[[[78.3997107,17.3395633],[78.3997567,17.3395562],[78.3997555,17.3395474],[78.3998613,17.3395333],[78.3998589,17.3395134],[78.3998463,17.3395149],[78.3998442,17.3394978],[78.3998564,17.3394962],[78.3998536,17.3394766],[78.3997093,17.3394978],[78.3997119,17.3395229],[78.3997065,17.3395237],[78.3997107,17.3395633]]]}"}},{"type":"Feature","id":"AS589-107","geometry":{"type":"Polygon","coordinates":[[[78.3997659,17.3412086],[78.399892,17.3411577],[78.3998668,17.3410988],[78.3998229,17.3411147],[78.3998193,17.3411075],[78.3997713,17.3411271],[78.3997639,17.3411108],[78.3997289,17.3411241],[78.3997659,17.3412086]]]},"properties":{"household_id":"AS589-107","OBJECTID":360,"fid_1":1050,"Area":1307.23474112,"DSM":522.86761,"DTM":515,"HEIGHT":7.86761,"BuildingID":"979f2","BuiType":"Apartment","StructType":"Permanent","NameOwnRep":"979f2","Contact":6305480976,"HNoPlotNo":"1-2-108/116","TPIN":null,"ColnyStrtN":"Golden spring","SyTsNo":"512","WardBlockN":null,"Use":"Residential","Extent":0,"PlinthArea":0,"Classifica":"Patta","Caste":null,"FinanDepen":null,"HHSize":0,"NoAdults":0,"NoChild":0,"Govtbenefi":null,"Borewell":"Yes","Courtcase":"No","NameStruct":"Building","ReliType":null,"Remarks":null,"CommStatus":null,"Trees":"No","location":null,"Occupation":null,"SkilledOcc":null,"Craftsmen":null,"ReliStruct":null,"Cremetoriu":null,"Email":null,"Date":"1899-12-30T00:00:00","Time":null,"SurvyeorNa":null,"Survey_Dat":"2024/08/13 16:47:16.918","Survey_Loc":null,"UUID":null,"email_id":null,"Mandals":"Rajendra Nagar","Zone":"Buffer","Income":"APL","AreaSqm":1.2144,"Areatext":"121.446567237853","Duplicate":"0","Dist":"Ranga Reddy","PCs":"Chevella","Assembly_C":"Rajendra Nagar","Affeceted_":"1900-01-01T00:00:00","S_Number":101,"S_Fall":"Roads","Zone_1":"Z1A S","Affected_S":"Buffer","Area_SQF":3921.70422336,"Zonewise":"Z1A","no_of_Floo":3,"gis_geometry_geojson":"{\"type\":\"Polygon\",\"coordinates\":[[[78.3997659,17.3412086],[78.399892,17.3411577],[78.3998668,17.3410988],[78.3998229,17.3411147],[78.3998193,17.3411075],[78.3997713,17.3411271],[78.3997639,17.3411108],[78.3997289,17.3411241],[78.3997659,17.3412086]]]}"}},{"type":"Feature","id":"AS589-108","geometry":{"type":"Polygon","coordinates":[[[78.4000189,17.3414519],[78.4000315,17.3414818],[78.4000597,17.3414709],[78.4000471,17.3414409],[78.4000189,17.3414519]]]},"properties":{"household_id":"AS589-108","OBJECTID":362,"fid_1":1052,"Area":124.660738476,"DSM":518.08563,"DTM":515,"HEIGHT":3.08563,"BuildingID":"cc290","BuiType":"Individual","StructType":"Temporary","NameOwnRep":"cc290","Contact":8801120815,"HNoPlotNo":"1-2-116/33","TPIN":null,"ColnyStrtN":"gold springs","SyTsNo":"512","WardBlockN":null,"Use":"Residential","Extent":0,"PlinthArea":150,"Classifica":"Patta","Caste":"OC","FinanDepen":"No","HHSize":0,"NoAdults":0,"NoChild":0,"Govtbenefi":"No","Borewell":"No","Courtcase":"No","NameStruct":"Teen shed","ReliType":null,"Remarks":null,"CommStatus":null,"Trees":"No","location":null,"Occupation":"UnSkilled Worker","SkilledOcc":null,"Craftsmen":null,"ReliStruct":null,"Cremetoriu":null,"Email":null,"Date":"1899-12-30T00:00:00","Time":null,"SurvyeorNa":null,"Survey_Dat":"2024/08/13 16:40:53.514","Survey_Loc":null,"UUID":null,"email_id":null,"Mandals":"Rajendra Nagar","Zone":"Buffer","Income":"BPL","AreaSqm":1.1581,"Areatext":"11.5814079028051","Duplicate":"0","Dist":"Ranga Reddy","PCs":"Chevella","Assembly_C":"Rajendra Nagar","Affeceted_":"1900-01-01T00:00:00","S_Number":106,"S_Fall":"Roads","Zone_1":"Z1A S","Affected_S":"Buffer","Area_SQF":124.660738476,"Zonewise":"Z1A","no_of_Floo":1,"gis_geometry_geojson":"{\"type\":\"Polygon\",\"coordinates\":[[[78.4000189,17.3414519],[78.4000315,17.3414818],[78.4000597,17.3414709],[78.4000471,17.3414409],[78.4000189,17.3414519]]]}"}},{"type":"Feature","id":"AS589-109","geometry":{"type":"Polygon","coordinates":[[[78.4000841,17.3416441],[78.400047,17.3415616],[78.3999888,17.3415858],[78.4000169,17.3416394],[78.4000135,17.3416407],[78.4000259,17.3416683],[78.4000841,17.3416441]]]},"properties":{"household_id":"AS589-109","OBJECTID":363,"fid_1":1053,"Area":716.993858548,"DSM":518.29285,"DTM":515,"HEIGHT":3.29285,"BuildingID":"e73eb","BuiType":"Individual","StructType":"Permanent","NameOwnRep":"e73eb","Contact":9618084458,"HNoPlotNo":"37","TPIN":"110327161","ColnyStrtN":"Golden springs colony","SyTsNo":"512","WardBlockN":null,"Use":"Residential","Extent":320,"PlinthArea":0,"Classifica":"Patta","Caste":"Minority","FinanDepen":"No","HHSize":0,"NoAdults":0,"NoChild":0,"Govtbenefi":"No","Borewell":"Yes","Courtcase":"No","NameStruct":"House","ReliType":null,"Remarks":null,"CommStatus":null,"Trees":"No","location":null,"Occupation":"Skilled Worker","SkilledOcc":null,"Craftsmen":null,"ReliStruct":null,"Cremetoriu":null,"Email":null,"Date":"1899-12-30T00:00:00","Time":null,"SurvyeorNa":null,"Survey_Dat":"2024/08/15 19:46:28.453","Survey_Loc":null,"UUID":null,"email_id":null,"Mandals":"Rajendra Nagar","Zone":"Buffer","Income":"APL","AreaSqm":6.6611,"Areatext":"66.6111755694652","Duplicate":"0","Dist":"Ranga Reddy","PCs":"Chevella","Assembly_C":"Rajendra Nagar","Affeceted_":"1900-01-01T00:00:00","S_Number":108,"S_Fall":"Roads","Zone_1":"Z1A S","Affected_S":"Buffer","Area_SQF":716.993858548,"Zonewise":"Z1A","no_of_Floo":1,"gis_geometry_geojson":"{\"type\":\"Polygon\",\"coordinates\":[[[78.4000841,17.3416441],[78.400047,17.3415616],[78.3999888,17.3415858],[78.4000169,17.3416394],[78.4000135,17.3416407],[78.4000259,17.3416683],[78.4000841,17.3416441]]]}"}},{"type":"Feature","id":"AS589-110","geometry":{"type":"Polygon","coordinates":[[[78.3996316,17.3417548],[78.3999227,17.3416361],[78.3998698,17.3415121],[78.3995786,17.3416279],[78.3996316,17.3417548]]]},"properties":{"household_id":"AS589-110","OBJECTID":364,"fid_1":1054,"Area":5417.00851431,"DSM":521.02563,"DTM":515,"HEIGHT":6.02563,"BuildingID":"8ca84","BuiType":null,"StructType":"Permanent","NameOwnRep":"8ca84","Contact":6300918132,"HNoPlotNo":null,"TPIN":null,"ColnyStrtN":"Golden hiets colony","SyTsNo":"511","WardBlockN":null,"Use":"Commercial","Extent":0,"PlinthArea":0,"Classifica":"Govt","Caste":"OC","FinanDepen":"No","HHSize":0,"NoAdults":0,"NoChild":0,"Govtbenefi":"No","Borewell":"No","Courtcase":"No","NameStruct":"Rekula shad","ReliType":null,"Remarks":null,"CommStatus":"Others","Trees":"No","location":null,"Occupation":null,"SkilledOcc":null,"Craftsmen":null,"ReliStruct":null,"Cremetoriu":null,"Email":null,"Date":"1899-12-30T00:00:00","Time":null,"SurvyeorNa":null,"Survey_Dat":"2024/08/07 21:06:04.726","Survey_Loc":null,"UUID":null,"email_id":null,"Mandals":"Rajendra Nagar","Zone":"River","Income":null,"AreaSqm":5.0325,"Areatext":"503.258571727722","Duplicate":"0","Dist":"Ranga Reddy","PCs":"Chevella","Assembly_C":"Rajendra Nagar","Affeceted_":"1900-01-01T00:00:00","S_Number":109,"S_Fall":"Roads","Zone_1":"Z1A S","Affected_S":"Buffer","Area_SQF":10834.0170286,"Zonewise":"Z1A","no_of_Floo":2,"gis_geometry_geojson":"{\"type\":\"Polygon\",\"coordinates\":[[[78.3996316,17.3417548],[78.3999227,17.3416361],[78.3998698,17.3415121],[78.3995786,17.3416279],[78.3996316,17.3417548]]]}"}},{"type":"Feature","id":"AS589-111","geometry":{"type":"Polygon","coordinates":[[[78.3998004,17.3416873],[78.3996316,17.3417548],[78.3996294,17.3417495],[78.3996251,17.3417513],[78.3996372,17.3417789],[78.3996328,17.3417809],[78.3996461,17.3418232],[78.3996379,17.3418269],[78.3996602,17.3418853],[78.399866,17.3418422],[78.3998004,17.3416873]]]},"properties":{"household_id":"AS589-111","OBJECTID":365,"fid_1":1055,"Area":3777.47532581,"DSM":519.83813,"DTM":514,"HEIGHT":5.83813,"BuildingID":"24ff4","BuiType":null,"StructType":"Temporary","NameOwnRep":"24ff4","Contact":6300918132,"HNoPlotNo":"Syno 511","TPIN":null,"ColnyStrtN":"Golden higts colony","SyTsNo":"511","WardBlockN":null,"Use":"Commercial","Extent":0,"PlinthArea":0,"Classifica":"Govt","Caste":"Minority","FinanDepen":"No","HHSize":0,"NoAdults":0,"NoChild":0,"Govtbenefi":"No","Borewell":"No","Courtcase":"No","NameStruct":"Rekula shad","ReliType":null,"Remarks":null,"CommStatus":"Others","Trees":"No","location":null,"Occupation":null,"SkilledOcc":null,"Craftsmen":null,"ReliStruct":null,"Cremetoriu":null,"Email":null,"Date":"1899-12-30T00:00:00","Time":null,"SurvyeorNa":null,"Survey_Dat":"2024/08/13 17:26:58.917","Survey_Loc":null,"UUID":null,"email_id":null,"Mandals":"Rajendra Nagar","Zone":"River","Income":"BPL","AreaSqm":3.5094,"Areatext":"350.94034505406","Duplicate":"0","Dist":"Ranga Reddy","PCs":"Chevella","Assembly_C":"Rajendra Nagar","Affeceted_":"1900-01-01T00:00:00","S_Number":110,"S_Fall":"Roads","Zone_1":"Z1A S","Affected_S":"Buffer","Area_SQF":7554.95065162,"Zonewise":"Z1A","no_of_Floo":2,"gis_geometry_geojson":"{\"type\":\"Polygon\",\"coordinates\":[[[78.3998004,17.3416873],[78.3996316,17.3417548],[78.3996294,17.3417495],[78.3996251,17.3417513],[78.3996372,17.3417789],[78.3996328,17.3417809],[78.3996461,17.3418232],[78.3996379,17.3418269],[78.3996602,17.3418853],[78.399866,17.3418422],[78.3998004,17.3416873]]]}"}},{"type":"Feature","id":"AS589-112","geometry":{"type":"Polygon","coordinates":[[[78.4001792,17.3420838],[78.4001494,17.3418784],[78.4001136,17.3418934],[78.4000965,17.3418558],[78.3999427,17.3419075],[78.3999385,17.3418961],[78.3999126,17.3419048],[78.3999187,17.3419214],[78.3999416,17.3419136],[78.4000222,17.3421367],[78.4001792,17.3420838]]]},"properties":{"household_id":"AS589-112","OBJECTID":366,"fid_1":1056,"Area":5672.53398829,"DSM":516.7464,"DTM":515,"HEIGHT":1.7464,"BuildingID":"44185","BuiType":null,"StructType":"Temporary","NameOwnRep":"44185","Contact":0,"HNoPlotNo":null,"TPIN":null,"ColnyStrtN":null,"SyTsNo":"512","WardBlockN":null,"Use":"Govt","Extent":0,"PlinthArea":0,"Classifica":"Govt","Caste":null,"FinanDepen":null,"HHSize":0,"NoAdults":0,"NoChild":0,"Govtbenefi":null,"Borewell":"No","Courtcase":"No","NameStruct":"Dialobarated shed","ReliType":null,"Remarks":null,"CommStatus":null,"Trees":"No","location":null,"Occupation":null,"SkilledOcc":null,"Craftsmen":null,"ReliStruct":null,"Cremetoriu":null,"Email":null,"Date":"1899-12-30T00:00:00","Time":null,"SurvyeorNa":null,"Survey_Dat":"2024/08/15 11:32:24.483","Survey_Loc":null,"UUID":null,"email_id":null,"Mandals":"Rajendra Nagar","Zone":"Buffer","Income":"BPL","AreaSqm":5.6737,"Areatext":"5.67371696457924","Duplicate":"0","Dist":"Ranga Reddy","PCs":"Chevella","Assembly_C":"Rajendra Nagar","Affeceted_":"1900-01-01T00:00:00","S_Number":113,"S_Fall":"Roads","Zone_1":"Z1A S","Affected_S":"Buffer","Area_SQF":5672.53398829,"Zonewise":"Z1A","no_of_Floo":1,"gis_geometry_geojson":"{\"type\":\"Polygon\",\"coordinates\":[[[78.4001792,17.3420838],[78.4001494,17.3418784],[78.4001136,17.3418934],[78.4000965,17.3418558],[78.3999427,17.3419075],[78.3999385,17.3418961],[78.3999126,17.3419048],[78.3999187,17.3419214],[78.3999416,17.3419136],[78.4000222,17.3421367],[78.4001792,17.3420838]]]}"}},{"type":"Feature","id":"AS589-113","geometry":{"type":"Polygon","coordinates":[[[78.4000879,17.3418368],[78.4001136,17.3418934],[78.4001545,17.3418763],[78.4001587,17.341885],[78.4001667,17.3418812],[78.4001709,17.3418912],[78.4002313,17.3418665],[78.4001987,17.3417922],[78.4000879,17.3418368]]]},"properties":{"household_id":"AS589-113","OBJECTID":367,"fid_1":1057,"Area":1104.31114565,"DSM":522.38098,"DTM":515,"HEIGHT":7.38098,"BuildingID":"fbcbd","BuiType":"Individual","StructType":"Permanent","NameOwnRep":"fbcbd","Contact":0,"HNoPlotNo":null,"TPIN":null,"ColnyStrtN":null,"SyTsNo":"512","WardBlockN":null,"Use":"Residential","Extent":0,"PlinthArea":0,"Classifica":"Govt","Caste":null,"FinanDepen":null,"HHSize":0,"NoAdults":0,"NoChild":0,"Govtbenefi":null,"Borewell":"Yes","Courtcase":"No","NameStruct":"Resident","ReliType":null,"Remarks":null,"CommStatus":null,"Trees":"No","location":null,"Occupation":null,"SkilledOcc":null,"Craftsmen":null,"ReliStruct":null,"Cremetoriu":null,"Email":null,"Date":"1899-12-30T00:00:00","Time":null,"SurvyeorNa":null,"Survey_Dat":"2024/08/07 21:17:51.116","Survey_Loc":null,"UUID":null,"email_id":null,"Mandals":"Rajendra Nagar","Zone":"Buffer","Income":null,"AreaSqm":1.0259,"Areatext":"102.594272900356","Duplicate":"0","Dist":"Ranga Reddy","PCs":"Chevella","Assembly_C":"Rajendra Nagar","Affeceted_":"1900-01-01T00:00:00","S_Number":111,"S_Fall":"Roads","Zone_1":"Z1A S","Affected_S":"Buffer","Area_SQF":2208.6222913,"Zonewise":"Z1A","no_of_Floo":2,"gis_geometry_geojson":"{\"type\":\"Polygon\",\"coordinates\":[[[78.4000879,17.3418368],[78.4001136,17.3418934],[78.4001545,17.3418763],[78.4001587,17.341885],[78.4001667,17.3418812],[78.4001709,17.3418912],[78.4002313,17.3418665],[78.4001987,17.3417922],[78.4000879,17.3418368]]]}"}},{"type":"Feature","id":"AS589-114","geometry":{"type":"Polygon","coordinates":[[[78.3989898,17.3363463],[78.3989876,17.3362996],[78.3989459,17.3363013],[78.3989485,17.3363481],[78.3989898,17.3363463]]]},"properties":{"household_id":"AS589-114","OBJECTID":376,"fid_1":1066,"Area":246.077009469,"DSM":517.7016,"DTM":514,"HEIGHT":3.7016,"BuildingID":"5f42f","BuiType":null,"StructType":"Temporary","NameOwnRep":"5f42f","Contact":0,"HNoPlotNo":"1-2-154/Gc/14","TPIN":null,"ColnyStrtN":null,"SyTsNo":"471","WardBlockN":null,"Use":"Commercial","Extent":0,"PlinthArea":0,"Classifica":"Patta","Caste":null,"FinanDepen":null,"HHSize":0,"NoAdults":0,"NoChild":0,"Govtbenefi":null,"Borewell":"No","Courtcase":"No","NameStruct":"Dog shed","ReliType":null,"Remarks":null,"CommStatus":null,"Trees":"No","location":null,"Occupation":null,"SkilledOcc":null,"Craftsmen":null,"ReliStruct":null,"Cremetoriu":null,"Email":null,"Date":"1899-12-30T00:00:00","Time":null,"SurvyeorNa":null,"Survey_Dat":"2024/08/15 11:32:24.621","Survey_Loc":null,"UUID":null,"email_id":null,"Mandals":"Rajendra Nagar","Zone":"Buffer","Income":"BPL","AreaSqm":2.2861,"Areatext":"22.861393695322","Duplicate":"0","Dist":"Ranga Reddy","PCs":"Chevella","Assembly_C":"Rajendra Nagar","Affeceted_":"1900-01-01T00:00:00","S_Number":71,"S_Fall":"Roads","Zone_1":"Z1A S","Affected_S":"Buffer","Area_SQF":246.077009469,"Zonewise":"Z1A","no_of_Floo":1,"gis_geometry_geojson":"{\"type\":\"Polygon\",\"coordinates\":[[[78.3989898,17.3363463],[78.3989876,17.3362996],[78.3989459,17.3363013],[78.3989485,17.3363481],[78.3989898,17.3363463]]]}"}},{"type":"Feature","id":"AS589-115","geometry":{"type":"Polygon","coordinates":[[[78.3989876,17.3362996],[78.3989889,17.3363267],[78.3990719,17.3363231],[78.3990705,17.3362942],[78.3989876,17.3362996]]]},"properties":{"household_id":"AS589-115","OBJECTID":377,"fid_1":1067,"Area":295.598337473,"DSM":517.29462,"DTM":515,"HEIGHT":2.29462,"BuildingID":"d5b22","BuiType":null,"StructType":"Temporary","NameOwnRep":"d5b22","Contact":0,"HNoPlotNo":"1-2-154/Gc/14","TPIN":null,"ColnyStrtN":null,"SyTsNo":"471","WardBlockN":null,"Use":"Commercial","Extent":0,"PlinthArea":0,"Classifica":"Govt","Caste":null,"FinanDepen":null,"HHSize":0,"NoAdults":0,"NoChild":0,"Govtbenefi":null,"Borewell":"No","Courtcase":"No","NameStruct":"Rcc","ReliType":null,"Remarks":null,"CommStatus":null,"Trees":"No","location":null,"Occupation":null,"SkilledOcc":null,"Craftsmen":null,"ReliStruct":null,"Cremetoriu":null,"Email":null,"Date":"1899-12-30T00:00:00","Time":null,"SurvyeorNa":null,"Survey_Dat":"2024/08/15 11:32:24.691","Survey_Loc":null,"UUID":null,"email_id":null,"Mandals":"Rajendra Nagar","Zone":"Buffer","Income":"BPL","AreaSqm":2.7462,"Areatext":"27.4620940188368","Duplicate":"0","Dist":"Ranga Reddy","PCs":"Chevella","Assembly_C":"Rajendra Nagar","Affeceted_":"1900-01-01T00:00:00","S_Number":72,"S_Fall":"Roads","Zone_1":"Z1A S","Affected_S":"Buffer","Area_SQF":295.598337473,"Zonewise":"Z1A","no_of_Floo":1,"gis_geometry_geojson":"{\"type\":\"Polygon\",\"coordinates\":[[[78.3989876,17.3362996],[78.3989889,17.3363267],[78.3990719,17.3363231],[78.3990705,17.3362942],[78.3989876,17.3362996]]]}"}},{"type":"Feature","id":"AS589-116","geometry":{"type":"Polygon","coordinates":[[[78.3990436,17.3364068],[78.3990934,17.3364034],[78.3990914,17.3363766],[78.3990401,17.3363801],[78.3990436,17.3364068]]]},"properties":{"household_id":"AS589-116","OBJECTID":378,"fid_1":1068,"Area":172.673811061,"DSM":517.11865,"DTM":515,"HEIGHT":2.11865,"BuildingID":"3f9d7","BuiType":null,"StructType":"Temporary","NameOwnRep":"3f9d7","Contact":8686864135,"HNoPlotNo":"492","TPIN":null,"ColnyStrtN":"New green city","SyTsNo":"492","WardBlockN":null,"Use":"Commercial","Extent":0,"PlinthArea":0,"Classifica":"ULC","Caste":"BC","FinanDepen":"No","HHSize":0,"NoAdults":0,"NoChild":0,"Govtbenefi":"No","Borewell":"No","Courtcase":"No","NameStruct":"Dog form","ReliType":null,"Remarks":null,"CommStatus":"Others","Trees":"No","location":null,"Occupation":null,"SkilledOcc":null,"Craftsmen":null,"ReliStruct":null,"Cremetoriu":null,"Email":null,"Date":"1899-12-30T00:00:00","Time":null,"SurvyeorNa":null,"Survey_Dat":"2024/08/15 11:32:24.760","Survey_Loc":null,"UUID":null,"email_id":null,"Mandals":"Rajendra Nagar","Zone":"Buffer","Income":"BPL","AreaSqm":1.6041,"Areatext":"16.041986139588","Duplicate":"0","Dist":"Ranga Reddy","PCs":"Chevella","Assembly_C":"Rajendra Nagar","Affeceted_":"1900-01-01T00:00:00","S_Number":73,"S_Fall":"Roads","Zone_1":"Z1A S","Affected_S":"Buffer","Area_SQF":172.673811061,"Zonewise":"Z1A","no_of_Floo":1,"gis_geometry_geojson":"{\"type\":\"Polygon\",\"coordinates\":[[[78.3990436,17.3364068],[78.3990934,17.3364034],[78.3990914,17.3363766],[78.3990401,17.3363801],[78.3990436,17.3364068]]]}"}},{"type":"Feature","id":"AS589-117","geometry":{"type":"Polygon","coordinates":[[[78.3991937,17.3364219],[78.3991887,17.3363294],[78.3991409,17.3363326],[78.3991477,17.3364183],[78.3991601,17.3364175],[78.3991606,17.3364241],[78.3991937,17.3364219]]]},"properties":{"household_id":"AS589-117","OBJECTID":379,"fid_1":1069,"Area":538.08035419,"DSM":520.0246,"DTM":516,"HEIGHT":4.0246,"BuildingID":"cd0c3","BuiType":"Individual","StructType":"Permanent","NameOwnRep":"cd0c3","Contact":9700653535,"HNoPlotNo":"Plot no 461","TPIN":null,"ColnyStrtN":"New green city","SyTsNo":"471","WardBlockN":null,"Use":"Residential","Extent":0,"PlinthArea":0,"Classifica":"Govt","Caste":"OC","FinanDepen":"No","HHSize":0,"NoAdults":0,"NoChild":0,"Govtbenefi":"No","Borewell":"No","Courtcase":"No","NameStruct":"House","ReliType":null,"Remarks":null,"CommStatus":null,"Trees":"No","location":null,"Occupation":"Buisness","SkilledOcc":null,"Craftsmen":null,"ReliStruct":null,"Cremetoriu":null,"Email":null,"Date":"1899-12-30T00:00:00","Time":null,"SurvyeorNa":null,"Survey_Dat":"2024/08/15 19:43:00.888","Survey_Loc":null,"UUID":null,"email_id":null,"Mandals":"Rajendra Nagar","Zone":"Buffer","Income":"APL","AreaSqm":4.9989,"Areatext":"49.9895006277005","Duplicate":"0","Dist":"Ranga Reddy","PCs":"Chevella","Assembly_C":"Rajendra Nagar","Affeceted_":"1900-01-01T00:00:00","S_Number":75,"S_Fall":"Roads","Zone_1":"Z1A S","Affected_S":"Buffer","Area_SQF":538.08035419,"Zonewise":"Z1A","no_of_Floo":1,"gis_geometry_geojson":"{\"type\":\"Polygon\",\"coordinates\":[[[78.3991937,17.3364219],[78.3991887,17.3363294],[78.3991409,17.3363326],[78.3991477,17.3364183],[78.3991601,17.3364175],[78.3991606,17.3364241],[78.3991937,17.3364219]]]}"}},{"type":"Feature","id":"AS589-118","geometry":{"type":"Polygon","coordinates":[[[78.4081998,17.3548701],[78.4082337,17.3549128],[78.4082396,17.3549127],[78.4082397,17.3549046],[78.4082489,17.3549035],[78.4082837,17.3548762],[78.4082497,17.3548335],[78.4081998,17.3548701]]]},"properties":{"household_id":"AS589-118","OBJECTID":382,"fid_1":1072,"Area":432.079908613,"DSM":507,"DTM":503,"HEIGHT":4,"BuildingID":"d2186","BuiType":null,"StructType":"Temporary","NameOwnRep":"d2186","Contact":9347346936,"HNoPlotNo":null,"TPIN":null,"ColnyStrtN":null,"SyTsNo":"314","WardBlockN":null,"Use":"Religions","Extent":0,"PlinthArea":0,"Classifica":"Endow","Caste":null,"FinanDepen":null,"HHSize":0,"NoAdults":0,"NoChild":0,"Govtbenefi":null,"Borewell":"Yes","Courtcase":"No","NameStruct":"Anjaneya Swami Temple","ReliType":"Hindu","Remarks":null,"CommStatus":null,"Trees":"No","location":null,"Occupation":null,"SkilledOcc":null,"Craftsmen":null,"ReliStruct":"Religious","Cremetoriu":null,"Email":null,"Date":"1899-12-30T00:00:00","Time":null,"SurvyeorNa":null,"Survey_Dat":"2024/08/15 11:32:24.831","Survey_Loc":null,"UUID":null,"email_id":null,"Mandals":"Rajendra Nagar","Zone":"Buffer","Income":"BPL","AreaSqm":4.0141,"Areatext":"40.1416975971066","Duplicate":"0","Dist":"Ranga Reddy","PCs":"Chevella","Assembly_C":"Rajendra Nagar","Affeceted_":"1900-01-01T00:00:00","S_Number":383,"S_Fall":"Roads","Zone_1":"Z1A S","Affected_S":"Buffer","Area_SQF":432.079908613,"Zonewise":"Z1A","no_of_Floo":1,"gis_geometry_geojson":"{\"type\":\"Polygon\",\"coordinates\":[[[78.4081998,17.3548701],[78.4082337,17.3549128],[78.4082396,17.3549127],[78.4082397,17.3549046],[78.4082489,17.3549035],[78.4082837,17.3548762],[78.4082497,17.3548335],[78.4081998,17.3548701]]]}"}},{"type":"Feature","id":"AS589-119","geometry":{"type":"Polygon","coordinates":[[[78.4082441,17.3549843],[78.4083457,17.3549778],[78.408338,17.3548985],[78.4082397,17.3549046],[78.4082441,17.3549843]]]},"properties":{"household_id":"AS589-119","OBJECTID":383,"fid_1":1073,"Area":1017.78583862,"DSM":508,"DTM":504,"HEIGHT":4,"BuildingID":"62d85","BuiType":null,"StructType":"Temporary","NameOwnRep":"62d85","Contact":9347346936,"HNoPlotNo":null,"TPIN":null,"ColnyStrtN":null,"SyTsNo":"314","WardBlockN":null,"Use":"Religions","Extent":0,"PlinthArea":0,"Classifica":"Endow","Caste":null,"FinanDepen":null,"HHSize":0,"NoAdults":0,"NoChild":0,"Govtbenefi":null,"Borewell":"No","Courtcase":"No","NameStruct":"Temple","ReliType":"Hindu","Remarks":null,"CommStatus":null,"Trees":"No","location":null,"Occupation":null,"SkilledOcc":null,"Craftsmen":null,"ReliStruct":"Religious","Cremetoriu":null,"Email":null,"Date":"1899-12-30T00:00:00","Time":null,"SurvyeorNa":null,"Survey_Dat":"2024/08/15 11:32:24.899","Survey_Loc":null,"UUID":null,"email_id":null,"Mandals":"Rajendra Nagar","Zone":"Buffer","Income":"BPL","AreaSqm":9.4555,"Areatext":"94.5557767100729","Duplicate":"0","Dist":"Ranga Reddy","PCs":"Chevella","Assembly_C":"Rajendra Nagar","Affeceted_":"1900-01-01T00:00:00","S_Number":384,"S_Fall":"Roads","Zone_1":"Z1A S","Affected_S":"Buffer","Area_SQF":1017.78583862,"Zonewise":"Z1A","no_of_Floo":1,"gis_geometry_geojson":"{\"type\":\"Polygon\",\"coordinates\":[[[78.4082441,17.3549843],[78.4083457,17.3549778],[78.408338,17.3548985],[78.4082397,17.3549046],[78.4082441,17.3549843]]]}"}},{"type":"Feature","id":"AS589-120","geometry":{"type":"Polygon","coordinates":[[[78.4084824,17.3555421],[78.4085155,17.3555265],[78.4084973,17.355491],[78.4084642,17.3555067],[78.4084824,17.3555421]]]},"properties":{"household_id":"AS589-120","OBJECTID":386,"fid_1":1080,"Area":184.799229334,"DSM":504,"DTM":501,"HEIGHT":3,"BuildingID":"3ce65","BuiType":"Individual","StructType":"Permanent","NameOwnRep":"3ce65","Contact":0,"HNoPlotNo":null,"TPIN":null,"ColnyStrtN":null,"SyTsNo":"148","WardBlockN":null,"Use":"Residential","Extent":0,"PlinthArea":0,"Classifica":null,"Caste":null,"FinanDepen":null,"HHSize":0,"NoAdults":0,"NoChild":0,"Govtbenefi":null,"Borewell":"No","Courtcase":null,"NameStruct":null,"ReliType":null,"Remarks":null,"CommStatus":null,"Trees":"No","location":null,"Occupation":null,"SkilledOcc":null,"Craftsmen":null,"ReliStruct":null,"Cremetoriu":null,"Email":null,"Date":"1899-12-30T00:00:00","Time":null,"SurvyeorNa":"prudhviraju003","Survey_Dat":"2024/08/21 13:42:49.825","Survey_Loc":null,"UUID":null,"email_id":"prudhviraju003@gmail.com","Mandals":"Rajendra Nagar","Zone":"Buffer","Income":null,"AreaSqm":1.7168,"Areatext":"17.1684788697632","Duplicate":"0","Dist":"Ranga Reddy","PCs":"Chevella","Assembly_C":"Rajendra Nagar","Affeceted_":"1900-01-01T00:00:00","S_Number":413,"S_Fall":"Roads","Zone_1":"Z1A S","Affected_S":"Buffer","Area_SQF":184.799229334,"Zonewise":"Z1A","no_of_Floo":1,"gis_geometry_geojson":"{\"type\":\"Polygon\",\"coordinates\":[[[78.4084824,17.3555421],[78.4085155,17.3555265],[78.4084973,17.355491],[78.4084642,17.3555067],[78.4084824,17.3555421]]]}"}},{"type":"Feature","id":"AS589-121","geometry":{"type":"Polygon","coordinates":[[[78.4082126,17.3553222],[78.4082352,17.3553061],[78.4082186,17.3552849],[78.4081959,17.3552992],[78.4082126,17.3553222]]]},"properties":{"household_id":"AS589-121","OBJECTID":387,"fid_1":1081,"Area":95.578006527,"DSM":503,"DTM":501,"HEIGHT":2,"BuildingID":"b36b2","BuiType":null,"StructType":"Temporary","NameOwnRep":"b36b2","Contact":0,"HNoPlotNo":null,"TPIN":null,"ColnyStrtN":null,"SyTsNo":"136","WardBlockN":null,"Use":"Residential","Extent":0,"PlinthArea":0,"Classifica":"Govt","Caste":null,"FinanDepen":null,"HHSize":0,"NoAdults":0,"NoChild":0,"Govtbenefi":null,"Borewell":"No","Courtcase":"No","NameStruct":"Rcc shed","ReliType":null,"Remarks":null,"CommStatus":null,"Trees":"No","location":null,"Occupation":null,"SkilledOcc":null,"Craftsmen":null,"ReliStruct":null,"Cremetoriu":null,"Email":null,"Date":"1899-12-30T00:00:00","Time":null,"SurvyeorNa":null,"Survey_Dat":"2024/08/13 16:40:53.651","Survey_Loc":null,"UUID":null,"email_id":null,"Mandals":"Rajendra Nagar","Zone":"Buffer","Income":"BPL","AreaSqm":8.8795,"Areatext":"8.87952288168973","Duplicate":"0","Dist":"Ranga Reddy","PCs":"Chevella","Assembly_C":"Rajendra Nagar","Affeceted_":"1900-01-01T00:00:00","S_Number":410,"S_Fall":"Roads","Zone_1":"Z1A S","Affected_S":"Buffer","Area_SQF":95.578006527,"Zonewise":"Z1A","no_of_Floo":1,"gis_geometry_geojson":"{\"type\":\"Polygon\",\"coordinates\":[[[78.4082126,17.3553222],[78.4082352,17.3553061],[78.4082186,17.3552849],[78.4081959,17.3552992],[78.4082126,17.3553222]]]}"}},{"type":"Feature","id":"AS589-122","geometry":{"type":"Polygon","coordinates":[[[78.4086785,17.3558497],[78.4087177,17.3558245],[78.4086731,17.3557602],[78.4086338,17.3557854],[78.4086785,17.3558497]]]},"properties":{"household_id":"AS589-122","OBJECTID":388,"fid_1":1082,"Area":462.380544429,"DSM":504,"DTM":502,"HEIGHT":2,"BuildingID":"987ae","BuiType":"Individual","StructType":"Temporary","NameOwnRep":"987ae","Contact":9866492777,"HNoPlotNo":null,"TPIN":null,"ColnyStrtN":null,"SyTsNo":"317","WardBlockN":null,"Use":"Residential","Extent":0,"PlinthArea":0,"Classifica":"Patta","Caste":null,"FinanDepen":null,"HHSize":0,"NoAdults":0,"NoChild":0,"Govtbenefi":null,"Borewell":"No","Courtcase":"No","NameStruct":"Ten shad","ReliType":null,"Remarks":null,"CommStatus":null,"Trees":"No","location":null,"Occupation":null,"SkilledOcc":null,"Craftsmen":null,"ReliStruct":null,"Cremetoriu":null,"Email":null,"Date":"1899-12-30T00:00:00","Time":null,"SurvyeorNa":null,"Survey_Dat":"2024/08/13 16:40:53.719","Survey_Loc":null,"UUID":null,"email_id":null,"Mandals":"Rajendra Nagar","Zone":"Buffer","Income":"BPL","AreaSqm":4.2956,"Areatext":"42.9567300404279","Duplicate":"0","Dist":"Ranga Reddy","PCs":"Chevella","Assembly_C":"Rajendra Nagar","Affeceted_":"1900-01-01T00:00:00","S_Number":414,"S_Fall":"Roads","Zone_1":"Z1A S","Affected_S":"Buffer","Area_SQF":462.380544429,"Zonewise":"Z1A","no_of_Floo":1,"gis_geometry_geojson":"{\"type\":\"Polygon\",\"coordinates\":[[[78.4086785,17.3558497],[78.4087177,17.3558245],[78.4086731,17.3557602],[78.4086338,17.3557854],[78.4086785,17.3558497]]]}"}},{"type":"Feature","id":"AS589-123","geometry":{"type":"Polygon","coordinates":[[[78.412534,17.3702231],[78.4125617,17.3702306],[78.4125587,17.370241],[78.4125929,17.3702503],[78.4126204,17.3701564],[78.4125585,17.3701397],[78.412534,17.3702231]]]},"properties":{"household_id":"AS589-123","OBJECTID":395,"fid_1":1110,"Area":755.411385604,"DSM":507,"DTM":504,"HEIGHT":3,"BuildingID":"424cc","BuiType":null,"StructType":"Permanent","NameOwnRep":"424cc","Contact":9963798193,"HNoPlotNo":null,"TPIN":null,"ColnyStrtN":null,"SyTsNo":"456","WardBlockN":null,"Use":"Commercial","Extent":0,"PlinthArea":0,"Classifica":"Patta","Caste":null,"FinanDepen":null,"HHSize":0,"NoAdults":0,"NoChild":0,"Govtbenefi":null,"Borewell":"No","Courtcase":"No","NameStruct":"Shops","ReliType":null,"Remarks":null,"CommStatus":null,"Trees":"No","location":null,"Occupation":null,"SkilledOcc":null,"Craftsmen":null,"ReliStruct":null,"Cremetoriu":null,"Email":null,"Date":"1899-12-30T00:00:00","Time":null,"SurvyeorNa":null,"Survey_Dat":"2024/08/07 21:17:54.617","Survey_Loc":null,"UUID":null,"email_id":null,"Mandals":"Rajendra Nagar","Zone":"Buffer","Income":null,"AreaSqm":7.018,"Areatext":"70.1802948892365","Duplicate":"0","Dist":"Ranga Reddy","PCs":"Chevella","Assembly_C":"Rajendra Nagar","Affeceted_":"1900-01-01T00:00:00","S_Number":624,"S_Fall":"Roads","Zone_1":"Z1A S","Affected_S":"Buffer","Area_SQF":755.411385604,"Zonewise":"Z1A","no_of_Floo":1,"gis_geometry_geojson":"{\"type\":\"Polygon\",\"coordinates\":[[[78.412534,17.3702231],[78.4125617,17.3702306],[78.4125587,17.370241],[78.4125929,17.3702503],[78.4126204,17.3701564],[78.4125585,17.3701397],[78.412534,17.3702231]]]}"}},{"type":"Feature","id":"AS589-124","geometry":{"type":"Polygon","coordinates":[[[78.4125223,17.3703879],[78.412557,17.3702699],[78.4125861,17.3702769],[78.4125929,17.3702503],[78.4125126,17.3702303],[78.4124653,17.3703866],[78.4125147,17.3704],[78.4125223,17.3703879]]]},"properties":{"household_id":"AS589-124","OBJECTID":399,"fid_1":1114,"Area":1231.63370382,"DSM":507,"DTM":505,"HEIGHT":2,"BuildingID":"1afc7","BuiType":null,"StructType":"Permanent","NameOwnRep":"1afc7","Contact":9399910199,"HNoPlotNo":null,"TPIN":null,"ColnyStrtN":null,"SyTsNo":"456","WardBlockN":null,"Use":"Commercial","Extent":0,"PlinthArea":0,"Classifica":"Patta","Caste":null,"FinanDepen":null,"HHSize":0,"NoAdults":0,"NoChild":0,"Govtbenefi":null,"Borewell":"No","Courtcase":"No","NameStruct":"Shops","ReliType":null,"Remarks":null,"CommStatus":null,"Trees":"No","location":null,"Occupation":null,"SkilledOcc":null,"Craftsmen":null,"ReliStruct":null,"Cremetoriu":null,"Email":null,"Date":"1899-12-30T00:00:00","Time":null,"SurvyeorNa":null,"Survey_Dat":"2024/08/07 21:17:54.930","Survey_Loc":null,"UUID":null,"email_id":null,"Mandals":"Rajendra Nagar","Zone":"Buffer","Income":null,"AreaSqm":1.1442,"Areatext":"114.422972926756","Duplicate":"0","Dist":"Ranga Reddy","PCs":"Chevella","Assembly_C":"Rajendra Nagar","Affeceted_":"1900-01-01T00:00:00","S_Number":617,"S_Fall":"Roads","Zone_1":"Z1A S","Affected_S":"Buffer","Area_SQF":1231.63370382,"Zonewise":"Z1A","no_of_Floo":1,"gis_geometry_geojson":"{\"type\":\"Polygon\",\"coordinates\":[[[78.4125223,17.3703879],[78.412557,17.3702699],[78.4125861,17.3702769],[78.4125929,17.3702503],[78.4125126,17.3702303],[78.4124653,17.3703866],[78.4125147,17.3704],[78.4125223,17.3703879]]]}"}},{"type":"Feature","id":"AS589-125","geometry":{"type":"Polygon","coordinates":[[[78.4126419,17.3703861],[78.412643,17.3703696],[78.4126382,17.3703687],[78.4126597,17.3702962],[78.412557,17.3702699],[78.4125223,17.3703879],[78.4125546,17.3703961],[78.4125541,17.3703997],[78.4125749,17.3704017],[78.4125758,17.3703946],[78.4126419,17.3703861]]]},"properties":{"household_id":"AS589-125","OBJECTID":400,"fid_1":1115,"Area":1557.07873614,"DSM":507,"DTM":504,"HEIGHT":3,"BuildingID":"e4648","BuiType":null,"StructType":"Permanent","NameOwnRep":"e4648","Contact":9399910199,"HNoPlotNo":null,"TPIN":null,"ColnyStrtN":null,"SyTsNo":"456","WardBlockN":null,"Use":"Commercial","Extent":0,"PlinthArea":0,"Classifica":"Patta","Caste":null,"FinanDepen":null,"HHSize":0,"NoAdults":0,"NoChild":0,"Govtbenefi":null,"Borewell":"Yes","Courtcase":"No","NameStruct":"Shops","ReliType":null,"Remarks":null,"CommStatus":null,"Trees":"No","location":null,"Occupation":null,"SkilledOcc":null,"Craftsmen":null,"ReliStruct":null,"Cremetoriu":null,"Email":null,"Date":"1899-12-30T00:00:00","Time":null,"SurvyeorNa":null,"Survey_Dat":"2024/08/07 21:17:55.014","Survey_Loc":null,"UUID":null,"email_id":null,"Mandals":"Rajendra Nagar","Zone":"Buffer","Income":null,"AreaSqm":1.4465,"Areatext":"144.657926754673","Duplicate":"0","Dist":"Ranga Reddy","PCs":"Chevella","Assembly_C":"Rajendra Nagar","Affeceted_":"1900-01-01T00:00:00","S_Number":618,"S_Fall":"Roads","Zone_1":"Z1A S","Affected_S":"Buffer","Area_SQF":1557.07873614,"Zonewise":"Z1A","no_of_Floo":1,"gis_geometry_geojson":"{\"type\":\"Polygon\",\"coordinates\":[[[78.4126419,17.3703861],[78.412643,17.3703696],[78.4126382,17.3703687],[78.4126597,17.3702962],[78.412557,17.3702699],[78.4125223,17.3703879],[78.4125546,17.3703961],[78.4125541,17.3703997],[78.4125749,17.3704017],[78.4125758,17.3703946],[78.4126419,17.3703861]]]}"}},{"type":"Feature","id":"AS589-126","geometry":{"type":"Polygon","coordinates":[[[78.4121506,17.3702719],[78.4121388,17.3703171],[78.4122915,17.3703538],[78.4123033,17.3703086],[78.4121506,17.3702719]]]},"properties":{"household_id":"AS589-126","OBJECTID":402,"fid_1":1117,"Area":930.149787647,"DSM":507,"DTM":504,"HEIGHT":3,"BuildingID":"0d974","BuiType":null,"StructType":"Temporary","NameOwnRep":"0d974","Contact":9399910199,"HNoPlotNo":null,"TPIN":null,"ColnyStrtN":null,"SyTsNo":"145/25","WardBlockN":null,"Use":"Commercial","Extent":0,"PlinthArea":0,"Classifica":null,"Caste":null,"FinanDepen":null,"HHSize":0,"NoAdults":0,"NoChild":0,"Govtbenefi":null,"Borewell":"Yes","Courtcase":null,"NameStruct":null,"ReliType":null,"Remarks":null,"CommStatus":null,"Trees":"No","location":null,"Occupation":null,"SkilledOcc":null,"Craftsmen":null,"ReliStruct":null,"Cremetoriu":null,"Email":null,"Date":"1899-12-30T00:00:00","Time":null,"SurvyeorNa":null,"Survey_Dat":"2024/08/15 11:32:25.804","Survey_Loc":null,"UUID":null,"email_id":null,"Mandals":"Rajendra Nagar","Zone":"Buffer","Income":"BPL","AreaSqm":8.6414,"Areatext":"86.414088591396","Duplicate":"0","Dist":"Ranga Reddy","PCs":"Chevella","Assembly_C":"Rajendra Nagar","Affeceted_":"1900-01-01T00:00:00","S_Number":615,"S_Fall":"Roads","Zone_1":"Z1A S","Affected_S":"Buffer","Area_SQF":930.149787647,"Zonewise":"Z1A","no_of_Floo":1,"gis_geometry_geojson":"{\"type\":\"Polygon\",\"coordinates\":[[[78.4121506,17.3702719],[78.4121388,17.3703171],[78.4122915,17.3703538],[78.4123033,17.3703086],[78.4121506,17.3702719]]]}"}},{"type":"Feature","id":"AS589-127","geometry":{"type":"Polygon","coordinates":[[[78.4122896,17.3703534],[78.4122199,17.3703366],[78.4122137,17.3703605],[78.4122834,17.3703772],[78.4122896,17.3703534]]]},"properties":{"household_id":"AS589-127","OBJECTID":403,"fid_1":1118,"Area":223.991656105,"DSM":507,"DTM":504,"HEIGHT":3,"BuildingID":"ff669","BuiType":null,"StructType":"Temporary","NameOwnRep":"ff669","Contact":9399910199,"HNoPlotNo":null,"TPIN":null,"ColnyStrtN":null,"SyTsNo":"124/25","WardBlockN":null,"Use":"Commercial","Extent":0,"PlinthArea":0,"Classifica":null,"Caste":null,"FinanDepen":null,"HHSize":0,"NoAdults":0,"NoChild":0,"Govtbenefi":null,"Borewell":"Yes","Courtcase":null,"NameStruct":null,"ReliType":null,"Remarks":null,"CommStatus":null,"Trees":"No","location":null,"Occupation":null,"SkilledOcc":null,"Craftsmen":null,"ReliStruct":null,"Cremetoriu":null,"Email":null,"Date":"1899-12-30T00:00:00","Time":null,"SurvyeorNa":null,"Survey_Dat":"2024/08/15 11:32:25.875","Survey_Loc":null,"UUID":null,"email_id":null,"Mandals":"Rajendra Nagar","Zone":"Buffer","Income":"BPL","AreaSqm":2.0809,"Areatext":"20.8095890206386","Duplicate":"0","Dist":"Ranga Reddy","PCs":"Chevella","Assembly_C":"Rajendra Nagar","Affeceted_":"1900-01-01T00:00:00","S_Number":616,"S_Fall":"Roads","Zone_1":"Z1A S","Affected_S":"Buffer","Area_SQF":223.991656105,"Zonewise":"Z1A","no_of_Floo":1,"gis_geometry_geojson":"{\"type\":\"Polygon\",\"coordinates\":[[[78.4122896,17.3703534],[78.4122199,17.3703366],[78.4122137,17.3703605],[78.4122834,17.3703772],[78.4122896,17.3703534]]]}"}},{"type":"Feature","id":"AS589-128","geometry":{"type":"Polygon","coordinates":[[[78.4125292,17.3702341],[78.4125585,17.3701397],[78.4125418,17.3701352],[78.4125097,17.3702294],[78.4125292,17.3702341]]]},"properties":{"household_id":"AS589-128","OBJECTID":407,"fid_1":1122,"Area":250.486979973,"DSM":507,"DTM":504,"HEIGHT":3,"BuildingID":"eb338","BuiType":null,"StructType":"Temporary","NameOwnRep":"eb338","Contact":9963798193,"HNoPlotNo":null,"TPIN":null,"ColnyStrtN":null,"SyTsNo":"456","WardBlockN":null,"Use":"Commercial","Extent":0,"PlinthArea":0,"Classifica":"Patta","Caste":null,"FinanDepen":null,"HHSize":0,"NoAdults":0,"NoChild":0,"Govtbenefi":null,"Borewell":"No","Courtcase":"No","NameStruct":"Shops","ReliType":null,"Remarks":null,"CommStatus":null,"Trees":"No","location":null,"Occupation":null,"SkilledOcc":null,"Craftsmen":null,"ReliStruct":null,"Cremetoriu":null,"Email":null,"Date":"1899-12-30T00:00:00","Time":null,"SurvyeorNa":null,"Survey_Dat":"2024/08/15 11:32:25.945","Survey_Loc":null,"UUID":null,"email_id":null,"Mandals":"Rajendra Nagar","Zone":"Buffer","Income":"BPL","AreaSqm":2.3271,"Areatext":"23.271094999688","Duplicate":"0","Dist":"Ranga Reddy","PCs":"Chevella","Assembly_C":"Rajendra Nagar","Affeceted_":"1900-01-01T00:00:00","S_Number":623,"S_Fall":"Roads","Zone_1":"Z1A S","Affected_S":"Buffer","Area_SQF":250.486979973,"Zonewise":"Z1A","no_of_Floo":1,"gis_geometry_geojson":"{\"type\":\"Polygon\",\"coordinates\":[[[78.4125292,17.3702341],[78.4125585,17.3701397],[78.4125418,17.3701352],[78.4125097,17.3702294],[78.4125292,17.3702341]]]}"}},{"type":"Feature","id":"AS589-129","geometry":{"type":"Polygon","coordinates":[[[78.4121506,17.3702719],[78.4121259,17.3702659],[78.4121144,17.3703103],[78.4121391,17.3703163],[78.4121506,17.3702719]]]},"properties":{"household_id":"AS589-129","OBJECTID":409,"fid_1":1141,"Area":147.605744756,"DSM":507,"DTM":504,"HEIGHT":3,"BuildingID":"026e1","BuiType":null,"StructType":"Temporary","NameOwnRep":"026e1","Contact":9399910199,"HNoPlotNo":null,"TPIN":null,"ColnyStrtN":null,"SyTsNo":"124/25","WardBlockN":null,"Use":"Commercial","Extent":0,"PlinthArea":0,"Classifica":"Govt","Caste":null,"FinanDepen":null,"HHSize":0,"NoAdults":0,"NoChild":0,"Govtbenefi":null,"Borewell":"No","Courtcase":null,"NameStruct":null,"ReliType":null,"Remarks":null,"CommStatus":null,"Trees":"No","location":null,"Occupation":null,"SkilledOcc":null,"Craftsmen":null,"ReliStruct":null,"Cremetoriu":null,"Email":null,"Date":"1899-12-30T00:00:00","Time":null,"SurvyeorNa":null,"Survey_Dat":"2024/08/15 11:32:26.015","Survey_Loc":null,"UUID":null,"email_id":null,"Mandals":"Rajendra Nagar","Zone":"Buffer","Income":"BPL","AreaSqm":1.3713,"Areatext":"13.7130772662791","Duplicate":"0","Dist":"Ranga Reddy","PCs":"Chevella","Assembly_C":"Rajendra Nagar","Affeceted_":"1900-01-01T00:00:00","S_Number":614,"S_Fall":"Roads","Zone_1":"Z1A S","Affected_S":"Buffer","Area_SQF":147.605744756,"Zonewise":"Z1A","no_of_Floo":1,"gis_geometry_geojson":"{\"type\":\"Polygon\",\"coordinates\":[[[78.4121506,17.3702719],[78.4121259,17.3702659],[78.4121144,17.3703103],[78.4121391,17.3703163],[78.4121506,17.3702719]]]}"}},{"type":"Feature","id":"AS589-130","geometry":{"type":"Polygon","coordinates":[[[78.4093183,17.363185],[78.4093187,17.3631803],[78.4093622,17.3631828],[78.4093643,17.3631534],[78.4092951,17.3631488],[78.4092928,17.3631833],[78.4093183,17.363185]]]},"properties":{"household_id":"AS589-130","OBJECTID":417,"fid_1":1151,"Area":276.509194514,"DSM":507,"DTM":505,"HEIGHT":2,"BuildingID":"835d4","BuiType":"Individual","StructType":"Temporary","NameOwnRep":"835d4","Contact":9676443065,"HNoPlotNo":null,"TPIN":null,"ColnyStrtN":null,"SyTsNo":"151","WardBlockN":null,"Use":"Residential","Extent":0,"PlinthArea":0,"Classifica":"Govt","Caste":null,"FinanDepen":null,"HHSize":0,"NoAdults":0,"NoChild":0,"Govtbenefi":null,"Borewell":"No","Courtcase":null,"NameStruct":null,"ReliType":null,"Remarks":null,"CommStatus":null,"Trees":"No","location":null,"Occupation":null,"SkilledOcc":null,"Craftsmen":null,"ReliStruct":null,"Cremetoriu":null,"Email":null,"Date":"1899-12-30T00:00:00","Time":null,"SurvyeorNa":null,"Survey_Dat":"2024/08/13 16:40:54.060","Survey_Loc":null,"UUID":null,"email_id":null,"Mandals":"Rajendra Nagar","Zone":"Buffer","Income":"BPL","AreaSqm":2.5688,"Areatext":"25.6886475193483","Duplicate":"0","Dist":"Ranga Reddy","PCs":"Chevella","Assembly_C":"Rajendra Nagar","Affeceted_":"1900-01-01T00:00:00","S_Number":534,"S_Fall":"Roads","Zone_1":"Z1A S","Affected_S":"Buffer","Area_SQF":276.509194514,"Zonewise":"Z1A","no_of_Floo":1,"gis_geometry_geojson":"{\"type\":\"Polygon\",\"coordinates\":[[[78.4093183,17.363185],[78.4093187,17.3631803],[78.4093622,17.3631828],[78.4093643,17.3631534],[78.4092951,17.3631488],[78.4092928,17.3631833],[78.4093183,17.363185]]]}"}},{"type":"Feature","id":"AS589-131","geometry":{"type":"Polygon","coordinates":[[[78.409221,17.3632444],[78.409198,17.3633121],[78.4092303,17.3633223],[78.4092534,17.3632546],[78.409221,17.3632444]]]},"properties":{"household_id":"AS589-131","OBJECTID":418,"fid_1":1152,"Area":306.907747972,"DSM":506,"DTM":505,"HEIGHT":1,"BuildingID":"9d6d2","BuiType":"Individual","StructType":"Temporary","NameOwnRep":"9d6d2","Contact":9676443065,"HNoPlotNo":null,"TPIN":null,"ColnyStrtN":null,"SyTsNo":"151","WardBlockN":null,"Use":"Residential","Extent":0,"PlinthArea":0,"Classifica":null,"Caste":null,"FinanDepen":null,"HHSize":0,"NoAdults":0,"NoChild":0,"Govtbenefi":null,"Borewell":"No","Courtcase":null,"NameStruct":null,"ReliType":null,"Remarks":null,"CommStatus":null,"Trees":"No","location":null,"Occupation":null,"SkilledOcc":null,"Craftsmen":null,"ReliStruct":null,"Cremetoriu":null,"Email":null,"Date":"1899-12-30T00:00:00","Time":null,"SurvyeorNa":null,"Survey_Dat":"2024/08/13 16:40:54.128","Survey_Loc":null,"UUID":null,"email_id":null,"Mandals":"Rajendra Nagar","Zone":"Buffer","Income":"BPL","AreaSqm":2.8512,"Areatext":"28.5127768326631","Duplicate":"0","Dist":"Ranga Reddy","PCs":"Chevella","Assembly_C":"Rajendra Nagar","Affeceted_":"1900-01-01T00:00:00","S_Number":538,"S_Fall":"Roads","Zone_1":"Z1A S","Affected_S":"Buffer","Area_SQF":306.907747972,"Zonewise":"Z1A","no_of_Floo":1,"gis_geometry_geojson":"{\"type\":\"Polygon\",\"coordinates\":[[[78.409221,17.3632444],[78.409198,17.3633121],[78.4092303,17.3633223],[78.4092534,17.3632546],[78.409221,17.3632444]]]}"}},{"type":"Feature","id":"AS589-132","geometry":{"type":"Polygon","coordinates":[[[78.4092188,17.3632509],[78.4092063,17.3632469],[78.4091981,17.3632708],[78.4092107,17.3632747],[78.4092188,17.3632509]]]},"properties":{"household_id":"AS589-132","OBJECTID":419,"fid_1":1153,"Area":42.0838009757,"DSM":506,"DTM":505,"HEIGHT":1,"BuildingID":"c6d0e","BuiType":"Individual","StructType":"Temporary","NameOwnRep":"c6d0e","Contact":9676443065,"HNoPlotNo":null,"TPIN":null,"ColnyStrtN":null,"SyTsNo":"151","WardBlockN":null,"Use":"Residential","Extent":0,"PlinthArea":0,"Classifica":null,"Caste":null,"FinanDepen":null,"HHSize":0,"NoAdults":0,"NoChild":0,"Govtbenefi":null,"Borewell":"No","Courtcase":null,"NameStruct":null,"ReliType":null,"Remarks":null,"CommStatus":null,"Trees":"No","location":null,"Occupation":null,"SkilledOcc":null,"Craftsmen":null,"ReliStruct":null,"Cremetoriu":null,"Email":null,"Date":"1899-12-30T00:00:00","Time":null,"SurvyeorNa":null,"Survey_Dat":"2024/08/15 11:32:26.435","Survey_Loc":null,"UUID":null,"email_id":null,"Mandals":"Rajendra Nagar","Zone":"Buffer","Income":"BPL","AreaSqm":3.9097,"Areatext":"3.90972868749422","Duplicate":"0","Dist":"Ranga Reddy","PCs":"Chevella","Assembly_C":"Rajendra Nagar","Affeceted_":"1900-01-01T00:00:00","S_Number":539,"S_Fall":"Roads","Zone_1":"Z1A S","Affected_S":"Buffer","Area_SQF":42.0838009757,"Zonewise":"Z1A","no_of_Floo":1,"gis_geometry_geojson":"{\"type\":\"Polygon\",\"coordinates\":[[[78.4092188,17.3632509],[78.4092063,17.3632469],[78.4091981,17.3632708],[78.4092107,17.3632747],[78.4092188,17.3632509]]]}"}},{"type":"Feature","id":"AS589-133","geometry":{"type":"Polygon","coordinates":[[[78.4092747,17.3632146],[78.409239,17.3632046],[78.4092299,17.3632343],[78.4092657,17.3632444],[78.4092747,17.3632146]]]},"properties":{"household_id":"AS589-133","OBJECTID":420,"fid_1":1154,"Area":146.280867134,"DSM":507,"DTM":505,"HEIGHT":2,"BuildingID":"92945","BuiType":"Individual","StructType":"Temporary","NameOwnRep":"92945","Contact":9676443065,"HNoPlotNo":null,"TPIN":null,"ColnyStrtN":null,"SyTsNo":"151","WardBlockN":null,"Use":"Residential","Extent":0,"PlinthArea":0,"Classifica":"Govt","Caste":null,"FinanDepen":null,"HHSize":0,"NoAdults":0,"NoChild":0,"Govtbenefi":null,"Borewell":"No","Courtcase":null,"NameStruct":null,"ReliType":null,"Remarks":null,"CommStatus":null,"Trees":"No","location":null,"Occupation":null,"SkilledOcc":null,"Craftsmen":null,"ReliStruct":null,"Cremetoriu":null,"Email":null,"Date":"1899-12-30T00:00:00","Time":null,"SurvyeorNa":null,"Survey_Dat":"2024/08/13 16:40:54.197","Survey_Loc":null,"UUID":null,"email_id":null,"Mandals":"Rajendra Nagar","Zone":"Buffer","Income":"BPL","AreaSqm":1.3589,"Areatext":"13.5899916145038","Duplicate":"0","Dist":"Ranga Reddy","PCs":"Chevella","Assembly_C":"Rajendra Nagar","Affeceted_":"1900-01-01T00:00:00","S_Number":537,"S_Fall":"Roads","Zone_1":"Z1A S","Affected_S":"Buffer","Area_SQF":146.280867134,"Zonewise":"Z1A","no_of_Floo":1,"gis_geometry_geojson":"{\"type\":\"Polygon\",\"coordinates\":[[[78.4092747,17.3632146],[78.409239,17.3632046],[78.4092299,17.3632343],[78.4092657,17.3632444],[78.4092747,17.3632146]]]}"}},{"type":"Feature","id":"AS589-134","geometry":{"type":"Polygon","coordinates":[[[78.4092457,17.3631687],[78.4092769,17.3631774],[78.4092853,17.3631499],[78.409254,17.3631411],[78.4092457,17.3631687]]]},"properties":{"household_id":"AS589-134","OBJECTID":421,"fid_1":1155,"Area":118.224710934,"DSM":507,"DTM":505,"HEIGHT":2,"BuildingID":"3a2b9","BuiType":"Individual","StructType":"Temporary","NameOwnRep":"3a2b9","Contact":9676443065,"HNoPlotNo":null,"TPIN":null,"ColnyStrtN":null,"SyTsNo":"151","WardBlockN":null,"Use":"Residential","Extent":0,"PlinthArea":0,"Classifica":"Govt","Caste":null,"FinanDepen":null,"HHSize":0,"NoAdults":0,"NoChild":0,"Govtbenefi":null,"Borewell":"No","Courtcase":null,"NameStruct":null,"ReliType":null,"Remarks":null,"CommStatus":null,"Trees":"No","location":null,"Occupation":null,"SkilledOcc":null,"Craftsmen":null,"ReliStruct":null,"Cremetoriu":null,"Email":null,"Date":"1899-12-30T00:00:00","Time":null,"SurvyeorNa":null,"Survey_Dat":"2024/08/13 16:40:54.265","Survey_Loc":null,"UUID":null,"email_id":null,"Mandals":"Rajendra Nagar","Zone":"Buffer","Income":"BPL","AreaSqm":1.0983,"Areatext":"10.9834789862839","Duplicate":"0","Dist":"Ranga Reddy","PCs":"Chevella","Assembly_C":"Rajendra Nagar","Affeceted_":"1900-01-01T00:00:00","S_Number":535,"S_Fall":"Roads","Zone_1":"Z1A S","Affected_S":"Buffer","Area_SQF":118.224710934,"Zonewise":"Z1A","no_of_Floo":1,"gis_geometry_geojson":"{\"type\":\"Polygon\",\"coordinates\":[[[78.4092457,17.3631687],[78.4092769,17.3631774],[78.4092853,17.3631499],[78.409254,17.3631411],[78.4092457,17.3631687]]]}"}},{"type":"Feature","id":"AS589-135","geometry":{"type":"Polygon","coordinates":[[[78.4092769,17.3631774],[78.4092457,17.3631687],[78.4092351,17.3632035],[78.4092693,17.3632131],[78.4092769,17.3631774]]]},"properties":{"household_id":"AS589-135","OBJECTID":422,"fid_1":1156,"Area":163.899650474,"DSM":507,"DTM":505,"HEIGHT":2,"BuildingID":"9ee92","BuiType":"Individual","StructType":"Temporary","NameOwnRep":"9ee92","Contact":9676443065,"HNoPlotNo":null,"TPIN":null,"ColnyStrtN":null,"SyTsNo":"151","WardBlockN":null,"Use":"Residential","Extent":0,"PlinthArea":0,"Classifica":"Govt","Caste":null,"FinanDepen":null,"HHSize":0,"NoAdults":0,"NoChild":0,"Govtbenefi":null,"Borewell":"No","Courtcase":null,"NameStruct":null,"ReliType":null,"Remarks":null,"CommStatus":null,"Trees":"No","location":null,"Occupation":null,"SkilledOcc":null,"Craftsmen":null,"ReliStruct":null,"Cremetoriu":null,"Email":null,"Date":"1899-12-30T00:00:00","Time":null,"SurvyeorNa":null,"Survey_Dat":"2024/08/13 16:40:54.334","Survey_Loc":null,"UUID":null,"email_id":null,"Mandals":"Rajendra Nagar","Zone":"Buffer","Income":"BPL","AreaSqm":1.5226,"Areatext":"15.2268366888913","Duplicate":"0","Dist":"Ranga Reddy","PCs":"Chevella","Assembly_C":"Rajendra Nagar","Affeceted_":"1900-01-01T00:00:00","S_Number":536,"S_Fall":"Roads","Zone_1":"Z1A S","Affected_S":"Buffer","Area_SQF":163.899650474,"Zonewise":"Z1A","no_of_Floo":1,"gis_geometry_geojson":"{\"type\":\"Polygon\",\"coordinates\":[[[78.4092769,17.3631774],[78.4092457,17.3631687],[78.4092351,17.3632035],[78.4092693,17.3632131],[78.4092769,17.3631774]]]}"}},{"type":"Feature","id":"AS589-136","geometry":{"type":"Polygon","coordinates":[[[78.4091449,17.3632506],[78.4091139,17.363244],[78.4091097,17.3632675],[78.409141,17.3632726],[78.4091449,17.3632506]]]},"properties":{"household_id":"AS589-136","OBJECTID":423,"fid_1":1157,"Area":96.03262254,"DSM":509,"DTM":505,"HEIGHT":4,"BuildingID":"0964e","BuiType":"Individual","StructType":"Temporary","NameOwnRep":"0964e","Contact":9676443065,"HNoPlotNo":null,"TPIN":null,"ColnyStrtN":null,"SyTsNo":"159","WardBlockN":null,"Use":"Residential","Extent":0,"PlinthArea":0,"Classifica":"Govt","Caste":null,"FinanDepen":null,"HHSize":0,"NoAdults":0,"NoChild":0,"Govtbenefi":null,"Borewell":"No","Courtcase":null,"NameStruct":null,"ReliType":null,"Remarks":null,"CommStatus":null,"Trees":"No","location":null,"Occupation":null,"SkilledOcc":null,"Craftsmen":null,"ReliStruct":null,"Cremetoriu":null,"Email":null,"Date":"1899-12-30T00:00:00","Time":null,"SurvyeorNa":null,"Survey_Dat":"2024/08/13 16:40:54.402","Survey_Loc":null,"UUID":null,"email_id":null,"Mandals":"Rajendra Nagar","Zone":"Buffer","Income":"BPL","AreaSqm":8.9218,"Areatext":"8.92175826004593","Duplicate":"0","Dist":"Ranga Reddy","PCs":"Chevella","Assembly_C":"Rajendra Nagar","Affeceted_":"1900-01-01T00:00:00","S_Number":540,"S_Fall":"Roads","Zone_1":"Z1A S","Affected_S":"Buffer","Area_SQF":96.03262254,"Zonewise":"Z1A","no_of_Floo":1,"gis_geometry_geojson":"{\"type\":\"Polygon\",\"coordinates\":[[[78.4091449,17.3632506],[78.4091139,17.363244],[78.4091097,17.3632675],[78.409141,17.3632726],[78.4091449,17.3632506]]]}"}},{"type":"Feature","id":"AS589-137","geometry":{"type":"Polygon","coordinates":[[[78.4093255,17.3628698],[78.4093644,17.3627888],[78.4093343,17.3627733],[78.4093258,17.3627884],[78.409322,17.3627864],[78.4092723,17.3628753],[78.409315,17.362897],[78.4093292,17.3628717],[78.4093255,17.3628698]]]},"properties":{"household_id":"AS589-137","OBJECTID":427,"fid_1":1161,"Area":634.715536143,"DSM":509,"DTM":506,"HEIGHT":3,"BuildingID":"6bfeb","BuiType":"Individual","StructType":"Temporary","NameOwnRep":"6bfeb","Contact":9676443065,"HNoPlotNo":null,"TPIN":null,"ColnyStrtN":null,"SyTsNo":"151","WardBlockN":null,"Use":"Residential","Extent":0,"PlinthArea":0,"Classifica":"Govt","Caste":null,"FinanDepen":null,"HHSize":0,"NoAdults":0,"NoChild":0,"Govtbenefi":null,"Borewell":"No","Courtcase":null,"NameStruct":null,"ReliType":null,"Remarks":null,"CommStatus":null,"Trees":"No","location":null,"Occupation":null,"SkilledOcc":null,"Craftsmen":null,"ReliStruct":null,"Cremetoriu":null,"Email":null,"Date":"1899-12-30T00:00:00","Time":null,"SurvyeorNa":null,"Survey_Dat":"2024/08/13 16:40:54.675","Survey_Loc":null,"UUID":null,"email_id":null,"Mandals":"Rajendra Nagar","Zone":"Buffer","Income":"BPL","AreaSqm":5.8967,"Areatext":"58.9672387123965","Duplicate":"0","Dist":"Ranga Reddy","PCs":"Chevella","Assembly_C":"Rajendra Nagar","Affeceted_":"1900-01-01T00:00:00","S_Number":549,"S_Fall":"Roads","Zone_1":"Z1A S","Affected_S":"Buffer","Area_SQF":634.715536143,"Zonewise":"Z1A","no_of_Floo":1,"gis_geometry_geojson":"{\"type\":\"Polygon\",\"coordinates\":[[[78.4093255,17.3628698],[78.4093644,17.3627888],[78.4093343,17.3627733],[78.4093258,17.3627884],[78.409322,17.3627864],[78.4092723,17.3628753],[78.409315,17.362897],[78.4093292,17.3628717],[78.4093255,17.3628698]]]}"}},{"type":"Feature","id":"AS589-138","geometry":{"type":"Polygon","coordinates":[[[78.409201,17.3631877],[78.4092118,17.3631311],[78.4092335,17.3630738],[78.4092271,17.3630715],[78.4093053,17.3629078],[78.4092615,17.3628857],[78.4092253,17.3629572],[78.4092369,17.3629631],[78.4092091,17.3630338],[78.4091968,17.3630294],[78.409165,17.3631101],[78.4091816,17.3631163],[78.4091562,17.363187],[78.4091223,17.3631772],[78.4091111,17.363213],[78.4091517,17.3632245],[78.4091449,17.3632506],[78.4091739,17.3632606],[78.409201,17.3631877]]]},"properties":{"household_id":"AS589-138","OBJECTID":428,"fid_1":1162,"Area":2189.12525338,"DSM":509,"DTM":505,"HEIGHT":4,"BuildingID":"60b8b","BuiType":"Individual","StructType":"Temporary","NameOwnRep":"60b8b","Contact":9676443065,"HNoPlotNo":null,"TPIN":null,"ColnyStrtN":null,"SyTsNo":"151","WardBlockN":null,"Use":"Residential","Extent":0,"PlinthArea":0,"Classifica":"Govt","Caste":null,"FinanDepen":null,"HHSize":0,"NoAdults":0,"NoChild":0,"Govtbenefi":null,"Borewell":"No","Courtcase":null,"NameStruct":null,"ReliType":null,"Remarks":null,"CommStatus":null,"Trees":"No","location":null,"Occupation":null,"SkilledOcc":null,"Craftsmen":null,"ReliStruct":null,"Cremetoriu":null,"Email":null,"Date":"1899-12-30T00:00:00","Time":null,"SurvyeorNa":null,"Survey_Dat":"2024/08/13 16:40:54.744","Survey_Loc":null,"UUID":null,"email_id":null,"Mandals":"Rajendra Nagar","Zone":"Buffer","Income":"BPL","AreaSqm":1.8777,"Areatext":"187.775369641829","Duplicate":"0","Dist":"Ranga Reddy","PCs":"Chevella","Assembly_C":"Rajendra Nagar","Affeceted_":"1900-01-01T00:00:00","S_Number":544,"S_Fall":"Roads","Zone_1":"Z1A S","Affected_S":"Buffer","Area_SQF":2189.12525338,"Zonewise":"Z1A","no_of_Floo":1,"gis_geometry_geojson":"{\"type\":\"Polygon\",\"coordinates\":[[[78.409201,17.3631877],[78.4092118,17.3631311],[78.4092335,17.3630738],[78.4092271,17.3630715],[78.4093053,17.3629078],[78.4092615,17.3628857],[78.4092253,17.3629572],[78.4092369,17.3629631],[78.4092091,17.3630338],[78.4091968,17.3630294],[78.409165,17.3631101],[78.4091816,17.3631163],[78.4091562,17.363187],[78.4091223,17.3631772],[78.4091111,17.363213],[78.4091517,17.3632245],[78.4091449,17.3632506],[78.4091739,17.3632606],[78.409201,17.3631877]]]}"}},{"type":"Feature","id":"AS589-139","geometry":{"type":"Polygon","coordinates":[[[78.4093084,17.363341],[78.4093119,17.3633448],[78.4093516,17.3633251],[78.4093371,17.3632982],[78.4092321,17.3633541],[78.4092473,17.3633822],[78.4092707,17.3633706],[78.4092912,17.3633549],[78.4092893,17.3633516],[78.4093084,17.363341]]]},"properties":{"household_id":"AS589-139","OBJECTID":429,"fid_1":1163,"Area":449.808434153,"DSM":507,"DTM":504,"HEIGHT":3,"BuildingID":"a7208","BuiType":"Individual","StructType":"Temporary","NameOwnRep":"a7208","Contact":9676443065,"HNoPlotNo":null,"TPIN":null,"ColnyStrtN":null,"SyTsNo":"151","WardBlockN":null,"Use":"Residential","Extent":0,"PlinthArea":0,"Classifica":"Govt","Caste":null,"FinanDepen":null,"HHSize":0,"NoAdults":0,"NoChild":0,"Govtbenefi":null,"Borewell":"No","Courtcase":null,"NameStruct":null,"ReliType":null,"Remarks":null,"CommStatus":null,"Trees":"No","location":null,"Occupation":null,"SkilledOcc":null,"Craftsmen":null,"ReliStruct":null,"Cremetoriu":null,"Email":null,"Date":"1899-12-30T00:00:00","Time":null,"SurvyeorNa":null,"Survey_Dat":"2024/08/13 16:40:54.812","Survey_Loc":null,"UUID":null,"email_id":null,"Mandals":"Rajendra Nagar","Zone":"Buffer","Income":"BPL","AreaSqm":9.8177,"Areatext":"9.81769563289431","Duplicate":"0","Dist":"Ranga Reddy","PCs":"Chevella","Assembly_C":"Rajendra Nagar","Affeceted_":"1900-01-01T00:00:00","S_Number":533,"S_Fall":"Roads","Zone_1":"Z1A S","Affected_S":"Buffer","Area_SQF":449.808434153,"Zonewise":"Z1A","no_of_Floo":1,"gis_geometry_geojson":"{\"type\":\"Polygon\",\"coordinates\":[[[78.4093084,17.363341],[78.4093119,17.3633448],[78.4093516,17.3633251],[78.4093371,17.3632982],[78.4092321,17.3633541],[78.4092473,17.3633822],[78.4092707,17.3633706],[78.4092912,17.3633549],[78.4092893,17.3633516],[78.4093084,17.363341]]]}"}},{"type":"Feature","id":"AS589-140","geometry":{"type":"Polygon","coordinates":[[[78.4093375,17.3632655],[78.40933,17.3632296],[78.4093102,17.3632334],[78.4093177,17.3632693],[78.4093375,17.3632655]]]},"properties":{"household_id":"AS589-140","OBJECTID":433,"fid_1":1167,"Area":93.7868041621,"DSM":506,"DTM":504.7458,"HEIGHT":1.2542,"BuildingID":"0fa24","BuiType":"Individual","StructType":"Temporary","NameOwnRep":"0fa24","Contact":9676443065,"HNoPlotNo":null,"TPIN":null,"ColnyStrtN":null,"SyTsNo":"151","WardBlockN":null,"Use":"Residential","Extent":0,"PlinthArea":0,"Classifica":null,"Caste":null,"FinanDepen":null,"HHSize":0,"NoAdults":0,"NoChild":0,"Govtbenefi":null,"Borewell":"No","Courtcase":null,"NameStruct":null,"ReliType":null,"Remarks":null,"CommStatus":null,"Trees":"No","location":null,"Occupation":null,"SkilledOcc":null,"Craftsmen":null,"ReliStruct":null,"Cremetoriu":null,"Email":null,"Date":"1899-12-30T00:00:00","Time":null,"SurvyeorNa":null,"Survey_Dat":"2024/08/13 16:40:55.086","Survey_Loc":null,"UUID":null,"email_id":null,"Mandals":"Rajendra Nagar","Zone":"Buffer","Income":"BPL","AreaSqm":8.7131,"Areatext":"8.71311406610105","Duplicate":"0","Dist":"Ranga Reddy","PCs":"Chevella","Assembly_C":"Rajendra Nagar","Affeceted_":"1900-01-01T00:00:00","S_Number":529,"S_Fall":"Roads","Zone_1":"Z1A S","Affected_S":"Buffer","Area_SQF":93.7868041621,"Zonewise":"Z1A","no_of_Floo":1,"gis_geometry_geojson":"{\"type\":\"Polygon\",\"coordinates\":[[[78.4093375,17.3632655],[78.40933,17.3632296],[78.4093102,17.3632334],[78.4093177,17.3632693],[78.4093375,17.3632655]]]}"}},{"type":"Feature","id":"AS589-141","geometry":{"type":"Polygon","coordinates":[[[78.4093372,17.3632641],[78.4094369,17.3632463],[78.40943,17.3632106],[78.4093303,17.3632284],[78.4093372,17.3632641]]]},"properties":{"household_id":"AS589-141","OBJECTID":434,"fid_1":1168,"Area":466.404085206,"DSM":506,"DTM":504,"HEIGHT":2,"BuildingID":"a7fb4","BuiType":"Individual","StructType":"Temporary","NameOwnRep":"a7fb4","Contact":9676443065,"HNoPlotNo":null,"TPIN":null,"ColnyStrtN":null,"SyTsNo":"151","WardBlockN":null,"Use":"Residential","Extent":0,"PlinthArea":0,"Classifica":null,"Caste":null,"FinanDepen":null,"HHSize":0,"NoAdults":0,"NoChild":0,"Govtbenefi":null,"Borewell":"No","Courtcase":null,"NameStruct":null,"ReliType":null,"Remarks":null,"CommStatus":null,"Trees":"No","location":null,"Occupation":null,"SkilledOcc":null,"Craftsmen":null,"ReliStruct":null,"Cremetoriu":null,"Email":null,"Date":"1899-12-30T00:00:00","Time":null,"SurvyeorNa":null,"Survey_Dat":"2024/08/13 16:40:55.155","Survey_Loc":null,"UUID":null,"email_id":null,"Mandals":"Rajendra Nagar","Zone":"Buffer","Income":"BPL","AreaSqm":4.333,"Areatext":"43.3305307023243","Duplicate":"0","Dist":"Ranga Reddy","PCs":"Chevella","Assembly_C":"Rajendra Nagar","Affeceted_":"1900-01-01T00:00:00","S_Number":528,"S_Fall":"Roads","Zone_1":"Z1A S","Affected_S":"Buffer","Area_SQF":466.404085206,"Zonewise":"Z1A","no_of_Floo":1,"gis_geometry_geojson":"{\"type\":\"Polygon\",\"coordinates\":[[[78.4093372,17.3632641],[78.4094369,17.3632463],[78.40943,17.3632106],[78.4093303,17.3632284],[78.4093372,17.3632641]]]}"}},{"type":"Feature","id":"AS589-142","geometry":{"type":"Polygon","coordinates":[[[78.4093478,17.362879],[78.4093782,17.3628886],[78.4093851,17.3628685],[78.4093547,17.3628589],[78.4093478,17.362879]]]},"properties":{"household_id":"AS589-142","OBJECTID":435,"fid_1":1169,"Area":86.0312789702,"DSM":512,"DTM":507,"HEIGHT":5,"BuildingID":"c9f1b","BuiType":"Individual","StructType":"Temporary","NameOwnRep":"c9f1b","Contact":9676443065,"HNoPlotNo":null,"TPIN":null,"ColnyStrtN":null,"SyTsNo":"151","WardBlockN":null,"Use":"Residential","Extent":0,"PlinthArea":0,"Classifica":"Govt","Caste":null,"FinanDepen":null,"HHSize":0,"NoAdults":0,"NoChild":0,"Govtbenefi":null,"Borewell":"No","Courtcase":null,"NameStruct":null,"ReliType":null,"Remarks":null,"CommStatus":null,"Trees":"No","location":null,"Occupation":null,"SkilledOcc":null,"Craftsmen":null,"ReliStruct":null,"Cremetoriu":null,"Email":null,"Date":"1899-12-30T00:00:00","Time":null,"SurvyeorNa":null,"Survey_Dat":"2024/08/13 16:40:55.223","Survey_Loc":null,"UUID":null,"email_id":null,"Mandals":"Rajendra Nagar","Zone":"Buffer","Income":"BPL","AreaSqm":7.9926,"Areatext":"7.99259932015402","Duplicate":"0","Dist":"Ranga Reddy","PCs":"Chevella","Assembly_C":"Rajendra Nagar","Affeceted_":"1900-01-01T00:00:00","S_Number":550,"S_Fall":"Roads","Zone_1":"Z1A S","Affected_S":"Buffer","Area_SQF":172.06255794,"Zonewise":"Z1A","no_of_Floo":2,"gis_geometry_geojson":"{\"type\":\"Polygon\",\"coordinates\":[[[78.4093478,17.362879],[78.4093782,17.3628886],[78.4093851,17.3628685],[78.4093547,17.3628589],[78.4093478,17.362879]]]}"}},{"type":"Feature","id":"AS589-143","geometry":{"type":"Polygon","coordinates":[[[78.4108796,17.3587408],[78.4110522,17.3586363],[78.410899,17.358403],[78.4107263,17.3585075],[78.4108796,17.3587408]]]},"properties":{"household_id":"AS589-143","OBJECTID":448,"fid_1":1183,"Area":7136.57149323,"DSM":512,"DTM":503,"HEIGHT":9,"BuildingID":"b9448","BuiType":null,"StructType":"Permanent","NameOwnRep":"b9448","Contact":9885559090,"HNoPlotNo":null,"TPIN":null,"ColnyStrtN":null,"SyTsNo":"150","WardBlockN":null,"Use":"Commercial","Extent":0,"PlinthArea":0,"Classifica":"ULC","Caste":null,"FinanDepen":null,"HHSize":0,"NoAdults":0,"NoChild":0,"Govtbenefi":null,"Borewell":"Yes","Courtcase":"No","NameStruct":"Godown","ReliType":null,"Remarks":null,"CommStatus":null,"Trees":"No","location":null,"Occupation":null,"SkilledOcc":null,"Craftsmen":null,"ReliStruct":null,"Cremetoriu":null,"Email":null,"Date":"1899-12-30T00:00:00","Time":null,"SurvyeorNa":"sambaraju","Survey_Dat":"2024/08/12 12:12:39.585","Survey_Loc":null,"UUID":null,"email_id":"etikalasambaraju84@gmail.com","Mandals":"Rajendra Nagar","Zone":"Buffer","Income":null,"AreaSqm":6.6301,"Areatext":"663.011838917643","Duplicate":"0","Dist":"Ranga Reddy","PCs":"Chevella","Assembly_C":"Rajendra Nagar","Affeceted_":"1900-01-01T00:00:00","S_Number":447,"S_Fall":"Roads","Zone_1":"Z1A S","Affected_S":"Buffer","Area_SQF":21409.7144797,"Zonewise":"Z1A","no_of_Floo":3,"gis_geometry_geojson":"{\"type\":\"Polygon\",\"coordinates\":[[[78.4108796,17.3587408],[78.4110522,17.3586363],[78.410899,17.358403],[78.4107263,17.3585075],[78.4108796,17.3587408]]]}"}},{"type":"Feature","id":"AS589-144","geometry":{"type":"Polygon","coordinates":[[[78.4108398,17.3586804],[78.4108302,17.3586862],[78.4108542,17.3587227],[78.4108638,17.3587169],[78.4108398,17.3586804]]]},"properties":{"household_id":"AS589-144","OBJECTID":449,"fid_1":1184,"Area":62.3736360577,"DSM":509,"DTM":504,"HEIGHT":5,"BuildingID":"746ea","BuiType":"Individual","StructType":"Temporary","NameOwnRep":"746ea","Contact":9866492777,"HNoPlotNo":null,"TPIN":null,"ColnyStrtN":null,"SyTsNo":"318","WardBlockN":null,"Use":"Residential","Extent":0,"PlinthArea":0,"Classifica":"Patta","Caste":null,"FinanDepen":"No","HHSize":0,"NoAdults":0,"NoChild":0,"Govtbenefi":"No","Borewell":"No","Courtcase":"No","NameStruct":"Rcc","ReliType":null,"Remarks":null,"CommStatus":null,"Trees":"No","location":null,"Occupation":null,"SkilledOcc":null,"Craftsmen":null,"ReliStruct":null,"Cremetoriu":null,"Email":null,"Date":"1899-12-30T00:00:00","Time":null,"SurvyeorNa":null,"Survey_Dat":"2024/08/13 16:40:55.428","Survey_Loc":null,"UUID":null,"email_id":null,"Mandals":"Rajendra Nagar","Zone":"Buffer","Income":"BPL","AreaSqm":5.7947,"Areatext":"5.7947235899844","Duplicate":"0","Dist":"Ranga Reddy","PCs":"Chevella","Assembly_C":"Rajendra Nagar","Affeceted_":"1900-01-01T00:00:00","S_Number":448,"S_Fall":"Roads","Zone_1":"Z1A S","Affected_S":"Buffer","Area_SQF":124.747272115,"Zonewise":"Z1A","no_of_Floo":2,"gis_geometry_geojson":"{\"type\":\"Polygon\",\"coordinates\":[[[78.4108398,17.3586804],[78.4108302,17.3586862],[78.4108542,17.3587227],[78.4108638,17.3587169],[78.4108398,17.3586804]]]}"}},{"type":"Feature","id":"AS589-145","geometry":{"type":"Polygon","coordinates":[[[78.4110079,17.3586954],[78.4109952,17.3586708],[78.4108622,17.358749],[78.4108681,17.3587621],[78.4110079,17.3586954]]]},"properties":{"household_id":"AS589-145","OBJECTID":450,"fid_1":1185,"Area":394.577409629,"DSM":510,"DTM":505,"HEIGHT":5,"BuildingID":"1f9b1","BuiType":"Individual","StructType":"Temporary","NameOwnRep":"1f9b1","Contact":9885559090,"HNoPlotNo":null,"TPIN":null,"ColnyStrtN":null,"SyTsNo":"150","WardBlockN":null,"Use":"Residential","Extent":0,"PlinthArea":0,"Classifica":"Patta","Caste":null,"FinanDepen":null,"HHSize":0,"NoAdults":0,"NoChild":0,"Govtbenefi":null,"Borewell":"No","Courtcase":"No","NameStruct":"Rcc","ReliType":null,"Remarks":null,"CommStatus":null,"Trees":"No","location":null,"Occupation":null,"SkilledOcc":null,"Craftsmen":null,"ReliStruct":null,"Cremetoriu":null,"Email":null,"Date":"1899-12-30T00:00:00","Time":null,"SurvyeorNa":null,"Survey_Dat":"2024/08/13 16:40:55.497","Survey_Loc":null,"UUID":null,"email_id":null,"Mandals":"Rajendra Nagar","Zone":"Buffer","Income":"BPL","AreaSqm":3.6657,"Areatext":"36.6575874897146","Duplicate":"0","Dist":"Ranga Reddy","PCs":"Chevella","Assembly_C":"Rajendra Nagar","Affeceted_":"1900-01-01T00:00:00","S_Number":449,"S_Fall":"Roads","Zone_1":"Z1A S","Affected_S":"Buffer","Area_SQF":789.154819258,"Zonewise":"Z1A","no_of_Floo":2,"gis_geometry_geojson":"{\"type\":\"Polygon\",\"coordinates\":[[[78.4110079,17.3586954],[78.4109952,17.3586708],[78.4108622,17.358749],[78.4108681,17.3587621],[78.4110079,17.3586954]]]}"}},{"type":"Feature","id":"AS589-146","geometry":{"type":"Polygon","coordinates":[[[78.4110428,17.3587992],[78.4110352,17.3587852],[78.4110585,17.3587736],[78.4110449,17.3587485],[78.4109617,17.3587901],[78.4109597,17.3587862],[78.4110293,17.358753],[78.4110228,17.3587383],[78.4110923,17.358704],[78.4110721,17.3586648],[78.4108681,17.3587621],[78.4109302,17.3588823],[78.4109808,17.3588576],[78.4109783,17.3588527],[78.4109993,17.3588421],[78.4109908,17.3588243],[78.4110428,17.3587992]]]},"properties":{"household_id":"AS589-146","OBJECTID":451,"fid_1":1186,"Area":2729.6675692,"DSM":507,"DTM":506,"HEIGHT":1,"BuildingID":"0ec39","BuiType":"Individual","StructType":"Permanent","NameOwnRep":"0ec39","Contact":9705167655,"HNoPlotNo":"2-4-67mr/5","TPIN":null,"ColnyStrtN":null,"SyTsNo":"150","WardBlockN":null,"Use":"Residential","Extent":0,"PlinthArea":0,"Classifica":"Patta","Caste":null,"FinanDepen":null,"HHSize":0,"NoAdults":0,"NoChild":0,"Govtbenefi":null,"Borewell":"Yes","Courtcase":"No","NameStruct":"ACC building","ReliType":null,"Remarks":null,"CommStatus":null,"Trees":"No","location":null,"Occupation":null,"SkilledOcc":null,"Craftsmen":null,"ReliStruct":null,"Cremetoriu":null,"Email":null,"Date":"1899-12-30T00:00:00","Time":null,"SurvyeorNa":null,"Survey_Dat":"2024/08/07 21:18:00.102","Survey_Loc":null,"UUID":null,"email_id":null,"Mandals":"Rajendra Nagar","Zone":"Buffer","Income":null,"AreaSqm":1.4751,"Areatext":"147.515777447294","Duplicate":"0","Dist":"Ranga Reddy","PCs":"Chevella","Assembly_C":"Rajendra Nagar","Affeceted_":"1900-01-01T00:00:00","S_Number":450,"S_Fall":"Roads","Zone_1":"Z1A S","Affected_S":"Buffer","Area_SQF":2729.6675692,"Zonewise":"Z1A","no_of_Floo":1,"gis_geometry_geojson":"{\"type\":\"Polygon\",\"coordinates\":[[[78.4110428,17.3587992],[78.4110352,17.3587852],[78.4110585,17.3587736],[78.4110449,17.3587485],[78.4109617,17.3587901],[78.4109597,17.3587862],[78.4110293,17.358753],[78.4110228,17.3587383],[78.4110923,17.358704],[78.4110721,17.3586648],[78.4108681,17.3587621],[78.4109302,17.3588823],[78.4109808,17.3588576],[78.4109783,17.3588527],[78.4109993,17.3588421],[78.4109908,17.3588243],[78.4110428,17.3587992]]]}"}},{"type":"Feature","id":"AS589-147","geometry":{"type":"Polygon","coordinates":[[[78.4096879,17.3623184],[78.4097612,17.3622276],[78.4097284,17.3622043],[78.40966,17.3622997],[78.4096879,17.3623184]]]},"properties":{"household_id":"AS589-147","OBJECTID":454,"fid_1":1190,"Area":536.565128404,"DSM":510,"DTM":509,"HEIGHT":1,"BuildingID":"dc59c","BuiType":"Individual","StructType":"Temporary","NameOwnRep":"dc59c","Contact":9676443065,"HNoPlotNo":null,"TPIN":null,"ColnyStrtN":null,"SyTsNo":"151","WardBlockN":null,"Use":"Residential","Extent":0,"PlinthArea":0,"Classifica":"Govt","Caste":null,"FinanDepen":null,"HHSize":0,"NoAdults":0,"NoChild":0,"Govtbenefi":null,"Borewell":"No","Courtcase":null,"NameStruct":null,"ReliType":null,"Remarks":null,"CommStatus":null,"Trees":"No","location":null,"Occupation":null,"SkilledOcc":null,"Craftsmen":null,"ReliStruct":null,"Cremetoriu":null,"Email":null,"Date":"1899-12-30T00:00:00","Time":null,"SurvyeorNa":null,"Survey_Dat":"2024/08/13 16:40:55.635","Survey_Loc":null,"UUID":null,"email_id":null,"Mandals":"Rajendra Nagar","Zone":"Buffer","Income":"BPL","AreaSqm":1.4565,"Areatext":"14.5650275550153","Duplicate":"0","Dist":"Ranga Reddy","PCs":"Chevella","Assembly_C":"Rajendra Nagar","Affeceted_":"1900-01-01T00:00:00","S_Number":553,"S_Fall":"Roads","Zone_1":"Z1A S","Affected_S":"Buffer","Area_SQF":536.565128404,"Zonewise":"Z1A","no_of_Floo":1,"gis_geometry_geojson":"{\"type\":\"Polygon\",\"coordinates\":[[[78.4096879,17.3623184],[78.4097612,17.3622276],[78.4097284,17.3622043],[78.40966,17.3622997],[78.4096879,17.3623184]]]}"}},{"type":"Feature","id":"AS589-148","geometry":{"type":"Polygon","coordinates":[[[78.4099061,17.3620353],[78.4097425,17.3621958],[78.409768,17.3622195],[78.4099307,17.3620581],[78.4099061,17.3620353]]]},"properties":{"household_id":"AS589-148","OBJECTID":457,"fid_1":1193,"Area":1009.28849365,"DSM":510,"DTM":508,"HEIGHT":2,"BuildingID":"2d076","BuiType":"Individual","StructType":"Temporary","NameOwnRep":"2d076","Contact":9676443065,"HNoPlotNo":null,"TPIN":null,"ColnyStrtN":null,"SyTsNo":"151","WardBlockN":null,"Use":"Residential","Extent":0,"PlinthArea":0,"Classifica":"Govt","Caste":null,"FinanDepen":null,"HHSize":0,"NoAdults":0,"NoChild":0,"Govtbenefi":null,"Borewell":"No","Courtcase":"No","NameStruct":null,"ReliType":null,"Remarks":null,"CommStatus":null,"Trees":"No","location":null,"Occupation":null,"SkilledOcc":null,"Craftsmen":null,"ReliStruct":null,"Cremetoriu":null,"Email":null,"Date":"1899-12-30T00:00:00","Time":null,"SurvyeorNa":null,"Survey_Dat":"2024/08/13 16:40:55.841","Survey_Loc":null,"UUID":null,"email_id":null,"Mandals":"Rajendra Nagar","Zone":"Buffer","Income":"BPL","AreaSqm":1.1751,"Areatext":"11.7511670004914","Duplicate":"0","Dist":"Ranga Reddy","PCs":"Chevella","Assembly_C":"Rajendra Nagar","Affeceted_":"1900-01-01T00:00:00","S_Number":556,"S_Fall":"Roads","Zone_1":"Z1A S","Affected_S":"Buffer","Area_SQF":1009.28849365,"Zonewise":"Z1A","no_of_Floo":1,"gis_geometry_geojson":"{\"type\":\"Polygon\",\"coordinates\":[[[78.4099061,17.3620353],[78.4097425,17.3621958],[78.409768,17.3622195],[78.4099307,17.3620581],[78.4099061,17.3620353]]]}"}},{"type":"Feature","id":"AS589-149","geometry":{"type":"Polygon","coordinates":[[[78.4100132,17.3619863],[78.4100934,17.3618978],[78.4100583,17.3618686],[78.4100274,17.3619042],[78.4100462,17.3619193],[78.4100164,17.3618954],[78.4099876,17.3619287],[78.4099982,17.3619372],[78.4099792,17.3619591],[78.4100132,17.3619863]]]},"properties":{"household_id":"AS589-149","OBJECTID":462,"fid_1":1198,"Area":748.547035332,"DSM":510,"DTM":508,"HEIGHT":2,"BuildingID":"9ba79","BuiType":"Individual","StructType":"Temporary","NameOwnRep":"9ba79","Contact":9676443065,"HNoPlotNo":null,"TPIN":null,"ColnyStrtN":null,"SyTsNo":"151","WardBlockN":null,"Use":"Residential","Extent":0,"PlinthArea":0,"Classifica":"Govt","Caste":null,"FinanDepen":null,"HHSize":0,"NoAdults":0,"NoChild":0,"Govtbenefi":null,"Borewell":"No","Courtcase":null,"NameStruct":null,"ReliType":null,"Remarks":null,"CommStatus":null,"Trees":"No","location":null,"Occupation":null,"SkilledOcc":null,"Craftsmen":null,"ReliStruct":null,"Cremetoriu":null,"Email":null,"Date":"1899-12-30T00:00:00","Time":null,"SurvyeorNa":null,"Survey_Dat":"2024/08/13 16:40:56.183","Survey_Loc":null,"UUID":null,"email_id":null,"Mandals":"Rajendra Nagar","Zone":"Buffer","Income":"BPL","AreaSqm":1.4844,"Areatext":"14.8445020804226","Duplicate":"0","Dist":"Ranga Reddy","PCs":"Chevella","Assembly_C":"Rajendra Nagar","Affeceted_":"1900-01-01T00:00:00","S_Number":512,"S_Fall":"Roads","Zone_1":"Z1A S","Affected_S":"Buffer","Area_SQF":748.547035332,"Zonewise":"Z1A","no_of_Floo":1,"gis_geometry_geojson":"{\"type\":\"Polygon\",\"coordinates\":[[[78.4100132,17.3619863],[78.4100934,17.3618978],[78.4100583,17.3618686],[78.4100274,17.3619042],[78.4100462,17.3619193],[78.4100164,17.3618954],[78.4099876,17.3619287],[78.4099982,17.3619372],[78.4099792,17.3619591],[78.4100132,17.3619863]]]}"}},{"type":"Feature","id":"AS589-150","geometry":{"type":"Polygon","coordinates":[[[78.4101005,17.3618876],[78.4101365,17.3618513],[78.4101,17.3618178],[78.4100639,17.361854],[78.4101005,17.3618876]]]},"properties":{"household_id":"AS589-150","OBJECTID":465,"fid_1":1201,"Area":321.062113295,"DSM":510,"DTM":509,"HEIGHT":1,"BuildingID":"f45dd","BuiType":"Individual","StructType":"Temporary","NameOwnRep":"f45dd","Contact":9676443065,"HNoPlotNo":null,"TPIN":null,"ColnyStrtN":null,"SyTsNo":"151","WardBlockN":null,"Use":"Residential","Extent":0,"PlinthArea":0,"Classifica":null,"Caste":null,"FinanDepen":null,"HHSize":0,"NoAdults":0,"NoChild":0,"Govtbenefi":null,"Borewell":"No","Courtcase":null,"NameStruct":null,"ReliType":null,"Remarks":null,"CommStatus":null,"Trees":"No","location":null,"Occupation":null,"SkilledOcc":null,"Craftsmen":null,"ReliStruct":null,"Cremetoriu":null,"Email":null,"Date":"1899-12-30T00:00:00","Time":null,"SurvyeorNa":null,"Survey_Dat":"2024/08/13 16:40:56.388","Survey_Loc":null,"UUID":null,"email_id":null,"Mandals":"Rajendra Nagar","Zone":"Buffer","Income":"BPL","AreaSqm":2.9827,"Areatext":"29.827765661706","Duplicate":"0","Dist":"Ranga Reddy","PCs":"Chevella","Assembly_C":"Rajendra Nagar","Affeceted_":"1900-01-01T00:00:00","S_Number":509,"S_Fall":"Roads","Zone_1":"Z1A S","Affected_S":"Buffer","Area_SQF":321.062113295,"Zonewise":"Z1A","no_of_Floo":1,"gis_geometry_geojson":"{\"type\":\"Polygon\",\"coordinates\":[[[78.4101005,17.3618876],[78.4101365,17.3618513],[78.4101,17.3618178],[78.4100639,17.361854],[78.4101005,17.3618876]]]}"}},{"type":"Feature","id":"AS589-151","geometry":{"type":"Polygon","coordinates":[[[78.4104631,17.361444],[78.4105663,17.3613296],[78.4105418,17.3613084],[78.4105031,17.3613498],[78.4105077,17.3613538],[78.4105012,17.3613607],[78.4104981,17.3613581],[78.4104536,17.3614057],[78.410445,17.3613983],[78.4104283,17.3614161],[78.4104631,17.361444]]]},"properties":{"household_id":"AS589-151","OBJECTID":478,"fid_1":1214,"Area":677.073769543,"DSM":509,"DTM":505,"HEIGHT":4,"BuildingID":"54902","BuiType":"Individual","StructType":"Temporary","NameOwnRep":"54902","Contact":9676443065,"HNoPlotNo":null,"TPIN":null,"ColnyStrtN":null,"SyTsNo":"151","WardBlockN":null,"Use":"Residential","Extent":0,"PlinthArea":0,"Classifica":"Patta","Caste":null,"FinanDepen":null,"HHSize":0,"NoAdults":0,"NoChild":0,"Govtbenefi":null,"Borewell":"No","Courtcase":null,"NameStruct":null,"ReliType":null,"Remarks":null,"CommStatus":null,"Trees":"No","location":null,"Occupation":null,"SkilledOcc":null,"Craftsmen":null,"ReliStruct":null,"Cremetoriu":null,"Email":null,"Date":"1899-12-30T00:00:00","Time":null,"SurvyeorNa":null,"Survey_Dat":"2024/08/13 16:40:57.215","Survey_Loc":null,"UUID":null,"email_id":null,"Mandals":"Rajendra Nagar","Zone":"Buffer","Income":"BPL","AreaSqm":3.4633,"Areatext":"34.6332969374936","Duplicate":"0","Dist":"Ranga Reddy","PCs":"Chevella","Assembly_C":"Rajendra Nagar","Affeceted_":"1900-01-01T00:00:00","S_Number":492,"S_Fall":"Roads","Zone_1":"Z1A S","Affected_S":"Buffer","Area_SQF":677.073769543,"Zonewise":"Z1A","no_of_Floo":1,"gis_geometry_geojson":"{\"type\":\"Polygon\",\"coordinates\":[[[78.4104631,17.361444],[78.4105663,17.3613296],[78.4105418,17.3613084],[78.4105031,17.3613498],[78.4105077,17.3613538],[78.4105012,17.3613607],[78.4104981,17.3613581],[78.4104536,17.3614057],[78.410445,17.3613983],[78.4104283,17.3614161],[78.4104631,17.361444]]]}"}},{"type":"Feature","id":"AS589-152","geometry":{"type":"Polygon","coordinates":[[[78.4105463,17.3613871],[78.4105998,17.3613297],[78.4105611,17.361294],[78.410545,17.3613112],[78.4105663,17.3613296],[78.4105621,17.3613342],[78.4105667,17.3613382],[78.4105633,17.3613368],[78.4104766,17.3614297],[78.4104982,17.3614483],[78.4105514,17.3613914],[78.4105463,17.3613871]]]},"properties":{"household_id":"AS589-152","OBJECTID":480,"fid_1":1216,"Area":590.099990345,"DSM":509,"DTM":506,"HEIGHT":3,"BuildingID":"f970c","BuiType":"Individual","StructType":"Temporary","NameOwnRep":"f970c","Contact":9676443065,"HNoPlotNo":null,"TPIN":null,"ColnyStrtN":null,"SyTsNo":"151","WardBlockN":null,"Use":"Residential","Extent":0,"PlinthArea":0,"Classifica":"Patta","Caste":null,"FinanDepen":null,"HHSize":0,"NoAdults":0,"NoChild":0,"Govtbenefi":null,"Borewell":"Yes","Courtcase":null,"NameStruct":null,"ReliType":null,"Remarks":null,"CommStatus":null,"Trees":"No","location":null,"Occupation":null,"SkilledOcc":null,"Craftsmen":null,"ReliStruct":null,"Cremetoriu":null,"Email":null,"Date":"1899-12-30T00:00:00","Time":null,"SurvyeorNa":null,"Survey_Dat":"2024/08/13 16:40:57.284","Survey_Loc":null,"UUID":null,"email_id":null,"Mandals":"Rajendra Nagar","Zone":"Buffer","Income":"BPL","AreaSqm":2.6178,"Areatext":"26.1785109426137","Duplicate":"0","Dist":"Ranga Reddy","PCs":"Chevella","Assembly_C":"Rajendra Nagar","Affeceted_":"1900-01-01T00:00:00","S_Number":493,"S_Fall":"Roads","Zone_1":"Z1A S","Affected_S":"Buffer","Area_SQF":590.099990345,"Zonewise":"Z1A","no_of_Floo":1,"gis_geometry_geojson":"{\"type\":\"Polygon\",\"coordinates\":[[[78.4105463,17.3613871],[78.4105998,17.3613297],[78.4105611,17.361294],[78.410545,17.3613112],[78.4105663,17.3613296],[78.4105621,17.3613342],[78.4105667,17.3613382],[78.4105633,17.3613368],[78.4104766,17.3614297],[78.4104982,17.3614483],[78.4105514,17.3613914],[78.4105463,17.3613871]]]}"}},{"type":"Feature","id":"AS589-153","geometry":{"type":"Polygon","coordinates":[[[78.4099359,17.3575989],[78.4099679,17.3576444],[78.4100574,17.3575863],[78.4100254,17.3575408],[78.4099359,17.3575989]]]},"properties":{"household_id":"AS589-153","OBJECTID":485,"fid_1":1231,"Area":751.76259075,"DSM":507,"DTM":503,"HEIGHT":4,"BuildingID":"ee537","BuiType":null,"StructType":"Temporary","NameOwnRep":"ee537","Contact":9848466713,"HNoPlotNo":"Plot no 635","TPIN":null,"ColnyStrtN":null,"SyTsNo":"140","WardBlockN":null,"Use":"Commercial","Extent":0,"PlinthArea":0,"Classifica":"ULC","Caste":null,"FinanDepen":null,"HHSize":0,"NoAdults":0,"NoChild":0,"Govtbenefi":null,"Borewell":"Yes","Courtcase":"No","NameStruct":"ACC shed","ReliType":null,"Remarks":null,"CommStatus":null,"Trees":"No","location":null,"Occupation":null,"SkilledOcc":null,"Craftsmen":null,"ReliStruct":null,"Cremetoriu":null,"Email":null,"Date":"1899-12-30T00:00:00","Time":null,"SurvyeorNa":null,"Survey_Dat":"2024/08/15 11:32:26.996","Survey_Loc":null,"UUID":null,"email_id":null,"Mandals":"Rajendra Nagar","Zone":"Buffer","Income":"BPL","AreaSqm":6.9841,"Areatext":"69.8413093993478","Duplicate":"0","Dist":"Ranga Reddy","PCs":"Chevella","Assembly_C":"Rajendra Nagar","Affeceted_":"1900-01-01T00:00:00","S_Number":444,"S_Fall":"Roads","Zone_1":"Z1A S","Affected_S":"Buffer","Area_SQF":751.76259075,"Zonewise":"Z1A","no_of_Floo":1,"gis_geometry_geojson":"{\"type\":\"Polygon\",\"coordinates\":[[[78.4099359,17.3575989],[78.4099679,17.3576444],[78.4100574,17.3575863],[78.4100254,17.3575408],[78.4099359,17.3575989]]]}"}},{"type":"Feature","id":"AS589-154","geometry":{"type":"Polygon","coordinates":[[[78.4099679,17.3576444],[78.4099492,17.3576178],[78.4099228,17.3576349],[78.4099416,17.3576616],[78.4099679,17.3576444]]]},"properties":{"household_id":"AS589-154","OBJECTID":486,"fid_1":1232,"Area":129.751484839,"DSM":507,"DTM":503,"HEIGHT":4,"BuildingID":"76cd0","BuiType":null,"StructType":"Temporary","NameOwnRep":"76cd0","Contact":0,"HNoPlotNo":null,"TPIN":null,"ColnyStrtN":null,"SyTsNo":"140","WardBlockN":null,"Use":"Residential","Extent":0,"PlinthArea":0,"Classifica":"ULC","Caste":null,"FinanDepen":null,"HHSize":0,"NoAdults":0,"NoChild":0,"Govtbenefi":null,"Borewell":"No","Courtcase":"No","NameStruct":"ACC room","ReliType":null,"Remarks":null,"CommStatus":null,"Trees":"No","location":null,"Occupation":null,"SkilledOcc":null,"Craftsmen":null,"ReliStruct":null,"Cremetoriu":null,"Email":null,"Date":"1899-12-30T00:00:00","Time":null,"SurvyeorNa":null,"Survey_Dat":"2024/08/13 16:40:57.630","Survey_Loc":null,"UUID":null,"email_id":null,"Mandals":"Rajendra Nagar","Zone":"Buffer","Income":"BPL","AreaSqm":1.2054,"Areatext":"12.0543555983799","Duplicate":"0","Dist":"Ranga Reddy","PCs":"Chevella","Assembly_C":"Rajendra Nagar","Affeceted_":"1900-01-01T00:00:00","S_Number":445,"S_Fall":"Roads","Zone_1":"Z1A S","Affected_S":"Buffer","Area_SQF":129.751484839,"Zonewise":"Z1A","no_of_Floo":1,"gis_geometry_geojson":"{\"type\":\"Polygon\",\"coordinates\":[[[78.4099679,17.3576444],[78.4099492,17.3576178],[78.4099228,17.3576349],[78.4099416,17.3576616],[78.4099679,17.3576444]]]}"}},{"type":"Feature","id":"AS589-155","geometry":{"type":"Polygon","coordinates":[[[78.4099416,17.3576616],[78.4099316,17.3576475],[78.4099191,17.3576556],[78.409929,17.3576697],[78.4099416,17.3576616]]]},"properties":{"household_id":"AS589-155","OBJECTID":487,"fid_1":1233,"Area":32.6828451729,"DSM":506,"DTM":503,"HEIGHT":3,"BuildingID":"102d7","BuiType":null,"StructType":"Temporary","NameOwnRep":"102d7","Contact":0,"HNoPlotNo":null,"TPIN":null,"ColnyStrtN":null,"SyTsNo":"140","WardBlockN":null,"Use":"Residential","Extent":0,"PlinthArea":0,"Classifica":"ULC","Caste":null,"FinanDepen":null,"HHSize":0,"NoAdults":0,"NoChild":0,"Govtbenefi":null,"Borewell":"No","Courtcase":"No","NameStruct":"Boath room","ReliType":null,"Remarks":null,"CommStatus":null,"Trees":"No","location":null,"Occupation":null,"SkilledOcc":null,"Craftsmen":null,"ReliStruct":null,"Cremetoriu":null,"Email":null,"Date":"1899-12-30T00:00:00","Time":null,"SurvyeorNa":null,"Survey_Dat":"2024/08/15 11:32:27.065","Survey_Loc":null,"UUID":null,"email_id":null,"Mandals":"Rajendra Nagar","Zone":"Buffer","Income":"BPL","AreaSqm":3.0363,"Areatext":"3.03634781708185","Duplicate":"0","Dist":"Ranga Reddy","PCs":"Chevella","Assembly_C":"Rajendra Nagar","Affeceted_":"1900-01-01T00:00:00","S_Number":446,"S_Fall":"Roads","Zone_1":"Z1A S","Affected_S":"Buffer","Area_SQF":32.6828451729,"Zonewise":"Z1A","no_of_Floo":1,"gis_geometry_geojson":"{\"type\":\"Polygon\",\"coordinates\":[[[78.4099416,17.3576616],[78.4099316,17.3576475],[78.4099191,17.3576556],[78.409929,17.3576697],[78.4099416,17.3576616]]]}"}},{"type":"Feature","id":"AS589-156","geometry":{"type":"Polygon","coordinates":[[[78.409893,17.3575274],[78.4099312,17.3575019],[78.4099152,17.3574799],[78.409877,17.3575053],[78.409893,17.3575274]]]},"properties":{"household_id":"AS589-156","OBJECTID":488,"fid_1":1234,"Area":158.022887461,"DSM":506,"DTM":503,"HEIGHT":3,"BuildingID":"be0c3","BuiType":null,"StructType":"Temporary","NameOwnRep":"be0c3","Contact":0,"HNoPlotNo":null,"TPIN":null,"ColnyStrtN":null,"SyTsNo":"140","WardBlockN":null,"Use":"Commercial","Extent":0,"PlinthArea":0,"Classifica":"ULC","Caste":null,"FinanDepen":null,"HHSize":0,"NoAdults":0,"NoChild":0,"Govtbenefi":null,"Borewell":"Yes","Courtcase":"No","NameStruct":"ACC shed","ReliType":null,"Remarks":null,"CommStatus":null,"Trees":"No","location":null,"Occupation":null,"SkilledOcc":null,"Craftsmen":null,"ReliStruct":null,"Cremetoriu":null,"Email":null,"Date":"1899-12-30T00:00:00","Time":null,"SurvyeorNa":null,"Survey_Dat":"2024/08/15 11:32:27.135","Survey_Loc":null,"UUID":null,"email_id":null,"Mandals":"Rajendra Nagar","Zone":"Buffer","Income":"BPL","AreaSqm":1.468,"Areatext":"14.6808653592517","Duplicate":"0","Dist":"Ranga Reddy","PCs":"Chevella","Assembly_C":"Rajendra Nagar","Affeceted_":"1900-01-01T00:00:00","S_Number":441,"S_Fall":"Roads","Zone_1":"Z1A S","Affected_S":"Buffer","Area_SQF":158.022887461,"Zonewise":"Z1A","no_of_Floo":1,"gis_geometry_geojson":"{\"type\":\"Polygon\",\"coordinates\":[[[78.409893,17.3575274],[78.4099312,17.3575019],[78.4099152,17.3574799],[78.409877,17.3575053],[78.409893,17.3575274]]]}"}},{"type":"Feature","id":"AS589-157","geometry":{"type":"Polygon","coordinates":[[[78.409901,17.3575385],[78.4099195,17.3575261],[78.4099115,17.357515],[78.409893,17.3575274],[78.409901,17.3575385]]]},"properties":{"household_id":"AS589-157","OBJECTID":489,"fid_1":1235,"Area":38.6558116394,"DSM":506,"DTM":503,"HEIGHT":3,"BuildingID":"3c55f","BuiType":null,"StructType":"Temporary","NameOwnRep":"3c55f","Contact":0,"HNoPlotNo":null,"TPIN":null,"ColnyStrtN":null,"SyTsNo":"140","WardBlockN":null,"Use":"Commercial","Extent":0,"PlinthArea":0,"Classifica":null,"Caste":null,"FinanDepen":null,"HHSize":0,"NoAdults":0,"NoChild":0,"Govtbenefi":null,"Borewell":"Yes","Courtcase":"No","NameStruct":"ACC shed","ReliType":null,"Remarks":null,"CommStatus":null,"Trees":"No","location":null,"Occupation":null,"SkilledOcc":null,"Craftsmen":null,"ReliStruct":null,"Cremetoriu":null,"Email":null,"Date":"1899-12-30T00:00:00","Time":null,"SurvyeorNa":null,"Survey_Dat":"2024/08/15 11:32:27.204","Survey_Loc":null,"UUID":null,"email_id":null,"Mandals":"Rajendra Nagar","Zone":"Buffer","Income":"BPL","AreaSqm":3.5913,"Areatext":"3.59125678667168","Duplicate":"0","Dist":"Ranga Reddy","PCs":"Chevella","Assembly_C":"Rajendra Nagar","Affeceted_":"1900-01-01T00:00:00","S_Number":442,"S_Fall":"Roads","Zone_1":"Z1A S","Affected_S":"Buffer","Area_SQF":38.6558116394,"Zonewise":"Z1A","no_of_Floo":1,"gis_geometry_geojson":"{\"type\":\"Polygon\",\"coordinates\":[[[78.409901,17.3575385],[78.4099195,17.3575261],[78.4099115,17.357515],[78.409893,17.3575274],[78.409901,17.3575385]]]}"}},{"type":"Feature","id":"AS589-158","geometry":{"type":"Polygon","coordinates":[[[78.409901,17.3575385],[78.4099071,17.3575468],[78.4099215,17.3575372],[78.4099155,17.3575288],[78.409901,17.3575385]]]},"properties":{"household_id":"AS589-158","OBJECTID":490,"fid_1":1236,"Area":22.7643465497,"DSM":505,"DTM":503,"HEIGHT":2,"BuildingID":"dbfad","BuiType":null,"StructType":"Temporary","NameOwnRep":"dbfad","Contact":9848466713,"HNoPlotNo":null,"TPIN":null,"ColnyStrtN":null,"SyTsNo":"140","WardBlockN":null,"Use":"Commercial","Extent":0,"PlinthArea":0,"Classifica":"ULC","Caste":null,"FinanDepen":null,"HHSize":0,"NoAdults":0,"NoChild":0,"Govtbenefi":null,"Borewell":"No","Courtcase":"No","NameStruct":"ACC shed","ReliType":null,"Remarks":null,"CommStatus":null,"Trees":"No","location":null,"Occupation":null,"SkilledOcc":null,"Craftsmen":null,"ReliStruct":null,"Cremetoriu":null,"Email":null,"Date":"1899-12-30T00:00:00","Time":null,"SurvyeorNa":null,"Survey_Dat":"2024/08/15 11:32:27.274","Survey_Loc":null,"UUID":null,"email_id":null,"Mandals":"Rajendra Nagar","Zone":"Buffer","Income":"BPL","AreaSqm":2.1149,"Areatext":"2.11488545332763","Duplicate":"0","Dist":"Ranga Reddy","PCs":"Chevella","Assembly_C":"Rajendra Nagar","Affeceted_":"1900-01-01T00:00:00","S_Number":443,"S_Fall":"Roads","Zone_1":"Z1A S","Affected_S":"Buffer","Area_SQF":22.7643465497,"Zonewise":"Z1A","no_of_Floo":1,"gis_geometry_geojson":"{\"type\":\"Polygon\",\"coordinates\":[[[78.409901,17.3575385],[78.4099071,17.3575468],[78.4099215,17.3575372],[78.4099155,17.3575288],[78.409901,17.3575385]]]}"}},{"type":"Feature","id":"AS589-159","geometry":{"type":"Polygon","coordinates":[[[78.322855,17.3791496],[78.3228002,17.3793699],[78.3229475,17.3794037],[78.3229653,17.3793322],[78.3229591,17.3793308],[78.3229943,17.3791893],[78.322855,17.3791496]]]},"properties":{"household_id":"AS589-159","OBJECTID":157,"fid_1":21,"Area":4155.22511122,"DSM":524.67035,"DTM":519,"HEIGHT":5.67035,"BuildingID":"e0553","BuiType":null,"StructType":"Permanent","NameOwnRep":"e0553","Contact":0,"HNoPlotNo":null,"TPIN":null,"ColnyStrtN":null,"SyTsNo":"16","WardBlockN":null,"Use":"Govt","Extent":0,"PlinthArea":0,"Classifica":"Govt","Caste":null,"FinanDepen":null,"HHSize":0,"NoAdults":0,"NoChild":0,"Govtbenefi":null,"Borewell":"No","Courtcase":"No","NameStruct":"DRCC centre","ReliType":null,"Remarks":"There is a DRCC center maintained by the commissioner Narsingi a Municipality","CommStatus":null,"Trees":"Yes","location":null,"Occupation":null,"SkilledOcc":null,"Craftsmen":null,"ReliStruct":null,"Cremetoriu":null,"Email":null,"Date":"1899-12-30T00:00:00","Time":null,"SurvyeorNa":null,"Survey_Dat":null,"Survey_Loc":null,"UUID":null,"email_id":"RiverBasin","Mandals":"Gandipet","Zone":"River","Income":null,"AreaSqm":3.8603,"Areatext":"386.034588852494","Duplicate":"0","Dist":"Ranga Reddy","PCs":"Chevella","Assembly_C":"Rajendra Nagar","Affeceted_":"1899-12-30T00:00:00","S_Number":0,"S_Fall":"Roads","Zone_1":"Z1B N","Affected_S":"Buffer","Area_SQF":8310.45022244,"Zonewise":"Z1B","no_of_Floo":2,"gis_geometry_geojson":"{\"type\":\"Polygon\",\"coordinates\":[[[78.322855,17.3791496],[78.3228002,17.3793699],[78.3229475,17.3794037],[78.3229653,17.3793322],[78.3229591,17.3793308],[78.3229943,17.3791893],[78.322855,17.3791496]]]}"}},{"type":"Feature","id":"AS589-160","geometry":{"type":"Polygon","coordinates":[[[78.3500418,17.3853489],[78.3500224,17.3852443],[78.3499886,17.3852501],[78.350008,17.3853547],[78.3500418,17.3853489]]]},"properties":{"household_id":"AS589-160","OBJECTID":160,"fid_1":38,"Area":462.839111023,"DSM":520.41711,"DTM":513,"HEIGHT":7.41711,"BuildingID":"b4b9d","BuiType":null,"StructType":"Temporary","NameOwnRep":"b4b9d","Contact":9848991929,"HNoPlotNo":null,"TPIN":null,"ColnyStrtN":null,"SyTsNo":"476","WardBlockN":null,"Use":"Commercial","Extent":50,"PlinthArea":0,"Classifica":"Patta","Caste":"OC","FinanDepen":"No","HHSize":0,"NoAdults":0,"NoChild":0,"Govtbenefi":"No","Borewell":"No","Courtcase":"No","NameStruct":"Temporary TIN shed","ReliType":null,"Remarks":"There is a Temporary TIN shed using for office by Sri Aditya construction company for their project purpose","CommStatus":"Others","Trees":"No","location":null,"Occupation":null,"SkilledOcc":null,"Craftsmen":null,"ReliStruct":null,"Cremetoriu":null,"Email":null,"Date":"1899-12-30T00:00:00","Time":null,"SurvyeorNa":null,"Survey_Dat":null,"Survey_Loc":null,"UUID":null,"email_id":null,"Mandals":"Gandipet","Zone":"Buffer","Income":"BPL","AreaSqm":4.2999,"Areatext":"42.9993324414245","Duplicate":"0","Dist":"Ranga Reddy","PCs":"Chevella","Assembly_C":"Rajendra Nagar","Affeceted_":"1899-12-30T00:00:00","S_Number":0,"S_Fall":"Roads","Zone_1":"Z1B N","Affected_S":"Buffer","Area_SQF":925.678222046,"Zonewise":"Z1B","no_of_Floo":2,"gis_geometry_geojson":"{\"type\":\"Polygon\",\"coordinates\":[[[78.3500418,17.3853489],[78.3500224,17.3852443],[78.3499886,17.3852501],[78.350008,17.3853547],[78.3500418,17.3853489]]]}"}},{"type":"Feature","id":"AS589-161","geometry":{"type":"Polygon","coordinates":[[[78.349911,17.3853462],[78.3499724,17.3853352],[78.3499635,17.3852895],[78.3499021,17.3853005],[78.349911,17.3853462]]]},"properties":{"household_id":"AS589-161","OBJECTID":161,"fid_1":39,"Area":368.209562189,"DSM":521.00293,"DTM":514,"HEIGHT":7.00293,"BuildingID":"d8f39","BuiType":null,"StructType":"Temporary","NameOwnRep":"d8f39","Contact":9848991929,"HNoPlotNo":null,"TPIN":null,"ColnyStrtN":null,"SyTsNo":"476","WardBlockN":null,"Use":"Commercial","Extent":80,"PlinthArea":0,"Classifica":"Patta","Caste":"OC","FinanDepen":"No","HHSize":0,"NoAdults":0,"NoChild":0,"Govtbenefi":"No","Borewell":"No","Courtcase":"No","NameStruct":"Temporary TIN shed","ReliType":null,"Remarks":"There is a tin temporary shed Aditya reddy","CommStatus":"Others","Trees":"No","location":null,"Occupation":null,"SkilledOcc":null,"Craftsmen":null,"ReliStruct":null,"Cremetoriu":null,"Email":null,"Date":"1899-12-30T00:00:00","Time":null,"SurvyeorNa":null,"Survey_Dat":null,"Survey_Loc":null,"UUID":null,"email_id":null,"Mandals":"Gandipet","Zone":"Buffer","Income":"BPL","AreaSqm":3.4207,"Areatext":"34.2079245155053","Duplicate":"0","Dist":"Ranga Reddy","PCs":"Chevella","Assembly_C":"Rajendra Nagar","Affeceted_":"1899-12-30T00:00:00","S_Number":0,"S_Fall":"Roads","Zone_1":"Z1B N","Affected_S":"Buffer","Area_SQF":736.419124378,"Zonewise":"Z1B","no_of_Floo":2,"gis_geometry_geojson":"{\"type\":\"Polygon\",\"coordinates\":[[[78.349911,17.3853462],[78.3499724,17.3853352],[78.3499635,17.3852895],[78.3499021,17.3853005],[78.349911,17.3853462]]]}"}},{"type":"Feature","id":"AS589-162","geometry":{"type":"Polygon","coordinates":[[[78.3500224,17.3852443],[78.3500317,17.3852946],[78.3500593,17.3852903],[78.3500729,17.3853509],[78.3501902,17.3853272],[78.350186,17.3853087],[78.350158,17.3853133],[78.3501401,17.3852237],[78.3500224,17.3852443]]]},"properties":{"household_id":"AS589-162","OBJECTID":162,"fid_1":40,"Area":1559.94926751,"DSM":521.30743,"DTM":514,"HEIGHT":7.30743,"BuildingID":"997f8","BuiType":null,"StructType":"Temporary","NameOwnRep":"997f8","Contact":9848991929,"HNoPlotNo":null,"TPIN":null,"ColnyStrtN":null,"SyTsNo":"476","WardBlockN":null,"Use":"Commercial","Extent":150,"PlinthArea":0,"Classifica":"Patta","Caste":"OC","FinanDepen":"No","HHSize":0,"NoAdults":0,"NoChild":0,"Govtbenefi":"No","Borewell":"No","Courtcase":"No","NameStruct":"Temporary TIN shed","ReliType":null,"Remarks":"There is Temporary TIN shed using for storage of construction material of the Sri Aditya construction company for their project .","CommStatus":"Others","Trees":"No","location":null,"Occupation":null,"SkilledOcc":null,"Craftsmen":null,"ReliStruct":null,"Cremetoriu":null,"Email":null,"Date":"1899-12-30T00:00:00","Time":null,"SurvyeorNa":null,"Survey_Dat":null,"Survey_Loc":null,"UUID":null,"email_id":null,"Mandals":"Gandipet","Zone":"Buffer","Income":"BPL","AreaSqm":1.4492,"Areatext":"144.92460889454","Duplicate":"0","Dist":"Ranga Reddy","PCs":"Chevella","Assembly_C":"Rajendra Nagar","Affeceted_":"1899-12-30T00:00:00","S_Number":0,"S_Fall":"Roads","Zone_1":"Z1B N","Affected_S":"Buffer","Area_SQF":3119.89853502,"Zonewise":"Z1B","no_of_Floo":2,"gis_geometry_geojson":"{\"type\":\"Polygon\",\"coordinates\":[[[78.3500224,17.3852443],[78.3500317,17.3852946],[78.3500593,17.3852903],[78.3500729,17.3853509],[78.3501902,17.3853272],[78.350186,17.3853087],[78.350158,17.3853133],[78.3501401,17.3852237],[78.3500224,17.3852443]]]}"}},{"type":"Feature","id":"AS589-163","geometry":{"type":"Polygon","coordinates":[[[78.3491293,17.3840754],[78.349137,17.3841028],[78.3491643,17.3840954],[78.3491568,17.3840684],[78.3491293,17.3840754]]]},"properties":{"household_id":"AS589-163","OBJECTID":163,"fid_1":44,"Area":101.613484029,"DSM":522.27625,"DTM":514,"HEIGHT":8.27625,"BuildingID":"75793","BuiType":"Individual","StructType":"Temporary","NameOwnRep":"75793","Contact":7032799199,"HNoPlotNo":null,"TPIN":null,"ColnyStrtN":null,"SyTsNo":"509","WardBlockN":null,"Use":"Residential","Extent":0,"PlinthArea":0,"Classifica":"Patta","Caste":"BC","FinanDepen":"No","HHSize":0,"NoAdults":0,"NoChild":0,"Govtbenefi":"No","Borewell":"No","Courtcase":"No","NameStruct":"Temporary shed","ReliType":null,"Remarks":"There is a temporary structure belong to E infra construction company","CommStatus":null,"Trees":"No","location":null,"Occupation":"Others","SkilledOcc":null,"Craftsmen":null,"ReliStruct":null,"Cremetoriu":null,"Email":null,"Date":"1899-12-30T00:00:00","Time":null,"SurvyeorNa":null,"Survey_Dat":null,"Survey_Loc":null,"UUID":null,"email_id":null,"Mandals":"Gandipet","Zone":"Buffer","Income":"APL","AreaSqm":9.4402,"Areatext":"9.44023933260786","Duplicate":"0","Dist":"Ranga Reddy","PCs":"Chevella","Assembly_C":"Rajendra Nagar","Affeceted_":"1899-12-30T00:00:00","S_Number":0,"S_Fall":"Roads","Zone_1":"Z1B S","Affected_S":"Buffer","Area_SQF":304.840452087,"Zonewise":"Z1B","no_of_Floo":3,"gis_geometry_geojson":"{\"type\":\"Polygon\",\"coordinates\":[[[78.3491293,17.3840754],[78.349137,17.3841028],[78.3491643,17.3840954],[78.3491568,17.3840684],[78.3491293,17.3840754]]]}"}},{"type":"Feature","id":"AS589-164","geometry":{"type":"Polygon","coordinates":[[[78.3491669,17.3840612],[78.3491799,17.3840871],[78.3492066,17.384075],[78.3491939,17.3840491],[78.3491669,17.3840612]]]},"properties":{"household_id":"AS589-164","OBJECTID":164,"fid_1":45,"Area":107.775021464,"DSM":522.27362,"DTM":514,"HEIGHT":8.27362,"BuildingID":"10b32","BuiType":"Individual","StructType":"Temporary","NameOwnRep":"10b32","Contact":7032799199,"HNoPlotNo":null,"TPIN":null,"ColnyStrtN":null,"SyTsNo":"509","WardBlockN":null,"Use":"Residential","Extent":0,"PlinthArea":0,"Classifica":"Patta","Caste":"BC","FinanDepen":"No","HHSize":0,"NoAdults":0,"NoChild":0,"Govtbenefi":"No","Borewell":"No","Courtcase":"No","NameStruct":"Temporary structure","ReliType":null,"Remarks":"There is a temporary structure belong to E infra construction company","CommStatus":null,"Trees":"No","location":null,"Occupation":"Others","SkilledOcc":null,"Craftsmen":null,"ReliStruct":null,"Cremetoriu":null,"Email":null,"Date":"1899-12-30T00:00:00","Time":null,"SurvyeorNa":null,"Survey_Dat":null,"Survey_Loc":null,"UUID":null,"email_id":null,"Mandals":"Gandipet","Zone":"Buffer","Income":"APL","AreaSqm":1.0012,"Areatext":"10.0126671822735","Duplicate":"0","Dist":"Ranga Reddy","PCs":"Chevella","Assembly_C":"Rajendra Nagar","Affeceted_":"1899-12-30T00:00:00","S_Number":0,"S_Fall":"Roads","Zone_1":"Z1B S","Affected_S":"Buffer","Area_SQF":323.325064392,"Zonewise":"Z1B","no_of_Floo":3,"gis_geometry_geojson":"{\"type\":\"Polygon\",\"coordinates\":[[[78.3491669,17.3840612],[78.3491799,17.3840871],[78.3492066,17.384075],[78.3491939,17.3840491],[78.3491669,17.3840612]]]}"}},{"type":"Feature","id":"AS589-165","geometry":{"type":"Polygon","coordinates":[[[78.3417392,17.3834003],[78.3420262,17.3833447],[78.3420131,17.3832818],[78.3417215,17.383332],[78.3417392,17.3834003]]]},"properties":{"household_id":"AS589-165","OBJECTID":169,"fid_1":51,"Area":2508.97013856,"DSM":523.55585,"DTM":521,"HEIGHT":2.55585,"BuildingID":"fe409","BuiType":"Individual","StructType":"Temporary","NameOwnRep":"fe409","Contact":8790996445,"HNoPlotNo":null,"TPIN":null,"ColnyStrtN":"Brundavan","SyTsNo":"136","WardBlockN":null,"Use":"Residential","Extent":0,"PlinthArea":0,"Classifica":"Patta","Caste":"OC","FinanDepen":"Yes","HHSize":0,"NoAdults":0,"NoChild":0,"Govtbenefi":"No","Borewell":"Yes","Courtcase":"No","NameStruct":"Srr constructions","ReliType":null,"Remarks":"Temporary labour sheds","CommStatus":null,"Trees":"No","location":null,"Occupation":"Others","SkilledOcc":null,"Craftsmen":null,"ReliStruct":null,"Cremetoriu":null,"Email":null,"Date":"1899-12-30T00:00:00","Time":null,"SurvyeorNa":null,"Survey_Dat":null,"Survey_Loc":null,"UUID":null,"email_id":null,"Mandals":"Gandipet","Zone":"Buffer","Income":"BPL","AreaSqm":2.3309,"Areatext":"233.091885508299","Duplicate":"0","Dist":"Ranga Reddy","PCs":"Chevella","Assembly_C":"Rajendra Nagar","Affeceted_":"1899-12-30T00:00:00","S_Number":0,"S_Fall":"Roads","Zone_1":"Z1B N","Affected_S":"Buffer","Area_SQF":2508.97013856,"Zonewise":"Z1B","no_of_Floo":1,"gis_geometry_geojson":"{\"type\":\"Polygon\",\"coordinates\":[[[78.3417392,17.3834003],[78.3420262,17.3833447],[78.3420131,17.3832818],[78.3417215,17.383332],[78.3417392,17.3834003]]]}"}},{"type":"Feature","id":"AS589-166","geometry":{"type":"Polygon","coordinates":[[[78.3420065,17.3831742],[78.3420138,17.3832253],[78.342047,17.3832191],[78.3420399,17.3831697],[78.3420065,17.3831742]]]},"properties":{"household_id":"AS589-166","OBJECTID":171,"fid_1":54,"Area":217.280330959,"DSM":522.70477,"DTM":520,"HEIGHT":2.70477,"BuildingID":"988d6","BuiType":"Individual","StructType":"Temporary","NameOwnRep":"988d6","Contact":8790996445,"HNoPlotNo":null,"TPIN":null,"ColnyStrtN":null,"SyTsNo":"136","WardBlockN":null,"Use":"Residential","Extent":0,"PlinthArea":0,"Classifica":"Patta","Caste":"OC","FinanDepen":"No","HHSize":0,"NoAdults":0,"NoChild":0,"Govtbenefi":"No","Borewell":"No","Courtcase":"No","NameStruct":"Temporary Labour shed","ReliType":null,"Remarks":"There is a temporary labour shed using for residing purpose of labour used for adjacent SRR construct works","CommStatus":null,"Trees":"No","location":null,"Occupation":"Buisness","SkilledOcc":null,"Craftsmen":null,"ReliStruct":null,"Cremetoriu":null,"Email":null,"Date":"1899-12-30T00:00:00","Time":null,"SurvyeorNa":null,"Survey_Dat":null,"Survey_Loc":null,"UUID":null,"email_id":null,"Mandals":"Gandipet","Zone":"Buffer","Income":"BPL","AreaSqm":2.0186,"Areatext":"20.1860840213235","Duplicate":"0","Dist":"Ranga Reddy","PCs":"Chevella","Assembly_C":"Rajendra Nagar","Affeceted_":"1899-12-30T00:00:00","S_Number":0,"S_Fall":"Roads","Zone_1":"Z1B N","Affected_S":"RIVER","Area_SQF":217.280330959,"Zonewise":"Z1B","no_of_Floo":1,"gis_geometry_geojson":"{\"type\":\"Polygon\",\"coordinates\":[[[78.3420065,17.3831742],[78.3420138,17.3832253],[78.342047,17.3832191],[78.3420399,17.3831697],[78.3420065,17.3831742]]]}"}},{"type":"Feature","id":"AS589-167","geometry":{"type":"Polygon","coordinates":[[[78.3420253,17.3832574],[78.3420397,17.3833076],[78.3420312,17.3833099],[78.3420362,17.3833277],[78.3420764,17.3833171],[78.3420689,17.3832911],[78.3420783,17.3832886],[78.34207,17.3832599],[78.3420605,17.3832624],[78.3420564,17.3832482],[78.3420253,17.3832574]]]},"properties":{"household_id":"AS589-167","OBJECTID":172,"fid_1":55,"Area":351.482601281,"DSM":522.86621,"DTM":521,"HEIGHT":1.86621,"BuildingID":"6390c","BuiType":"Individual","StructType":"Temporary","NameOwnRep":"6390c","Contact":8790996445,"HNoPlotNo":null,"TPIN":null,"ColnyStrtN":null,"SyTsNo":"136","WardBlockN":null,"Use":"Residential","Extent":0,"PlinthArea":0,"Classifica":"Patta","Caste":"OC","FinanDepen":"No","HHSize":0,"NoAdults":0,"NoChild":0,"Govtbenefi":"No","Borewell":"Yes","Courtcase":"No","NameStruct":"Temporary labour sheds","ReliType":null,"Remarks":"There is a temporary labour shed using for residing purpose of labour used for adjacent SRR construct works","CommStatus":null,"Trees":"No","location":null,"Occupation":"Buisness","SkilledOcc":null,"Craftsmen":null,"ReliStruct":null,"Cremetoriu":null,"Email":null,"Date":"1899-12-30T00:00:00","Time":null,"SurvyeorNa":null,"Survey_Dat":null,"Survey_Loc":null,"UUID":null,"email_id":null,"Mandals":"Gandipet","Zone":"Buffer","Income":"BPL","AreaSqm":3.2653,"Areatext":"32.6539327820548","Duplicate":"0","Dist":"Ranga Reddy","PCs":"Chevella","Assembly_C":"Rajendra Nagar","Affeceted_":"1899-12-30T00:00:00","S_Number":0,"S_Fall":"Roads","Zone_1":"Z1B N","Affected_S":"RIVER","Area_SQF":351.482601281,"Zonewise":"Z1B","no_of_Floo":1,"gis_geometry_geojson":"{\"type\":\"Polygon\",\"coordinates\":[[[78.3420253,17.3832574],[78.3420397,17.3833076],[78.3420312,17.3833099],[78.3420362,17.3833277],[78.3420764,17.3833171],[78.3420689,17.3832911],[78.3420783,17.3832886],[78.34207,17.3832599],[78.3420605,17.3832624],[78.3420564,17.3832482],[78.3420253,17.3832574]]]}"}},{"type":"Feature","id":"AS589-168","geometry":{"type":"Polygon","coordinates":[[[78.3421163,17.3833108],[78.3421479,17.383301],[78.3421251,17.3832541],[78.3420981,17.3832633],[78.3421163,17.3833108]]]},"properties":{"household_id":"AS589-168","OBJECTID":173,"fid_1":56,"Area":200.505068092,"DSM":522.50677,"DTM":520,"HEIGHT":2.50677,"BuildingID":"58573","BuiType":null,"StructType":"Temporary","NameOwnRep":"58573","Contact":8790996441,"HNoPlotNo":null,"TPIN":null,"ColnyStrtN":null,"SyTsNo":"136","WardBlockN":null,"Use":"Commercial","Extent":0,"PlinthArea":0,"Classifica":"Patta","Caste":"OC","FinanDepen":"No","HHSize":0,"NoAdults":0,"NoChild":0,"Govtbenefi":"No","Borewell":"Yes","Courtcase":"No","NameStruct":"Temporary TIN shed","ReliType":null,"Remarks":"There is a temporary labour shed","CommStatus":"Others","Trees":"No","location":null,"Occupation":null,"SkilledOcc":null,"Craftsmen":null,"ReliStruct":null,"Cremetoriu":null,"Email":null,"Date":"1899-12-30T00:00:00","Time":null,"SurvyeorNa":null,"Survey_Dat":null,"Survey_Loc":null,"UUID":null,"email_id":"RiverBasin","Mandals":"Gandipet","Zone":"Buffer","Income":"BPL","AreaSqm":1.8627,"Areatext":"18.6276048717927","Duplicate":"0","Dist":"Ranga Reddy","PCs":"Chevella","Assembly_C":"Rajendra Nagar","Affeceted_":"1899-12-30T00:00:00","S_Number":0,"S_Fall":"Roads","Zone_1":"Z1B N","Affected_S":"RIVER","Area_SQF":200.505068092,"Zonewise":"Z1B","no_of_Floo":1,"gis_geometry_geojson":"{\"type\":\"Polygon\",\"coordinates\":[[[78.3421163,17.3833108],[78.3421479,17.383301],[78.3421251,17.3832541],[78.3420981,17.3832633],[78.3421163,17.3833108]]]}"}},{"type":"Feature","id":"AS589-169","geometry":{"type":"Polygon","coordinates":[[[78.3421274,17.383314],[78.342039,17.3833334],[78.3420449,17.3833654],[78.3420838,17.3833579],[78.3420859,17.383366],[78.3421364,17.3833544],[78.3421274,17.383314]]]},"properties":{"household_id":"AS589-169","OBJECTID":174,"fid_1":57,"Area":438.588509756,"DSM":522.88538,"DTM":520,"HEIGHT":2.88538,"BuildingID":"d3f0f","BuiType":null,"StructType":"Temporary","NameOwnRep":"d3f0f","Contact":8790996445,"HNoPlotNo":null,"TPIN":null,"ColnyStrtN":null,"SyTsNo":"136","WardBlockN":null,"Use":"Commercial","Extent":0,"PlinthArea":0,"Classifica":"Patta","Caste":"OC","FinanDepen":"No","HHSize":0,"NoAdults":0,"NoChild":0,"Govtbenefi":"No","Borewell":"Yes","Courtcase":"No","NameStruct":"Temporary TIN shed","ReliType":null,"Remarks":"There is a temporary TIN labour shed","CommStatus":"Others","Trees":"No","location":null,"Occupation":null,"SkilledOcc":null,"Craftsmen":null,"ReliStruct":null,"Cremetoriu":null,"Email":null,"Date":"1899-12-30T00:00:00","Time":null,"SurvyeorNa":null,"Survey_Dat":null,"Survey_Loc":null,"UUID":null,"email_id":null,"Mandals":"Gandipet","Zone":"Buffer","Income":"BPL","AreaSqm":4.0746,"Areatext":"40.7463688506366","Duplicate":"0","Dist":"Ranga Reddy","PCs":"Chevella","Assembly_C":"Rajendra Nagar","Affeceted_":"1899-12-30T00:00:00","S_Number":0,"S_Fall":"Roads","Zone_1":"Z1B N","Affected_S":"RIVER","Area_SQF":438.588509756,"Zonewise":"Z1B","no_of_Floo":1,"gis_geometry_geojson":"{\"type\":\"Polygon\",\"coordinates\":[[[78.3421274,17.383314],[78.342039,17.3833334],[78.3420449,17.3833654],[78.3420838,17.3833579],[78.3420859,17.383366],[78.3421364,17.3833544],[78.3421274,17.383314]]]}"}},{"type":"Feature","id":"AS589-170","geometry":{"type":"Polygon","coordinates":[[[78.32462,17.3773045],[78.324543,17.3773048],[78.3245449,17.3774558],[78.3245266,17.377456],[78.3245268,17.3774754],[78.3246222,17.3774742],[78.32462,17.3773045]]]},"properties":{"household_id":"AS589-170","OBJECTID":176,"fid_1":60,"Area":1703.90161438,"DSM":520.24982,"DTM":517,"HEIGHT":3.24982,"BuildingID":"1e8b1","BuiType":null,"StructType":"Temporary","NameOwnRep":"1e8b1","Contact":0,"HNoPlotNo":null,"TPIN":null,"ColnyStrtN":null,"SyTsNo":"498","WardBlockN":null,"Use":"Govt","Extent":0,"PlinthArea":0,"Classifica":"Govt","Caste":null,"FinanDepen":null,"HHSize":0,"NoAdults":0,"NoChild":0,"Govtbenefi":null,"Borewell":"No","Courtcase":"No","NameStruct":"Temporary shed","ReliType":null,"Remarks":"The land belongs to Greyhounds department","CommStatus":null,"Trees":"No","location":null,"Occupation":null,"SkilledOcc":null,"Craftsmen":null,"ReliStruct":null,"Cremetoriu":null,"Email":null,"Date":"1899-12-30T00:00:00","Time":null,"SurvyeorNa":null,"Survey_Dat":null,"Survey_Loc":null,"UUID":null,"email_id":null,"Mandals":"Gandipet","Zone":"Buffer","Income":null,"AreaSqm":1.5829,"Areatext":"158.298273030895","Duplicate":"0","Dist":"Ranga Reddy","PCs":"Chevella","Assembly_C":"Rajendra Nagar","Affeceted_":"1899-12-30T00:00:00","S_Number":0,"S_Fall":"Roads","Zone_1":"Z1B S","Affected_S":"Buffer","Area_SQF":1703.90161438,"Zonewise":"Z1B","no_of_Floo":1,"gis_geometry_geojson":"{\"type\":\"Polygon\",\"coordinates\":[[[78.32462,17.3773045],[78.324543,17.3773048],[78.3245449,17.3774558],[78.3245266,17.377456],[78.3245268,17.3774754],[78.3246222,17.3774742],[78.32462,17.3773045]]]}"}},{"type":"Feature","id":"AS589-171","geometry":{"type":"MultiPolygon","coordinates":[[[[78.3413999,17.3726072],[78.3413951,17.3726058],[78.3413954,17.3725726],[78.341375,17.3725724],[78.3413751,17.372566],[78.3413104,17.3725652],[78.3413093,17.372667],[78.3413992,17.372668],[78.3413999,17.3726072]]],[[[78.3413134,17.3727022],[78.3413081,17.3727241],[78.3413357,17.3727283],[78.3413394,17.3727062],[78.3413134,17.3727022]]],[[[78.3414153,17.3725284],[78.3413976,17.3727603],[78.3415295,17.3727689],[78.3415455,17.3725417],[78.3414153,17.3725284]]]]},"properties":{"household_id":"AS589-171","OBJECTID":177,"fid_1":61,"Area":5056.40625716,"DSM":524.39813,"DTM":519,"HEIGHT":5.39813,"BuildingID":"1f26b","BuiType":null,"StructType":"Permanent","NameOwnRep":"1f26b","Contact":9177226695,"HNoPlotNo":null,"TPIN":null,"ColnyStrtN":"Veera badra swamy temple area manchirevula village","SyTsNo":"327","WardBlockN":"The Bambini Creek","Use":"Commercial","Extent":0,"PlinthArea":0,"Classifica":"Patta","Caste":"BC","FinanDepen":"No","HHSize":0,"NoAdults":0,"NoChild":0,"Govtbenefi":null,"Borewell":"No","Courtcase":"No","NameStruct":"Temporary tin shed","ReliType":null,"Remarks":"Commercial tin shed but present not using any activity","CommStatus":"Others","Trees":"No","location":null,"Occupation":null,"SkilledOcc":null,"Craftsmen":null,"ReliStruct":null,"Cremetoriu":null,"Email":null,"Date":"1899-12-30T00:00:00","Time":null,"SurvyeorNa":null,"Survey_Dat":null,"Survey_Loc":null,"UUID":null,"email_id":"RiverBasin","Mandals":"Gandipet","Zone":"Buffer","Income":null,"AreaSqm":3.5846,"Areatext":"358.46092245672","Duplicate":"100","Dist":"Ranga Reddy","PCs":"Chevella","Assembly_C":"Rajendra Nagar","Affeceted_":"1899-12-30T00:00:00","S_Number":0,"S_Fall":"Roads","Zone_1":"Z1B S","Affected_S":"Buffer","Area_SQF":10112.8125143,"Zonewise":"Z1B","no_of_Floo":2,"gis_geometry_geojson":"{\"type\":\"MultiPolygon\",\"coordinates\":[[[[78.3413999,17.3726072],[78.3413951,17.3726058],[78.3413954,17.3725726],[78.341375,17.3725724],[78.3413751,17.372566],[78.3413104,17.3725652],[78.3413093,17.372667],[78.3413992,17.372668],[78.3413999,17.3726072]]],[[[78.3413134,17.3727022],[78.3413081,17.3727241],[78.3413357,17.3727283],[78.3413394,17.3727062],[78.3413134,17.3727022]]],[[[78.3414153,17.3725284],[78.3413976,17.3727603],[78.3415295,17.3727689],[78.3415455,17.3725417],[78.3414153,17.3725284]]]]}"}},{"type":"Feature","id":"AS589-172","geometry":{"type":"Polygon","coordinates":[[[78.340793,17.3725535],[78.3408914,17.3725665],[78.3409011,17.3724989],[78.3408019,17.3724858],[78.340793,17.3725535]]]},"properties":{"household_id":"AS589-172","OBJECTID":180,"fid_1":65,"Area":862.186436767,"DSM":530.07513,"DTM":521,"HEIGHT":9.07513,"BuildingID":"c119a","BuiType":"Individual","StructType":"Permanent","NameOwnRep":"c119a","Contact":996309999,"HNoPlotNo":null,"TPIN":null,"ColnyStrtN":"Near to Veera badra swamy temple","SyTsNo":"329,328","WardBlockN":null,"Use":"Residential","Extent":0,"PlinthArea":0,"Classifica":"Patta","Caste":"BC","FinanDepen":"No","HHSize":0,"NoAdults":0,"NoChild":0,"Govtbenefi":"No","Borewell":"Yes","Courtcase":"No","NameStruct":"Fam house","ReliType":null,"Remarks":"Fam House","CommStatus":null,"Trees":"Yes","location":null,"Occupation":"Buisness","SkilledOcc":null,"Craftsmen":null,"ReliStruct":null,"Cremetoriu":null,"Email":null,"Date":"1899-12-30T00:00:00","Time":null,"SurvyeorNa":null,"Survey_Dat":null,"Survey_Loc":null,"UUID":null,"email_id":"RiverBasin","Mandals":"Gandipet","Zone":"Buffer","Income":"APL","AreaSqm":8.01,"Areatext":"80.1000614177014","Duplicate":"0","Dist":"Ranga Reddy","PCs":"Chevella","Assembly_C":"Rajendra Nagar","Affeceted_":"1899-12-30T00:00:00","S_Number":0,"S_Fall":"Roads","Zone_1":"Z1B S","Affected_S":"Buffer","Area_SQF":2586.5593103,"Zonewise":"Z1B","no_of_Floo":3,"gis_geometry_geojson":"{\"type\":\"Polygon\",\"coordinates\":[[[78.340793,17.3725535],[78.3408914,17.3725665],[78.3409011,17.3724989],[78.3408019,17.3724858],[78.340793,17.3725535]]]}"}},{"type":"Feature","id":"AS589-173","geometry":{"type":"Polygon","coordinates":[[[78.3403326,17.3726421],[78.3402831,17.3727535],[78.3403503,17.372781],[78.3403871,17.3726984],[78.34038,17.3726954],[78.340383,17.3726885],[78.3403729,17.3726843],[78.3404001,17.3726128],[78.3403458,17.3725905],[78.3403244,17.3726387],[78.3403326,17.3726421]]]},"properties":{"household_id":"AS589-173","OBJECTID":181,"fid_1":66,"Area":1451.54619305,"DSM":528.26385,"DTM":525,"HEIGHT":3.26385,"BuildingID":"28109","BuiType":null,"StructType":"Permanent","NameOwnRep":"28109","Contact":0,"HNoPlotNo":null,"TPIN":null,"ColnyStrtN":"Greyhounds and Veera badra swamy temple manchirevula","SyTsNo":"393","WardBlockN":null,"Use":"Religions","Extent":0,"PlinthArea":0,"Classifica":"Endow","Caste":null,"FinanDepen":null,"HHSize":0,"NoAdults":0,"NoChild":0,"Govtbenefi":null,"Borewell":"No","Courtcase":"Yes","NameStruct":"Temple","ReliType":"Hindu","Remarks":"Greyhounds land","CommStatus":null,"Trees":"No","location":null,"Occupation":null,"SkilledOcc":null,"Craftsmen":null,"ReliStruct":"Religious","Cremetoriu":null,"Email":null,"Date":"1899-12-30T00:00:00","Time":null,"SurvyeorNa":null,"Survey_Dat":null,"Survey_Loc":null,"UUID":null,"email_id":"RiverBasin","Mandals":"Gandipet","Zone":"Buffer","Income":null,"AreaSqm":1.3485,"Areatext":"134.853593446802","Duplicate":"0","Dist":"Ranga Reddy","PCs":"Chevella","Assembly_C":"Rajendra Nagar","Affeceted_":"1899-12-30T00:00:00","S_Number":0,"S_Fall":"Roads","Zone_1":"Z1B S","Affected_S":"Buffer","Area_SQF":1451.54619305,"Zonewise":"Z1B","no_of_Floo":1,"gis_geometry_geojson":"{\"type\":\"Polygon\",\"coordinates\":[[[78.3403326,17.3726421],[78.3402831,17.3727535],[78.3403503,17.372781],[78.3403871,17.3726984],[78.34038,17.3726954],[78.340383,17.3726885],[78.3403729,17.3726843],[78.3404001,17.3726128],[78.3403458,17.3725905],[78.3403244,17.3726387],[78.3403326,17.3726421]]]}"}},{"type":"Feature","id":"AS589-174","geometry":{"type":"Polygon","coordinates":[[[78.3429344,17.3731908],[78.3429665,17.3731757],[78.3429483,17.3731401],[78.3429263,17.3731504],[78.3429359,17.3731691],[78.342925,17.3731742],[78.3429344,17.3731908]]]},"properties":{"household_id":"AS589-174","OBJECTID":182,"fid_1":67,"Area":151.117325501,"DSM":525.16809,"DTM":523,"HEIGHT":2.16809,"BuildingID":"73d87","BuiType":"Individual","StructType":"Temporary","NameOwnRep":"73d87","Contact":9348003336,"HNoPlotNo":null,"TPIN":null,"ColnyStrtN":"Veera badra swamy temple road manchirevula village","SyTsNo":"318","WardBlockN":null,"Use":"Residential","Extent":0,"PlinthArea":0,"Classifica":"Patta","Caste":"OC","FinanDepen":"No","HHSize":5,"NoAdults":3,"NoChild":2,"Govtbenefi":"No","Borewell":"Yes","Courtcase":"No","NameStruct":"Opened temporary tin shed","ReliType":null,"Remarks":"Using as car parking shed open temporary shed","CommStatus":null,"Trees":"No","location":null,"Occupation":"Others","SkilledOcc":null,"Craftsmen":null,"ReliStruct":null,"Cremetoriu":null,"Email":null,"Date":"1899-12-30T00:00:00","Time":null,"SurvyeorNa":null,"Survey_Dat":null,"Survey_Loc":null,"UUID":null,"email_id":null,"Mandals":"Gandipet","Zone":"Buffer","Income":"BPL","AreaSqm":1.4039,"Areatext":"14.0393150956156","Duplicate":"0","Dist":"Ranga Reddy","PCs":"Chevella","Assembly_C":"Rajendra Nagar","Affeceted_":"1899-12-30T00:00:00","S_Number":0,"S_Fall":"Roads","Zone_1":"Z1B S","Affected_S":"Buffer","Area_SQF":151.117325501,"Zonewise":"Z1B","no_of_Floo":1,"gis_geometry_geojson":"{\"type\":\"Polygon\",\"coordinates\":[[[78.3429344,17.3731908],[78.3429665,17.3731757],[78.3429483,17.3731401],[78.3429263,17.3731504],[78.3429359,17.3731691],[78.342925,17.3731742],[78.3429344,17.3731908]]]}"}},{"type":"Feature","id":"AS589-175","geometry":{"type":"Polygon","coordinates":[[[78.3394786,17.3742134],[78.3395295,17.3742228],[78.3395387,17.3741778],[78.3394878,17.3741682],[78.3394786,17.3742134]]]},"properties":{"household_id":"AS589-175","OBJECTID":183,"fid_1":68,"Area":302.039983831,"DSM":521.7464,"DTM":519,"HEIGHT":2.7464,"BuildingID":"66321","BuiType":"Individual","StructType":"Permanent","NameOwnRep":"66321","Contact":0,"HNoPlotNo":null,"TPIN":null,"ColnyStrtN":null,"SyTsNo":"397","WardBlockN":null,"Use":"Residential","Extent":0,"PlinthArea":0,"Classifica":null,"Caste":null,"FinanDepen":null,"HHSize":0,"NoAdults":0,"NoChild":0,"Govtbenefi":null,"Borewell":"No","Courtcase":"No","NameStruct":"Temporary tin shed","ReliType":null,"Remarks":"Temporary tin shed","CommStatus":null,"Trees":"No","location":null,"Occupation":null,"SkilledOcc":null,"Craftsmen":null,"ReliStruct":null,"Cremetoriu":null,"Email":null,"Date":"1899-12-30T00:00:00","Time":null,"SurvyeorNa":null,"Survey_Dat":null,"Survey_Loc":null,"UUID":null,"email_id":null,"Mandals":"Gandipet","Zone":"Buffer","Income":null,"AreaSqm":2.806,"Areatext":"28.060544941763","Duplicate":"0","Dist":"Ranga Reddy","PCs":"Chevella","Assembly_C":"Rajendra Nagar","Affeceted_":"1899-12-30T00:00:00","S_Number":0,"S_Fall":"Roads","Zone_1":"Z1B N","Affected_S":"Buffer","Area_SQF":302.039983831,"Zonewise":"Z1B","no_of_Floo":1,"gis_geometry_geojson":"{\"type\":\"Polygon\",\"coordinates\":[[[78.3394786,17.3742134],[78.3395295,17.3742228],[78.3395387,17.3741778],[78.3394878,17.3741682],[78.3394786,17.3742134]]]}"}},{"type":"Feature","id":"AS589-176","geometry":{"type":"Polygon","coordinates":[[[78.3449265,17.3817478],[78.344749,17.3817834],[78.3447551,17.3818103],[78.3448574,17.3817902],[78.3448668,17.38181],[78.3449105,17.3817975],[78.3449097,17.3817909],[78.3449346,17.3817858],[78.3449265,17.3817478]]]},"properties":{"household_id":"AS589-176","OBJECTID":185,"fid_1":70,"Area":794.253934749,"DSM":522.48865,"DTM":518,"HEIGHT":4.48865,"BuildingID":"5dc47","BuiType":"Individual","StructType":"Temporary","NameOwnRep":"5dc47","Contact":9908004646,"HNoPlotNo":null,"TPIN":null,"ColnyStrtN":"Manchirevula river edge villas area","SyTsNo":"471","WardBlockN":null,"Use":"Residential","Extent":0,"PlinthArea":0,"Classifica":"Patta","Caste":"OC","FinanDepen":null,"HHSize":0,"NoAdults":0,"NoChild":0,"Govtbenefi":null,"Borewell":"No","Courtcase":"No","NameStruct":"Labour sheds","ReliType":null,"Remarks":"Temporary tin sheds","CommStatus":null,"Trees":"No","location":null,"Occupation":"Buisness","SkilledOcc":null,"Craftsmen":null,"ReliStruct":null,"Cremetoriu":null,"Email":null,"Date":"1899-12-30T00:00:00","Time":null,"SurvyeorNa":null,"Survey_Dat":null,"Survey_Loc":null,"UUID":null,"email_id":null,"Mandals":"Gandipet","Zone":"Buffer","Income":"BPL","AreaSqm":7.3788,"Areatext":"73.7889002227389","Duplicate":"0","Dist":"Ranga Reddy","PCs":"Chevella","Assembly_C":"Rajendra Nagar","Affeceted_":"1899-12-30T00:00:00","S_Number":0,"S_Fall":"Roads","Zone_1":"Z1B S","Affected_S":"Buffer","Area_SQF":794.253934749,"Zonewise":"Z1B","no_of_Floo":1,"gis_geometry_geojson":"{\"type\":\"Polygon\",\"coordinates\":[[[78.3449265,17.3817478],[78.344749,17.3817834],[78.3447551,17.3818103],[78.3448574,17.3817902],[78.3448668,17.38181],[78.3449105,17.3817975],[78.3449097,17.3817909],[78.3449346,17.3817858],[78.3449265,17.3817478]]]}"}},{"type":"Feature","id":"AS589-177","geometry":{"type":"Polygon","coordinates":[[[78.34531,17.3829688],[78.3452676,17.3828823],[78.3450748,17.3829722],[78.3451176,17.383057],[78.34531,17.3829688]]]},"properties":{"household_id":"AS589-177","OBJECTID":191,"fid_1":80,"Area":2572.63560007,"DSM":522.36755,"DTM":520,"HEIGHT":2.36755,"BuildingID":"45b45","BuiType":"Individual","StructType":"Permanent","NameOwnRep":"45b45","Contact":9949744699,"HNoPlotNo":null,"TPIN":null,"ColnyStrtN":"River edge villas area manchirevula","SyTsNo":"471","WardBlockN":null,"Use":"Residential","Extent":0,"PlinthArea":0,"Classifica":"Patta","Caste":"OC","FinanDepen":"No","HHSize":0,"NoAdults":0,"NoChild":0,"Govtbenefi":"No","Borewell":"No","Courtcase":"No","NameStruct":"Hallmark construction","ReliType":null,"Remarks":"Arc design gate entrance","CommStatus":null,"Trees":"No","location":null,"Occupation":"Buisness","SkilledOcc":null,"Craftsmen":null,"ReliStruct":null,"Cremetoriu":null,"Email":null,"Date":"1899-12-30T00:00:00","Time":null,"SurvyeorNa":null,"Survey_Dat":null,"Survey_Loc":null,"UUID":null,"email_id":null,"Mandals":"Gandipet","Zone":"Buffer","Income":"BPL","AreaSqm":2.39,"Areatext":"239.006624084834","Duplicate":"0","Dist":"Ranga Reddy","PCs":"Chevella","Assembly_C":"Rajendra Nagar","Affeceted_":"1899-12-30T00:00:00","S_Number":0,"S_Fall":"Roads","Zone_1":"Z1B S","Affected_S":"Buffer","Area_SQF":2572.63560007,"Zonewise":"Z1B","no_of_Floo":1,"gis_geometry_geojson":"{\"type\":\"Polygon\",\"coordinates\":[[[78.34531,17.3829688],[78.3452676,17.3828823],[78.3450748,17.3829722],[78.3451176,17.383057],[78.34531,17.3829688]]]}"}},{"type":"Feature","id":"AS589-178","geometry":{"type":"Polygon","coordinates":[[[78.3451006,17.383092],[78.3451263,17.3830797],[78.3451135,17.383055],[78.3450878,17.3830672],[78.3451006,17.383092]]]},"properties":{"household_id":"AS589-178","OBJECTID":192,"fid_1":81,"Area":100.639015295,"DSM":521.84735,"DTM":519,"HEIGHT":2.84735,"BuildingID":"dc445","BuiType":"Individual","StructType":"Permanent","NameOwnRep":"dc445","Contact":9949744699,"HNoPlotNo":null,"TPIN":null,"ColnyStrtN":"Manchireuvla village - river edge villas area","SyTsNo":"471","WardBlockN":null,"Use":"Residential","Extent":0,"PlinthArea":0,"Classifica":"Patta","Caste":"OC","FinanDepen":"No","HHSize":0,"NoAdults":0,"NoChild":0,"Govtbenefi":"No","Borewell":"No","Courtcase":"No","NameStruct":"Entrance shed","ReliType":null,"Remarks":"Near to entrance gate a small room","CommStatus":null,"Trees":"No","location":null,"Occupation":"Buisness","SkilledOcc":null,"Craftsmen":null,"ReliStruct":null,"Cremetoriu":null,"Email":null,"Date":"1899-12-30T00:00:00","Time":null,"SurvyeorNa":null,"Survey_Dat":null,"Survey_Loc":null,"UUID":null,"email_id":null,"Mandals":"Gandipet","Zone":"Buffer","Income":"BPL","AreaSqm":9.3497,"Areatext":"9.3497078640184","Duplicate":"0","Dist":"Ranga Reddy","PCs":"Chevella","Assembly_C":"Rajendra Nagar","Affeceted_":"1899-12-30T00:00:00","S_Number":0,"S_Fall":"Roads","Zone_1":"Z1B S","Affected_S":"Buffer","Area_SQF":100.639015295,"Zonewise":"Z1B","no_of_Floo":1,"gis_geometry_geojson":"{\"type\":\"Polygon\",\"coordinates\":[[[78.3451006,17.383092],[78.3451263,17.3830797],[78.3451135,17.383055],[78.3450878,17.3830672],[78.3451006,17.383092]]]}"}},{"type":"Feature","id":"AS589-179","geometry":{"type":"Polygon","coordinates":[[[78.3452611,17.3830461],[78.3453161,17.3831006],[78.3453373,17.3830809],[78.3452823,17.3830264],[78.3452611,17.3830461]]]},"properties":{"household_id":"AS589-179","OBJECTID":193,"fid_1":82,"Area":284.183448753,"DSM":522.61481,"DTM":520,"HEIGHT":2.61481,"BuildingID":"16f8c","BuiType":null,"StructType":"Temporary","NameOwnRep":"16f8c","Contact":9949744699,"HNoPlotNo":null,"TPIN":null,"ColnyStrtN":null,"SyTsNo":"472","WardBlockN":null,"Use":"Commercial","Extent":0,"PlinthArea":0,"Classifica":"Patta","Caste":"OC","FinanDepen":"No","HHSize":0,"NoAdults":0,"NoChild":0,"Govtbenefi":"No","Borewell":"No","Courtcase":"No","NameStruct":"Gas bank sheds","ReliType":null,"Remarks":"There is a gas bank sheds belongs to the near Hallmark residential construction","CommStatus":"Others","Trees":"No","location":null,"Occupation":null,"SkilledOcc":null,"Craftsmen":null,"ReliStruct":null,"Cremetoriu":null,"Email":null,"Date":"1899-12-30T00:00:00","Time":null,"SurvyeorNa":null,"Survey_Dat":null,"Survey_Loc":null,"UUID":null,"email_id":null,"Mandals":"Gandipet","Zone":"Buffer","Income":"APL","AreaSqm":2.6401,"Areatext":"26.401611912875","Duplicate":"0","Dist":"Ranga Reddy","PCs":"Chevella","Assembly_C":"Rajendra Nagar","Affeceted_":"1899-12-30T00:00:00","S_Number":0,"S_Fall":"Roads","Zone_1":"Z1B S","Affected_S":"Buffer","Area_SQF":284.183448753,"Zonewise":"Z1B","no_of_Floo":1,"gis_geometry_geojson":"{\"type\":\"Polygon\",\"coordinates\":[[[78.3452611,17.3830461],[78.3453161,17.3831006],[78.3453373,17.3830809],[78.3452823,17.3830264],[78.3452611,17.3830461]]]}"}},{"type":"Feature","id":"AS589-180","geometry":{"type":"Polygon","coordinates":[[[78.3479839,17.3852503],[78.3479294,17.385258],[78.3479341,17.3852893],[78.3479887,17.3852817],[78.3479839,17.3852503]]]},"properties":{"household_id":"AS589-180","OBJECTID":194,"fid_1":85,"Area":221.369812305,"DSM":520.31763,"DTM":513,"HEIGHT":7.31763,"BuildingID":"ddd1e","BuiType":null,"StructType":"Temporary","NameOwnRep":"ddd1e","Contact":9848991929,"HNoPlotNo":null,"TPIN":null,"ColnyStrtN":null,"SyTsNo":"476","WardBlockN":null,"Use":"Commercial","Extent":0,"PlinthArea":0,"Classifica":"Patta","Caste":"OC","FinanDepen":"No","HHSize":0,"NoAdults":0,"NoChild":0,"Govtbenefi":"No","Borewell":"No","Courtcase":"No","NameStruct":"Ready mix","ReliType":null,"Remarks":"There is a temporary ready mix","CommStatus":"Others","Trees":"No","location":null,"Occupation":null,"SkilledOcc":null,"Craftsmen":null,"ReliStruct":null,"Cremetoriu":null,"Email":null,"Date":"1899-12-30T00:00:00","Time":null,"SurvyeorNa":null,"Survey_Dat":null,"Survey_Loc":null,"UUID":null,"email_id":null,"Mandals":"Gandipet","Zone":"River","Income":"BPL","AreaSqm":2.0566,"Areatext":"20.5660107871361","Duplicate":"0","Dist":"Ranga Reddy","PCs":"Chevella","Assembly_C":"Rajendra Nagar","Affeceted_":"1899-12-30T00:00:00","S_Number":0,"S_Fall":"Roads","Zone_1":"Z1B N","Affected_S":"Buffer","Area_SQF":442.73962461,"Zonewise":"Z1B","no_of_Floo":2,"gis_geometry_geojson":"{\"type\":\"Polygon\",\"coordinates\":[[[78.3479839,17.3852503],[78.3479294,17.385258],[78.3479341,17.3852893],[78.3479887,17.3852817],[78.3479839,17.3852503]]]}"}},{"type":"Feature","id":"AS589-181","geometry":{"type":"Polygon","coordinates":[[[78.3479369,17.3852945],[78.347917,17.3852955],[78.3479159,17.3852835],[78.3478574,17.3852848],[78.3478585,17.3852965],[78.347852,17.3852976],[78.3478514,17.3853555],[78.3478866,17.3853542],[78.3478868,17.3853586],[78.3479474,17.385352],[78.3479463,17.3853249],[78.3479384,17.3853252],[78.3479369,17.3852945]]]},"properties":{"household_id":"AS589-181","OBJECTID":195,"fid_1":86,"Area":762.211351627,"DSM":521.10754,"DTM":513,"HEIGHT":8.10754,"BuildingID":"71207","BuiType":null,"StructType":"Temporary","NameOwnRep":"71207","Contact":9848991929,"HNoPlotNo":null,"TPIN":null,"ColnyStrtN":null,"SyTsNo":"476","WardBlockN":null,"Use":"Commercial","Extent":0,"PlinthArea":0,"Classifica":"Patta","Caste":"OC","FinanDepen":null,"HHSize":0,"NoAdults":0,"NoChild":0,"Govtbenefi":"No","Borewell":"Yes","Courtcase":"No","NameStruct":"Ready mix plant","ReliType":null,"Remarks":"There is a ready mix plant using for Sri Aditya Construction for Apartment project","CommStatus":"Others","Trees":"No","location":null,"Occupation":null,"SkilledOcc":null,"Craftsmen":null,"ReliStruct":null,"Cremetoriu":null,"Email":null,"Date":"1899-12-30T00:00:00","Time":null,"SurvyeorNa":null,"Survey_Dat":null,"Survey_Loc":null,"UUID":null,"email_id":null,"Mandals":"Gandipet","Zone":"River","Income":"BPL","AreaSqm":7.0812,"Areatext":"70.8120349343417","Duplicate":"0","Dist":"Ranga Reddy","PCs":"Chevella","Assembly_C":"Rajendra Nagar","Affeceted_":"1899-12-30T00:00:00","S_Number":0,"S_Fall":"Roads","Zone_1":"Z1B N","Affected_S":"Buffer","Area_SQF":2286.63405488,"Zonewise":"Z1B","no_of_Floo":3,"gis_geometry_geojson":"{\"type\":\"Polygon\",\"coordinates\":[[[78.3479369,17.3852945],[78.347917,17.3852955],[78.3479159,17.3852835],[78.3478574,17.3852848],[78.3478585,17.3852965],[78.347852,17.3852976],[78.3478514,17.3853555],[78.3478866,17.3853542],[78.3478868,17.3853586],[78.3479474,17.385352],[78.3479463,17.3853249],[78.3479384,17.3853252],[78.3479369,17.3852945]]]}"}},{"type":"Feature","id":"AS589-182","geometry":{"type":"Polygon","coordinates":[[[78.3476986,17.3852776],[78.3476998,17.385333],[78.3477269,17.3853325],[78.3477257,17.385277],[78.3476986,17.3852776]]]},"properties":{"household_id":"AS589-182","OBJECTID":198,"fid_1":89,"Area":190.586387505,"DSM":520.70532,"DTM":513,"HEIGHT":7.70532,"BuildingID":"1e963","BuiType":null,"StructType":"Temporary","NameOwnRep":"1e963","Contact":9848991929,"HNoPlotNo":null,"TPIN":null,"ColnyStrtN":null,"SyTsNo":"476","WardBlockN":null,"Use":"Commercial","Extent":0,"PlinthArea":0,"Classifica":"Patta","Caste":"OC","FinanDepen":"No","HHSize":0,"NoAdults":0,"NoChild":0,"Govtbenefi":"No","Borewell":"Yes","Courtcase":"No","NameStruct":"Temporary TIN shed","ReliType":null,"Remarks":"There is a temporary TIN shed for Ready Mix concrete  operation material","CommStatus":"Others","Trees":"No","location":null,"Occupation":null,"SkilledOcc":null,"Craftsmen":null,"ReliStruct":null,"Cremetoriu":null,"Email":null,"Date":"1899-12-30T00:00:00","Time":null,"SurvyeorNa":null,"Survey_Dat":null,"Survey_Loc":null,"UUID":null,"email_id":null,"Mandals":"Gandipet","Zone":"River","Income":"BPL","AreaSqm":1.7706,"Areatext":"17.7061256024525","Duplicate":"0","Dist":"Ranga Reddy","PCs":"Chevella","Assembly_C":"Rajendra Nagar","Affeceted_":"1899-12-30T00:00:00","S_Number":0,"S_Fall":"Roads","Zone_1":"Z1B N","Affected_S":"Buffer","Area_SQF":571.759162515,"Zonewise":"Z1B","no_of_Floo":3,"gis_geometry_geojson":"{\"type\":\"Polygon\",\"coordinates\":[[[78.3476986,17.3852776],[78.3476998,17.385333],[78.3477269,17.3853325],[78.3477257,17.385277],[78.3476986,17.3852776]]]}"}},{"type":"Feature","id":"AS589-183","geometry":{"type":"Polygon","coordinates":[[[78.3454526,17.3833159],[78.3454492,17.3832537],[78.3453343,17.3832587],[78.3453351,17.3832477],[78.3452188,17.3832473],[78.3452151,17.38331],[78.3452988,17.3833157],[78.3452985,17.383321],[78.3454526,17.3833159]]]},"properties":{"household_id":"AS589-183","OBJECTID":200,"fid_1":92,"Area":1922.89545614,"DSM":522.16193,"DTM":520,"HEIGHT":2.16193,"BuildingID":"64bbd","BuiType":null,"StructType":"Temporary","NameOwnRep":"64bbd","Contact":0,"HNoPlotNo":null,"TPIN":null,"ColnyStrtN":"Riveredge villas  area  in  Manchireuvla village","SyTsNo":"472","WardBlockN":null,"Use":"Govt","Extent":0,"PlinthArea":0,"Classifica":"Govt","Caste":null,"FinanDepen":null,"HHSize":0,"NoAdults":0,"NoChild":0,"Govtbenefi":null,"Borewell":"No","Courtcase":"No","NameStruct":"Labour tin sheds","ReliType":null,"Remarks":"Labour staying and working in near construction site","CommStatus":null,"Trees":"No","location":null,"Occupation":null,"SkilledOcc":null,"Craftsmen":null,"ReliStruct":null,"Cremetoriu":null,"Email":null,"Date":"1899-12-30T00:00:00","Time":null,"SurvyeorNa":null,"Survey_Dat":null,"Survey_Loc":null,"UUID":null,"email_id":null,"Mandals":"Gandipet","Zone":"Buffer","Income":"BPL","AreaSqm":1.7864,"Areatext":"178.643548051231","Duplicate":"0","Dist":"Ranga Reddy","PCs":"Chevella","Assembly_C":"Rajendra Nagar","Affeceted_":"1899-12-30T00:00:00","S_Number":0,"S_Fall":"Roads","Zone_1":"Z1B S","Affected_S":"Buffer","Area_SQF":1922.89545614,"Zonewise":"Z1B","no_of_Floo":1,"gis_geometry_geojson":"{\"type\":\"Polygon\",\"coordinates\":[[[78.3454526,17.3833159],[78.3454492,17.3832537],[78.3453343,17.3832587],[78.3453351,17.3832477],[78.3452188,17.3832473],[78.3452151,17.38331],[78.3452988,17.3833157],[78.3452985,17.383321],[78.3454526,17.3833159]]]}"}},{"type":"Feature","id":"AS589-184","geometry":{"type":"Polygon","coordinates":[[[78.3452118,17.3832063],[78.3451253,17.3832009],[78.3450647,17.3832067],[78.3450694,17.3832615],[78.345126,17.3832551],[78.3451236,17.3832336],[78.3452118,17.383239],[78.3452118,17.3832063]]]},"properties":{"household_id":"AS589-184","OBJECTID":201,"fid_1":93,"Area":756.982729438,"DSM":522.33008,"DTM":519,"HEIGHT":3.33008,"BuildingID":"61473","BuiType":"Individual","StructType":"Temporary","NameOwnRep":"61473","Contact":0,"HNoPlotNo":null,"TPIN":null,"ColnyStrtN":"Riveredge villas area manchirevula village","SyTsNo":"472","WardBlockN":null,"Use":"Govt","Extent":0,"PlinthArea":0,"Classifica":"Govt","Caste":null,"FinanDepen":null,"HHSize":0,"NoAdults":0,"NoChild":0,"Govtbenefi":null,"Borewell":"No","Courtcase":"No","NameStruct":"Temporary tin shed","ReliType":null,"Remarks":"Labour staying and working in near construction site","CommStatus":null,"Trees":"No","location":null,"Occupation":null,"SkilledOcc":null,"Craftsmen":null,"ReliStruct":null,"Cremetoriu":null,"Email":null,"Date":"1899-12-30T00:00:00","Time":null,"SurvyeorNa":null,"Survey_Dat":null,"Survey_Loc":null,"UUID":null,"email_id":null,"Mandals":"Gandipet","Zone":"Buffer","Income":"BPL","AreaSqm":7.0326,"Areatext":"70.3262781006016","Duplicate":"0","Dist":"Ranga Reddy","PCs":"Chevella","Assembly_C":"Rajendra Nagar","Affeceted_":"1899-12-30T00:00:00","S_Number":0,"S_Fall":"Roads","Zone_1":"Z1B S","Affected_S":"Buffer","Area_SQF":756.982729438,"Zonewise":"Z1B","no_of_Floo":1,"gis_geometry_geojson":"{\"type\":\"Polygon\",\"coordinates\":[[[78.3452118,17.3832063],[78.3451253,17.3832009],[78.3450647,17.3832067],[78.3450694,17.3832615],[78.345126,17.3832551],[78.3451236,17.3832336],[78.3452118,17.383239],[78.3452118,17.3832063]]]}"}},{"type":"Feature","id":"AS589-185","geometry":{"type":"Polygon","coordinates":[[[78.3452099,17.383304],[78.3452125,17.3832477],[78.3451684,17.3832454],[78.3451687,17.3832402],[78.3451292,17.3832421],[78.3451232,17.3832914],[78.3451477,17.3833027],[78.3451832,17.3833066],[78.3451829,17.3833118],[78.345204,17.383313],[78.3452045,17.3833041],[78.3452099,17.383304]]]},"properties":{"household_id":"AS589-185","OBJECTID":202,"fid_1":94,"Area":654.771162043,"DSM":522.06555,"DTM":520,"HEIGHT":2.06555,"BuildingID":"7abbf","BuiType":null,"StructType":"Temporary","NameOwnRep":"7abbf","Contact":0,"HNoPlotNo":null,"TPIN":null,"ColnyStrtN":"Riveredge villas area in manchirevula","SyTsNo":"472","WardBlockN":null,"Use":"Govt","Extent":0,"PlinthArea":0,"Classifica":"Govt","Caste":null,"FinanDepen":null,"HHSize":0,"NoAdults":0,"NoChild":0,"Govtbenefi":null,"Borewell":"No","Courtcase":"No","NameStruct":"Labour tin sheds","ReliType":null,"Remarks":"Labour staying and working in near construction site","CommStatus":null,"Trees":"No","location":null,"Occupation":null,"SkilledOcc":null,"Craftsmen":null,"ReliStruct":null,"Cremetoriu":null,"Email":null,"Date":"1899-12-30T00:00:00","Time":null,"SurvyeorNa":null,"Survey_Dat":null,"Survey_Loc":null,"UUID":null,"email_id":null,"Mandals":"Gandipet","Zone":"Buffer","Income":"BPL","AreaSqm":6.083,"Areatext":"60.8304747751461","Duplicate":"0","Dist":"Ranga Reddy","PCs":"Chevella","Assembly_C":"Rajendra Nagar","Affeceted_":"1899-12-30T00:00:00","S_Number":0,"S_Fall":"Roads","Zone_1":"Z1B S","Affected_S":"Buffer","Area_SQF":654.771162043,"Zonewise":"Z1B","no_of_Floo":1,"gis_geometry_geojson":"{\"type\":\"Polygon\",\"coordinates\":[[[78.3452099,17.383304],[78.3452125,17.3832477],[78.3451684,17.3832454],[78.3451687,17.3832402],[78.3451292,17.3832421],[78.3451232,17.3832914],[78.3451477,17.3833027],[78.3451832,17.3833066],[78.3451829,17.3833118],[78.345204,17.383313],[78.3452045,17.3833041],[78.3452099,17.383304]]]}"}},{"type":"Feature","id":"AS589-186","geometry":{"type":"Polygon","coordinates":[[[78.3450351,17.3831277],[78.3450589,17.3832008],[78.3451218,17.3831791],[78.3451236,17.3831868],[78.3451923,17.3831747],[78.3451754,17.3831191],[78.3451824,17.3831172],[78.3452088,17.3832042],[78.3452673,17.3831935],[78.3452856,17.3831939],[78.3452901,17.3832117],[78.3453602,17.3832043],[78.3453303,17.3831199],[78.3453016,17.3831261],[78.3452878,17.3830892],[78.3452478,17.3831003],[78.3452422,17.3830796],[78.3451723,17.3830957],[78.3451687,17.3830831],[78.3450988,17.3830974],[78.3451021,17.3831085],[78.3450351,17.3831277]]]},"properties":{"household_id":"AS589-186","OBJECTID":203,"fid_1":95,"Area":3469.53272891,"DSM":522.44495,"DTM":520,"HEIGHT":2.44495,"BuildingID":"5f8bf","BuiType":null,"StructType":"Temporary","NameOwnRep":"5f8bf","Contact":0,"HNoPlotNo":null,"TPIN":null,"ColnyStrtN":"Riveredge villas area manchirevula village","SyTsNo":"472","WardBlockN":null,"Use":"Govt","Extent":0,"PlinthArea":0,"Classifica":"Govt","Caste":null,"FinanDepen":null,"HHSize":0,"NoAdults":0,"NoChild":0,"Govtbenefi":null,"Borewell":"No","Courtcase":"No","NameStruct":"Temporary tin sheds","ReliType":null,"Remarks":"Labour staying  temporary tin sheds  working near construction site","CommStatus":null,"Trees":"No","location":null,"Occupation":null,"SkilledOcc":null,"Craftsmen":null,"ReliStruct":null,"Cremetoriu":null,"Email":null,"Date":"1899-12-30T00:00:00","Time":null,"SurvyeorNa":null,"Survey_Dat":null,"Survey_Loc":null,"UUID":null,"email_id":null,"Mandals":"Gandipet","Zone":"Buffer","Income":"BPL","AreaSqm":3.2233,"Areatext":"322.331427225977","Duplicate":"0","Dist":"Ranga Reddy","PCs":"Chevella","Assembly_C":"Rajendra Nagar","Affeceted_":"1899-12-30T00:00:00","S_Number":0,"S_Fall":"Roads","Zone_1":"Z1B S","Affected_S":"Buffer","Area_SQF":3469.53272891,"Zonewise":"Z1B","no_of_Floo":1,"gis_geometry_geojson":"{\"type\":\"Polygon\",\"coordinates\":[[[78.3450351,17.3831277],[78.3450589,17.3832008],[78.3451218,17.3831791],[78.3451236,17.3831868],[78.3451923,17.3831747],[78.3451754,17.3831191],[78.3451824,17.3831172],[78.3452088,17.3832042],[78.3452673,17.3831935],[78.3452856,17.3831939],[78.3452901,17.3832117],[78.3453602,17.3832043],[78.3453303,17.3831199],[78.3453016,17.3831261],[78.3452878,17.3830892],[78.3452478,17.3831003],[78.3452422,17.3830796],[78.3451723,17.3830957],[78.3451687,17.3830831],[78.3450988,17.3830974],[78.3451021,17.3831085],[78.3450351,17.3831277]]]}"}},{"type":"Feature","id":"AS589-187","geometry":{"type":"Polygon","coordinates":[[[78.3453497,17.3831329],[78.3454044,17.3831864],[78.3454259,17.3831662],[78.3453712,17.3831126],[78.3453497,17.3831329]]]},"properties":{"household_id":"AS589-187","OBJECTID":204,"fid_1":96,"Area":286.017817901,"DSM":522.64905,"DTM":520,"HEIGHT":2.64905,"BuildingID":"2ad67","BuiType":null,"StructType":"Temporary","NameOwnRep":"2ad67","Contact":9949744699,"HNoPlotNo":null,"TPIN":null,"ColnyStrtN":null,"SyTsNo":"472","WardBlockN":null,"Use":"Commercial","Extent":0,"PlinthArea":0,"Classifica":"Patta","Caste":"OC","FinanDepen":"No","HHSize":0,"NoAdults":0,"NoChild":0,"Govtbenefi":null,"Borewell":"No","Courtcase":"No","NameStruct":"Gas bank shed","ReliType":null,"Remarks":"There is a Gas bank shed belongs to the near Hallmark residential constructions","CommStatus":"Others","Trees":"No","location":null,"Occupation":null,"SkilledOcc":null,"Craftsmen":null,"ReliStruct":null,"Cremetoriu":null,"Email":null,"Date":"1899-12-30T00:00:00","Time":null,"SurvyeorNa":null,"Survey_Dat":null,"Survey_Loc":null,"UUID":null,"email_id":null,"Mandals":"Gandipet","Zone":"Buffer","Income":"APL","AreaSqm":2.6572,"Areatext":"26.5720310692241","Duplicate":"0","Dist":"Ranga Reddy","PCs":"Chevella","Assembly_C":"Rajendra Nagar","Affeceted_":"1899-12-30T00:00:00","S_Number":0,"S_Fall":"Roads","Zone_1":"Z1B S","Affected_S":"Buffer","Area_SQF":286.017817901,"Zonewise":"Z1B","no_of_Floo":1,"gis_geometry_geojson":"{\"type\":\"Polygon\",\"coordinates\":[[[78.3453497,17.3831329],[78.3454044,17.3831864],[78.3454259,17.3831662],[78.3453712,17.3831126],[78.3453497,17.3831329]]]}"}},{"type":"Feature","id":"AS589-188","geometry":{"type":"Polygon","coordinates":[[[78.3453707,17.3832054],[78.3454031,17.3832412],[78.345431,17.3832221],[78.3453965,17.3831839],[78.3453707,17.3832054]]]},"properties":{"household_id":"AS589-188","OBJECTID":205,"fid_1":97,"Area":211.97768011,"DSM":522.23859,"DTM":520,"HEIGHT":2.23859,"BuildingID":"cd2a7","BuiType":null,"StructType":"Temporary","NameOwnRep":"cd2a7","Contact":0,"HNoPlotNo":null,"TPIN":null,"ColnyStrtN":"Riveredge villas in manchirevula village","SyTsNo":"472","WardBlockN":null,"Use":"Govt","Extent":0,"PlinthArea":0,"Classifica":"Govt","Caste":null,"FinanDepen":null,"HHSize":0,"NoAdults":0,"NoChild":0,"Govtbenefi":null,"Borewell":"No","Courtcase":"No","NameStruct":"Labour tin shed","ReliType":null,"Remarks":"Labour staying and working near construction site","CommStatus":null,"Trees":"No","location":null,"Occupation":null,"SkilledOcc":null,"Craftsmen":null,"ReliStruct":null,"Cremetoriu":null,"Email":null,"Date":"1899-12-30T00:00:00","Time":null,"SurvyeorNa":null,"Survey_Dat":null,"Survey_Loc":null,"UUID":null,"email_id":null,"Mandals":"Gandipet","Zone":"Buffer","Income":"BPL","AreaSqm":1.9693,"Areatext":"19.6934496716267","Duplicate":"0","Dist":"Ranga Reddy","PCs":"Chevella","Assembly_C":"Rajendra Nagar","Affeceted_":"1899-12-30T00:00:00","S_Number":0,"S_Fall":"Roads","Zone_1":"Z1B S","Affected_S":"Buffer","Area_SQF":211.97768011,"Zonewise":"Z1B","no_of_Floo":1,"gis_geometry_geojson":"{\"type\":\"Polygon\",\"coordinates\":[[[78.3453707,17.3832054],[78.3454031,17.3832412],[78.345431,17.3832221],[78.3453965,17.3831839],[78.3453707,17.3832054]]]}"}},{"type":"Feature","id":"AS589-189","geometry":{"type":"Polygon","coordinates":[[[78.3455309,17.3833171],[78.3454671,17.3832553],[78.3454615,17.3832593],[78.3454549,17.3832523],[78.3454494,17.3832567],[78.3454564,17.3832853],[78.3454528,17.3832875],[78.3454925,17.3833383],[78.3455309,17.3833171]]]},"properties":{"household_id":"AS589-189","OBJECTID":206,"fid_1":98,"Area":395.008452224,"DSM":521.95892,"DTM":520,"HEIGHT":1.95892,"BuildingID":"0b61b","BuiType":null,"StructType":"Temporary","NameOwnRep":"0b61b","Contact":0,"HNoPlotNo":null,"TPIN":null,"ColnyStrtN":"Riveredge villas","SyTsNo":"472","WardBlockN":null,"Use":"Govt","Extent":0,"PlinthArea":0,"Classifica":"Govt","Caste":null,"FinanDepen":null,"HHSize":0,"NoAdults":0,"NoChild":0,"Govtbenefi":null,"Borewell":"No","Courtcase":"No","NameStruct":"Labour tin sheds","ReliType":null,"Remarks":"Labour staying and working near construction site","CommStatus":null,"Trees":"No","location":null,"Occupation":null,"SkilledOcc":null,"Craftsmen":null,"ReliStruct":null,"Cremetoriu":null,"Email":null,"Date":"1899-12-30T00:00:00","Time":null,"SurvyeorNa":null,"Survey_Dat":null,"Survey_Loc":null,"UUID":null,"email_id":null,"Mandals":"Gandipet","Zone":"Buffer","Income":"BPL","AreaSqm":3.6697,"Areatext":"36.6976328306926","Duplicate":"0","Dist":"Ranga Reddy","PCs":"Chevella","Assembly_C":"Rajendra Nagar","Affeceted_":"1899-12-30T00:00:00","S_Number":0,"S_Fall":"Roads","Zone_1":"Z1B S","Affected_S":"Buffer","Area_SQF":395.008452224,"Zonewise":"Z1B","no_of_Floo":1,"gis_geometry_geojson":"{\"type\":\"Polygon\",\"coordinates\":[[[78.3455309,17.3833171],[78.3454671,17.3832553],[78.3454615,17.3832593],[78.3454549,17.3832523],[78.3454494,17.3832567],[78.3454564,17.3832853],[78.3454528,17.3832875],[78.3454925,17.3833383],[78.3455309,17.3833171]]]}"}},{"type":"Feature","id":"AS589-190","geometry":{"type":"Polygon","coordinates":[[[78.3452222,17.3832409],[78.3452753,17.3832384],[78.3452709,17.3831981],[78.3452203,17.3832059],[78.3452222,17.3832409]]]},"properties":{"household_id":"AS589-190","OBJECTID":209,"fid_1":103,"Area":246.51558964,"DSM":522.34491,"DTM":520,"HEIGHT":2.34491,"BuildingID":"61cbb","BuiType":null,"StructType":"Temporary","NameOwnRep":"61cbb","Contact":0,"HNoPlotNo":null,"TPIN":null,"ColnyStrtN":"Riveredge villas area in manchirevula village","SyTsNo":"472","WardBlockN":null,"Use":"Govt","Extent":0,"PlinthArea":0,"Classifica":"Govt","Caste":null,"FinanDepen":null,"HHSize":0,"NoAdults":0,"NoChild":0,"Govtbenefi":null,"Borewell":"No","Courtcase":"No","NameStruct":"Temporary tin sheds","ReliType":null,"Remarks":"Labour staying and working in near construction site","CommStatus":null,"Trees":"No","location":null,"Occupation":null,"SkilledOcc":null,"Craftsmen":null,"ReliStruct":null,"Cremetoriu":null,"Email":null,"Date":"1899-12-30T00:00:00","Time":null,"SurvyeorNa":null,"Survey_Dat":null,"Survey_Loc":null,"UUID":null,"email_id":null,"Mandals":"Gandipet","Zone":"Buffer","Income":"BPL","AreaSqm":2.2902,"Areatext":"22.9021392919116","Duplicate":"0","Dist":"Ranga Reddy","PCs":"Chevella","Assembly_C":"Rajendra Nagar","Affeceted_":"1899-12-30T00:00:00","S_Number":0,"S_Fall":"Roads","Zone_1":"Z1B S","Affected_S":"Buffer","Area_SQF":246.51558964,"Zonewise":"Z1B","no_of_Floo":1,"gis_geometry_geojson":"{\"type\":\"Polygon\",\"coordinates\":[[[78.3452222,17.3832409],[78.3452753,17.3832384],[78.3452709,17.3831981],[78.3452203,17.3832059],[78.3452222,17.3832409]]]}"}},{"type":"Feature","id":"AS589-191","geometry":{"type":"Polygon","coordinates":[[[78.3415642,17.3819801],[78.3415203,17.3819837],[78.3415241,17.3820018],[78.3415338,17.382001],[78.3415345,17.382008],[78.341568,17.3820058],[78.3415642,17.3819801]]]},"properties":{"household_id":"AS589-191","OBJECTID":222,"fid_1":119,"Area":129.306112664,"DSM":523.88373,"DTM":521,"HEIGHT":2.88373,"BuildingID":"8d81b","BuiType":null,"StructType":"Temporary","NameOwnRep":"8d81b","Contact":8790996441,"HNoPlotNo":null,"TPIN":null,"ColnyStrtN":null,"SyTsNo":"136","WardBlockN":null,"Use":"Commercial","Extent":0,"PlinthArea":0,"Classifica":"Patta","Caste":"OC","FinanDepen":"No","HHSize":0,"NoAdults":0,"NoChild":0,"Govtbenefi":"No","Borewell":"Yes","Courtcase":"No","NameStruct":"Srr convarction","ReliType":null,"Remarks":"There is a temporary TIN labour shed","CommStatus":"Others","Trees":"No","location":null,"Occupation":null,"SkilledOcc":null,"Craftsmen":null,"ReliStruct":null,"Cremetoriu":null,"Email":null,"Date":"1899-12-30T00:00:00","Time":null,"SurvyeorNa":null,"Survey_Dat":null,"Survey_Loc":null,"UUID":null,"email_id":"RiverBasin","Mandals":"Gandipet","Zone":"Buffer","Income":"BPL","AreaSqm":1.2012,"Areatext":"12.0129790109791","Duplicate":"0","Dist":"Ranga Reddy","PCs":"Chevella","Assembly_C":"Rajendra Nagar","Affeceted_":"1899-12-30T00:00:00","S_Number":0,"S_Fall":"Roads","Zone_1":"Z1B N","Affected_S":"Buffer","Area_SQF":129.306112664,"Zonewise":"Z1B","no_of_Floo":1,"gis_geometry_geojson":"{\"type\":\"Polygon\",\"coordinates\":[[[78.3415642,17.3819801],[78.3415203,17.3819837],[78.3415241,17.3820018],[78.3415338,17.382001],[78.3415345,17.382008],[78.341568,17.3820058],[78.3415642,17.3819801]]]}"}},{"type":"Feature","id":"AS589-192","geometry":{"type":"Polygon","coordinates":[[[78.3415119,17.3824119],[78.3415799,17.3824064],[78.3415672,17.3821937],[78.3414995,17.3822035],[78.3415119,17.3824119]]]},"properties":{"household_id":"AS589-192","OBJECTID":223,"fid_1":120,"Area":1823.24720389,"DSM":523.09161,"DTM":522,"HEIGHT":1.09161,"BuildingID":"02968","BuiType":null,"StructType":"Temporary","NameOwnRep":"02968","Contact":8790996441,"HNoPlotNo":null,"TPIN":null,"ColnyStrtN":null,"SyTsNo":"136","WardBlockN":null,"Use":"Commercial","Extent":0,"PlinthArea":0,"Classifica":"Patta","Caste":"OC","FinanDepen":"No","HHSize":0,"NoAdults":0,"NoChild":0,"Govtbenefi":"No","Borewell":"Yes","Courtcase":"No","NameStruct":"Srr convarction","ReliType":null,"Remarks":"There is a temporary TIN labour shed","CommStatus":"Others","Trees":"No","location":null,"Occupation":null,"SkilledOcc":null,"Craftsmen":null,"ReliStruct":null,"Cremetoriu":null,"Email":null,"Date":"1899-12-30T00:00:00","Time":null,"SurvyeorNa":null,"Survey_Dat":null,"Survey_Loc":null,"UUID":null,"email_id":null,"Mandals":"Gandipet","Zone":"Buffer","Income":"BPL","AreaSqm":1.6938,"Areatext":"169.38588545314","Duplicate":"0","Dist":"Ranga Reddy","PCs":"Chevella","Assembly_C":"Rajendra Nagar","Affeceted_":"1899-12-30T00:00:00","S_Number":0,"S_Fall":"Roads","Zone_1":"Z1B N","Affected_S":"Buffer","Area_SQF":1823.24720389,"Zonewise":"Z1B","no_of_Floo":1,"gis_geometry_geojson":"{\"type\":\"Polygon\",\"coordinates\":[[[78.3415119,17.3824119],[78.3415799,17.3824064],[78.3415672,17.3821937],[78.3414995,17.3822035],[78.3415119,17.3824119]]]}"}},{"type":"Feature","id":"AS589-193","geometry":{"type":"Polygon","coordinates":[[[78.34159,17.3824011],[78.3416573,17.3823932],[78.3416439,17.3821771],[78.3415752,17.3821851],[78.34159,17.3824011]]]},"properties":{"household_id":"AS589-193","OBJECTID":224,"fid_1":121,"Area":1875.15336429,"DSM":523.09161,"DTM":522,"HEIGHT":1.09161,"BuildingID":"397b9","BuiType":"Individual","StructType":"Temporary","NameOwnRep":"397b9","Contact":8790996445,"HNoPlotNo":null,"TPIN":null,"ColnyStrtN":null,"SyTsNo":"136","WardBlockN":null,"Use":"Residential","Extent":0,"PlinthArea":0,"Classifica":"Patta","Caste":"OC","FinanDepen":"No","HHSize":0,"NoAdults":0,"NoChild":0,"Govtbenefi":"No","Borewell":"No","Courtcase":"No","NameStruct":"Srr construction","ReliType":null,"Remarks":"Temporary labour sheds","CommStatus":null,"Trees":"Yes","location":null,"Occupation":"Buisness","SkilledOcc":null,"Craftsmen":null,"ReliStruct":null,"Cremetoriu":null,"Email":null,"Date":"1899-12-30T00:00:00","Time":null,"SurvyeorNa":null,"Survey_Dat":null,"Survey_Loc":null,"UUID":null,"email_id":"RiverBasin","Mandals":"Gandipet","Zone":"Buffer","Income":"BPL","AreaSqm":1.742,"Areatext":"174.208144838618","Duplicate":"0","Dist":"Ranga Reddy","PCs":"Chevella","Assembly_C":"Rajendra Nagar","Affeceted_":"1899-12-30T00:00:00","S_Number":0,"S_Fall":"Roads","Zone_1":"Z1B N","Affected_S":"Buffer","Area_SQF":1875.15336429,"Zonewise":"Z1B","no_of_Floo":1,"gis_geometry_geojson":"{\"type\":\"Polygon\",\"coordinates\":[[[78.34159,17.3824011],[78.3416573,17.3823932],[78.3416439,17.3821771],[78.3415752,17.3821851],[78.34159,17.3824011]]]}"}},{"type":"Feature","id":"AS589-194","geometry":{"type":"Polygon","coordinates":[[[78.3415152,17.3825039],[78.3417717,17.3824478],[78.3417592,17.3823813],[78.3415008,17.3824384],[78.3415152,17.3825039]]]},"properties":{"household_id":"AS589-194","OBJECTID":225,"fid_1":122,"Area":2249.75089005,"DSM":523.1322,"DTM":522,"HEIGHT":1.1322,"BuildingID":"def35","BuiType":"Individual","StructType":"Temporary","NameOwnRep":"def35","Contact":8790996445,"HNoPlotNo":null,"TPIN":null,"ColnyStrtN":null,"SyTsNo":"136","WardBlockN":null,"Use":"Residential","Extent":0,"PlinthArea":0,"Classifica":"Patta","Caste":"OC","FinanDepen":"No","HHSize":0,"NoAdults":0,"NoChild":0,"Govtbenefi":"No","Borewell":"No","Courtcase":"No","NameStruct":"SRR construction Temporary labour shed","ReliType":null,"Remarks":"There is a temporary shed for labour residing of adjacent SRR constructions . They may be removed once the construction completes","CommStatus":null,"Trees":"No","location":null,"Occupation":"Buisness","SkilledOcc":null,"Craftsmen":null,"ReliStruct":null,"Cremetoriu":null,"Email":null,"Date":"1899-12-30T00:00:00","Time":null,"SurvyeorNa":null,"Survey_Dat":null,"Survey_Loc":null,"UUID":null,"email_id":"RiverBasin","Mandals":"Gandipet","Zone":"Buffer","Income":"BPL","AreaSqm":2.09,"Areatext":"209.0095329634","Duplicate":"0","Dist":"Ranga Reddy","PCs":"Chevella","Assembly_C":"Rajendra Nagar","Affeceted_":"1899-12-30T00:00:00","S_Number":0,"S_Fall":"Roads","Zone_1":"Z1B N","Affected_S":"Buffer","Area_SQF":2249.75089005,"Zonewise":"Z1B","no_of_Floo":1,"gis_geometry_geojson":"{\"type\":\"Polygon\",\"coordinates\":[[[78.3415152,17.3825039],[78.3417717,17.3824478],[78.3417592,17.3823813],[78.3415008,17.3824384],[78.3415152,17.3825039]]]}"}},{"type":"Feature","id":"AS589-195","geometry":{"type":"Polygon","coordinates":[[[78.3415354,17.3825812],[78.3417604,17.3825301],[78.3417464,17.3824671],[78.3415213,17.3825176],[78.3415354,17.3825812]]]},"properties":{"household_id":"AS589-195","OBJECTID":226,"fid_1":123,"Area":1895.06842582,"DSM":523.05859,"DTM":522,"HEIGHT":1.05859,"BuildingID":"14339","BuiType":"Individual","StructType":"Temporary","NameOwnRep":"14339","Contact":8790996445,"HNoPlotNo":null,"TPIN":null,"ColnyStrtN":null,"SyTsNo":"136","WardBlockN":null,"Use":"Residential","Extent":0,"PlinthArea":0,"Classifica":"Patta","Caste":"OC","FinanDepen":"No","HHSize":0,"NoAdults":0,"NoChild":0,"Govtbenefi":"No","Borewell":"No","Courtcase":"No","NameStruct":"Saidireddy","ReliType":null,"Remarks":"Temporary labour sheds","CommStatus":null,"Trees":"No","location":null,"Occupation":"Buisness","SkilledOcc":null,"Craftsmen":null,"ReliStruct":null,"Cremetoriu":null,"Email":null,"Date":"1899-12-30T00:00:00","Time":null,"SurvyeorNa":null,"Survey_Dat":null,"Survey_Loc":null,"UUID":null,"email_id":"RiverBasin","Mandals":"Gandipet","Zone":"Buffer","Income":"BPL","AreaSqm":1.7605,"Areatext":"176.058322008547","Duplicate":"0","Dist":"Ranga Reddy","PCs":"Chevella","Assembly_C":"Rajendra Nagar","Affeceted_":"1899-12-30T00:00:00","S_Number":0,"S_Fall":"Roads","Zone_1":"Z1B N","Affected_S":"Buffer","Area_SQF":1895.06842582,"Zonewise":"Z1B","no_of_Floo":1,"gis_geometry_geojson":"{\"type\":\"Polygon\",\"coordinates\":[[[78.3415354,17.3825812],[78.3417604,17.3825301],[78.3417464,17.3824671],[78.3415213,17.3825176],[78.3415354,17.3825812]]]}"}},{"type":"Feature","id":"AS589-196","geometry":{"type":"Polygon","coordinates":[[[78.3417615,17.3825365],[78.3415277,17.382589],[78.3415286,17.3825929],[78.34151,17.3825971],[78.3415239,17.3826543],[78.3417768,17.3825999],[78.3417615,17.3825365]]]},"properties":{"household_id":"AS589-196","OBJECTID":227,"fid_1":124,"Area":2115.96711192,"DSM":523.05859,"DTM":522,"HEIGHT":1.05859,"BuildingID":"154a9","BuiType":"Individual","StructType":"Temporary","NameOwnRep":"154a9","Contact":8790996445,"HNoPlotNo":null,"TPIN":null,"ColnyStrtN":null,"SyTsNo":"136","WardBlockN":null,"Use":"Residential","Extent":0,"PlinthArea":0,"Classifica":"Patta","Caste":"OC","FinanDepen":"No","HHSize":0,"NoAdults":0,"NoChild":0,"Govtbenefi":"No","Borewell":"No","Courtcase":"No","NameStruct":"SRR construction Temporary labour shed","ReliType":null,"Remarks":"There is a temporary labour shed using for residing purpose of labour used for adjacent SRR construct works","CommStatus":null,"Trees":"Yes","location":null,"Occupation":"Buisness","SkilledOcc":null,"Craftsmen":null,"ReliStruct":null,"Cremetoriu":null,"Email":null,"Date":"1899-12-30T00:00:00","Time":null,"SurvyeorNa":null,"Survey_Dat":null,"Survey_Loc":null,"UUID":null,"email_id":"RiverBasin","Mandals":"Gandipet","Zone":"Buffer","Income":"BPL","AreaSqm":1.9658,"Areatext":"196.580563558583","Duplicate":"0","Dist":"Ranga Reddy","PCs":"Chevella","Assembly_C":"Rajendra Nagar","Affeceted_":"1899-12-30T00:00:00","S_Number":0,"S_Fall":"Roads","Zone_1":"Z1B N","Affected_S":"Buffer","Area_SQF":2115.96711192,"Zonewise":"Z1B","no_of_Floo":1,"gis_geometry_geojson":"{\"type\":\"Polygon\",\"coordinates\":[[[78.3417615,17.3825365],[78.3415277,17.382589],[78.3415286,17.3825929],[78.34151,17.3825971],[78.3415239,17.3826543],[78.3417768,17.3825999],[78.3417615,17.3825365]]]}"}},{"type":"Feature","id":"AS589-197","geometry":{"type":"Polygon","coordinates":[[[78.3417809,17.3826033],[78.3415001,17.3826685],[78.3415152,17.3827286],[78.3417967,17.3826674],[78.3417809,17.3826033]]]},"properties":{"household_id":"AS589-197","OBJECTID":228,"fid_1":125,"Area":2362.04522144,"DSM":523.23834,"DTM":522,"HEIGHT":1.23834,"BuildingID":"22969","BuiType":null,"StructType":"Temporary","NameOwnRep":"22969","Contact":8790996441,"HNoPlotNo":null,"TPIN":null,"ColnyStrtN":null,"SyTsNo":"136","WardBlockN":null,"Use":"Commercial","Extent":0,"PlinthArea":0,"Classifica":"Patta","Caste":"OC","FinanDepen":"No","HHSize":0,"NoAdults":0,"NoChild":0,"Govtbenefi":"No","Borewell":"Yes","Courtcase":"No","NameStruct":"Srr convarction","ReliType":null,"Remarks":"There is a temporary TIN labour shed","CommStatus":"Others","Trees":"No","location":null,"Occupation":null,"SkilledOcc":null,"Craftsmen":null,"ReliStruct":null,"Cremetoriu":null,"Email":null,"Date":"1899-12-30T00:00:00","Time":null,"SurvyeorNa":null,"Survey_Dat":null,"Survey_Loc":null,"UUID":null,"email_id":"RiverBasin","Mandals":"Gandipet","Zone":"Buffer","Income":"BPL","AreaSqm":2.1944,"Areatext":"219.442059457456","Duplicate":"0","Dist":"Ranga Reddy","PCs":"Chevella","Assembly_C":"Rajendra Nagar","Affeceted_":"1899-12-30T00:00:00","S_Number":0,"S_Fall":"Roads","Zone_1":"Z1B N","Affected_S":"Buffer","Area_SQF":2362.04522144,"Zonewise":"Z1B","no_of_Floo":1,"gis_geometry_geojson":"{\"type\":\"Polygon\",\"coordinates\":[[[78.3417809,17.3826033],[78.3415001,17.3826685],[78.3415152,17.3827286],[78.3417967,17.3826674],[78.3417809,17.3826033]]]}"}},{"type":"Feature","id":"AS589-198","geometry":{"type":"Polygon","coordinates":[[[78.3417966,17.3826728],[78.3415185,17.3827387],[78.3415337,17.3827979],[78.3416415,17.3827758],[78.3416428,17.382781],[78.3416585,17.3827772],[78.3416572,17.3827722],[78.3418123,17.3827377],[78.3417966,17.3826728]]]},"properties":{"household_id":"AS589-198","OBJECTID":229,"fid_1":126,"Area":2342.77226188,"DSM":523.29059,"DTM":522,"HEIGHT":1.29059,"BuildingID":"cfede","BuiType":"Individual","StructType":"Temporary","NameOwnRep":"cfede","Contact":8790996445,"HNoPlotNo":null,"TPIN":null,"ColnyStrtN":null,"SyTsNo":"136","WardBlockN":null,"Use":"Residential","Extent":0,"PlinthArea":0,"Classifica":"Patta","Caste":"OC","FinanDepen":"No","HHSize":0,"NoAdults":0,"NoChild":0,"Govtbenefi":"No","Borewell":"No","Courtcase":"No","NameStruct":"Srr construction","ReliType":null,"Remarks":"Temporary labour sheds","CommStatus":null,"Trees":"No","location":null,"Occupation":"Buisness","SkilledOcc":null,"Craftsmen":null,"ReliStruct":null,"Cremetoriu":null,"Email":null,"Date":"1899-12-30T00:00:00","Time":null,"SurvyeorNa":null,"Survey_Dat":null,"Survey_Loc":null,"UUID":null,"email_id":"RiverBasin","Mandals":"Gandipet","Zone":"Buffer","Income":"BPL","AreaSqm":2.1765,"Areatext":"217.65153576555","Duplicate":"0","Dist":"Ranga Reddy","PCs":"Chevella","Assembly_C":"Rajendra Nagar","Affeceted_":"1899-12-30T00:00:00","S_Number":0,"S_Fall":"Roads","Zone_1":"Z1B N","Affected_S":"Buffer","Area_SQF":2342.77226188,"Zonewise":"Z1B","no_of_Floo":1,"gis_geometry_geojson":"{\"type\":\"Polygon\",\"coordinates\":[[[78.3417966,17.3826728],[78.3415185,17.3827387],[78.3415337,17.3827979],[78.3416415,17.3827758],[78.3416428,17.382781],[78.3416585,17.3827772],[78.3416572,17.3827722],[78.3418123,17.3827377],[78.3417966,17.3826728]]]}"}},{"type":"Feature","id":"AS589-199","geometry":{"type":"Polygon","coordinates":[[[78.3418179,17.3827456],[78.3415317,17.3828128],[78.3415485,17.3828759],[78.3418336,17.3828094],[78.3418179,17.3827456]]]},"properties":{"household_id":"AS589-199","OBJECTID":230,"fid_1":127,"Area":2433.70171987,"DSM":523.26202,"DTM":522,"HEIGHT":1.26202,"BuildingID":"ccd51","BuiType":"Individual","StructType":"Temporary","NameOwnRep":"ccd51","Contact":8790996445,"HNoPlotNo":null,"TPIN":null,"ColnyStrtN":null,"SyTsNo":"136","WardBlockN":null,"Use":"Residential","Extent":0,"PlinthArea":0,"Classifica":"Patta","Caste":"OC","FinanDepen":"No","HHSize":0,"NoAdults":0,"NoChild":0,"Govtbenefi":"No","Borewell":"No","Courtcase":"No","NameStruct":"SRR construction Trmporary labour sheds","ReliType":null,"Remarks":"There is a temporary labour shed using for residing purpose of labour used for adjacent SRR construct works","CommStatus":null,"Trees":"No","location":null,"Occupation":"Buisness","SkilledOcc":null,"Craftsmen":null,"ReliStruct":null,"Cremetoriu":null,"Email":null,"Date":"1899-12-30T00:00:00","Time":null,"SurvyeorNa":null,"Survey_Dat":null,"Survey_Loc":null,"UUID":null,"email_id":"RiverBasin","Mandals":"Gandipet","Zone":"Buffer","Income":"BPL","AreaSqm":2.2609,"Areatext":"226.099192629671","Duplicate":"0","Dist":"Ranga Reddy","PCs":"Chevella","Assembly_C":"Rajendra Nagar","Affeceted_":"1899-12-30T00:00:00","S_Number":0,"S_Fall":"Roads","Zone_1":"Z1B N","Affected_S":"Buffer","Area_SQF":2433.70171987,"Zonewise":"Z1B","no_of_Floo":1,"gis_geometry_geojson":"{\"type\":\"Polygon\",\"coordinates\":[[[78.3418179,17.3827456],[78.3415317,17.3828128],[78.3415485,17.3828759],[78.3418336,17.3828094],[78.3418179,17.3827456]]]}"}},{"type":"Feature","id":"AS589-200","geometry":{"type":"Polygon","coordinates":[[[78.341837,17.3828188],[78.3415523,17.3828869],[78.3415681,17.3829483],[78.3418532,17.3828833],[78.341837,17.3828188]]]},"properties":{"household_id":"AS589-200","OBJECTID":231,"fid_1":128,"Area":2407.78055624,"DSM":523.55585,"DTM":521,"HEIGHT":2.55585,"BuildingID":"aca0f","BuiType":"Individual","StructType":"Temporary","NameOwnRep":"aca0f","Contact":8790996445,"HNoPlotNo":null,"TPIN":null,"ColnyStrtN":null,"SyTsNo":"136","WardBlockN":null,"Use":"Residential","Extent":0,"PlinthArea":0,"Classifica":"Patta","Caste":"OC","FinanDepen":"No","HHSize":0,"NoAdults":0,"NoChild":0,"Govtbenefi":"No","Borewell":"No","Courtcase":"No","NameStruct":"Srr construction","ReliType":null,"Remarks":"Temporary labour sheds","CommStatus":null,"Trees":"No","location":null,"Occupation":"Buisness","SkilledOcc":null,"Craftsmen":null,"ReliStruct":null,"Cremetoriu":null,"Email":null,"Date":"1899-12-30T00:00:00","Time":null,"SurvyeorNa":null,"Survey_Dat":null,"Survey_Loc":null,"UUID":null,"email_id":null,"Mandals":"Gandipet","Zone":"Buffer","Income":"BPL","AreaSqm":2.2369,"Areatext":"223.691028089319","Duplicate":"0","Dist":"Ranga Reddy","PCs":"Chevella","Assembly_C":"Rajendra Nagar","Affeceted_":"1899-12-30T00:00:00","S_Number":0,"S_Fall":"Roads","Zone_1":"Z1B N","Affected_S":"Buffer","Area_SQF":2407.78055624,"Zonewise":"Z1B","no_of_Floo":1,"gis_geometry_geojson":"{\"type\":\"Polygon\",\"coordinates\":[[[78.341837,17.3828188],[78.3415523,17.3828869],[78.3415681,17.3829483],[78.3418532,17.3828833],[78.341837,17.3828188]]]}"}},{"type":"Feature","id":"AS589-201","geometry":{"type":"Polygon","coordinates":[[[78.3417357,17.3829284],[78.3418126,17.3833087],[78.3418795,17.3832954],[78.3418011,17.3829159],[78.3417357,17.3829284]]]},"properties":{"household_id":"AS589-201","OBJECTID":232,"fid_1":129,"Area":3310.70497074,"DSM":523.04828,"DTM":522,"HEIGHT":1.04828,"BuildingID":"d8a93","BuiType":null,"StructType":"Temporary","NameOwnRep":"d8a93","Contact":8790996441,"HNoPlotNo":null,"TPIN":null,"ColnyStrtN":null,"SyTsNo":"136","WardBlockN":null,"Use":"Commercial","Extent":0,"PlinthArea":0,"Classifica":"Patta","Caste":"OC","FinanDepen":"No","HHSize":0,"NoAdults":0,"NoChild":0,"Govtbenefi":"No","Borewell":"Yes","Courtcase":"No","NameStruct":"Temporary TIN shed","ReliType":null,"Remarks":"There is a temporary TIN labour shed","CommStatus":"Others","Trees":"No","location":null,"Occupation":null,"SkilledOcc":null,"Craftsmen":null,"ReliStruct":null,"Cremetoriu":null,"Email":null,"Date":"1899-12-30T00:00:00","Time":null,"SurvyeorNa":null,"Survey_Dat":null,"Survey_Loc":null,"UUID":null,"email_id":null,"Mandals":"Gandipet","Zone":"Buffer","Income":"BPL","AreaSqm":3.0757,"Areatext":"307.575786629773","Duplicate":"0","Dist":"Ranga Reddy","PCs":"Chevella","Assembly_C":"Rajendra Nagar","Affeceted_":"1899-12-30T00:00:00","S_Number":0,"S_Fall":"Roads","Zone_1":"Z1B N","Affected_S":"Buffer","Area_SQF":3310.70497074,"Zonewise":"Z1B","no_of_Floo":1,"gis_geometry_geojson":"{\"type\":\"Polygon\",\"coordinates\":[[[78.3417357,17.3829284],[78.3418126,17.3833087],[78.3418795,17.3832954],[78.3418011,17.3829159],[78.3417357,17.3829284]]]}"}},{"type":"Feature","id":"AS589-202","geometry":{"type":"Polygon","coordinates":[[[78.3418163,17.3829116],[78.3418919,17.3832767],[78.3419566,17.3832637],[78.3418812,17.3828964],[78.3418163,17.3829116]]]},"properties":{"household_id":"AS589-202","OBJECTID":233,"fid_1":130,"Area":3141.60763828,"DSM":523.42786,"DTM":522,"HEIGHT":1.42786,"BuildingID":"e15f2","BuiType":"Individual","StructType":"Temporary","NameOwnRep":"e15f2","Contact":8790996445,"HNoPlotNo":null,"TPIN":null,"ColnyStrtN":null,"SyTsNo":"136","WardBlockN":null,"Use":"Residential","Extent":0,"PlinthArea":0,"Classifica":"Patta","Caste":"OC","FinanDepen":"No","HHSize":0,"NoAdults":0,"NoChild":0,"Govtbenefi":"No","Borewell":"No","Courtcase":"No","NameStruct":"Temporary Labour sheds","ReliType":null,"Remarks":"There is a temporary labour shed using for residing purpose of labour used for adjacent SRR construct works","CommStatus":null,"Trees":"No","location":null,"Occupation":"Buisness","SkilledOcc":null,"Craftsmen":null,"ReliStruct":null,"Cremetoriu":null,"Email":null,"Date":"1899-12-30T00:00:00","Time":null,"SurvyeorNa":null,"Survey_Dat":null,"Survey_Loc":null,"UUID":null,"email_id":null,"Mandals":"Gandipet","Zone":"Buffer","Income":"BPL","AreaSqm":2.9186,"Areatext":"291.866067544681","Duplicate":"0","Dist":"Ranga Reddy","PCs":"Chevella","Assembly_C":"Rajendra Nagar","Affeceted_":"1899-12-30T00:00:00","S_Number":0,"S_Fall":"Roads","Zone_1":"Z1B N","Affected_S":"Buffer","Area_SQF":3141.60763828,"Zonewise":"Z1B","no_of_Floo":1,"gis_geometry_geojson":"{\"type\":\"Polygon\",\"coordinates\":[[[78.3418163,17.3829116],[78.3418919,17.3832767],[78.3419566,17.3832637],[78.3418812,17.3828964],[78.3418163,17.3829116]]]}"}},{"type":"Feature","id":"AS589-203","geometry":{"type":"Polygon","coordinates":[[[78.3419422,17.3829741],[78.3419493,17.383016],[78.3419808,17.3830119],[78.3419774,17.3829868],[78.3419881,17.3829855],[78.3419869,17.3829764],[78.3419768,17.3829776],[78.3419755,17.3829676],[78.3419422,17.3829741]]]},"properties":{"household_id":"AS589-203","OBJECTID":237,"fid_1":134,"Area":192.824078205,"DSM":522.36047,"DTM":519,"HEIGHT":3.36047,"BuildingID":"a806d","BuiType":null,"StructType":"Temporary","NameOwnRep":"a806d","Contact":8790996441,"HNoPlotNo":null,"TPIN":null,"ColnyStrtN":null,"SyTsNo":"136","WardBlockN":null,"Use":"Commercial","Extent":0,"PlinthArea":0,"Classifica":"Patta","Caste":"OC","FinanDepen":"No","HHSize":0,"NoAdults":0,"NoChild":0,"Govtbenefi":"No","Borewell":"Yes","Courtcase":"No","NameStruct":"Ssr convarction","ReliType":null,"Remarks":"There is a temporary TIN labour shed","CommStatus":"Others","Trees":"No","location":null,"Occupation":null,"SkilledOcc":null,"Craftsmen":null,"ReliStruct":null,"Cremetoriu":null,"Email":null,"Date":"1899-12-30T00:00:00","Time":null,"SurvyeorNa":null,"Survey_Dat":null,"Survey_Loc":null,"UUID":null,"email_id":"RiverBasin","Mandals":"Gandipet","Zone":"Buffer","Income":"BPL","AreaSqm":1.7914,"Areatext":"17.9140147062015","Duplicate":"0","Dist":"Ranga Reddy","PCs":"Chevella","Assembly_C":"Rajendra Nagar","Affeceted_":"1899-12-30T00:00:00","S_Number":0,"S_Fall":"Roads","Zone_1":"Z1B N","Affected_S":"RIVER","Area_SQF":192.824078205,"Zonewise":"Z1B","no_of_Floo":1,"gis_geometry_geojson":"{\"type\":\"Polygon\",\"coordinates\":[[[78.3419422,17.3829741],[78.3419493,17.383016],[78.3419808,17.3830119],[78.3419774,17.3829868],[78.3419881,17.3829855],[78.3419869,17.3829764],[78.3419768,17.3829776],[78.3419755,17.3829676],[78.3419422,17.3829741]]]}"}},{"type":"Feature","id":"AS589-204","geometry":{"type":"Polygon","coordinates":[[[78.3419575,17.3830311],[78.3419761,17.3831406],[78.3420123,17.3831324],[78.3419837,17.3830269],[78.3419575,17.3830311]]]},"properties":{"household_id":"AS589-204","OBJECTID":238,"fid_1":135,"Area":448.130800784,"DSM":522.55432,"DTM":520,"HEIGHT":2.55432,"BuildingID":"a1734","BuiType":"Individual","StructType":"Temporary","NameOwnRep":"a1734","Contact":8790996445,"HNoPlotNo":null,"TPIN":null,"ColnyStrtN":null,"SyTsNo":"136","WardBlockN":null,"Use":"Residential","Extent":0,"PlinthArea":0,"Classifica":"Patta","Caste":"OC","FinanDepen":"No","HHSize":0,"NoAdults":0,"NoChild":0,"Govtbenefi":"No","Borewell":"No","Courtcase":"No","NameStruct":"Srr construction","ReliType":null,"Remarks":"Temporary labour sheds","CommStatus":null,"Trees":"No","location":null,"Occupation":"Buisness","SkilledOcc":null,"Craftsmen":null,"ReliStruct":null,"Cremetoriu":null,"Email":null,"Date":"1899-12-30T00:00:00","Time":null,"SurvyeorNa":null,"Survey_Dat":null,"Survey_Loc":null,"UUID":null,"email_id":"RiverBasin","Mandals":"Gandipet","Zone":"Buffer","Income":"BPL","AreaSqm":4.1632,"Areatext":"41.6328802417848","Duplicate":"0","Dist":"Ranga Reddy","PCs":"Chevella","Assembly_C":"Rajendra Nagar","Affeceted_":"1899-12-30T00:00:00","S_Number":0,"S_Fall":"Roads","Zone_1":"Z1B N","Affected_S":"Buffer","Area_SQF":448.130800784,"Zonewise":"Z1B","no_of_Floo":1,"gis_geometry_geojson":"{\"type\":\"Polygon\",\"coordinates\":[[[78.3419575,17.3830311],[78.3419761,17.3831406],[78.3420123,17.3831324],[78.3419837,17.3830269],[78.3419575,17.3830311]]]}"}},{"type":"Feature","id":"AS589-205","geometry":{"type":"Polygon","coordinates":[[[78.35432,17.3824384],[78.3543275,17.3824695],[78.3543695,17.3824623],[78.3543636,17.3824309],[78.35432,17.3824384]]]},"properties":{"household_id":"AS589-205","OBJECTID":245,"fid_1":143,"Area":175.790655839,"DSM":515.7171,"DTM":513,"HEIGHT":2.7171,"BuildingID":"6d0d1","BuiType":null,"StructType":"Temporary","NameOwnRep":"6d0d1","Contact":9866713579,"HNoPlotNo":null,"TPIN":null,"ColnyStrtN":"Manchirevula road","SyTsNo":"503","WardBlockN":"18","Use":"Commercial","Extent":0,"PlinthArea":0,"Classifica":"Patta","Caste":"OC","FinanDepen":"No","HHSize":0,"NoAdults":0,"NoChild":0,"Govtbenefi":"No","Borewell":"Yes","Courtcase":"No","NameStruct":"Water storage","ReliType":null,"Remarks":"Temporary","CommStatus":"Others","Trees":"No","location":null,"Occupation":null,"SkilledOcc":null,"Craftsmen":null,"ReliStruct":null,"Cremetoriu":null,"Email":null,"Date":"1899-12-30T00:00:00","Time":null,"SurvyeorNa":null,"Survey_Dat":null,"Survey_Loc":null,"UUID":null,"email_id":null,"Mandals":"Gandipet","Zone":"Buffer","Income":"BPL","AreaSqm":1.6331,"Areatext":"16.3315516558159","Duplicate":"0","Dist":"Ranga Reddy","PCs":"Chevella","Assembly_C":"Rajendra Nagar","Affeceted_":"1899-12-30T00:00:00","S_Number":0,"S_Fall":"Roads","Zone_1":"Z1B N","Affected_S":"Buffer","Area_SQF":175.790655839,"Zonewise":"Z1B","no_of_Floo":1,"gis_geometry_geojson":"{\"type\":\"Polygon\",\"coordinates\":[[[78.35432,17.3824384],[78.3543275,17.3824695],[78.3543695,17.3824623],[78.3543636,17.3824309],[78.35432,17.3824384]]]}"}},{"type":"Feature","id":"AS589-206","geometry":{"type":"Polygon","coordinates":[[[78.3543637,17.3823783],[78.354374,17.3824241],[78.3544566,17.3824045],[78.3544449,17.3823591],[78.3543637,17.3823783]]]},"properties":{"household_id":"AS589-206","OBJECTID":246,"fid_1":144,"Area":499.796377494,"DSM":515.57251,"DTM":513,"HEIGHT":2.57251,"BuildingID":"01a78","BuiType":null,"StructType":"Temporary","NameOwnRep":"01a78","Contact":9866713579,"HNoPlotNo":null,"TPIN":null,"ColnyStrtN":"Manchirevula road","SyTsNo":"503","WardBlockN":"18","Use":"Commercial","Extent":0,"PlinthArea":0,"Classifica":"Patta","Caste":"OC","FinanDepen":"No","HHSize":0,"NoAdults":0,"NoChild":0,"Govtbenefi":"No","Borewell":"Yes","Courtcase":"No","NameStruct":"Sruthi agro fams pvt lmt","ReliType":null,"Remarks":"Tin sheds","CommStatus":"Others","Trees":"No","location":null,"Occupation":null,"SkilledOcc":null,"Craftsmen":null,"ReliStruct":null,"Cremetoriu":null,"Email":null,"Date":"1899-12-30T00:00:00","Time":null,"SurvyeorNa":null,"Survey_Dat":null,"Survey_Loc":null,"UUID":null,"email_id":null,"Mandals":"Gandipet","Zone":"Buffer","Income":"BPL","AreaSqm":4.6432,"Areatext":"46.4327885829404","Duplicate":"0","Dist":"Ranga Reddy","PCs":"Chevella","Assembly_C":"Rajendra Nagar","Affeceted_":"1899-12-30T00:00:00","S_Number":0,"S_Fall":"Roads","Zone_1":"Z1B N","Affected_S":"Buffer","Area_SQF":499.796377494,"Zonewise":"Z1B","no_of_Floo":1,"gis_geometry_geojson":"{\"type\":\"Polygon\",\"coordinates\":[[[78.3543637,17.3823783],[78.354374,17.3824241],[78.3544566,17.3824045],[78.3544449,17.3823591],[78.3543637,17.3823783]]]}"}},{"type":"Feature","id":"AS589-207","geometry":{"type":"Polygon","coordinates":[[[78.3540122,17.3825093],[78.3540243,17.3825537],[78.3542461,17.3825003],[78.3542345,17.3824558],[78.3540122,17.3825093]]]},"properties":{"household_id":"AS589-207","OBJECTID":247,"fid_1":145,"Area":1331.63306439,"DSM":516.18616,"DTM":513,"HEIGHT":3.18616,"BuildingID":"b2862","BuiType":null,"StructType":"Temporary","NameOwnRep":"b2862","Contact":9866713579,"HNoPlotNo":null,"TPIN":null,"ColnyStrtN":"Manchirevula raod","SyTsNo":"503","WardBlockN":"18","Use":"Commercial","Extent":1200,"PlinthArea":0,"Classifica":"Patta","Caste":"OC","FinanDepen":"No","HHSize":0,"NoAdults":0,"NoChild":0,"Govtbenefi":"No","Borewell":"Yes","Courtcase":"No","NameStruct":"Tin sheds","ReliType":null,"Remarks":"Temporary sheds","CommStatus":"Others","Trees":"No","location":null,"Occupation":null,"SkilledOcc":null,"Craftsmen":null,"ReliStruct":null,"Cremetoriu":null,"Email":null,"Date":"1899-12-30T00:00:00","Time":null,"SurvyeorNa":null,"Survey_Dat":null,"Survey_Loc":null,"UUID":null,"email_id":null,"Mandals":"Gandipet","Zone":"Buffer","Income":"BPL","AreaSqm":1.2371,"Areatext":"123.713254698179","Duplicate":"0","Dist":"Ranga Reddy","PCs":"Chevella","Assembly_C":"Rajendra Nagar","Affeceted_":"1899-12-30T00:00:00","S_Number":0,"S_Fall":"Roads","Zone_1":"Z1B N","Affected_S":"Buffer","Area_SQF":1331.63306439,"Zonewise":"Z1B","no_of_Floo":1,"gis_geometry_geojson":"{\"type\":\"Polygon\",\"coordinates\":[[[78.3540122,17.3825093],[78.3540243,17.3825537],[78.3542461,17.3825003],[78.3542345,17.3824558],[78.3540122,17.3825093]]]}"}},{"type":"Feature","id":"AS589-208","geometry":{"type":"Polygon","coordinates":[[[78.3538304,17.3826306],[78.3538324,17.3826499],[78.3539353,17.3826381],[78.3539329,17.3826188],[78.3538304,17.3826306]]]},"properties":{"household_id":"AS589-208","OBJECTID":248,"fid_1":146,"Area":254.963243252,"DSM":517.05426,"DTM":514,"HEIGHT":3.05426,"BuildingID":"bd913","BuiType":null,"StructType":"Temporary","NameOwnRep":"bd913","Contact":9866713579,"HNoPlotNo":null,"TPIN":null,"ColnyStrtN":"Manchirevula road","SyTsNo":"503","WardBlockN":"18","Use":"Commercial","Extent":0,"PlinthArea":0,"Classifica":"Patta","Caste":"OC","FinanDepen":"No","HHSize":0,"NoAdults":0,"NoChild":0,"Govtbenefi":"No","Borewell":"Yes","Courtcase":"No","NameStruct":"Tin sheds using toilets","ReliType":null,"Remarks":"Temporary tin sheds","CommStatus":"Others","Trees":"No","location":null,"Occupation":null,"SkilledOcc":null,"Craftsmen":null,"ReliStruct":null,"Cremetoriu":null,"Email":null,"Date":"1899-12-30T00:00:00","Time":null,"SurvyeorNa":null,"Survey_Dat":null,"Survey_Loc":null,"UUID":null,"email_id":null,"Mandals":"Gandipet","Zone":"Buffer","Income":"BPL","AreaSqm":2.3686,"Areatext":"23.6869551325635","Duplicate":"0","Dist":"Ranga Reddy","PCs":"Chevella","Assembly_C":"Rajendra Nagar","Affeceted_":"1899-12-30T00:00:00","S_Number":0,"S_Fall":"Roads","Zone_1":"Z1B N","Affected_S":"Buffer","Area_SQF":254.963243252,"Zonewise":"Z1B","no_of_Floo":1,"gis_geometry_geojson":"{\"type\":\"Polygon\",\"coordinates\":[[[78.3538304,17.3826306],[78.3538324,17.3826499],[78.3539353,17.3826381],[78.3539329,17.3826188],[78.3538304,17.3826306]]]}"}},{"type":"Feature","id":"AS589-209","geometry":{"type":"Polygon","coordinates":[[[78.3538331,17.3826554],[78.3538351,17.3826742],[78.3539363,17.382663],[78.3539341,17.3826442],[78.3538331,17.3826554]]]},"properties":{"household_id":"AS589-209","OBJECTID":249,"fid_1":147,"Area":244.061398382,"DSM":517.04523,"DTM":514,"HEIGHT":3.04523,"BuildingID":"4ec99","BuiType":null,"StructType":"Temporary","NameOwnRep":"4ec99","Contact":9866713579,"HNoPlotNo":null,"TPIN":null,"ColnyStrtN":"Manchirevula road","SyTsNo":"503","WardBlockN":"18","Use":"Commercial","Extent":0,"PlinthArea":0,"Classifica":"Patta","Caste":"OC","FinanDepen":"No","HHSize":0,"NoAdults":0,"NoChild":0,"Govtbenefi":"No","Borewell":"Yes","Courtcase":"No","NameStruct":"Tin sheds using toilets","ReliType":null,"Remarks":"Temporary tin shed","CommStatus":"Others","Trees":"No","location":null,"Occupation":null,"SkilledOcc":null,"Craftsmen":null,"ReliStruct":null,"Cremetoriu":null,"Email":null,"Date":"1899-12-30T00:00:00","Time":null,"SurvyeorNa":null,"Survey_Dat":null,"Survey_Loc":null,"UUID":null,"email_id":null,"Mandals":"Gandipet","Zone":"Buffer","Income":"BPL","AreaSqm":2.2674,"Areatext":"22.6741365506565","Duplicate":"0","Dist":"Ranga Reddy","PCs":"Chevella","Assembly_C":"Rajendra Nagar","Affeceted_":"1899-12-30T00:00:00","S_Number":0,"S_Fall":"Roads","Zone_1":"Z1B N","Affected_S":"Buffer","Area_SQF":244.061398382,"Zonewise":"Z1B","no_of_Floo":1,"gis_geometry_geojson":"{\"type\":\"Polygon\",\"coordinates\":[[[78.3538331,17.3826554],[78.3538351,17.3826742],[78.3539363,17.382663],[78.3539341,17.3826442],[78.3538331,17.3826554]]]}"}},{"type":"Feature","id":"AS589-210","geometry":{"type":"Polygon","coordinates":[[[78.3511909,17.3827987],[78.3512308,17.3827887],[78.351213,17.3827201],[78.3512028,17.3827191],[78.3511764,17.3827438],[78.3511909,17.3827987]]]},"properties":{"household_id":"AS589-210","OBJECTID":250,"fid_1":148,"Area":351.653181995,"DSM":519.53851,"DTM":515,"HEIGHT":4.53851,"BuildingID":"f9d81","BuiType":null,"StructType":"Temporary","NameOwnRep":"f9d81","Contact":9000383993,"HNoPlotNo":null,"TPIN":null,"ColnyStrtN":"Manchirevula","SyTsNo":"515","WardBlockN":null,"Use":"Commercial","Extent":0,"PlinthArea":0,"Classifica":"Patta","Caste":"OC","FinanDepen":"No","HHSize":0,"NoAdults":0,"NoChild":0,"Govtbenefi":"No","Borewell":"No","Courtcase":"No","NameStruct":"Temporary TIn structure","ReliType":null,"Remarks":"The land is open on ground with rocks and belongs to Rajapushpa Constructions.","CommStatus":"Others","Trees":"No","location":null,"Occupation":null,"SkilledOcc":null,"Craftsmen":null,"ReliStruct":null,"Cremetoriu":null,"Email":null,"Date":"1899-12-30T00:00:00","Time":null,"SurvyeorNa":null,"Survey_Dat":null,"Survey_Loc":null,"UUID":null,"email_id":null,"Mandals":"Gandipet","Zone":"Buffer","Income":"BPL","AreaSqm":3.2669,"Areatext":"32.6697803130972","Duplicate":"0","Dist":"Ranga Reddy","PCs":"Chevella","Assembly_C":"Rajendra Nagar","Affeceted_":"1899-12-30T00:00:00","S_Number":0,"S_Fall":"Roads","Zone_1":"Z1B S","Affected_S":"Buffer","Area_SQF":703.30636399,"Zonewise":"Z1B","no_of_Floo":2,"gis_geometry_geojson":"{\"type\":\"Polygon\",\"coordinates\":[[[78.3511909,17.3827987],[78.3512308,17.3827887],[78.351213,17.3827201],[78.3512028,17.3827191],[78.3511764,17.3827438],[78.3511909,17.3827987]]]}"}},{"type":"Feature","id":"AS589-211","geometry":{"type":"Polygon","coordinates":[[[78.3544543,17.3823548],[78.3544643,17.3824011],[78.3545457,17.3823848],[78.3545357,17.3823385],[78.3544543,17.3823548]]]},"properties":{"household_id":"AS589-211","OBJECTID":253,"fid_1":151,"Area":498.502237628,"DSM":515.54999,"DTM":513,"HEIGHT":2.54999,"BuildingID":"2973f","BuiType":null,"StructType":"Temporary","NameOwnRep":"2973f","Contact":9866713579,"HNoPlotNo":null,"TPIN":null,"ColnyStrtN":"Manchirevula road","SyTsNo":"503","WardBlockN":"18","Use":"Commercial","Extent":0,"PlinthArea":0,"Classifica":"Patta","Caste":"OC","FinanDepen":"No","HHSize":0,"NoAdults":0,"NoChild":0,"Govtbenefi":"No","Borewell":"Yes","Courtcase":"No","NameStruct":"Sruthi agro fams pvt lmt","ReliType":null,"Remarks":"Tin shed temporary","CommStatus":"Others","Trees":"No","location":null,"Occupation":null,"SkilledOcc":null,"Craftsmen":null,"ReliStruct":null,"Cremetoriu":null,"Email":null,"Date":"1899-12-30T00:00:00","Time":null,"SurvyeorNa":null,"Survey_Dat":null,"Survey_Loc":null,"UUID":null,"email_id":null,"Mandals":"Gandipet","Zone":"Buffer","Income":"BPL","AreaSqm":4.6312,"Areatext":"46.3125585755487","Duplicate":"0","Dist":"Ranga Reddy","PCs":"Chevella","Assembly_C":"Rajendra Nagar","Affeceted_":"1899-12-30T00:00:00","S_Number":0,"S_Fall":"Roads","Zone_1":"Z1B N","Affected_S":"Buffer","Area_SQF":498.502237628,"Zonewise":"Z1B","no_of_Floo":1,"gis_geometry_geojson":"{\"type\":\"Polygon\",\"coordinates\":[[[78.3544543,17.3823548],[78.3544643,17.3824011],[78.3545457,17.3823848],[78.3545357,17.3823385],[78.3544543,17.3823548]]]}"}},{"type":"Feature","id":"AS589-212","geometry":{"type":"Polygon","coordinates":[[[78.3556879,17.3819886],[78.3556608,17.3819959],[78.35569,17.3821019],[78.3558028,17.3820684],[78.3557957,17.3820425],[78.3558039,17.3820404],[78.3557952,17.3820087],[78.3557022,17.3820323],[78.3556879,17.3819886]]]},"properties":{"household_id":"AS589-212","OBJECTID":263,"fid_1":161,"Area":1128.20887873,"DSM":514.71271,"DTM":509,"HEIGHT":5.71271,"BuildingID":"e2b5d","BuiType":"Individual","StructType":"Permanent","NameOwnRep":"e2b5d","Contact":0,"HNoPlotNo":null,"TPIN":null,"ColnyStrtN":"Manchirevula road","SyTsNo":"345","WardBlockN":null,"Use":"Residential","Extent":0,"PlinthArea":0,"Classifica":"Patta","Caste":"OC","FinanDepen":null,"HHSize":0,"NoAdults":2,"NoChild":1,"Govtbenefi":"No","Borewell":"No","Courtcase":"No","NameStruct":"Praveen kumar","ReliType":null,"Remarks":null,"CommStatus":null,"Trees":"No","location":null,"Occupation":"Others","SkilledOcc":null,"Craftsmen":null,"ReliStruct":null,"Cremetoriu":null,"Email":null,"Date":"1899-12-30T00:00:00","Time":null,"SurvyeorNa":null,"Survey_Dat":null,"Survey_Loc":null,"UUID":null,"email_id":null,"Mandals":"Gandipet","Zone":"Buffer","Income":null,"AreaSqm":1.0481,"Areatext":"104.814453841298","Duplicate":"0","Dist":"Ranga Reddy","PCs":"Chevella","Assembly_C":"Rajendra Nagar","Affeceted_":"1899-12-30T00:00:00","S_Number":0,"S_Fall":"Roads","Zone_1":"Z1B N","Affected_S":"Buffer","Area_SQF":2256.41775746,"Zonewise":"Z1B","no_of_Floo":2,"gis_geometry_geojson":"{\"type\":\"Polygon\",\"coordinates\":[[[78.3556879,17.3819886],[78.3556608,17.3819959],[78.35569,17.3821019],[78.3558028,17.3820684],[78.3557957,17.3820425],[78.3558039,17.3820404],[78.3557952,17.3820087],[78.3557022,17.3820323],[78.3556879,17.3819886]]]}"}},{"type":"Feature","id":"AS589-213","geometry":{"type":"Polygon","coordinates":[[[78.3579417,17.3812498],[78.3579062,17.3814801],[78.3580382,17.3814996],[78.3580742,17.3812745],[78.3579417,17.3812498]]]},"properties":{"household_id":"AS589-213","OBJECTID":264,"fid_1":162,"Area":3916.3012155,"DSM":515.70892,"DTM":512,"HEIGHT":3.70892,"BuildingID":"b80f3","BuiType":null,"StructType":"Permanent","NameOwnRep":"b80f3","Contact":9390006900,"HNoPlotNo":null,"TPIN":null,"ColnyStrtN":"Om conversation hall","SyTsNo":"344","WardBlockN":null,"Use":"Commercial","Extent":0,"PlinthArea":0,"Classifica":"Patta","Caste":"OC","FinanDepen":"No","HHSize":0,"NoAdults":0,"NoChild":0,"Govtbenefi":"No","Borewell":"Yes","Courtcase":"No","NameStruct":"On convention hall","ReliType":null,"Remarks":"Using functional hall","CommStatus":"Others","Trees":"No","location":null,"Occupation":null,"SkilledOcc":null,"Craftsmen":null,"ReliStruct":null,"Cremetoriu":null,"Email":null,"Date":"1899-12-30T00:00:00","Time":null,"SurvyeorNa":null,"Survey_Dat":null,"Survey_Loc":null,"UUID":null,"email_id":"RiverBasin","Mandals":"Gandipet","Zone":"Buffer","Income":"APL","AreaSqm":3.6383,"Areatext":"363.83774382485","Duplicate":"0","Dist":"Ranga Reddy","PCs":"Chevella","Assembly_C":"Rajendra Nagar","Affeceted_":"1899-12-30T00:00:00","S_Number":0,"S_Fall":"Roads","Zone_1":"Z1B N","Affected_S":"Buffer","Area_SQF":3916.3012155,"Zonewise":"Z1B","no_of_Floo":1,"gis_geometry_geojson":"{\"type\":\"Polygon\",\"coordinates\":[[[78.3579417,17.3812498],[78.3579062,17.3814801],[78.3580382,17.3814996],[78.3580742,17.3812745],[78.3579417,17.3812498]]]}"}},{"type":"Feature","id":"AS589-214","geometry":{"type":"Polygon","coordinates":[[[78.3581105,17.3813529],[78.3580917,17.3815175],[78.3581751,17.3815263],[78.358181,17.3814751],[78.3582239,17.3814796],[78.3582366,17.381368],[78.3581105,17.3813529]]]},"properties":{"household_id":"AS589-214","OBJECTID":265,"fid_1":163,"Area":2371.87013674,"DSM":520.91925,"DTM":512,"HEIGHT":8.91925,"BuildingID":"43581","BuiType":null,"StructType":"Permanent","NameOwnRep":"43581","Contact":9390006900,"HNoPlotNo":null,"TPIN":null,"ColnyStrtN":"Om convention hall","SyTsNo":"344","WardBlockN":null,"Use":"Commercial","Extent":0,"PlinthArea":0,"Classifica":"Patta","Caste":"OC","FinanDepen":"Yes","HHSize":0,"NoAdults":0,"NoChild":0,"Govtbenefi":"No","Borewell":"Yes","Courtcase":"No","NameStruct":"OM Conventional hall","ReliType":null,"Remarks":"Using functional hal","CommStatus":"Others","Trees":"No","location":null,"Occupation":null,"SkilledOcc":null,"Craftsmen":null,"ReliStruct":null,"Cremetoriu":null,"Email":null,"Date":"1899-12-30T00:00:00","Time":null,"SurvyeorNa":null,"Survey_Dat":null,"Survey_Loc":null,"UUID":null,"email_id":null,"Mandals":"Gandipet","Zone":"Buffer","Income":"APL","AreaSqm":2.2035,"Areatext":"220.354827605823","Duplicate":"0","Dist":"Ranga Reddy","PCs":"Chevella","Assembly_C":"Rajendra Nagar","Affeceted_":"1899-12-30T00:00:00","S_Number":0,"S_Fall":"Roads","Zone_1":"Z1B N","Affected_S":"Buffer","Area_SQF":7115.61041022,"Zonewise":"Z1B","no_of_Floo":3,"gis_geometry_geojson":"{\"type\":\"Polygon\",\"coordinates\":[[[78.3581105,17.3813529],[78.3580917,17.3815175],[78.3581751,17.3815263],[78.358181,17.3814751],[78.3582239,17.3814796],[78.3582366,17.381368],[78.3581105,17.3813529]]]}"}},{"type":"Feature","id":"AS589-215","geometry":{"type":"Polygon","coordinates":[[[78.3589797,17.3815706],[78.3589553,17.3816456],[78.3590117,17.3816625],[78.3590074,17.3816757],[78.3590687,17.3816941],[78.3591625,17.3814299],[78.3590861,17.3814049],[78.3589462,17.381405],[78.3589463,17.3814335],[78.3588777,17.3814246],[78.3588636,17.3815245],[78.3590485,17.3815517],[78.3590358,17.3815886],[78.3589797,17.3815706]]]},"properties":{"household_id":"AS589-215","OBJECTID":267,"fid_1":170,"Area":6209.47242739,"DSM":514.77649,"DTM":510,"HEIGHT":4.77649,"BuildingID":"508d0","BuiType":null,"StructType":"Permanent","NameOwnRep":"508d0","Contact":9390006900,"HNoPlotNo":null,"TPIN":null,"ColnyStrtN":"Narsingi","SyTsNo":"344","WardBlockN":"17","Use":"Commercial","Extent":200,"PlinthArea":0,"Classifica":"Patta","Caste":"OC","FinanDepen":"Yes","HHSize":0,"NoAdults":0,"NoChild":0,"Govtbenefi":"No","Borewell":"Yes","Courtcase":"No","NameStruct":"Om convention","ReliType":null,"Remarks":"Tamarind tree","CommStatus":"Others","Trees":"Yes","location":null,"Occupation":null,"SkilledOcc":null,"Craftsmen":null,"ReliStruct":null,"Cremetoriu":null,"Email":null,"Date":"1899-12-30T00:00:00","Time":null,"SurvyeorNa":null,"Survey_Dat":null,"Survey_Loc":null,"UUID":null,"email_id":"RiverBasin","Mandals":"Gandipet","Zone":"River","Income":"APL","AreaSqm":5.7688,"Areatext":"576.88117282261","Duplicate":"0","Dist":"Ranga Reddy","PCs":"Chevella","Assembly_C":"Rajendra Nagar","Affeceted_":"1899-12-30T00:00:00","S_Number":0,"S_Fall":"Roads","Zone_1":"Z1B N","Affected_S":"Buffer","Area_SQF":12418.9448548,"Zonewise":"Z1B","no_of_Floo":2,"gis_geometry_geojson":"{\"type\":\"Polygon\",\"coordinates\":[[[78.3589797,17.3815706],[78.3589553,17.3816456],[78.3590117,17.3816625],[78.3590074,17.3816757],[78.3590687,17.3816941],[78.3591625,17.3814299],[78.3590861,17.3814049],[78.3589462,17.381405],[78.3589463,17.3814335],[78.3588777,17.3814246],[78.3588636,17.3815245],[78.3590485,17.3815517],[78.3590358,17.3815886],[78.3589797,17.3815706]]]}"}},{"type":"Feature","id":"AS589-216","geometry":{"type":"Polygon","coordinates":[[[78.3591711,17.3814465],[78.3591025,17.3816169],[78.3591265,17.3816256],[78.3591941,17.3814542],[78.3591711,17.3814465]]]},"properties":{"household_id":"AS589-216","OBJECTID":268,"fid_1":171,"Area":579.999731513,"DSM":514.98016,"DTM":511,"HEIGHT":3.98016,"BuildingID":"9b614","BuiType":null,"StructType":"Permanent","NameOwnRep":"9b614","Contact":9390006900,"HNoPlotNo":null,"TPIN":null,"ColnyStrtN":"Narsingi","SyTsNo":"344","WardBlockN":"18","Use":"Commercial","Extent":200,"PlinthArea":0,"Classifica":"Patta","Caste":"OC","FinanDepen":"Yes","HHSize":0,"NoAdults":0,"NoChild":0,"Govtbenefi":"No","Borewell":"No","Courtcase":"No","NameStruct":"Om convention","ReliType":null,"Remarks":null,"CommStatus":"Others","Trees":"No","location":null,"Occupation":null,"SkilledOcc":null,"Craftsmen":null,"ReliStruct":null,"Cremetoriu":null,"Email":null,"Date":"1899-12-30T00:00:00","Time":null,"SurvyeorNa":null,"Survey_Dat":null,"Survey_Loc":null,"UUID":null,"email_id":null,"Mandals":"Gandipet","Zone":"Buffer","Income":"APL","AreaSqm":5.3883,"Areatext":"53.8839537941679","Duplicate":"0","Dist":"Ranga Reddy","PCs":"Chevella","Assembly_C":"Rajendra Nagar","Affeceted_":"1899-12-30T00:00:00","S_Number":0,"S_Fall":"Roads","Zone_1":"Z1B N","Affected_S":"Buffer","Area_SQF":579.999731513,"Zonewise":"Z1B","no_of_Floo":1,"gis_geometry_geojson":"{\"type\":\"Polygon\",\"coordinates\":[[[78.3591711,17.3814465],[78.3591025,17.3816169],[78.3591265,17.3816256],[78.3591941,17.3814542],[78.3591711,17.3814465]]]}"}},{"type":"Feature","id":"AS589-217","geometry":{"type":"Polygon","coordinates":[[[78.3625277,17.3804957],[78.3625541,17.3805435],[78.3626578,17.3804873],[78.3627221,17.3804459],[78.3626797,17.380388],[78.3626198,17.3804263],[78.3626288,17.3804418],[78.3625277,17.3804957]]]},"properties":{"household_id":"AS589-217","OBJECTID":275,"fid_1":184,"Area":1472.19807624,"DSM":517.42712,"DTM":513,"HEIGHT":4.42712,"BuildingID":"80e27","BuiType":null,"StructType":"Permanent","NameOwnRep":"80e27","Contact":7997979689,"HNoPlotNo":null,"TPIN":null,"ColnyStrtN":null,"SyTsNo":"340/10","WardBlockN":null,"Use":"Commercial","Extent":0,"PlinthArea":0,"Classifica":"Patta","Caste":null,"FinanDepen":null,"HHSize":0,"NoAdults":0,"NoChild":0,"Govtbenefi":null,"Borewell":"No","Courtcase":null,"NameStruct":"Tin shed","ReliType":null,"Remarks":"Temporary tin shed","CommStatus":null,"Trees":"No","location":null,"Occupation":null,"SkilledOcc":null,"Craftsmen":null,"ReliStruct":null,"Cremetoriu":null,"Email":null,"Date":"1899-12-30T00:00:00","Time":null,"SurvyeorNa":null,"Survey_Dat":null,"Survey_Loc":null,"UUID":null,"email_id":"RiverBasin","Mandals":"Gandipet","Zone":"Buffer","Income":null,"AreaSqm":1.3677,"Areatext":"136.772223853096","Duplicate":"0","Dist":"Ranga Reddy","PCs":"Chevella","Assembly_C":"Rajendra Nagar","Affeceted_":"1899-12-30T00:00:00","S_Number":0,"S_Fall":"Roads","Zone_1":"Z1B N","Affected_S":"Buffer","Area_SQF":1472.19807624,"Zonewise":"Z1B","no_of_Floo":1,"gis_geometry_geojson":"{\"type\":\"Polygon\",\"coordinates\":[[[78.3625277,17.3804957],[78.3625541,17.3805435],[78.3626578,17.3804873],[78.3627221,17.3804459],[78.3626797,17.380388],[78.3626198,17.3804263],[78.3626288,17.3804418],[78.3625277,17.3804957]]]}"}},{"type":"Feature","id":"AS589-218","geometry":{"type":"Polygon","coordinates":[[[78.3578027,17.3799842],[78.3578095,17.3800424],[78.3580275,17.3800215],[78.3580214,17.3799632],[78.3578027,17.3799842]]]},"properties":{"household_id":"AS589-218","OBJECTID":277,"fid_1":187,"Area":1627.58876783,"DSM":515.09784,"DTM":512,"HEIGHT":3.09784,"BuildingID":"a57ac","BuiType":null,"StructType":"Temporary","NameOwnRep":"a57ac","Contact":9963445629,"HNoPlotNo":null,"TPIN":null,"ColnyStrtN":null,"SyTsNo":"40","WardBlockN":null,"Use":"Commercial","Extent":0,"PlinthArea":0,"Classifica":"Patta","Caste":"OC","FinanDepen":"No","HHSize":0,"NoAdults":0,"NoChild":0,"Govtbenefi":"No","Borewell":"Yes","Courtcase":"No","NameStruct":"Temporary TIN shed","ReliType":null,"Remarks":"There is a temporary TIN labour shed and after construction they will remove","CommStatus":"Others","Trees":"No","location":null,"Occupation":null,"SkilledOcc":null,"Craftsmen":null,"ReliStruct":null,"Cremetoriu":null,"Email":null,"Date":"1899-12-30T00:00:00","Time":null,"SurvyeorNa":null,"Survey_Dat":null,"Survey_Loc":null,"UUID":null,"email_id":null,"Mandals":"Gandipet","Zone":"Buffer","Income":"BPL","AreaSqm":1.512,"Areatext":"151.208549233283","Duplicate":"0","Dist":"Ranga Reddy","PCs":"Chevella","Assembly_C":"Rajendra Nagar","Affeceted_":"1899-12-30T00:00:00","S_Number":0,"S_Fall":"Roads","Zone_1":"Z1B S","Affected_S":"Buffer","Area_SQF":1627.58876783,"Zonewise":"Z1B","no_of_Floo":1,"gis_geometry_geojson":"{\"type\":\"Polygon\",\"coordinates\":[[[78.3578027,17.3799842],[78.3578095,17.3800424],[78.3580275,17.3800215],[78.3580214,17.3799632],[78.3578027,17.3799842]]]}"}},{"type":"Feature","id":"AS589-219","geometry":{"type":"Polygon","coordinates":[[[78.3576475,17.3799819],[78.3576539,17.3800399],[78.3577653,17.3800319],[78.3577613,17.379969],[78.3576475,17.3799819]]]},"properties":{"household_id":"AS589-219","OBJECTID":281,"fid_1":191,"Area":845.478592917,"DSM":515.17932,"DTM":512,"HEIGHT":3.17932,"BuildingID":"429ec","BuiType":null,"StructType":"Permanent","NameOwnRep":"429ec","Contact":9963445629,"HNoPlotNo":null,"TPIN":null,"ColnyStrtN":null,"SyTsNo":"40","WardBlockN":null,"Use":"Commercial","Extent":0,"PlinthArea":0,"Classifica":"Patta","Caste":"OC","FinanDepen":"No","HHSize":0,"NoAdults":0,"NoChild":0,"Govtbenefi":"No","Borewell":"Yes","Courtcase":"No","NameStruct":"Temporary TIN shed","ReliType":null,"Remarks":"There is a temporary TIN labour shed and after construction they will remove","CommStatus":"Others","Trees":"No","location":null,"Occupation":null,"SkilledOcc":null,"Craftsmen":null,"ReliStruct":null,"Cremetoriu":null,"Email":null,"Date":"1899-12-30T00:00:00","Time":null,"SurvyeorNa":null,"Survey_Dat":null,"Survey_Loc":null,"UUID":null,"email_id":null,"Mandals":"Gandipet","Zone":"Buffer","Income":null,"AreaSqm":7.8547,"Areatext":"78.5478457272666","Duplicate":"0","Dist":"Ranga Reddy","PCs":"Chevella","Assembly_C":"Rajendra Nagar","Affeceted_":"1899-12-30T00:00:00","S_Number":0,"S_Fall":"Roads","Zone_1":"Z1B S","Affected_S":"Buffer","Area_SQF":845.478592917,"Zonewise":"Z1B","no_of_Floo":1,"gis_geometry_geojson":"{\"type\":\"Polygon\",\"coordinates\":[[[78.3576475,17.3799819],[78.3576539,17.3800399],[78.3577653,17.3800319],[78.3577613,17.379969],[78.3576475,17.3799819]]]}"}},{"type":"Feature","id":"AS589-220","geometry":{"type":"Polygon","coordinates":[[[78.3584729,17.3800796],[78.3585517,17.380067],[78.3585447,17.380027],[78.3584988,17.3800343],[78.3585004,17.3800436],[78.3584673,17.3800489],[78.3584729,17.3800796]]]},"properties":{"household_id":"AS589-220","OBJECTID":283,"fid_1":193,"Area":371.867302666,"DSM":515.11627,"DTM":509,"HEIGHT":6.11627,"BuildingID":"e7840","BuiType":"Individual","StructType":"Temporary","NameOwnRep":"e7840","Contact":9963445629,"HNoPlotNo":null,"TPIN":null,"ColnyStrtN":"Oorjitha Vedantha Residential Community","SyTsNo":"41","WardBlockN":"Manchirevula","Use":"Residential","Extent":0,"PlinthArea":0,"Classifica":"Patta","Caste":"OC","FinanDepen":"No","HHSize":0,"NoAdults":0,"NoChild":0,"Govtbenefi":"No","Borewell":"Yes","Courtcase":"No","NameStruct":"Temporary TIN structure","ReliType":null,"Remarks":"There is a temporary labour shed for construction labour residing of Oorjitha Vedantha . Those will be removed after construction completed . The area will be placed under land scaping","CommStatus":null,"Trees":"No","location":null,"Occupation":"Buisness","SkilledOcc":null,"Craftsmen":null,"ReliStruct":null,"Cremetoriu":null,"Email":null,"Date":"1899-12-30T00:00:00","Time":null,"SurvyeorNa":null,"Survey_Dat":null,"Survey_Loc":null,"UUID":null,"email_id":null,"Mandals":"Gandipet","Zone":"Buffer","Income":"BPL","AreaSqm":3.4547,"Areatext":"34.5477410850112","Duplicate":"0","Dist":"Ranga Reddy","PCs":"Chevella","Assembly_C":"Rajendra Nagar","Affeceted_":"1899-12-30T00:00:00","S_Number":0,"S_Fall":"Roads","Zone_1":"Z1B S","Affected_S":"Buffer","Area_SQF":743.734605332,"Zonewise":"Z1B","no_of_Floo":2,"gis_geometry_geojson":"{\"type\":\"Polygon\",\"coordinates\":[[[78.3584729,17.3800796],[78.3585517,17.380067],[78.3585447,17.380027],[78.3584988,17.3800343],[78.3585004,17.3800436],[78.3584673,17.3800489],[78.3584729,17.3800796]]]}"}},{"type":"Feature","id":"AS589-221","geometry":{"type":"Polygon","coordinates":[[[78.3652705,17.3787418],[78.365293,17.3787832],[78.3653673,17.3787459],[78.3653458,17.3787064],[78.3652705,17.3787418]]]},"properties":{"household_id":"AS589-221","OBJECTID":285,"fid_1":195,"Area":484.647752223,"DSM":512.63068,"DTM":510,"HEIGHT":2.63068,"BuildingID":"e9aab","BuiType":null,"StructType":"Temporary","NameOwnRep":"e9aab","Contact":0,"HNoPlotNo":null,"TPIN":null,"ColnyStrtN":"The future kids school back side area","SyTsNo":"340/3","WardBlockN":null,"Use":"Commercial","Extent":0,"PlinthArea":0,"Classifica":"Patta","Caste":null,"FinanDepen":null,"HHSize":0,"NoAdults":0,"NoChild":0,"Govtbenefi":null,"Borewell":"No","Courtcase":"No","NameStruct":"Exterior and interior godowns","ReliType":null,"Remarks":"Temporary tin sheds","CommStatus":null,"Trees":"No","location":null,"Occupation":null,"SkilledOcc":null,"Craftsmen":null,"ReliStruct":null,"Cremetoriu":null,"Email":null,"Date":"1899-12-30T00:00:00","Time":null,"SurvyeorNa":null,"Survey_Dat":null,"Survey_Loc":null,"UUID":null,"email_id":null,"Mandals":"Gandipet","Zone":"Buffer","Income":"BPL","AreaSqm":4.5025,"Areatext":"45.0254296142163","Duplicate":"0","Dist":"Ranga Reddy","PCs":"Chevella","Assembly_C":"Rajendra Nagar","Affeceted_":"1899-12-30T00:00:00","S_Number":0,"S_Fall":"Roads","Zone_1":"Z1B N","Affected_S":"Buffer","Area_SQF":484.647752223,"Zonewise":"Z1B","no_of_Floo":1,"gis_geometry_geojson":"{\"type\":\"Polygon\",\"coordinates\":[[[78.3652705,17.3787418],[78.365293,17.3787832],[78.3653673,17.3787459],[78.3653458,17.3787064],[78.3652705,17.3787418]]]}"}},{"type":"Feature","id":"AS589-222","geometry":{"type":"Polygon","coordinates":[[[78.3650471,17.3789844],[78.3650718,17.3790376],[78.3651322,17.3790117],[78.3651086,17.3789609],[78.3650471,17.3789844]]]},"properties":{"household_id":"AS589-222","OBJECTID":286,"fid_1":196,"Area":477.3434194,"DSM":513.39148,"DTM":510,"HEIGHT":3.39148,"BuildingID":"d009c","BuiType":"Individual","StructType":"Permanent","NameOwnRep":"d009c","Contact":9391050592,"HNoPlotNo":null,"TPIN":null,"ColnyStrtN":"The future kids school back side area","SyTsNo":"340/3","WardBlockN":null,"Use":"Residential","Extent":0,"PlinthArea":0,"Classifica":"Patta","Caste":"Minority","FinanDepen":null,"HHSize":0,"NoAdults":0,"NoChild":0,"Govtbenefi":null,"Borewell":"No","Courtcase":"No","NameStruct":"Thin shed","ReliType":null,"Remarks":null,"CommStatus":null,"Trees":"No","location":null,"Occupation":null,"SkilledOcc":null,"Craftsmen":null,"ReliStruct":null,"Cremetoriu":null,"Email":null,"Date":"1899-12-30T00:00:00","Time":null,"SurvyeorNa":null,"Survey_Dat":null,"Survey_Loc":null,"UUID":null,"email_id":null,"Mandals":"Gandipet","Zone":"Buffer","Income":null,"AreaSqm":4.4346,"Areatext":"44.3468321712304","Duplicate":"0","Dist":"Ranga Reddy","PCs":"Chevella","Assembly_C":"Rajendra Nagar","Affeceted_":"1899-12-30T00:00:00","S_Number":0,"S_Fall":"Roads","Zone_1":"Z1B N","Affected_S":"Buffer","Area_SQF":477.3434194,"Zonewise":"Z1B","no_of_Floo":1,"gis_geometry_geojson":"{\"type\":\"Polygon\",\"coordinates\":[[[78.3650471,17.3789844],[78.3650718,17.3790376],[78.3651322,17.3790117],[78.3651086,17.3789609],[78.3650471,17.3789844]]]}"}},{"type":"Feature","id":"AS589-223","geometry":{"type":"Polygon","coordinates":[[[78.3648201,17.3790293],[78.3652512,17.3788042],[78.3652283,17.3787639],[78.3651941,17.3787818],[78.3651875,17.3787701],[78.364864,17.3789391],[78.3648384,17.3788938],[78.3647648,17.3789308],[78.3648201,17.3790293]]]},"properties":{"household_id":"AS589-223","OBJECTID":287,"fid_1":197,"Area":4160.21690905,"DSM":518.17206,"DTM":511,"HEIGHT":7.17206,"BuildingID":"b35f7","BuiType":null,"StructType":"Temporary","NameOwnRep":"b35f7","Contact":9391050592,"HNoPlotNo":null,"TPIN":null,"ColnyStrtN":"The future kids school back side area","SyTsNo":"340/3","WardBlockN":null,"Use":"Commercial","Extent":0,"PlinthArea":0,"Classifica":"Patta","Caste":"Minority","FinanDepen":"No","HHSize":0,"NoAdults":0,"NoChild":0,"Govtbenefi":"No","Borewell":"No","Courtcase":"No","NameStruct":"Interior and exterior storage godown","ReliType":null,"Remarks":"Temporary tin sheds using interior and exterior material godown","CommStatus":"Others","Trees":"No","location":null,"Occupation":null,"SkilledOcc":null,"Craftsmen":null,"ReliStruct":null,"Cremetoriu":null,"Email":null,"Date":"1899-12-30T00:00:00","Time":null,"SurvyeorNa":null,"Survey_Dat":null,"Survey_Loc":null,"UUID":null,"email_id":"RiverBasin","Mandals":"Gandipet","Zone":"Buffer","Income":"BPL","AreaSqm":3.8649,"Areatext":"386.498343908448","Duplicate":"0","Dist":"Ranga Reddy","PCs":"Chevella","Assembly_C":"Rajendra Nagar","Affeceted_":"1899-12-30T00:00:00","S_Number":0,"S_Fall":"Roads","Zone_1":"Z1B N","Affected_S":"Buffer","Area_SQF":8320.4338181,"Zonewise":"Z1B","no_of_Floo":2,"gis_geometry_geojson":"{\"type\":\"Polygon\",\"coordinates\":[[[78.3648201,17.3790293],[78.3652512,17.3788042],[78.3652283,17.3787639],[78.3651941,17.3787818],[78.3651875,17.3787701],[78.364864,17.3789391],[78.3648384,17.3788938],[78.3647648,17.3789308],[78.3648201,17.3790293]]]}"}},{"type":"Feature","id":"AS589-224","geometry":{"type":"Polygon","coordinates":[[[78.3565547,17.379955],[78.3565175,17.3799631],[78.3565321,17.3800247],[78.3565562,17.3800194],[78.3565608,17.3800389],[78.3567073,17.3800069],[78.3566915,17.37994],[78.3565582,17.3799691],[78.3565547,17.379955]]]},"properties":{"household_id":"AS589-224","OBJECTID":294,"fid_1":204,"Area":1529.63177336,"DSM":516.89917,"DTM":513,"HEIGHT":3.89917,"BuildingID":"e78d9","BuiType":"Individual","StructType":"Permanent","NameOwnRep":"e78d9","Contact":9849022005,"HNoPlotNo":null,"TPIN":null,"ColnyStrtN":"Ponnam’s 10 park villas","SyTsNo":"31","WardBlockN":"Manchirevula","Use":"Residential","Extent":0,"PlinthArea":0,"Classifica":"Patta","Caste":"OC","FinanDepen":"No","HHSize":0,"NoAdults":0,"NoChild":0,"Govtbenefi":null,"Borewell":"Yes","Courtcase":null,"NameStruct":"Club House of 10 park villas","ReliType":null,"Remarks":"There is a club house of Ponnam’s 10 park villas .","CommStatus":null,"Trees":"No","location":null,"Occupation":"Buisness","SkilledOcc":null,"Craftsmen":null,"ReliStruct":null,"Cremetoriu":null,"Email":null,"Date":"1899-12-30T00:00:00","Time":null,"SurvyeorNa":null,"Survey_Dat":null,"Survey_Loc":null,"UUID":null,"email_id":null,"Mandals":"Gandipet","Zone":"Buffer","Income":"APL","AreaSqm":1.421,"Areatext":"142.108010256994","Duplicate":"0","Dist":"Ranga Reddy","PCs":"Chevella","Assembly_C":"Rajendra Nagar","Affeceted_":"1899-12-30T00:00:00","S_Number":0,"S_Fall":"Roads","Zone_1":"Z1B S","Affected_S":"Buffer","Area_SQF":1529.63177336,"Zonewise":"Z1B","no_of_Floo":1,"gis_geometry_geojson":"{\"type\":\"Polygon\",\"coordinates\":[[[78.3565547,17.379955],[78.3565175,17.3799631],[78.3565321,17.3800247],[78.3565562,17.3800194],[78.3565608,17.3800389],[78.3567073,17.3800069],[78.3566915,17.37994],[78.3565582,17.3799691],[78.3565547,17.379955]]]}"}},{"type":"Feature","id":"AS589-225","geometry":{"type":"Polygon","coordinates":[[[78.3660843,17.3764846],[78.3660544,17.3764899],[78.3660619,17.3765296],[78.3660919,17.3765243],[78.3660843,17.3764846]]]},"properties":{"household_id":"AS589-225","OBJECTID":299,"fid_1":212,"Area":155.87748141,"DSM":512.30133,"DTM":510,"HEIGHT":2.30133,"BuildingID":"1ad2b","BuiType":"Individual","StructType":"Permanent","NameOwnRep":"1ad2b","Contact":9866512434,"HNoPlotNo":"7-107/1","TPIN":null,"ColnyStrtN":"Manchirevula","SyTsNo":"126","WardBlockN":null,"Use":"Residential","Extent":0,"PlinthArea":0,"Classifica":"Patta","Caste":"OC","FinanDepen":"No","HHSize":0,"NoAdults":2,"NoChild":2,"Govtbenefi":"No","Borewell":"No","Courtcase":"No","NameStruct":"Gate Security room","ReliType":null,"Remarks":"There is a Gate security room for entrance and exit .","CommStatus":null,"Trees":"Yes","location":null,"Occupation":"Buisness","SkilledOcc":null,"Craftsmen":null,"ReliStruct":null,"Cremetoriu":null,"Email":null,"Date":"1899-12-30T00:00:00","Time":null,"SurvyeorNa":null,"Survey_Dat":null,"Survey_Loc":null,"UUID":null,"email_id":null,"Mandals":"Gandipet","Zone":"Buffer","Income":"APL","AreaSqm":1.4481,"Areatext":"14.4815498168038","Duplicate":"0","Dist":"Ranga Reddy","PCs":"Chevella","Assembly_C":"Rajendra Nagar","Affeceted_":"1899-12-30T00:00:00","S_Number":0,"S_Fall":"Roads","Zone_1":"Z1B S","Affected_S":"Buffer","Area_SQF":155.87748141,"Zonewise":"Z1B","no_of_Floo":1,"gis_geometry_geojson":"{\"type\":\"Polygon\",\"coordinates\":[[[78.3660843,17.3764846],[78.3660544,17.3764899],[78.3660619,17.3765296],[78.3660919,17.3765243],[78.3660843,17.3764846]]]}"}},{"type":"Feature","id":"AS589-226","geometry":{"type":"Polygon","coordinates":[[[78.3661123,17.3783629],[78.3660969,17.3783151],[78.3660442,17.3783329],[78.3659953,17.3781812],[78.3659891,17.3781831],[78.3659718,17.3781371],[78.3659082,17.3781626],[78.365921,17.3782022],[78.365847,17.3782254],[78.3658953,17.3783599],[78.3658832,17.3783635],[78.3658716,17.3783275],[78.3658576,17.3783317],[78.3658506,17.3783099],[78.3658243,17.3783177],[78.365869,17.3784564],[78.3659089,17.3784446],[78.3659027,17.3784252],[78.3661123,17.3783629]]]},"properties":{"household_id":"AS589-226","OBJECTID":301,"fid_1":214,"Area":5563.22126043,"DSM":517.15955,"DTM":508,"HEIGHT":9.15955,"BuildingID":"89c91","BuiType":null,"StructType":"Permanent","NameOwnRep":"89c91","Contact":9000725580,"HNoPlotNo":null,"TPIN":null,"ColnyStrtN":"Manchirevula - Bairagiguda road , Naringi","SyTsNo":"240","WardBlockN":null,"Use":"Commercial","Extent":0,"PlinthArea":0,"Classifica":"Patta","Caste":"OC","FinanDepen":"Yes","HHSize":0,"NoAdults":0,"NoChild":0,"Govtbenefi":"No","Borewell":"Yes","Courtcase":"No","NameStruct":"The future kids play group","ReliType":null,"Remarks":"Play school","CommStatus":"Others","Trees":"No","location":null,"Occupation":null,"SkilledOcc":null,"Craftsmen":null,"ReliStruct":null,"Cremetoriu":null,"Email":null,"Date":"1899-12-30T00:00:00","Time":null,"SurvyeorNa":null,"Survey_Dat":null,"Survey_Loc":null,"UUID":null,"email_id":"RiverBasin","Mandals":"Gandipet","Zone":"River","Income":null,"AreaSqm":5.1684,"Areatext":"516.842234651205","Duplicate":"0","Dist":"Ranga Reddy","PCs":"Hyderabad","Assembly_C":"Karwan","Affeceted_":"1899-12-30T00:00:00","S_Number":0,"S_Fall":"Roads","Zone_1":"Z1B N","Affected_S":"Buffer","Area_SQF":16689.6637813,"Zonewise":"Z1B","no_of_Floo":3,"gis_geometry_geojson":"{\"type\":\"Polygon\",\"coordinates\":[[[78.3661123,17.3783629],[78.3660969,17.3783151],[78.3660442,17.3783329],[78.3659953,17.3781812],[78.3659891,17.3781831],[78.3659718,17.3781371],[78.3659082,17.3781626],[78.365921,17.3782022],[78.365847,17.3782254],[78.3658953,17.3783599],[78.3658832,17.3783635],[78.3658716,17.3783275],[78.3658576,17.3783317],[78.3658506,17.3783099],[78.3658243,17.3783177],[78.365869,17.3784564],[78.3659089,17.3784446],[78.3659027,17.3784252],[78.3661123,17.3783629]]]}"}},{"type":"Feature","id":"AS589-227","geometry":{"type":"Polygon","coordinates":[[[78.3662397,17.3782817],[78.3661005,17.3783265],[78.3661169,17.3783771],[78.3662571,17.3783355],[78.3662397,17.3782817]]]},"properties":{"household_id":"AS589-227","OBJECTID":302,"fid_1":215,"Area":1016.81930485,"DSM":517.35425,"DTM":510,"HEIGHT":7.35425,"BuildingID":"670c2","BuiType":"Apartment","StructType":"Permanent","NameOwnRep":"670c2","Contact":9000725580,"HNoPlotNo":null,"TPIN":null,"ColnyStrtN":"Manchirevula -Bairagiguda road","SyTsNo":"340","WardBlockN":null,"Use":"Commercial","Extent":0,"PlinthArea":0,"Classifica":"Patta","Caste":"OC","FinanDepen":"Yes","HHSize":0,"NoAdults":0,"NoChild":0,"Govtbenefi":"No","Borewell":"Yes","Courtcase":"No","NameStruct":"The future kids play group","ReliType":null,"Remarks":"Temporary thin shed using play school","CommStatus":"Others","Trees":"No","location":null,"Occupation":null,"SkilledOcc":null,"Craftsmen":null,"ReliStruct":null,"Cremetoriu":null,"Email":null,"Date":"1899-12-30T00:00:00","Time":null,"SurvyeorNa":null,"Survey_Dat":null,"Survey_Loc":null,"UUID":null,"email_id":null,"Mandals":"Gandipet","Zone":"Buffer","Income":"APL","AreaSqm":9.4465,"Areatext":"94.4659824184808","Duplicate":"0","Dist":"Ranga Reddy","PCs":"Hyderabad","Assembly_C":"Karwan","Affeceted_":"1899-12-30T00:00:00","S_Number":0,"S_Fall":"Roads","Zone_1":"Z1B N","Affected_S":"Buffer","Area_SQF":2033.6386097,"Zonewise":"Z1B","no_of_Floo":2,"gis_geometry_geojson":"{\"type\":\"Polygon\",\"coordinates\":[[[78.3662397,17.3782817],[78.3661005,17.3783265],[78.3661169,17.3783771],[78.3662571,17.3783355],[78.3662397,17.3782817]]]}"}},{"type":"Feature","id":"AS589-228","geometry":{"type":"Polygon","coordinates":[[[78.3655522,17.3783504],[78.3655034,17.3783647],[78.3655723,17.378573],[78.3656953,17.3785387],[78.3656617,17.3784318],[78.3655863,17.3784536],[78.3655522,17.3783504]]]},"properties":{"household_id":"AS589-228","OBJECTID":303,"fid_1":216,"Area":2523.63305198,"DSM":512.49915,"DTM":511,"HEIGHT":1.49915,"BuildingID":"2d780","BuiType":null,"StructType":"Temporary","NameOwnRep":"2d780","Contact":9849831857,"HNoPlotNo":null,"TPIN":null,"ColnyStrtN":"The","SyTsNo":"340","WardBlockN":null,"Use":"Commercial","Extent":0,"PlinthArea":0,"Classifica":"Patta","Caste":"BC","FinanDepen":null,"HHSize":0,"NoAdults":0,"NoChild":0,"Govtbenefi":"No","Borewell":"Yes","Courtcase":"No","NameStruct":"Interior and exterior storage arae","ReliType":null,"Remarks":"Thin sheds","CommStatus":"Others","Trees":"No","location":null,"Occupation":null,"SkilledOcc":null,"Craftsmen":null,"ReliStruct":null,"Cremetoriu":null,"Email":null,"Date":"1899-12-30T00:00:00","Time":null,"SurvyeorNa":null,"Survey_Dat":null,"Survey_Loc":null,"UUID":null,"email_id":"RiverBasin","Mandals":"Gandipet","Zone":"River","Income":"BPL","AreaSqm":2.3445,"Areatext":"234.45412018888","Duplicate":"0","Dist":"Ranga Reddy","PCs":"Chevella","Assembly_C":"Rajendra Nagar","Affeceted_":"1899-12-30T00:00:00","S_Number":0,"S_Fall":"Roads","Zone_1":"Z1B N","Affected_S":"Buffer","Area_SQF":2523.63305198,"Zonewise":"Z1B","no_of_Floo":1,"gis_geometry_geojson":"{\"type\":\"Polygon\",\"coordinates\":[[[78.3655522,17.3783504],[78.3655034,17.3783647],[78.3655723,17.378573],[78.3656953,17.3785387],[78.3656617,17.3784318],[78.3655863,17.3784536],[78.3655522,17.3783504]]]}"}},{"type":"Feature","id":"AS589-229","geometry":{"type":"Polygon","coordinates":[[[78.3657438,17.3787059],[78.3657041,17.378588],[78.3655086,17.3786458],[78.3655307,17.3787085],[78.3654656,17.3787297],[78.3654857,17.378785],[78.3657438,17.3787059]]]},"properties":{"household_id":"AS589-229","OBJECTID":304,"fid_1":218,"Area":3737.71582462,"DSM":516.23071,"DTM":511,"HEIGHT":5.23071,"BuildingID":"05603","BuiType":"Individual","StructType":"Permanent","NameOwnRep":"05603","Contact":9391050592,"HNoPlotNo":null,"TPIN":null,"ColnyStrtN":"The future kids school area","SyTsNo":"340","WardBlockN":null,"Use":"Commercial","Extent":0,"PlinthArea":0,"Classifica":"Patta","Caste":"Minority","FinanDepen":"Yes","HHSize":0,"NoAdults":0,"NoChild":0,"Govtbenefi":"No","Borewell":"Yes","Courtcase":"No","NameStruct":"Kk interior and exterior","ReliType":null,"Remarks":null,"CommStatus":"Others","Trees":"No","location":null,"Occupation":null,"SkilledOcc":null,"Craftsmen":null,"ReliStruct":null,"Cremetoriu":null,"Email":null,"Date":"1899-12-30T00:00:00","Time":null,"SurvyeorNa":null,"Survey_Dat":null,"Survey_Loc":null,"UUID":null,"email_id":null,"Mandals":"Gandipet","Zone":"Buffer","Income":null,"AreaSqm":3.4724,"Areatext":"347.246551746751","Duplicate":"0","Dist":"Ranga Reddy","PCs":"Chevella","Assembly_C":"Rajendra Nagar","Affeceted_":"1899-12-30T00:00:00","S_Number":0,"S_Fall":"Roads","Zone_1":"Z1B N","Affected_S":"Buffer","Area_SQF":7475.43164924,"Zonewise":"Z1B","no_of_Floo":2,"gis_geometry_geojson":"{\"type\":\"Polygon\",\"coordinates\":[[[78.3657438,17.3787059],[78.3657041,17.378588],[78.3655086,17.3786458],[78.3655307,17.3787085],[78.3654656,17.3787297],[78.3654857,17.378785],[78.3657438,17.3787059]]]}"}},{"type":"Feature","id":"AS589-230","geometry":{"type":"Polygon","coordinates":[[[78.3692735,17.3764661],[78.3692975,17.3765084],[78.3694643,17.3764213],[78.3694403,17.376379],[78.3692735,17.3764661]]]},"properties":{"household_id":"AS589-230","OBJECTID":312,"fid_1":227,"Area":1159.15556966,"DSM":513.36633,"DTM":510,"HEIGHT":3.36633,"BuildingID":"ea120","BuiType":null,"StructType":"Permanent","NameOwnRep":"ea120","Contact":0,"HNoPlotNo":null,"TPIN":null,"ColnyStrtN":"Ibrahimbagh village","SyTsNo":"115","WardBlockN":"0","Use":"Govt","Extent":0,"PlinthArea":0,"Classifica":"Other","Caste":null,"FinanDepen":null,"HHSize":0,"NoAdults":0,"NoChild":0,"Govtbenefi":null,"Borewell":"No","Courtcase":"No","NameStruct":"Defence","ReliType":null,"Remarks":"Defense land","CommStatus":null,"Trees":"No","location":null,"Occupation":null,"SkilledOcc":null,"Craftsmen":null,"ReliStruct":null,"Cremetoriu":null,"Email":null,"Date":"1899-12-30T00:00:00","Time":null,"SurvyeorNa":null,"Survey_Dat":null,"Survey_Loc":null,"UUID":null,"email_id":"RiverBasin","Mandals":"Golconda","Zone":"Buffer","Income":null,"AreaSqm":1.0768,"Areatext":"107.689507014385","Duplicate":"0","Dist":"Hyderabad","PCs":"Hyderabad","Assembly_C":"Karwan","Affeceted_":"1899-12-30T00:00:00","S_Number":0,"S_Fall":"Roads","Zone_1":"Z1B N","Affected_S":"Buffer","Area_SQF":1159.15556966,"Zonewise":"Z1B","no_of_Floo":1,"gis_geometry_geojson":"{\"type\":\"Polygon\",\"coordinates\":[[[78.3692735,17.3764661],[78.3692975,17.3765084],[78.3694643,17.3764213],[78.3694403,17.376379],[78.3692735,17.3764661]]]}"}},{"type":"Feature","id":"AS589-231","geometry":{"type":"Polygon","coordinates":[[[78.3690753,17.3765966],[78.3691016,17.3766431],[78.3692077,17.3765878],[78.3691814,17.3765413],[78.3690753,17.3765966]]]},"properties":{"household_id":"AS589-231","OBJECTID":313,"fid_1":228,"Area":809.057829948,"DSM":523.09845,"DTM":509,"HEIGHT":14.09845,"BuildingID":"37304","BuiType":null,"StructType":"Permanent","NameOwnRep":"37304","Contact":0,"HNoPlotNo":null,"TPIN":null,"ColnyStrtN":"Ibrahimbagh village","SyTsNo":"115","WardBlockN":"0","Use":"Govt","Extent":0,"PlinthArea":0,"Classifica":"Other","Caste":null,"FinanDepen":null,"HHSize":0,"NoAdults":0,"NoChild":0,"Govtbenefi":null,"Borewell":"Yes","Courtcase":"No","NameStruct":"Defense area","ReliType":null,"Remarks":"Defense land","CommStatus":null,"Trees":"No","location":null,"Occupation":null,"SkilledOcc":null,"Craftsmen":null,"ReliStruct":null,"Cremetoriu":null,"Email":null,"Date":"1899-12-30T00:00:00","Time":null,"SurvyeorNa":null,"Survey_Dat":null,"Survey_Loc":null,"UUID":null,"email_id":"RiverBasin","Mandals":"Golconda","Zone":"Buffer","Income":null,"AreaSqm":7.5164,"Areatext":"75.1642325984745","Duplicate":"0","Dist":"Hyderabad","PCs":"Hyderabad","Assembly_C":"Karwan","Affeceted_":"1899-12-30T00:00:00","S_Number":0,"S_Fall":"Roads","Zone_1":"Z1B N","Affected_S":"Buffer","Area_SQF":4045.28914974,"Zonewise":"Z1B","no_of_Floo":5,"gis_geometry_geojson":"{\"type\":\"Polygon\",\"coordinates\":[[[78.3690753,17.3765966],[78.3691016,17.3766431],[78.3692077,17.3765878],[78.3691814,17.3765413],[78.3690753,17.3765966]]]}"}},{"type":"Feature","id":"AS589-232","geometry":{"type":"Polygon","coordinates":[[[78.3699438,17.376262],[78.3699581,17.3762993],[78.3699997,17.3762845],[78.3699853,17.3762473],[78.3699438,17.376262]]]},"properties":{"household_id":"AS589-232","OBJECTID":314,"fid_1":229,"Area":223.101242288,"DSM":525.85468,"DTM":510,"HEIGHT":15.85468,"BuildingID":"b9403","BuiType":null,"StructType":"Permanent","NameOwnRep":"b9403","Contact":0,"HNoPlotNo":null,"TPIN":null,"ColnyStrtN":"Ibrahimbagh village","SyTsNo":"115","WardBlockN":"0","Use":"Govt","Extent":0,"PlinthArea":0,"Classifica":"Other","Caste":null,"FinanDepen":null,"HHSize":0,"NoAdults":0,"NoChild":0,"Govtbenefi":null,"Borewell":"No","Courtcase":"No","NameStruct":"Defense area","ReliType":null,"Remarks":"Defense land","CommStatus":null,"Trees":"No","location":null,"Occupation":null,"SkilledOcc":null,"Craftsmen":null,"ReliStruct":null,"Cremetoriu":null,"Email":null,"Date":"1899-12-30T00:00:00","Time":null,"SurvyeorNa":null,"Survey_Dat":null,"Survey_Loc":null,"UUID":null,"email_id":null,"Mandals":"Golconda","Zone":"Buffer","Income":null,"AreaSqm":2.0726,"Areatext":"20.7268665442163","Duplicate":"0","Dist":"Hyderabad","PCs":"Hyderabad","Assembly_C":"Karwan","Affeceted_":"1899-12-30T00:00:00","S_Number":0,"S_Fall":"Roads","Zone_1":"Z1B N","Affected_S":"Buffer","Area_SQF":1115.50621144,"Zonewise":"Z1B","no_of_Floo":5,"gis_geometry_geojson":"{\"type\":\"Polygon\",\"coordinates\":[[[78.3699438,17.376262],[78.3699581,17.3762993],[78.3699997,17.3762845],[78.3699853,17.3762473],[78.3699438,17.376262]]]}"}},{"type":"Feature","id":"AS589-233","geometry":{"type":"Polygon","coordinates":[[[78.3700691,17.374745],[78.3701081,17.374738],[78.3701096,17.3747447],[78.3701674,17.3747325],[78.3701563,17.3746768],[78.3700969,17.3746878],[78.3700983,17.3746942],[78.3700606,17.3747022],[78.3700691,17.374745]]]},"properties":{"household_id":"AS589-233","OBJECTID":315,"fid_1":230,"Area":654.282164865,"DSM":514.90887,"DTM":512,"HEIGHT":2.90887,"BuildingID":"4d06b","BuiType":"Individual","StructType":"Permanent","NameOwnRep":"4d06b","Contact":9912336666,"HNoPlotNo":"Deew villas","TPIN":null,"ColnyStrtN":"Deew villas","SyTsNo":"144","WardBlockN":null,"Use":"Residential","Extent":0,"PlinthArea":0,"Classifica":"Patta","Caste":"ST","FinanDepen":null,"HHSize":0,"NoAdults":0,"NoChild":0,"Govtbenefi":null,"Borewell":"Yes","Courtcase":"No","NameStruct":"S T P","ReliType":null,"Remarks":"Stp","CommStatus":null,"Trees":"No","location":null,"Occupation":null,"SkilledOcc":null,"Craftsmen":null,"ReliStruct":null,"Cremetoriu":null,"Email":null,"Date":"1899-12-30T00:00:00","Time":null,"SurvyeorNa":null,"Survey_Dat":null,"Survey_Loc":null,"UUID":null,"email_id":null,"Mandals":"Gandipet","Zone":"Buffer","Income":null,"AreaSqm":6.0785,"Areatext":"60.7850452731766","Duplicate":"0","Dist":"Ranga Reddy","PCs":"Chevella","Assembly_C":"Rajendra Nagar","Affeceted_":"1899-12-30T00:00:00","S_Number":0,"S_Fall":"Roads","Zone_1":"Z1B S","Affected_S":"Buffer","Area_SQF":654.282164865,"Zonewise":"Z1B","no_of_Floo":1,"gis_geometry_geojson":"{\"type\":\"Polygon\",\"coordinates\":[[[78.3700691,17.374745],[78.3701081,17.374738],[78.3701096,17.3747447],[78.3701674,17.3747325],[78.3701563,17.3746768],[78.3700969,17.3746878],[78.3700983,17.3746942],[78.3700606,17.3747022],[78.3700691,17.374745]]]}"}},{"type":"Feature","id":"AS589-234","geometry":{"type":"Polygon","coordinates":[[[78.3699455,17.374815],[78.3699621,17.3748439],[78.37001,17.3748185],[78.3699935,17.3747896],[78.3699455,17.374815]]]},"properties":{"household_id":"AS589-234","OBJECTID":316,"fid_1":231,"Area":228.47810896,"DSM":520.85168,"DTM":512,"HEIGHT":8.85168,"BuildingID":"a3b87","BuiType":"Individual","StructType":"Permanent","NameOwnRep":"a3b87","Contact":9912336666,"HNoPlotNo":"Deew villas","TPIN":null,"ColnyStrtN":"Deew villas","SyTsNo":"144","WardBlockN":null,"Use":"Residential","Extent":0,"PlinthArea":0,"Classifica":"Patta","Caste":"ST","FinanDepen":null,"HHSize":0,"NoAdults":0,"NoChild":0,"Govtbenefi":null,"Borewell":"Yes","Courtcase":"No","NameStruct":"S T P","ReliType":null,"Remarks":"Stp","CommStatus":null,"Trees":"No","location":null,"Occupation":null,"SkilledOcc":null,"Craftsmen":null,"ReliStruct":null,"Cremetoriu":null,"Email":null,"Date":"1899-12-30T00:00:00","Time":null,"SurvyeorNa":null,"Survey_Dat":null,"Survey_Loc":null,"UUID":null,"email_id":null,"Mandals":"Gandipet","Zone":"Buffer","Income":null,"AreaSqm":2.1226,"Areatext":"21.2263957987913","Duplicate":"0","Dist":"Ranga Reddy","PCs":"Chevella","Assembly_C":"Rajendra Nagar","Affeceted_":"1899-12-30T00:00:00","S_Number":0,"S_Fall":"Roads","Zone_1":"Z1B S","Affected_S":"Buffer","Area_SQF":685.43432688,"Zonewise":"Z1B","no_of_Floo":3,"gis_geometry_geojson":"{\"type\":\"Polygon\",\"coordinates\":[[[78.3699455,17.374815],[78.3699621,17.3748439],[78.37001,17.3748185],[78.3699935,17.3747896],[78.3699455,17.374815]]]}"}},{"type":"Feature","id":"AS589-235","geometry":{"type":"Polygon","coordinates":[[[78.3926998,17.3717145],[78.3925968,17.371716],[78.3925973,17.3717484],[78.3926819,17.3717473],[78.3926816,17.3717301],[78.3927,17.3717299],[78.3926998,17.3717145]]]},"properties":{"household_id":"AS589-235","OBJECTID":338,"fid_1":253,"Area":383.513033958,"DSM":507.78671,"DTM":505,"HEIGHT":2.78671,"BuildingID":"5cc2b","BuiType":"Individual","StructType":"Permanent","NameOwnRep":"5cc2b","Contact":9493850048,"HNoPlotNo":"9-5-115/23/1/97","TPIN":"1070907119","ColnyStrtN":"Padma Nagar colony","SyTsNo":"7/H/14","WardBlockN":"14/H","Use":"Residential","Extent":100,"PlinthArea":900,"Classifica":"Patta","Caste":"OC","FinanDepen":"No","HHSize":4,"NoAdults":4,"NoChild":0,"Govtbenefi":"No","Borewell":"No","Courtcase":"No","NameStruct":"K Geetha","ReliType":null,"Remarks":null,"CommStatus":null,"Trees":"No","location":null,"Occupation":"Others","SkilledOcc":null,"Craftsmen":null,"ReliStruct":null,"Cremetoriu":null,"Email":null,"Date":"1899-12-30T00:00:00","Time":null,"SurvyeorNa":null,"Survey_Dat":null,"Survey_Loc":null,"UUID":null,"email_id":"RiverBasin","Mandals":"Golconda","Zone":"Buffer","Income":"BPL","AreaSqm":3.5629,"Areatext":"35.6296692531896","Duplicate":"0","Dist":"Hyderabad","PCs":"Hyderabad","Assembly_C":"Karwan","Affeceted_":"1899-12-30T00:00:00","S_Number":0,"S_Fall":"Roads","Zone_1":"Z1B N","Affected_S":"Buffer","Area_SQF":383.513033958,"Zonewise":"Z1B","no_of_Floo":1,"gis_geometry_geojson":"{\"type\":\"Polygon\",\"coordinates\":[[[78.3926998,17.3717145],[78.3925968,17.371716],[78.3925973,17.3717484],[78.3926819,17.3717473],[78.3926816,17.3717301],[78.3927,17.3717299],[78.3926998,17.3717145]]]}"}},{"type":"Feature","id":"AS589-236","geometry":{"type":"Polygon","coordinates":[[[78.3928021,17.3717112],[78.3926998,17.3717145],[78.3927004,17.3717756],[78.3927654,17.3717751],[78.3927652,17.3717484],[78.3927899,17.3717482],[78.3927898,17.3717409],[78.3928026,17.3717408],[78.3928021,17.3717112]]]},"properties":{"household_id":"AS589-236","OBJECTID":339,"fid_1":254,"Area":671.285078361,"DSM":508.1174,"DTM":505,"HEIGHT":3.1174,"BuildingID":"c9961","BuiType":"Individual","StructType":"Permanent","NameOwnRep":"c9961","Contact":8121529042,"HNoPlotNo":"9-5-115/23/1/104","TPIN":"112496176","ColnyStrtN":"Padma nagar colony","SyTsNo":"7","WardBlockN":"14/H","Use":"Residential","Extent":100,"PlinthArea":900,"Classifica":"Patta","Caste":"BC","FinanDepen":"No","HHSize":4,"NoAdults":4,"NoChild":2,"Govtbenefi":"No","Borewell":"Yes","Courtcase":"No","NameStruct":"Jayamma","ReliType":null,"Remarks":null,"CommStatus":null,"Trees":"No","location":null,"Occupation":"Others","SkilledOcc":null,"Craftsmen":null,"ReliStruct":null,"Cremetoriu":null,"Email":null,"Date":"1899-12-30T00:00:00","Time":null,"SurvyeorNa":null,"Survey_Dat":null,"Survey_Loc":null,"UUID":null,"email_id":"RiverBasin","Mandals":"Golconda","Zone":"Buffer","Income":"BPL","AreaSqm":6.2364,"Areatext":"62.3646739420437","Duplicate":"0","Dist":"Hyderabad","PCs":"Hyderabad","Assembly_C":"Karwan","Affeceted_":"1899-12-30T00:00:00","S_Number":0,"S_Fall":"Roads","Zone_1":"Z1B N","Affected_S":"Buffer","Area_SQF":671.285078361,"Zonewise":"Z1B","no_of_Floo":1,"gis_geometry_geojson":"{\"type\":\"Polygon\",\"coordinates\":[[[78.3928021,17.3717112],[78.3926998,17.3717145],[78.3927004,17.3717756],[78.3927654,17.3717751],[78.3927652,17.3717484],[78.3927899,17.3717482],[78.3927898,17.3717409],[78.3928026,17.3717408],[78.3928021,17.3717112]]]}"}},{"type":"Feature","id":"AS589-237","geometry":{"type":"MultiPolygon","coordinates":[[[[78.3928991,17.3717101],[78.3928609,17.3717096],[78.3928615,17.3717406],[78.3928997,17.3717399],[78.3928991,17.3717101]]],[[[78.3928769,17.3717463],[78.3928601,17.3717454],[78.3928607,17.3717677],[78.392877,17.3717673],[78.3928769,17.3717463]]]]},"properties":{"household_id":"AS589-237","OBJECTID":342,"fid_1":257,"Area":197.155658823,"DSM":507.59796,"DTM":505,"HEIGHT":2.59796,"BuildingID":"2615d","BuiType":"Individual","StructType":"Permanent","NameOwnRep":"2615d","Contact":0,"HNoPlotNo":null,"TPIN":null,"ColnyStrtN":"Padma Nagar, Ramdev guda","SyTsNo":"7","WardBlockN":"14/H","Use":"Residential","Extent":0,"PlinthArea":0,"Classifica":"Patta","Caste":null,"FinanDepen":"No","HHSize":0,"NoAdults":0,"NoChild":0,"Govtbenefi":"No","Borewell":"No","Courtcase":"No","NameStruct":"Owner not available","ReliType":null,"Remarks":"ID :e2e52 structure included the this structure ID","CommStatus":null,"Trees":"No","location":null,"Occupation":"Others","SkilledOcc":null,"Craftsmen":null,"ReliStruct":null,"Cremetoriu":null,"Email":null,"Date":"1899-12-30T00:00:00","Time":null,"SurvyeorNa":null,"Survey_Dat":null,"Survey_Loc":null,"UUID":null,"email_id":"RiverBasin","Mandals":"Golconda","Zone":"Buffer","Income":"BPL","AreaSqm":1.3957,"Areatext":"13.9577323889213","Duplicate":"0","Dist":"Hyderabad","PCs":"Hyderabad","Assembly_C":"Karwan","Affeceted_":"1899-12-30T00:00:00","S_Number":0,"S_Fall":"Roads","Zone_1":"Z1B N","Affected_S":"Buffer","Area_SQF":197.155658823,"Zonewise":"Z1B","no_of_Floo":1,"gis_geometry_geojson":"{\"type\":\"MultiPolygon\",\"coordinates\":[[[[78.3928991,17.3717101],[78.3928609,17.3717096],[78.3928615,17.3717406],[78.3928997,17.3717399],[78.3928991,17.3717101]]],[[[78.3928769,17.3717463],[78.3928601,17.3717454],[78.3928607,17.3717677],[78.392877,17.3717673],[78.3928769,17.3717463]]]]}"}},{"type":"Feature","id":"AS589-238","geometry":{"type":"Polygon","coordinates":[[[78.3929652,17.3717776],[78.3928627,17.3717804],[78.3928645,17.3718399],[78.3929678,17.371837],[78.3929652,17.3717776]]]},"properties":{"household_id":"AS589-238","OBJECTID":344,"fid_1":259,"Area":775.964497079,"DSM":507.64044,"DTM":505,"HEIGHT":2.64044,"BuildingID":"77a66","BuiType":"Individual","StructType":"Permanent","NameOwnRep":"77a66","Contact":9963445137,"HNoPlotNo":"9-5-115/23/1/110","TPIN":"102763266","ColnyStrtN":"Padmanagar","SyTsNo":"07","WardBlockN":"14/H","Use":"Residential","Extent":80,"PlinthArea":500,"Classifica":"Patta","Caste":"OC","FinanDepen":"No","HHSize":5,"NoAdults":5,"NoChild":0,"Govtbenefi":"No","Borewell":"No","Courtcase":"No","NameStruct":"Nil","ReliType":null,"Remarks":null,"CommStatus":null,"Trees":"No","location":null,"Occupation":"Others","SkilledOcc":null,"Craftsmen":null,"ReliStruct":null,"Cremetoriu":null,"Email":null,"Date":"1899-12-30T00:00:00","Time":null,"SurvyeorNa":null,"Survey_Dat":null,"Survey_Loc":null,"UUID":null,"email_id":null,"Mandals":"Golconda","Zone":"Buffer","Income":"BPL","AreaSqm":7.2089,"Areatext":"72.0897490679597","Duplicate":"0","Dist":"Hyderabad","PCs":"Hyderabad","Assembly_C":"Karwan","Affeceted_":"1899-12-30T00:00:00","S_Number":0,"S_Fall":"Roads","Zone_1":"Z1B N","Affected_S":"Buffer","Area_SQF":775.964497079,"Zonewise":"Z1B","no_of_Floo":1,"gis_geometry_geojson":"{\"type\":\"Polygon\",\"coordinates\":[[[78.3929652,17.3717776],[78.3928627,17.3717804],[78.3928645,17.3718399],[78.3929678,17.371837],[78.3929652,17.3717776]]]}"}},{"type":"Feature","id":"AS589-239","geometry":{"type":"Polygon","coordinates":[[[78.3917299,17.3718203],[78.3917513,17.3718196],[78.3917507,17.3718029],[78.3917293,17.3718036],[78.3917299,17.3718203]]]},"properties":{"household_id":"AS589-239","OBJECTID":349,"fid_1":264,"Area":45.3616814241,"DSM":507.16824,"DTM":505,"HEIGHT":2.16824,"BuildingID":"6ad57","BuiType":"Individual","StructType":"Permanent","NameOwnRep":"6ad57","Contact":0,"HNoPlotNo":null,"TPIN":null,"ColnyStrtN":"Padma Nagar","SyTsNo":"7/H/14","WardBlockN":null,"Use":"Residential","Extent":0,"PlinthArea":0,"Classifica":"Patta","Caste":null,"FinanDepen":null,"HHSize":0,"NoAdults":0,"NoChild":0,"Govtbenefi":null,"Borewell":"No","Courtcase":"No","NameStruct":"A Ramakrishna","ReliType":null,"Remarks":"Part of the house Id no. 59CCC","CommStatus":null,"Trees":"No","location":null,"Occupation":null,"SkilledOcc":null,"Craftsmen":null,"ReliStruct":null,"Cremetoriu":null,"Email":null,"Date":"1899-12-30T00:00:00","Time":null,"SurvyeorNa":null,"Survey_Dat":null,"Survey_Loc":null,"UUID":null,"email_id":null,"Mandals":"Golconda","Zone":"Buffer","Income":"BPL","AreaSqm":4.2143,"Areatext":"4.21425496041607","Duplicate":"0","Dist":"Hyderabad","PCs":"Hyderabad","Assembly_C":"Karwan","Affeceted_":"1899-12-30T00:00:00","S_Number":0,"S_Fall":"Roads","Zone_1":"Z1B N","Affected_S":"Buffer","Area_SQF":45.3616814241,"Zonewise":"Z1B","no_of_Floo":1,"gis_geometry_geojson":"{\"type\":\"Polygon\",\"coordinates\":[[[78.3917299,17.3718203],[78.3917513,17.3718196],[78.3917507,17.3718029],[78.3917293,17.3718036],[78.3917299,17.3718203]]]}"}},{"type":"Feature","id":"AS589-240","geometry":{"type":"MultiPolygon","coordinates":[[[[78.3916965,17.3717124],[78.3916963,17.3717052],[78.391728,17.3717043],[78.3917263,17.3716667],[78.3916426,17.3716689],[78.3916445,17.371737],[78.3916972,17.3717357],[78.3916965,17.3717124]]],[[[78.3916965,17.3717124],[78.3917013,17.3717399],[78.391735,17.3717346],[78.3917301,17.3717071],[78.3916965,17.3717124]]]]},"properties":{"household_id":"AS589-240","OBJECTID":350,"fid_1":265,"Area":725.447750674,"DSM":507.26038,"DTM":504,"HEIGHT":3.26038,"BuildingID":"65185","BuiType":"Individual","StructType":"Permanent","NameOwnRep":"65185","Contact":0,"HNoPlotNo":"Ramdevguda","TPIN":"102763477","ColnyStrtN":"Padma Nagar","SyTsNo":"7/H/14","WardBlockN":"14/H","Use":"Residential","Extent":100,"PlinthArea":900,"Classifica":"Patta","Caste":"OC","FinanDepen":"No","HHSize":0,"NoAdults":0,"NoChild":0,"Govtbenefi":"No","Borewell":"No","Courtcase":"No","NameStruct":"I Laxmi","ReliType":null,"Remarks":"Abandoned House","CommStatus":null,"Trees":"No","location":null,"Occupation":"Others","SkilledOcc":null,"Craftsmen":null,"ReliStruct":null,"Cremetoriu":null,"Email":null,"Date":"1899-12-30T00:00:00","Time":null,"SurvyeorNa":null,"Survey_Dat":null,"Survey_Loc":null,"UUID":null,"email_id":"RiverBasin","Mandals":"Golconda","Zone":"Buffer","Income":"BPL","AreaSqm":5.6194,"Areatext":"56.1948933446818","Duplicate":"0","Dist":"Hyderabad","PCs":"Hyderabad","Assembly_C":"Karwan","Affeceted_":"1899-12-30T00:00:00","S_Number":0,"S_Fall":"River Buffer","Zone_1":"Z1B N","Affected_S":"Buffer","Area_SQF":725.447750674,"Zonewise":"Z1B","no_of_Floo":1,"gis_geometry_geojson":"{\"type\":\"MultiPolygon\",\"coordinates\":[[[[78.3916965,17.3717124],[78.3916963,17.3717052],[78.391728,17.3717043],[78.3917263,17.3716667],[78.3916426,17.3716689],[78.3916445,17.371737],[78.3916972,17.3717357],[78.3916965,17.3717124]]],[[[78.3916965,17.3717124],[78.3917013,17.3717399],[78.391735,17.3717346],[78.3917301,17.3717071],[78.3916965,17.3717124]]]]}"}},{"type":"Feature","id":"AS589-241","geometry":{"type":"Polygon","coordinates":[[[78.3920188,17.3717043],[78.3919074,17.3717064],[78.3919085,17.3717588],[78.3919362,17.3717582],[78.3919363,17.371766],[78.3919467,17.3717658],[78.3919468,17.3717748],[78.3920195,17.3717707],[78.3920188,17.3717043]]]},"properties":{"household_id":"AS589-241","OBJECTID":359,"fid_1":274,"Area":879.727475761,"DSM":508.48505,"DTM":505,"HEIGHT":3.48505,"BuildingID":"fe65b","BuiType":"Individual","StructType":"Permanent","NameOwnRep":"fe65b","Contact":9177598368,"HNoPlotNo":"9-5-115/23/1/58","TPIN":"1070906983","ColnyStrtN":"Padma Nagar","SyTsNo":"7/H/14","WardBlockN":"14/H","Use":"Residential","Extent":125,"PlinthArea":1000,"Classifica":"Patta","Caste":"BC","FinanDepen":"No","HHSize":5,"NoAdults":3,"NoChild":2,"Govtbenefi":"No","Borewell":"Yes","Courtcase":"No","NameStruct":"Sataiah","ReliType":null,"Remarks":"Nil","CommStatus":null,"Trees":"No","location":null,"Occupation":"Others","SkilledOcc":null,"Craftsmen":null,"ReliStruct":null,"Cremetoriu":null,"Email":null,"Date":"1899-12-30T00:00:00","Time":null,"SurvyeorNa":null,"Survey_Dat":null,"Survey_Loc":null,"UUID":null,"email_id":"RiverBasin","Mandals":"Golconda","Zone":"Buffer","Income":"BPL","AreaSqm":8.1729,"Areatext":"81.7296837863093","Duplicate":"0","Dist":"Hyderabad","PCs":"Hyderabad","Assembly_C":"Karwan","Affeceted_":"1899-12-30T00:00:00","S_Number":0,"S_Fall":"Roads","Zone_1":"Z1B N","Affected_S":"Buffer","Area_SQF":879.727475761,"Zonewise":"Z1B","no_of_Floo":1,"gis_geometry_geojson":"{\"type\":\"Polygon\",\"coordinates\":[[[78.3920188,17.3717043],[78.3919074,17.3717064],[78.3919085,17.3717588],[78.3919362,17.3717582],[78.3919363,17.371766],[78.3919467,17.3717658],[78.3919468,17.3717748],[78.3920195,17.3717707],[78.3920188,17.3717043]]]}"}},{"type":"Feature","id":"AS589-242","geometry":{"type":"Polygon","coordinates":[[[78.3917976,17.3718433],[78.3918866,17.3718386],[78.3918867,17.3718426],[78.3919114,17.371842],[78.3919108,17.3718202],[78.3918868,17.3718209],[78.3918861,17.3717952],[78.3919088,17.3717946],[78.3919086,17.3717739],[78.3917956,17.3717769],[78.3917976,17.3718433]]]},"properties":{"household_id":"AS589-242","OBJECTID":360,"fid_1":275,"Area":872.134285851,"DSM":514.78302,"DTM":505,"HEIGHT":9.78302,"BuildingID":"b1acc","BuiType":"Individual","StructType":"Permanent","NameOwnRep":"b1acc","Contact":9848152862,"HNoPlotNo":null,"TPIN":null,"ColnyStrtN":"Padma Nagar Colony","SyTsNo":"7","WardBlockN":"14/H","Use":"Residential","Extent":100,"PlinthArea":0,"Classifica":"Patta","Caste":"BC","FinanDepen":"No","HHSize":0,"NoAdults":0,"NoChild":0,"Govtbenefi":"No","Borewell":"Yes","Courtcase":"No","NameStruct":null,"ReliType":null,"Remarks":"Under construction G+3 structure , Skeleton Structure","CommStatus":null,"Trees":"No","location":null,"Occupation":"Skilled Worker","SkilledOcc":null,"Craftsmen":null,"ReliStruct":null,"Cremetoriu":null,"Email":null,"Date":"1899-12-30T00:00:00","Time":null,"SurvyeorNa":null,"Survey_Dat":null,"Survey_Loc":null,"UUID":null,"email_id":null,"Mandals":"Golconda","Zone":"Buffer","Income":"BPL","AreaSqm":8.1024,"Areatext":"81.0242505394398","Duplicate":"0","Dist":"Hyderabad","PCs":"Hyderabad","Assembly_C":"Karwan","Affeceted_":"1899-12-30T00:00:00","S_Number":0,"S_Fall":"Roads","Zone_1":"Z1B N","Affected_S":"Buffer","Area_SQF":2616.40285755,"Zonewise":"Z1B","no_of_Floo":3,"gis_geometry_geojson":"{\"type\":\"Polygon\",\"coordinates\":[[[78.3917976,17.3718433],[78.3918866,17.3718386],[78.3918867,17.3718426],[78.3919114,17.371842],[78.3919108,17.3718202],[78.3918868,17.3718209],[78.3918861,17.3717952],[78.3919088,17.3717946],[78.3919086,17.3717739],[78.3917956,17.3717769],[78.3917976,17.3718433]]]}"}},{"type":"Feature","id":"AS589-243","geometry":{"type":"Polygon","coordinates":[[[78.3993843,17.3720909],[78.3994426,17.3720329],[78.3993813,17.3719761],[78.399323,17.3720341],[78.3993843,17.3720909]]]},"properties":{"household_id":"AS589-243","OBJECTID":375,"fid_1":290,"Area":870.562853092,"DSM":508.73596,"DTM":502,"HEIGHT":6.73596,"BuildingID":"7580d","BuiType":null,"StructType":"Temporary","NameOwnRep":"7580d","Contact":0,"HNoPlotNo":null,"TPIN":null,"ColnyStrtN":null,"SyTsNo":"100 to 115","WardBlockN":null,"Use":"Govt","Extent":0,"PlinthArea":0,"Classifica":"Other","Caste":null,"FinanDepen":null,"HHSize":0,"NoAdults":0,"NoChild":0,"Govtbenefi":null,"Borewell":"No","Courtcase":"No","NameStruct":null,"ReliType":null,"Remarks":"Military establishment","CommStatus":null,"Trees":"No","location":null,"Occupation":null,"SkilledOcc":null,"Craftsmen":null,"ReliStruct":null,"Cremetoriu":null,"Email":null,"Date":"1899-12-30T00:00:00","Time":null,"SurvyeorNa":null,"Survey_Dat":null,"Survey_Loc":null,"UUID":null,"email_id":"RiverBasin","Mandals":"Golconda","Zone":"Buffer","Income":"BPL","AreaSqm":8.0878,"Areatext":"80.8782590760687","Duplicate":"0","Dist":"Hyderabad","PCs":"Hyderabad","Assembly_C":"Karwan","Affeceted_":"1899-12-30T00:00:00","S_Number":0,"S_Fall":"River Buffer","Zone_1":"Z1B N","Affected_S":"Buffer","Area_SQF":1741.12570618,"Zonewise":"Z1B","no_of_Floo":2,"gis_geometry_geojson":"{\"type\":\"Polygon\",\"coordinates\":[[[78.3993843,17.3720909],[78.3994426,17.3720329],[78.3993813,17.3719761],[78.399323,17.3720341],[78.3993843,17.3720909]]]}"}},{"type":"Feature","id":"AS589-244","geometry":{"type":"Polygon","coordinates":[[[78.3992303,17.3722638],[78.3993078,17.3722218],[78.3992754,17.3721668],[78.3991979,17.3722088],[78.3992303,17.3722638]]]},"properties":{"household_id":"AS589-244","OBJECTID":376,"fid_1":291,"Area":712.826774771,"DSM":509.27988,"DTM":502,"HEIGHT":7.27988,"BuildingID":"99d38","BuiType":null,"StructType":"Permanent","NameOwnRep":"99d38","Contact":0,"HNoPlotNo":null,"TPIN":null,"ColnyStrtN":null,"SyTsNo":"100 to115","WardBlockN":null,"Use":"Govt","Extent":0,"PlinthArea":0,"Classifica":"Other","Caste":null,"FinanDepen":null,"HHSize":0,"NoAdults":0,"NoChild":0,"Govtbenefi":null,"Borewell":"No","Courtcase":"No","NameStruct":null,"ReliType":null,"Remarks":"Military establishment","CommStatus":null,"Trees":"No","location":null,"Occupation":null,"SkilledOcc":null,"Craftsmen":null,"ReliStruct":null,"Cremetoriu":null,"Email":null,"Date":"1899-12-30T00:00:00","Time":null,"SurvyeorNa":null,"Survey_Dat":null,"Survey_Loc":null,"UUID":null,"email_id":null,"Mandals":"Golconda","Zone":"Buffer","Income":null,"AreaSqm":6.6224,"Areatext":"66.2240392654441","Duplicate":"0","Dist":"Hyderabad","PCs":"Hyderabad","Assembly_C":"Karwan","Affeceted_":"1899-12-30T00:00:00","S_Number":0,"S_Fall":"Roads","Zone_1":"Z1B N","Affected_S":"Buffer","Area_SQF":1425.65354954,"Zonewise":"Z1B","no_of_Floo":2,"gis_geometry_geojson":"{\"type\":\"Polygon\",\"coordinates\":[[[78.3992303,17.3722638],[78.3993078,17.3722218],[78.3992754,17.3721668],[78.3991979,17.3722088],[78.3992303,17.3722638]]]}"}},{"type":"Feature","id":"AS589-245","geometry":{"type":"Polygon","coordinates":[[[78.3993985,17.3724087],[78.3994854,17.3723826],[78.3994714,17.3723395],[78.3993844,17.3723656],[78.3993985,17.3724087]]]},"properties":{"household_id":"AS589-245","OBJECTID":377,"fid_1":292,"Area":521.238636371,"DSM":507.05518,"DTM":500,"HEIGHT":7.05518,"BuildingID":"4114f","BuiType":null,"StructType":"Permanent","NameOwnRep":"4114f","Contact":0,"HNoPlotNo":null,"TPIN":null,"ColnyStrtN":null,"SyTsNo":"100,115","WardBlockN":null,"Use":"Govt","Extent":0,"PlinthArea":0,"Classifica":"Other","Caste":null,"FinanDepen":null,"HHSize":0,"NoAdults":0,"NoChild":0,"Govtbenefi":null,"Borewell":"No","Courtcase":"No","NameStruct":"Military structure","ReliType":null,"Remarks":"Military establishment","CommStatus":null,"Trees":"No","location":null,"Occupation":null,"SkilledOcc":null,"Craftsmen":null,"ReliStruct":null,"Cremetoriu":null,"Email":null,"Date":"1899-12-30T00:00:00","Time":null,"SurvyeorNa":null,"Survey_Dat":null,"Survey_Loc":null,"UUID":null,"email_id":null,"Mandals":"Golconda","Zone":"Buffer","Income":null,"AreaSqm":4.8424,"Areatext":"48.4248475893183","Duplicate":"0","Dist":"Hyderabad","PCs":"Hyderabad","Assembly_C":"Karwan","Affeceted_":"1899-12-30T00:00:00","S_Number":0,"S_Fall":"Roads","Zone_1":"Z1B N","Affected_S":"Buffer","Area_SQF":1042.47727274,"Zonewise":"Z1B","no_of_Floo":2,"gis_geometry_geojson":"{\"type\":\"Polygon\",\"coordinates\":[[[78.3993985,17.3724087],[78.3994854,17.3723826],[78.3994714,17.3723395],[78.3993844,17.3723656],[78.3993985,17.3724087]]]}"}},{"type":"Feature","id":"AS589-246","geometry":{"type":"Polygon","coordinates":[[[78.3724124,17.3750614],[78.3719892,17.3751657],[78.372012,17.3752508],[78.3724352,17.3751466],[78.3724124,17.3750614]]]},"properties":{"household_id":"AS589-246","OBJECTID":378,"fid_1":293,"Area":4866.2862576,"DSM":519.59705,"DTM":509,"HEIGHT":10.59705,"BuildingID":"ebf07","BuiType":null,"StructType":"Defence","NameOwnRep":"ebf07","Contact":0,"HNoPlotNo":null,"TPIN":null,"ColnyStrtN":null,"SyTsNo":null,"WardBlockN":null,"Use":"Defence","Extent":0,"PlinthArea":0,"Classifica":null,"Caste":null,"FinanDepen":null,"HHSize":0,"NoAdults":0,"NoChild":0,"Govtbenefi":null,"Borewell":null,"Courtcase":null,"NameStruct":null,"ReliType":null,"Remarks":null,"CommStatus":null,"Trees":null,"location":null,"Occupation":null,"SkilledOcc":null,"Craftsmen":null,"ReliStruct":null,"Cremetoriu":null,"Email":null,"Date":"1899-12-30T00:00:00","Time":null,"SurvyeorNa":null,"Survey_Dat":null,"Survey_Loc":null,"UUID":null,"email_id":null,"Mandals":"Golconda","Zone":"Buffer","Income":null,"AreaSqm":4.5209,"Areatext":"452.094595220249","Duplicate":"0","Dist":"Hyderabad","PCs":"Hyderabad","Assembly_C":"Karwan","Affeceted_":"1899-12-30T00:00:00","S_Number":0,"S_Fall":"Roads","Zone_1":"Z1B N","Affected_S":"Buffer","Area_SQF":19465.1450304,"Zonewise":"Z1B","no_of_Floo":4,"gis_geometry_geojson":"{\"type\":\"Polygon\",\"coordinates\":[[[78.3724124,17.3750614],[78.3719892,17.3751657],[78.372012,17.3752508],[78.3724352,17.3751466],[78.3724124,17.3750614]]]}"}},{"type":"Feature","id":"AS589-247","geometry":{"type":"Polygon","coordinates":[[[78.3936442,17.3716801],[78.3936478,17.3718394],[78.3937505,17.3718372],[78.3937469,17.3716779],[78.3936442,17.3716801]]]},"properties":{"household_id":"AS589-247","OBJECTID":385,"fid_1":300,"Area":2074.64048487,"DSM":507.32822,"DTM":504,"HEIGHT":3.32822,"BuildingID":"49b7a","BuiType":"Individual","StructType":"Permanent","NameOwnRep":"49b7a","Contact":9959064088,"HNoPlotNo":"9-5-115/23/1/16","TPIN":"102763341","ColnyStrtN":"Padma Nagar Colony","SyTsNo":"7","WardBlockN":"14/H","Use":"Residential","Extent":200,"PlinthArea":1800,"Classifica":"Patta","Caste":null,"FinanDepen":"No","HHSize":0,"NoAdults":0,"NoChild":0,"Govtbenefi":"No","Borewell":"Yes","Courtcase":"No","NameStruct":null,"ReliType":null,"Remarks":null,"CommStatus":null,"Trees":"No","location":null,"Occupation":"Others","SkilledOcc":null,"Craftsmen":null,"ReliStruct":null,"Cremetoriu":null,"Email":null,"Date":"1899-12-30T00:00:00","Time":null,"SurvyeorNa":null,"Survey_Dat":null,"Survey_Loc":null,"UUID":null,"email_id":"RiverBasin","Mandals":"Golconda","Zone":"Buffer","Income":"BPL","AreaSqm":1.9274,"Areatext":"192.741178919097","Duplicate":"0","Dist":"Hyderabad","PCs":"Hyderabad","Assembly_C":"Karwan","Affeceted_":"1899-12-30T00:00:00","S_Number":0,"S_Fall":"Roads","Zone_1":"Z1B N","Affected_S":"Buffer","Area_SQF":2074.64048487,"Zonewise":"Z1B","no_of_Floo":1,"gis_geometry_geojson":"{\"type\":\"Polygon\",\"coordinates\":[[[78.3936442,17.3716801],[78.3936478,17.3718394],[78.3937505,17.3718372],[78.3937469,17.3716779],[78.3936442,17.3716801]]]}"}},{"type":"Feature","id":"AS589-248","geometry":{"type":"Polygon","coordinates":[[[78.3938329,17.3717283],[78.3937588,17.3717309],[78.3937618,17.3718093],[78.3937984,17.371808],[78.3937991,17.3718265],[78.3938352,17.3718252],[78.3938329,17.3717283]]]},"properties":{"household_id":"AS589-248","OBJECTID":386,"fid_1":301,"Area":815.775602827,"DSM":507.58694,"DTM":504,"HEIGHT":3.58694,"BuildingID":"e8f4c","BuiType":"Individual","StructType":"Permanent","NameOwnRep":"e8f4c","Contact":9849386253,"HNoPlotNo":"9-5-115/23/1/167","TPIN":"102763297","ColnyStrtN":"Padma Nagar Colony","SyTsNo":"7","WardBlockN":"14/H","Use":"Residential","Extent":100,"PlinthArea":800,"Classifica":"Patta","Caste":null,"FinanDepen":null,"HHSize":0,"NoAdults":0,"NoChild":0,"Govtbenefi":null,"Borewell":"Yes","Courtcase":"No","NameStruct":"9-5-115/23/1/167","ReliType":null,"Remarks":null,"CommStatus":null,"Trees":"No","location":null,"Occupation":null,"SkilledOcc":null,"Craftsmen":null,"ReliStruct":null,"Cremetoriu":null,"Email":null,"Date":"1899-12-30T00:00:00","Time":null,"SurvyeorNa":null,"Survey_Dat":null,"Survey_Loc":null,"UUID":null,"email_id":"RiverBasin","Mandals":"Golconda","Zone":"Buffer","Income":"BPL","AreaSqm":7.5788,"Areatext":"75.7883366114675","Duplicate":"0","Dist":"Hyderabad","PCs":"Hyderabad","Assembly_C":"Karwan","Affeceted_":"1899-12-30T00:00:00","S_Number":0,"S_Fall":"Roads","Zone_1":"Z1B N","Affected_S":"Buffer","Area_SQF":815.775602827,"Zonewise":"Z1B","no_of_Floo":1,"gis_geometry_geojson":"{\"type\":\"Polygon\",\"coordinates\":[[[78.3938329,17.3717283],[78.3937588,17.3717309],[78.3937618,17.3718093],[78.3937984,17.371808],[78.3937991,17.3718265],[78.3938352,17.3718252],[78.3938329,17.3717283]]]}"}},{"type":"Feature","id":"AS589-249","geometry":{"type":"Polygon","coordinates":[[[78.3940318,17.3718901],[78.3940098,17.3717705],[78.393886,17.3717905],[78.3939051,17.3718922],[78.3939463,17.3718851],[78.393948,17.3718942],[78.3939415,17.3718954],[78.3939433,17.3719054],[78.3940318,17.3718901]]]},"properties":{"household_id":"AS589-249","OBJECTID":393,"fid_1":308,"Area":1844.57472948,"DSM":507.18268,"DTM":504,"HEIGHT":3.18268,"BuildingID":"e94c5","BuiType":"Individual","StructType":"Permanent","NameOwnRep":"e94c5","Contact":7799097230,"HNoPlotNo":"9-5-115/58","TPIN":"1210901253","ColnyStrtN":"Padma Nagar colony","SyTsNo":"9/H/14","WardBlockN":"14/H","Use":"Residential","Extent":200,"PlinthArea":7200,"Classifica":"Patta","Caste":"OC","FinanDepen":"No","HHSize":5,"NoAdults":5,"NoChild":0,"Govtbenefi":"No","Borewell":"Yes","Courtcase":"No","NameStruct":"J Narayana","ReliType":null,"Remarks":"Nil","CommStatus":null,"Trees":"No","location":null,"Occupation":"Others","SkilledOcc":null,"Craftsmen":null,"ReliStruct":null,"Cremetoriu":null,"Email":null,"Date":"1899-12-30T00:00:00","Time":null,"SurvyeorNa":null,"Survey_Dat":null,"Survey_Loc":null,"UUID":null,"email_id":"RiverBasin","Mandals":"Golconda","Zone":"Buffer","Income":"BPL","AreaSqm":1.7136,"Areatext":"171.367285342902","Duplicate":"0","Dist":"Hyderabad","PCs":"Hyderabad","Assembly_C":"Karwan","Affeceted_":"1899-12-30T00:00:00","S_Number":0,"S_Fall":"Roads","Zone_1":"Z1B N","Affected_S":"Buffer","Area_SQF":1844.57472948,"Zonewise":"Z1B","no_of_Floo":1,"gis_geometry_geojson":"{\"type\":\"Polygon\",\"coordinates\":[[[78.3940318,17.3718901],[78.3940098,17.3717705],[78.393886,17.3717905],[78.3939051,17.3718922],[78.3939463,17.3718851],[78.393948,17.3718942],[78.3939415,17.3718954],[78.3939433,17.3719054],[78.3940318,17.3718901]]]}"}},{"type":"Feature","id":"AS589-250","geometry":{"type":"Polygon","coordinates":[[[78.3940098,17.3717705],[78.3940318,17.3718901],[78.3940901,17.37188],[78.3940705,17.3717607],[78.3940098,17.3717705]]]},"properties":{"household_id":"AS589-250","OBJECTID":394,"fid_1":309,"Area":927.154653147,"DSM":506.18753,"DTM":503,"HEIGHT":3.18753,"BuildingID":"0f06d","BuiType":null,"StructType":"Permanent","NameOwnRep":"0f06d","Contact":9395531234,"HNoPlotNo":"9-5-113/1/60","TPIN":null,"ColnyStrtN":"Ramdevguda","SyTsNo":"9/H/14","WardBlockN":"14/H","Use":"Commercial","Extent":200,"PlinthArea":1000,"Classifica":"Patta","Caste":"BC","FinanDepen":"Yes","HHSize":0,"NoAdults":0,"NoChild":0,"Govtbenefi":"Yes","Borewell":"Yes","Courtcase":"No","NameStruct":"M Sampath","ReliType":null,"Remarks":null,"CommStatus":"Others","Trees":"No","location":null,"Occupation":null,"SkilledOcc":null,"Craftsmen":null,"ReliStruct":null,"Cremetoriu":null,"Email":null,"Date":"1899-12-30T00:00:00","Time":null,"SurvyeorNa":null,"Survey_Dat":null,"Survey_Loc":null,"UUID":null,"email_id":"RiverBasin","Mandals":"Golconda","Zone":"Buffer","Income":"BPL","AreaSqm":8.6135,"Areatext":"86.1358303706111","Duplicate":"0","Dist":"Hyderabad","PCs":"Hyderabad","Assembly_C":"Karwan","Affeceted_":"1899-12-30T00:00:00","S_Number":0,"S_Fall":"Roads","Zone_1":"Z1B N","Affected_S":"Buffer","Area_SQF":927.154653147,"Zonewise":"Z1B","no_of_Floo":1,"gis_geometry_geojson":"{\"type\":\"Polygon\",\"coordinates\":[[[78.3940098,17.3717705],[78.3940318,17.3718901],[78.3940901,17.37188],[78.3940705,17.3717607],[78.3940098,17.3717705]]]}"}},{"type":"Feature","id":"AS589-251","geometry":{"type":"Polygon","coordinates":[[[78.3942462,17.3717415],[78.3941355,17.3717551],[78.3941497,17.3718617],[78.3941939,17.3718562],[78.394201,17.3718711],[78.3942621,17.3718636],[78.3942462,17.3717415]]]},"properties":{"household_id":"AS589-251","OBJECTID":395,"fid_1":310,"Area":1644.39367416,"DSM":507.08191,"DTM":503,"HEIGHT":4.08191,"BuildingID":"ddb5f","BuiType":"Individual","StructType":"Permanent","NameOwnRep":"ddb5f","Contact":9440370190,"HNoPlotNo":"9-5-113/1/61","TPIN":"114270491","ColnyStrtN":"Padma Nagar Colony","SyTsNo":"9","WardBlockN":"14/H","Use":"Residential","Extent":200,"PlinthArea":0,"Classifica":"Patta","Caste":"ST","FinanDepen":"No","HHSize":6,"NoAdults":4,"NoChild":2,"Govtbenefi":"No","Borewell":"Yes","Courtcase":"No","NameStruct":"9-5-113/1/61","ReliType":null,"Remarks":null,"CommStatus":null,"Trees":"No","location":null,"Occupation":"Skilled Worker","SkilledOcc":null,"Craftsmen":null,"ReliStruct":null,"Cremetoriu":null,"Email":null,"Date":"1899-12-30T00:00:00","Time":null,"SurvyeorNa":null,"Survey_Dat":null,"Survey_Loc":null,"UUID":null,"email_id":"RiverBasin","Mandals":"Golconda","Zone":"Buffer","Income":"BPL","AreaSqm":1.5276,"Areatext":"152.769782366458","Duplicate":"0","Dist":"Hyderabad","PCs":"Hyderabad","Assembly_C":"Karwan","Affeceted_":"1899-12-30T00:00:00","S_Number":0,"S_Fall":"Roads","Zone_1":"Z1B N","Affected_S":"Buffer","Area_SQF":1644.39367416,"Zonewise":"Z1B","no_of_Floo":1,"gis_geometry_geojson":"{\"type\":\"Polygon\",\"coordinates\":[[[78.3942462,17.3717415],[78.3941355,17.3717551],[78.3941497,17.3718617],[78.3941939,17.3718562],[78.394201,17.3718711],[78.3942621,17.3718636],[78.3942462,17.3717415]]]}"}},{"type":"Feature","id":"AS589-252","geometry":{"type":"Polygon","coordinates":[[[78.3943058,17.3717426],[78.3942964,17.3717437],[78.3942952,17.3717355],[78.3942702,17.3717387],[78.3942714,17.3717472],[78.39425,17.3717505],[78.3942633,17.3718472],[78.3942966,17.371843],[78.3943,17.371868],[78.3943178,17.3718657],[78.3943058,17.3717426]]]},"properties":{"household_id":"AS589-252","OBJECTID":397,"fid_1":312,"Area":767.323870865,"DSM":506.71024,"DTM":503,"HEIGHT":3.71024,"BuildingID":"7cd3e","BuiType":"Individual","StructType":"Permanent","NameOwnRep":"7cd3e","Contact":8885341311,"HNoPlotNo":null,"TPIN":"322600746","ColnyStrtN":"Ramdev guda","SyTsNo":"9","WardBlockN":"14/H","Use":"Residential","Extent":100,"PlinthArea":900,"Classifica":"Patta","Caste":"BC","FinanDepen":"Yes","HHSize":4,"NoAdults":2,"NoChild":2,"Govtbenefi":"No","Borewell":"Yes","Courtcase":"No","NameStruct":"A. Shiva Kumar","ReliType":null,"Remarks":null,"CommStatus":null,"Trees":"No","location":null,"Occupation":"UnSkilled Worker","SkilledOcc":null,"Craftsmen":null,"ReliStruct":null,"Cremetoriu":null,"Email":null,"Date":"1899-12-30T00:00:00","Time":null,"SurvyeorNa":null,"Survey_Dat":null,"Survey_Loc":null,"UUID":null,"email_id":"RiverBasin","Mandals":"Golconda","Zone":"Buffer","Income":"BPL","AreaSqm":7.1287,"Areatext":"71.2870054188016","Duplicate":"0","Dist":"Hyderabad","PCs":"Hyderabad","Assembly_C":"Karwan","Affeceted_":"1899-12-30T00:00:00","S_Number":0,"S_Fall":"Roads","Zone_1":"Z1B N","Affected_S":"Buffer","Area_SQF":767.323870865,"Zonewise":"Z1B","no_of_Floo":1,"gis_geometry_geojson":"{\"type\":\"Polygon\",\"coordinates\":[[[78.3943058,17.3717426],[78.3942964,17.3717437],[78.3942952,17.3717355],[78.3942702,17.3717387],[78.3942714,17.3717472],[78.39425,17.3717505],[78.3942633,17.3718472],[78.3942966,17.371843],[78.3943,17.371868],[78.3943178,17.3718657],[78.3943058,17.3717426]]]}"}},{"type":"Feature","id":"AS589-253","geometry":{"type":"Polygon","coordinates":[[[78.3943471,17.372036],[78.394331,17.3719068],[78.3942742,17.3719135],[78.3942897,17.3720246],[78.3943176,17.372021],[78.3943202,17.3720395],[78.3943471,17.372036]]]},"properties":{"household_id":"AS589-253","OBJECTID":398,"fid_1":313,"Area":864.083368501,"DSM":506.41245,"DTM":503,"HEIGHT":3.41245,"BuildingID":"65cdf","BuiType":"Individual","StructType":"Permanent","NameOwnRep":"65cdf","Contact":9849023711,"HNoPlotNo":"9-5-113/1/55","TPIN":"109283008","ColnyStrtN":"Ramdevguda","SyTsNo":"9/H/14","WardBlockN":"14/H","Use":"Residential","Extent":50,"PlinthArea":450,"Classifica":"Patta","Caste":"BC","FinanDepen":"No","HHSize":4,"NoAdults":2,"NoChild":2,"Govtbenefi":"No","Borewell":"Yes","Courtcase":"No","NameStruct":"Kavitha","ReliType":null,"Remarks":"Nil","CommStatus":null,"Trees":"No","location":null,"Occupation":"Others","SkilledOcc":null,"Craftsmen":null,"ReliStruct":null,"Cremetoriu":null,"Email":null,"Date":"1899-12-30T00:00:00","Time":null,"SurvyeorNa":null,"Survey_Dat":null,"Survey_Loc":null,"UUID":null,"email_id":null,"Mandals":"Golconda","Zone":"Buffer","Income":"BPL","AreaSqm":8.0276,"Areatext":"80.276292849872","Duplicate":"0","Dist":"Hyderabad","PCs":"Hyderabad","Assembly_C":"Karwan","Affeceted_":"1899-12-30T00:00:00","S_Number":0,"S_Fall":"Roads","Zone_1":"Z1B N","Affected_S":"Buffer","Area_SQF":864.083368501,"Zonewise":"Z1B","no_of_Floo":1,"gis_geometry_geojson":"{\"type\":\"Polygon\",\"coordinates\":[[[78.3943471,17.372036],[78.394331,17.3719068],[78.3942742,17.3719135],[78.3942897,17.3720246],[78.3943176,17.372021],[78.3943202,17.3720395],[78.3943471,17.372036]]]}"}},{"type":"Feature","id":"AS589-254","geometry":{"type":"Polygon","coordinates":[[[78.394271,17.3719174],[78.3941579,17.3719317],[78.3941629,17.3719709],[78.3942762,17.3719575],[78.394271,17.3719174]]]},"properties":{"household_id":"AS589-254","OBJECTID":399,"fid_1":314,"Area":578.039056865,"DSM":506.07742,"DTM":503,"HEIGHT":3.07742,"BuildingID":"56f5a","BuiType":"Individual","StructType":"Permanent","NameOwnRep":"56f5a","Contact":9849068750,"HNoPlotNo":"Plot No.56","TPIN":"108047687","ColnyStrtN":"Ramdevguda","SyTsNo":"9","WardBlockN":"14/H","Use":"Residential","Extent":200,"PlinthArea":900,"Classifica":"Patta","Caste":null,"FinanDepen":"No","HHSize":0,"NoAdults":0,"NoChild":0,"Govtbenefi":"No","Borewell":"Yes","Courtcase":"No","NameStruct":"Plot No.56","ReliType":null,"Remarks":"Tenants residing","CommStatus":null,"Trees":"No","location":null,"Occupation":"Others","SkilledOcc":null,"Craftsmen":null,"ReliStruct":null,"Cremetoriu":null,"Email":null,"Date":"1899-12-30T00:00:00","Time":null,"SurvyeorNa":null,"Survey_Dat":null,"Survey_Loc":null,"UUID":null,"email_id":null,"Mandals":"Golconda","Zone":"Buffer","Income":"BPL","AreaSqm":5.3701,"Areatext":"53.7018004270933","Duplicate":"0","Dist":"Hyderabad","PCs":"Hyderabad","Assembly_C":"Karwan","Affeceted_":"1899-12-30T00:00:00","S_Number":0,"S_Fall":"Roads","Zone_1":"Z1B N","Affected_S":"Buffer","Area_SQF":578.039056865,"Zonewise":"Z1B","no_of_Floo":1,"gis_geometry_geojson":"{\"type\":\"Polygon\",\"coordinates\":[[[78.394271,17.3719174],[78.3941579,17.3719317],[78.3941629,17.3719709],[78.3942762,17.3719575],[78.394271,17.3719174]]]}"}},{"type":"Feature","id":"AS589-255","geometry":{"type":"Polygon","coordinates":[[[78.3930695,17.3717066],[78.392965,17.3717079],[78.3929652,17.3717776],[78.3930697,17.3717745],[78.3930695,17.3717066]]]},"properties":{"household_id":"AS589-255","OBJECTID":405,"fid_1":320,"Area":903.67219677,"DSM":509.49323,"DTM":504,"HEIGHT":5.49323,"BuildingID":"edf5f","BuiType":"Individual","StructType":"Permanent","NameOwnRep":"edf5f","Contact":9705376462,"HNoPlotNo":"9-5-115/23/1/116","TPIN":"102763371","ColnyStrtN":"Padma Nagar colony","SyTsNo":"7/H/14","WardBlockN":"14/H","Use":"Residential","Extent":100,"PlinthArea":800,"Classifica":"Patta","Caste":"BC","FinanDepen":"No","HHSize":5,"NoAdults":2,"NoChild":3,"Govtbenefi":"No","Borewell":"Yes","Courtcase":"No","NameStruct":"Narsimhulu","ReliType":null,"Remarks":"Nil","CommStatus":null,"Trees":"No","location":null,"Occupation":"Others","SkilledOcc":null,"Craftsmen":null,"ReliStruct":null,"Cremetoriu":null,"Email":null,"Date":"1899-12-30T00:00:00","Time":null,"SurvyeorNa":null,"Survey_Dat":null,"Survey_Loc":null,"UUID":null,"email_id":"RiverBasin","Mandals":"Golconda","Zone":"Buffer","Income":"BPL","AreaSqm":8.3954,"Areatext":"83.9542300583126","Duplicate":"0","Dist":"Hyderabad","PCs":"Hyderabad","Assembly_C":"Karwan","Affeceted_":"1899-12-30T00:00:00","S_Number":0,"S_Fall":"Roads","Zone_1":"Z1B N","Affected_S":"Buffer","Area_SQF":1807.34439354,"Zonewise":"Z1B","no_of_Floo":2,"gis_geometry_geojson":"{\"type\":\"Polygon\",\"coordinates\":[[[78.3930695,17.3717066],[78.392965,17.3717079],[78.3929652,17.3717776],[78.3930697,17.3717745],[78.3930695,17.3717066]]]}"}},{"type":"Feature","id":"AS589-256","geometry":{"type":"MultiPolygon","coordinates":[[[[78.3930712,17.3717808],[78.3930472,17.3717795],[78.3930472,17.3717953],[78.3930716,17.3717954],[78.3930712,17.3717808]]],[[[78.3930142,17.3718085],[78.39297,17.3718087],[78.3929713,17.371845],[78.3930154,17.3718435],[78.3930142,17.3718085]]]]},"properties":{"household_id":"AS589-256","OBJECTID":407,"fid_1":322,"Area":252.095676892,"DSM":507.48587,"DTM":505,"HEIGHT":2.48587,"BuildingID":"d81a0","BuiType":"Individual","StructType":"Permanent","NameOwnRep":"d81a0","Contact":0,"HNoPlotNo":"9-5-115/23/1/115","TPIN":"1135501058","ColnyStrtN":"Padma Nagar Colony","SyTsNo":"7","WardBlockN":"14/H","Use":"Residential","Extent":100,"PlinthArea":0,"Classifica":"Patta","Caste":null,"FinanDepen":"No","HHSize":0,"NoAdults":0,"NoChild":0,"Govtbenefi":"No","Borewell":"No","Courtcase":"Yes","NameStruct":null,"ReliType":null,"Remarks":"Vacant house","CommStatus":null,"Trees":"No","location":null,"Occupation":null,"SkilledOcc":null,"Craftsmen":null,"ReliStruct":null,"Cremetoriu":null,"Email":null,"Date":"1899-12-30T00:00:00","Time":null,"SurvyeorNa":null,"Survey_Dat":null,"Survey_Loc":null,"UUID":null,"email_id":null,"Mandals":"Golconda","Zone":"Buffer","Income":"BPL","AreaSqm":1.8909,"Areatext":"18.9099302623029","Duplicate":"0","Dist":"Hyderabad","PCs":"Hyderabad","Assembly_C":"Karwan","Affeceted_":"1899-12-30T00:00:00","S_Number":0,"S_Fall":"Roads","Zone_1":"Z1B N","Affected_S":"Buffer","Area_SQF":252.095676892,"Zonewise":"Z1B","no_of_Floo":1,"gis_geometry_geojson":"{\"type\":\"MultiPolygon\",\"coordinates\":[[[[78.3930712,17.3717808],[78.3930472,17.3717795],[78.3930472,17.3717953],[78.3930716,17.3717954],[78.3930712,17.3717808]]],[[[78.3930142,17.3718085],[78.39297,17.3718087],[78.3929713,17.371845],[78.3930154,17.3718435],[78.3930142,17.3718085]]]]}"}},{"type":"Feature","id":"AS589-257","geometry":{"type":"Polygon","coordinates":[[[78.3932302,17.3717762],[78.3932296,17.3717519],[78.3931251,17.3717546],[78.3931268,17.371818],[78.3932253,17.3718158],[78.3932246,17.371776],[78.3932302,17.3717762]]]},"properties":{"household_id":"AS589-257","OBJECTID":410,"fid_1":325,"Area":812.99088818,"DSM":508.11572,"DTM":505,"HEIGHT":3.11572,"BuildingID":"26442","BuiType":"Individual","StructType":"Permanent","NameOwnRep":"26442","Contact":9849282416,"HNoPlotNo":"9-5-115/29/1/88","TPIN":"102763264","ColnyStrtN":"Padma Nagar Colony","SyTsNo":"7","WardBlockN":"14/H","Use":"Mix","Extent":100,"PlinthArea":0,"Classifica":"Patta","Caste":"BC","FinanDepen":"Yes","HHSize":4,"NoAdults":2,"NoChild":2,"Govtbenefi":"Yes","Borewell":"No","Courtcase":"No","NameStruct":null,"ReliType":null,"Remarks":null,"CommStatus":"Others","Trees":"No","location":null,"Occupation":"Skilled Worker","SkilledOcc":null,"Craftsmen":null,"ReliStruct":null,"Cremetoriu":null,"Email":null,"Date":"1899-12-30T00:00:00","Time":null,"SurvyeorNa":null,"Survey_Dat":null,"Survey_Loc":null,"UUID":null,"email_id":"RiverBasin","Mandals":"Golconda","Zone":"Buffer","Income":"BPL","AreaSqm":7.5529,"Areatext":"75.5296271204713","Duplicate":"0","Dist":"Hyderabad","PCs":"Hyderabad","Assembly_C":"Karwan","Affeceted_":"1899-12-30T00:00:00","S_Number":0,"S_Fall":"Roads","Zone_1":"Z1B N","Affected_S":"Buffer","Area_SQF":812.99088818,"Zonewise":"Z1B","no_of_Floo":1,"gis_geometry_geojson":"{\"type\":\"Polygon\",\"coordinates\":[[[78.3932302,17.3717762],[78.3932296,17.3717519],[78.3931251,17.3717546],[78.3931268,17.371818],[78.3932253,17.3718158],[78.3932246,17.371776],[78.3932302,17.3717762]]]}"}},{"type":"Feature","id":"AS589-258","geometry":{"type":"Polygon","coordinates":[[[78.3931773,17.3717533],[78.3931764,17.3716852],[78.3931155,17.3716847],[78.3931157,17.371737],[78.3931514,17.3717368],[78.3931515,17.3717434],[78.3931205,17.3717435],[78.3931206,17.3717547],[78.3931773,17.3717533]]]},"properties":{"household_id":"AS589-258","OBJECTID":412,"fid_1":327,"Area":500.480262825,"DSM":508.57309,"DTM":505,"HEIGHT":3.57309,"BuildingID":"6ba24","BuiType":null,"StructType":"Permanent","NameOwnRep":"6ba24","Contact":0,"HNoPlotNo":null,"TPIN":null,"ColnyStrtN":null,"SyTsNo":null,"WardBlockN":null,"Use":"Residential","Extent":0,"PlinthArea":0,"Classifica":null,"Caste":null,"FinanDepen":null,"HHSize":0,"NoAdults":0,"NoChild":0,"Govtbenefi":null,"Borewell":null,"Courtcase":null,"NameStruct":null,"ReliType":null,"Remarks":null,"CommStatus":null,"Trees":null,"location":null,"Occupation":null,"SkilledOcc":null,"Craftsmen":null,"ReliStruct":null,"Cremetoriu":null,"Email":null,"Date":"1899-12-30T00:00:00","Time":null,"SurvyeorNa":null,"Survey_Dat":null,"Survey_Loc":null,"UUID":null,"email_id":"RiverBasin","Mandals":"Golconda","Zone":"Buffer","Income":"BPL","AreaSqm":4.6496,"Areatext":"46.4963238628637","Duplicate":"0","Dist":"Hyderabad","PCs":"Hyderabad","Assembly_C":"Karwan","Affeceted_":"1899-12-30T00:00:00","S_Number":0,"S_Fall":"Roads","Zone_1":"Z1B N","Affected_S":"Buffer","Area_SQF":500.480262825,"Zonewise":"Z1B","no_of_Floo":1,"gis_geometry_geojson":"{\"type\":\"Polygon\",\"coordinates\":[[[78.3931773,17.3717533],[78.3931764,17.3716852],[78.3931155,17.3716847],[78.3931157,17.371737],[78.3931514,17.3717368],[78.3931515,17.3717434],[78.3931205,17.3717435],[78.3931206,17.3717547],[78.3931773,17.3717533]]]}"}},{"type":"Feature","id":"AS589-259","geometry":{"type":"Polygon","coordinates":[[[78.3932312,17.3718224],[78.393329,17.3718202],[78.3933278,17.3717741],[78.3933329,17.3717739],[78.3933322,17.3717513],[78.3932296,17.3717519],[78.3932312,17.3718224]]]},"properties":{"household_id":"AS589-259","OBJECTID":415,"fid_1":330,"Area":886.430164126,"DSM":507.94345,"DTM":504,"HEIGHT":3.94345,"BuildingID":"7cf1a","BuiType":"Individual","StructType":"Permanent","NameOwnRep":"7cf1a","Contact":9849251123,"HNoPlotNo":"9-5-115/23/1/146","TPIN":"1070907144","ColnyStrtN":"Padma Nagar colony","SyTsNo":"7/H/14","WardBlockN":"14/H","Use":"Residential","Extent":100,"PlinthArea":450,"Classifica":"Patta","Caste":"OC","FinanDepen":"No","HHSize":3,"NoAdults":3,"NoChild":0,"Govtbenefi":"No","Borewell":"Yes","Courtcase":"No","NameStruct":"Kouri Mohan Reddy","ReliType":null,"Remarks":"Nil","CommStatus":null,"Trees":"No","location":null,"Occupation":"Buisness","SkilledOcc":null,"Craftsmen":null,"ReliStruct":null,"Cremetoriu":null,"Email":null,"Date":"1899-12-30T00:00:00","Time":null,"SurvyeorNa":null,"Survey_Dat":null,"Survey_Loc":null,"UUID":null,"email_id":"RiverBasin","Mandals":"Golconda","Zone":"Buffer","Income":"BPL","AreaSqm":8.2352,"Areatext":"82.3523863949257","Duplicate":"0","Dist":"Hyderabad","PCs":"Hyderabad","Assembly_C":"Karwan","Affeceted_":"1899-12-30T00:00:00","S_Number":0,"S_Fall":"Roads","Zone_1":"Z1B N","Affected_S":"Buffer","Area_SQF":886.430164126,"Zonewise":"Z1B","no_of_Floo":1,"gis_geometry_geojson":"{\"type\":\"Polygon\",\"coordinates\":[[[78.3932312,17.3718224],[78.393329,17.3718202],[78.3933278,17.3717741],[78.3933329,17.3717739],[78.3933322,17.3717513],[78.3932296,17.3717519],[78.3932312,17.3718224]]]}"}},{"type":"Feature","id":"AS589-260","geometry":{"type":"Polygon","coordinates":[[[78.3932323,17.3718729],[78.3932312,17.3718224],[78.393127,17.3718245],[78.3931287,17.3718852],[78.3931988,17.3718838],[78.3931987,17.3718794],[78.393225,17.3718788],[78.3932248,17.3718731],[78.3932323,17.3718729]]]},"properties":{"household_id":"AS589-260","OBJECTID":418,"fid_1":333,"Area":776.602651107,"DSM":507.60892,"DTM":505,"HEIGHT":2.60892,"BuildingID":"ed57a","BuiType":"Individual","StructType":"Permanent","NameOwnRep":"ed57a","Contact":0,"HNoPlotNo":null,"TPIN":null,"ColnyStrtN":"Padma Nagar Colony","SyTsNo":"7","WardBlockN":"14/H","Use":"Residential","Extent":100,"PlinthArea":0,"Classifica":"Patta","Caste":null,"FinanDepen":null,"HHSize":0,"NoAdults":0,"NoChild":0,"Govtbenefi":null,"Borewell":"No","Courtcase":"No","NameStruct":null,"ReliType":null,"Remarks":null,"CommStatus":null,"Trees":"No","location":null,"Occupation":null,"SkilledOcc":null,"Craftsmen":null,"ReliStruct":null,"Cremetoriu":null,"Email":null,"Date":"1899-12-30T00:00:00","Time":null,"SurvyeorNa":null,"Survey_Dat":null,"Survey_Loc":null,"UUID":null,"email_id":null,"Mandals":"Golconda","Zone":"Buffer","Income":"BPL","AreaSqm":7.2149,"Areatext":"72.1490357567922","Duplicate":"0","Dist":"Hyderabad","PCs":"Hyderabad","Assembly_C":"Karwan","Affeceted_":"1899-12-30T00:00:00","S_Number":0,"S_Fall":"Roads","Zone_1":"Z1B N","Affected_S":"Buffer","Area_SQF":776.602651107,"Zonewise":"Z1B","no_of_Floo":1,"gis_geometry_geojson":"{\"type\":\"Polygon\",\"coordinates\":[[[78.3932323,17.3718729],[78.3932312,17.3718224],[78.393127,17.3718245],[78.3931287,17.3718852],[78.3931988,17.3718838],[78.3931987,17.3718794],[78.393225,17.3718788],[78.3932248,17.3718731],[78.3932323,17.3718729]]]}"}},{"type":"Feature","id":"AS589-261","geometry":{"type":"Polygon","coordinates":[[[78.3933004,17.3718907],[78.3933001,17.3718822],[78.3933159,17.3718818],[78.3933147,17.3718399],[78.3933356,17.3718393],[78.3933351,17.3718205],[78.3933139,17.371821],[78.393314,17.3718273],[78.3932689,17.3718285],[78.3932687,17.3718217],[78.3932312,17.3718224],[78.3932327,17.3718917],[78.3933004,17.3718907]]]},"properties":{"household_id":"AS589-261","OBJECTID":419,"fid_1":334,"Area":727.247027625,"DSM":507.88626,"DTM":505,"HEIGHT":2.88626,"BuildingID":"a6b9f","BuiType":"Individual","StructType":"Permanent","NameOwnRep":"a6b9f","Contact":9866596596,"HNoPlotNo":"9-5-115/23/1/145","TPIN":"102763238","ColnyStrtN":"Padma Nagar colony","SyTsNo":"7/H/14","WardBlockN":"14/H","Use":"Residential","Extent":100,"PlinthArea":450,"Classifica":"Patta","Caste":"BC","FinanDepen":"Yes","HHSize":12,"NoAdults":8,"NoChild":4,"Govtbenefi":"No","Borewell":"No","Courtcase":"No","NameStruct":"K Narasimha chary","ReliType":null,"Remarks":"Nil","CommStatus":null,"Trees":"No","location":null,"Occupation":"Skilled Worker","SkilledOcc":null,"Craftsmen":null,"ReliStruct":null,"Cremetoriu":null,"Email":null,"Date":"1899-12-30T00:00:00","Time":null,"SurvyeorNa":null,"Survey_Dat":null,"Survey_Loc":null,"UUID":null,"email_id":null,"Mandals":"Golconda","Zone":"Buffer","Income":"BPL","AreaSqm":6.7563,"Areatext":"67.5637299513079","Duplicate":"0","Dist":"Hyderabad","PCs":"Hyderabad","Assembly_C":"Karwan","Affeceted_":"1899-12-30T00:00:00","S_Number":0,"S_Fall":"Roads","Zone_1":"Z1B N","Affected_S":"Buffer","Area_SQF":727.247027625,"Zonewise":"Z1B","no_of_Floo":1,"gis_geometry_geojson":"{\"type\":\"Polygon\",\"coordinates\":[[[78.3933004,17.3718907],[78.3933001,17.3718822],[78.3933159,17.3718818],[78.3933147,17.3718399],[78.3933356,17.3718393],[78.3933351,17.3718205],[78.3933139,17.371821],[78.393314,17.3718273],[78.3932689,17.3718285],[78.3932687,17.3718217],[78.3932312,17.3718224],[78.3932327,17.3718917],[78.3933004,17.3718907]]]}"}},{"type":"Feature","id":"AS589-262","geometry":{"type":"Polygon","coordinates":[[[78.3934727,17.3717523],[78.3933837,17.3717509],[78.3933831,17.3718163],[78.3934918,17.3718173],[78.3934922,17.3717837],[78.3934724,17.3717835],[78.3934727,17.3717523]]]},"properties":{"household_id":"AS589-262","OBJECTID":424,"fid_1":339,"Area":818.498823463,"DSM":511.63306,"DTM":504,"HEIGHT":7.63306,"BuildingID":"d8e1b","BuiType":"Individual","StructType":"Permanent","NameOwnRep":"d8e1b","Contact":9666604930,"HNoPlotNo":"9-5-115/23/1/150","TPIN":"322601049","ColnyStrtN":"Padma Nagar colony","SyTsNo":"7","WardBlockN":"14/H","Use":"Residential","Extent":100,"PlinthArea":900,"Classifica":"Patta","Caste":"BC","FinanDepen":"No","HHSize":4,"NoAdults":2,"NoChild":2,"Govtbenefi":"No","Borewell":"Yes","Courtcase":"No","NameStruct":"B anjaneyulu","ReliType":null,"Remarks":null,"CommStatus":null,"Trees":"No","location":null,"Occupation":"UnSkilled Worker","SkilledOcc":null,"Craftsmen":null,"ReliStruct":null,"Cremetoriu":null,"Email":null,"Date":"1899-12-30T00:00:00","Time":null,"SurvyeorNa":null,"Survey_Dat":null,"Survey_Loc":null,"UUID":null,"email_id":"RiverBasin","Mandals":"Golconda","Zone":"Buffer","Income":"BPL","AreaSqm":7.6041,"Areatext":"76.04133310234","Duplicate":"0","Dist":"Hyderabad","PCs":"Hyderabad","Assembly_C":"Karwan","Affeceted_":"1899-12-30T00:00:00","S_Number":0,"S_Fall":"Roads","Zone_1":"Z1B N","Affected_S":"Buffer","Area_SQF":2455.49647039,"Zonewise":"Z1B","no_of_Floo":3,"gis_geometry_geojson":"{\"type\":\"Polygon\",\"coordinates\":[[[78.3934727,17.3717523],[78.3933837,17.3717509],[78.3933831,17.3718163],[78.3934918,17.3718173],[78.3934922,17.3717837],[78.3934724,17.3717835],[78.3934727,17.3717523]]]}"}},{"type":"Feature","id":"AS589-263","geometry":{"type":"Polygon","coordinates":[[[78.3935356,17.3717856],[78.3935356,17.3717797],[78.3935794,17.3717779],[78.3935791,17.3717705],[78.3935927,17.37177],[78.393592,17.3717482],[78.3934943,17.3717517],[78.393495,17.3717864],[78.3935356,17.3717856]]]},"properties":{"household_id":"AS589-263","OBJECTID":428,"fid_1":343,"Area":380.564745925,"DSM":506.88013,"DTM":505,"HEIGHT":1.88013,"BuildingID":"f3538","BuiType":"Individual","StructType":"Permanent","NameOwnRep":"f3538","Contact":8247530208,"HNoPlotNo":"9-5-115/23/1/1/163","TPIN":"112056189","ColnyStrtN":"Padmanagar","SyTsNo":"07","WardBlockN":"14/H","Use":"Residential","Extent":100,"PlinthArea":500,"Classifica":"Patta","Caste":"SC","FinanDepen":"No","HHSize":7,"NoAdults":3,"NoChild":4,"Govtbenefi":"No","Borewell":"No","Courtcase":"No","NameStruct":"Nil","ReliType":null,"Remarks":null,"CommStatus":null,"Trees":"No","location":null,"Occupation":"UnSkilled Worker","SkilledOcc":null,"Craftsmen":null,"ReliStruct":null,"Cremetoriu":null,"Email":null,"Date":"1899-12-30T00:00:00","Time":null,"SurvyeorNa":null,"Survey_Dat":null,"Survey_Loc":null,"UUID":null,"email_id":"RiverBasin","Mandals":"Golconda","Zone":"Buffer","Income":"BPL","AreaSqm":3.5355,"Areatext":"35.3557632399404","Duplicate":"0","Dist":"Hyderabad","PCs":"Hyderabad","Assembly_C":"Karwan","Affeceted_":"1899-12-30T00:00:00","S_Number":0,"S_Fall":"Roads","Zone_1":"Z1B N","Affected_S":"Buffer","Area_SQF":380.564745925,"Zonewise":"Z1B","no_of_Floo":1,"gis_geometry_geojson":"{\"type\":\"Polygon\",\"coordinates\":[[[78.3935356,17.3717856],[78.3935356,17.3717797],[78.3935794,17.3717779],[78.3935791,17.3717705],[78.3935927,17.37177],[78.393592,17.3717482],[78.3934943,17.3717517],[78.393495,17.3717864],[78.3935356,17.3717856]]]}"}},{"type":"Feature","id":"AS589-264","geometry":{"type":"Polygon","coordinates":[[[78.3934957,17.3718211],[78.3936,17.3718185],[78.3935998,17.3718078],[78.3935887,17.371808],[78.3935882,17.3717846],[78.393495,17.3717864],[78.3934957,17.3718211]]]},"properties":{"household_id":"AS589-264","OBJECTID":429,"fid_1":344,"Area":421.877625602,"DSM":506.62292,"DTM":505,"HEIGHT":1.62292,"BuildingID":"0365c","BuiType":"Individual","StructType":"Permanent","NameOwnRep":"0365c","Contact":9951607048,"HNoPlotNo":"9-5-115/23/1/16","TPIN":"111508450","ColnyStrtN":"Padmanagar","SyTsNo":"07","WardBlockN":"14/H","Use":"Residential","Extent":50,"PlinthArea":450,"Classifica":"Patta","Caste":"BC","FinanDepen":"No","HHSize":4,"NoAdults":4,"NoChild":0,"Govtbenefi":"No","Borewell":"No","Courtcase":"No","NameStruct":"Nil","ReliType":null,"Remarks":null,"CommStatus":null,"Trees":"No","location":null,"Occupation":"UnSkilled Worker","SkilledOcc":null,"Craftsmen":null,"ReliStruct":null,"Cremetoriu":null,"Email":null,"Date":"1899-12-30T00:00:00","Time":null,"SurvyeorNa":null,"Survey_Dat":null,"Survey_Loc":null,"UUID":null,"email_id":null,"Mandals":"Golconda","Zone":"Buffer","Income":"BPL","AreaSqm":3.9193,"Areatext":"39.1938707040933","Duplicate":"0","Dist":"Hyderabad","PCs":"Hyderabad","Assembly_C":"Karwan","Affeceted_":"1899-12-30T00:00:00","S_Number":0,"S_Fall":"Roads","Zone_1":"Z1B N","Affected_S":"Buffer","Area_SQF":421.877625602,"Zonewise":"Z1B","no_of_Floo":1,"gis_geometry_geojson":"{\"type\":\"Polygon\",\"coordinates\":[[[78.3934957,17.3718211],[78.3936,17.3718185],[78.3935998,17.3718078],[78.3935887,17.371808],[78.3935882,17.3717846],[78.393495,17.3717864],[78.3934957,17.3718211]]]}"}},{"type":"Feature","id":"AS589-265","geometry":{"type":"Polygon","coordinates":[[[78.3936003,17.3718535],[78.3936,17.3718397],[78.3935804,17.3718401],[78.39358,17.3718189],[78.3934957,17.3718211],[78.3934964,17.3718568],[78.3936003,17.3718535]]]},"properties":{"household_id":"AS589-265","OBJECTID":430,"fid_1":345,"Area":413.824734941,"DSM":510.96674,"DTM":505,"HEIGHT":5.96674,"BuildingID":"93633","BuiType":"Individual","StructType":"Permanent","NameOwnRep":"93633","Contact":9030822080,"HNoPlotNo":"9-5-115/23/1/162/1","TPIN":"112368756","ColnyStrtN":"Padmanagar","SyTsNo":"07","WardBlockN":"14/H","Use":"Residential","Extent":50,"PlinthArea":450,"Classifica":"Patta","Caste":"BC","FinanDepen":"No","HHSize":3,"NoAdults":2,"NoChild":1,"Govtbenefi":"No","Borewell":"Yes","Courtcase":"No","NameStruct":"Bishohari bhaban","ReliType":null,"Remarks":null,"CommStatus":null,"Trees":"No","location":null,"Occupation":"UnSkilled Worker","SkilledOcc":null,"Craftsmen":null,"ReliStruct":null,"Cremetoriu":null,"Email":null,"Date":"1899-12-30T00:00:00","Time":null,"SurvyeorNa":null,"Survey_Dat":null,"Survey_Loc":null,"UUID":null,"email_id":null,"Mandals":"Golconda","Zone":"Buffer","Income":"BPL","AreaSqm":3.8445,"Areatext":"38.4457296869961","Duplicate":"0","Dist":"Hyderabad","PCs":"Hyderabad","Assembly_C":"Karwan","Affeceted_":"1899-12-30T00:00:00","S_Number":0,"S_Fall":"Roads","Zone_1":"Z1B N","Affected_S":"Buffer","Area_SQF":827.649469882,"Zonewise":"Z1B","no_of_Floo":2,"gis_geometry_geojson":"{\"type\":\"Polygon\",\"coordinates\":[[[78.3936003,17.3718535],[78.3936,17.3718397],[78.3935804,17.3718401],[78.39358,17.3718189],[78.3934957,17.3718211],[78.3934964,17.3718568],[78.3936003,17.3718535]]]}"}},{"type":"Feature","id":"AS589-266","geometry":{"type":"Polygon","coordinates":[[[78.393497,17.3718889],[78.3936009,17.3718863],[78.3936003,17.3718535],[78.3934964,17.3718568],[78.393497,17.3718889]]]},"properties":{"household_id":"AS589-266","OBJECTID":431,"fid_1":346,"Area":426.631473346,"DSM":513.94049,"DTM":505,"HEIGHT":8.94049,"BuildingID":"c6f0c","BuiType":"Individual","StructType":"Permanent","NameOwnRep":"c6f0c","Contact":9704874741,"HNoPlotNo":"9-5-115/23/1/162","TPIN":"109899374","ColnyStrtN":"Padmanagar","SyTsNo":"07","WardBlockN":"14/H","Use":"Residential","Extent":50,"PlinthArea":450,"Classifica":"Patta","Caste":"BC","FinanDepen":"No","HHSize":4,"NoAdults":4,"NoChild":0,"Govtbenefi":"No","Borewell":"No","Courtcase":"No","NameStruct":"Nil","ReliType":null,"Remarks":null,"CommStatus":null,"Trees":"No","location":null,"Occupation":"Others","SkilledOcc":null,"Craftsmen":null,"ReliStruct":null,"Cremetoriu":null,"Email":null,"Date":"1899-12-30T00:00:00","Time":null,"SurvyeorNa":null,"Survey_Dat":null,"Survey_Loc":null,"UUID":null,"email_id":null,"Mandals":"Golconda","Zone":"Buffer","Income":"BPL","AreaSqm":3.9635,"Areatext":"39.6355193693671","Duplicate":"0","Dist":"Hyderabad","PCs":"Hyderabad","Assembly_C":"Karwan","Affeceted_":"1899-12-30T00:00:00","S_Number":0,"S_Fall":"Roads","Zone_1":"Z1B N","Affected_S":"Buffer","Area_SQF":1279.89442004,"Zonewise":"Z1B","no_of_Floo":3,"gis_geometry_geojson":"{\"type\":\"Polygon\",\"coordinates\":[[[78.393497,17.3718889],[78.3936009,17.3718863],[78.3936003,17.3718535],[78.3934964,17.3718568],[78.393497,17.3718889]]]}"}},{"type":"Feature","id":"AS589-267","geometry":{"type":"Polygon","coordinates":[[[78.3945751,17.372017],[78.394557,17.3718804],[78.3945003,17.3718881],[78.3945186,17.372024],[78.3945751,17.372017]]]},"properties":{"household_id":"AS589-267","OBJECTID":443,"fid_1":358,"Area":993.029771667,"DSM":509.62296,"DTM":503,"HEIGHT":6.62296,"BuildingID":"3a35f","BuiType":"Individual","StructType":"Permanent","NameOwnRep":"3a35f","Contact":8309362914,"HNoPlotNo":"9-5-115/23/2/53","TPIN":"113544634","ColnyStrtN":"Ramdevguda","SyTsNo":"9/H/14","WardBlockN":"14/H","Use":"Residential","Extent":100,"PlinthArea":1000,"Classifica":"Patta","Caste":"BC","FinanDepen":"Yes","HHSize":3,"NoAdults":2,"NoChild":1,"Govtbenefi":"No","Borewell":"Yes","Courtcase":"No","NameStruct":"Marathi Meena","ReliType":null,"Remarks":"Nil","CommStatus":null,"Trees":"No","location":null,"Occupation":"Buisness","SkilledOcc":null,"Craftsmen":null,"ReliStruct":null,"Cremetoriu":null,"Email":null,"Date":"1899-12-30T00:00:00","Time":null,"SurvyeorNa":null,"Survey_Dat":null,"Survey_Loc":null,"UUID":null,"email_id":null,"Mandals":"Golconda","Zone":"Buffer","Income":"BPL","AreaSqm":9.2255,"Areatext":"92.2558536200168","Duplicate":"0","Dist":"Hyderabad","PCs":"Hyderabad","Assembly_C":"Karwan","Affeceted_":"1899-12-30T00:00:00","S_Number":0,"S_Fall":"Roads","Zone_1":"Z1B N","Affected_S":"Buffer","Area_SQF":1986.05954333,"Zonewise":"Z1B","no_of_Floo":2,"gis_geometry_geojson":"{\"type\":\"Polygon\",\"coordinates\":[[[78.3945751,17.372017],[78.394557,17.3718804],[78.3945003,17.3718881],[78.3945186,17.372024],[78.3945751,17.372017]]]}"}},{"type":"Feature","id":"AS589-268","geometry":{"type":"Polygon","coordinates":[[[78.394557,17.3718804],[78.3945717,17.3719916],[78.3946032,17.3719877],[78.3946103,17.3720058],[78.3946319,17.3720032],[78.3946143,17.3718726],[78.394557,17.3718804]]]},"properties":{"household_id":"AS589-268","OBJECTID":444,"fid_1":359,"Area":883.606589018,"DSM":509.58505,"DTM":502,"HEIGHT":7.58505,"BuildingID":"d21c9","BuiType":"Individual","StructType":"Permanent","NameOwnRep":"d21c9","Contact":9393644847,"HNoPlotNo":"9-5-115/23/2/50","TPIN":"113542879","ColnyStrtN":"Ramdevguda","SyTsNo":"9/H/14","WardBlockN":"14/H","Use":"Residential","Extent":100,"PlinthArea":1800,"Classifica":"Patta","Caste":"BC","FinanDepen":"No","HHSize":5,"NoAdults":4,"NoChild":1,"Govtbenefi":"No","Borewell":"Yes","Courtcase":"No","NameStruct":"Hc Shashikanth","ReliType":null,"Remarks":null,"CommStatus":null,"Trees":"No","location":null,"Occupation":"Others","SkilledOcc":null,"Craftsmen":null,"ReliStruct":null,"Cremetoriu":null,"Email":null,"Date":"1899-12-30T00:00:00","Time":null,"SurvyeorNa":null,"Survey_Dat":null,"Survey_Loc":null,"UUID":null,"email_id":"RiverBasin","Mandals":"Golconda","Zone":"Buffer","Income":"BPL","AreaSqm":8.209,"Areatext":"82.090066642358","Duplicate":"0","Dist":"Hyderabad","PCs":"Hyderabad","Assembly_C":"Karwan","Affeceted_":"1899-12-30T00:00:00","S_Number":0,"S_Fall":"Roads","Zone_1":"Z1B N","Affected_S":"Buffer","Area_SQF":2650.81976705,"Zonewise":"Z1B","no_of_Floo":3,"gis_geometry_geojson":"{\"type\":\"Polygon\",\"coordinates\":[[[78.394557,17.3718804],[78.3945717,17.3719916],[78.3946032,17.3719877],[78.3946103,17.3720058],[78.3946319,17.3720032],[78.3946143,17.3718726],[78.394557,17.3718804]]]}"}},{"type":"Feature","id":"AS589-269","geometry":{"type":"Polygon","coordinates":[[[78.3943396,17.3719754],[78.3943969,17.3719678],[78.3943919,17.371932],[78.3943835,17.3719331],[78.3943804,17.3719114],[78.3943876,17.3719104],[78.3943863,17.3719008],[78.394331,17.3719068],[78.3943396,17.3719754]]]},"properties":{"household_id":"AS589-269","OBJECTID":445,"fid_1":360,"Area":472.956308509,"DSM":512.83337,"DTM":503,"HEIGHT":9.83337,"BuildingID":"264f6","BuiType":"Individual","StructType":"Permanent","NameOwnRep":"264f6","Contact":8555857877,"HNoPlotNo":"9-5-113/1/54","TPIN":"322601292","ColnyStrtN":"Ramdev guda","SyTsNo":"9","WardBlockN":"14/H","Use":"Residential","Extent":100,"PlinthArea":900,"Classifica":"Patta","Caste":"OC","FinanDepen":"No","HHSize":4,"NoAdults":2,"NoChild":2,"Govtbenefi":"No","Borewell":"Yes","Courtcase":"No","NameStruct":"Nandu Devi Jat","ReliType":null,"Remarks":null,"CommStatus":null,"Trees":"No","location":null,"Occupation":"Buisness","SkilledOcc":null,"Craftsmen":null,"ReliStruct":null,"Cremetoriu":null,"Email":null,"Date":"1899-12-30T00:00:00","Time":null,"SurvyeorNa":null,"Survey_Dat":null,"Survey_Loc":null,"UUID":null,"email_id":null,"Mandals":"Golconda","Zone":"Buffer","Income":"BPL","AreaSqm":4.3939,"Areatext":"43.9392546057234","Duplicate":"0","Dist":"Hyderabad","PCs":"Hyderabad","Assembly_C":"Karwan","Affeceted_":"1899-12-30T00:00:00","S_Number":0,"S_Fall":"Roads","Zone_1":"Z1B N","Affected_S":"Buffer","Area_SQF":1418.86892553,"Zonewise":"Z1B","no_of_Floo":3,"gis_geometry_geojson":"{\"type\":\"Polygon\",\"coordinates\":[[[78.3943396,17.3719754],[78.3943969,17.3719678],[78.3943919,17.371932],[78.3943835,17.3719331],[78.3943804,17.3719114],[78.3943876,17.3719104],[78.3943863,17.3719008],[78.394331,17.3719068],[78.3943396,17.3719754]]]}"}},{"type":"Feature","id":"AS589-270","geometry":{"type":"Polygon","coordinates":[[[78.3949423,17.3719674],[78.3949335,17.3719681],[78.3949327,17.3719592],[78.3949234,17.37196],[78.3949209,17.3719343],[78.3948796,17.3719397],[78.394881,17.3719491],[78.3948885,17.3719485],[78.3948934,17.3719883],[78.3949441,17.3719822],[78.3949423,17.3719674]]]},"properties":{"household_id":"AS589-270","OBJECTID":452,"fid_1":367,"Area":266.407203106,"DSM":508.99268,"DTM":501,"HEIGHT":7.99268,"BuildingID":"b8b93","BuiType":"Individual","StructType":"Permanent","NameOwnRep":"b8b93","Contact":9866277460,"HNoPlotNo":"9-5-115","TPIN":"322600443","ColnyStrtN":"Ramdev guda","SyTsNo":"34","WardBlockN":"14/I","Use":"Residential","Extent":30,"PlinthArea":280,"Classifica":"Other","Caste":"OC","FinanDepen":"Yes","HHSize":4,"NoAdults":3,"NoChild":1,"Govtbenefi":"No","Borewell":"No","Courtcase":"No","NameStruct":"Gouri Bai","ReliType":null,"Remarks":"GVM(municipal)","CommStatus":null,"Trees":"No","location":null,"Occupation":"UnSkilled Worker","SkilledOcc":null,"Craftsmen":null,"ReliStruct":null,"Cremetoriu":null,"Email":null,"Date":"1899-12-30T00:00:00","Time":null,"SurvyeorNa":null,"Survey_Dat":null,"Survey_Loc":null,"UUID":null,"email_id":null,"Mandals":"Golconda","Zone":"Buffer","Income":"BPL","AreaSqm":2.475,"Areatext":"24.7501380467439","Duplicate":"0","Dist":"Hyderabad","PCs":"Hyderabad","Assembly_C":"Karwan","Affeceted_":"1899-12-30T00:00:00","S_Number":0,"S_Fall":"Roads","Zone_1":"Z1B N","Affected_S":"Buffer","Area_SQF":799.221609318,"Zonewise":"Z1B","no_of_Floo":3,"gis_geometry_geojson":"{\"type\":\"Polygon\",\"coordinates\":[[[78.3949423,17.3719674],[78.3949335,17.3719681],[78.3949327,17.3719592],[78.3949234,17.37196],[78.3949209,17.3719343],[78.3948796,17.3719397],[78.394881,17.3719491],[78.3948885,17.3719485],[78.3948934,17.3719883],[78.3949441,17.3719822],[78.3949423,17.3719674]]]}"}},{"type":"Feature","id":"AS589-271","geometry":{"type":"Polygon","coordinates":[[[78.395026,17.3719711],[78.3950187,17.3719215],[78.3949381,17.3719321],[78.3949441,17.3719822],[78.395026,17.3719711]]]},"properties":{"household_id":"AS589-271","OBJECTID":453,"fid_1":368,"Area":523.024400303,"DSM":508.9357,"DTM":501,"HEIGHT":7.9357,"BuildingID":"666c0","BuiType":"Individual","StructType":"Permanent","NameOwnRep":"666c0","Contact":8317626288,"HNoPlotNo":"9-5-127/2/A","TPIN":"107677671","ColnyStrtN":"Ramdevguda","SyTsNo":"4/L/14","WardBlockN":"14/L","Use":"Residential","Extent":50,"PlinthArea":450,"Classifica":"Other","Caste":"BC","FinanDepen":"Yes","HHSize":7,"NoAdults":5,"NoChild":2,"Govtbenefi":"No","Borewell":"No","Courtcase":"No","NameStruct":"G Mangamma G Mogulaiah","ReliType":null,"Remarks":"Nil","CommStatus":null,"Trees":"No","location":null,"Occupation":"Skilled Worker","SkilledOcc":null,"Craftsmen":null,"ReliStruct":null,"Cremetoriu":null,"Email":null,"Date":"1899-12-30T00:00:00","Time":null,"SurvyeorNa":null,"Survey_Dat":null,"Survey_Loc":null,"UUID":null,"email_id":null,"Mandals":"Golconda","Zone":"Buffer","Income":"BPL","AreaSqm":4.859,"Areatext":"48.5907511450803","Duplicate":"0","Dist":"Hyderabad","PCs":"Hyderabad","Assembly_C":"Karwan","Affeceted_":"1899-12-30T00:00:00","S_Number":0,"S_Fall":"Roads","Zone_1":"Z1B N","Affected_S":"Buffer","Area_SQF":1569.07320091,"Zonewise":"Z1B","no_of_Floo":3,"gis_geometry_geojson":"{\"type\":\"Polygon\",\"coordinates\":[[[78.395026,17.3719711],[78.3950187,17.3719215],[78.3949381,17.3719321],[78.3949441,17.3719822],[78.395026,17.3719711]]]}"}},{"type":"Feature","id":"AS589-272","geometry":{"type":"Polygon","coordinates":[[[78.3948988,17.3720313],[78.3948885,17.3719485],[78.3948497,17.3719532],[78.3948615,17.3720362],[78.3948988,17.3720313]]]},"properties":{"household_id":"AS589-272","OBJECTID":454,"fid_1":369,"Area":407.282261612,"DSM":504.41745,"DTM":500,"HEIGHT":4.41745,"BuildingID":"40a44","BuiType":"Individual","StructType":"Permanent","NameOwnRep":"40a44","Contact":9705999044,"HNoPlotNo":"9-5-130/13","TPIN":"113584396","ColnyStrtN":"Padmanagar","SyTsNo":"34","WardBlockN":"14/I","Use":"Residential","Extent":50,"PlinthArea":450,"Classifica":"Other","Caste":"BC","FinanDepen":"No","HHSize":2,"NoAdults":2,"NoChild":0,"Govtbenefi":"No","Borewell":"No","Courtcase":"No","NameStruct":"Nil","ReliType":null,"Remarks":"GVM(Municipal)","CommStatus":null,"Trees":"No","location":null,"Occupation":"Others","SkilledOcc":null,"Craftsmen":null,"ReliStruct":null,"Cremetoriu":null,"Email":null,"Date":"1899-12-30T00:00:00","Time":null,"SurvyeorNa":null,"Survey_Dat":null,"Survey_Loc":null,"UUID":null,"email_id":null,"Mandals":"Golconda","Zone":"Buffer","Income":"BPL","AreaSqm":3.7837,"Areatext":"37.8379115925816","Duplicate":"0","Dist":"Hyderabad","PCs":"Hyderabad","Assembly_C":"Karwan","Affeceted_":"1899-12-30T00:00:00","S_Number":0,"S_Fall":"Roads","Zone_1":"Z1B N","Affected_S":"Buffer","Area_SQF":407.282261612,"Zonewise":"Z1B","no_of_Floo":1,"gis_geometry_geojson":"{\"type\":\"Polygon\",\"coordinates\":[[[78.3948988,17.3720313],[78.3948885,17.3719485],[78.3948497,17.3719532],[78.3948615,17.3720362],[78.3948988,17.3720313]]]}"}},{"type":"Feature","id":"AS589-273","geometry":{"type":"Polygon","coordinates":[[[78.3952998,17.3719342],[78.3952964,17.3718959],[78.3952115,17.3719089],[78.3952154,17.3719446],[78.3952998,17.3719342]]]},"properties":{"household_id":"AS589-273","OBJECTID":456,"fid_1":371,"Area":402.994323677,"DSM":505.9603,"DTM":502,"HEIGHT":3.9603,"BuildingID":"47da3","BuiType":"Individual","StructType":"Permanent","NameOwnRep":"47da3","Contact":9000232584,"HNoPlotNo":"9-5-126/9","TPIN":"322600271","ColnyStrtN":"Ramdev guda","SyTsNo":"4/4","WardBlockN":"14/H","Use":"Residential","Extent":180,"PlinthArea":1600,"Classifica":"Govt","Caste":"SC","FinanDepen":null,"HHSize":6,"NoAdults":2,"NoChild":4,"Govtbenefi":"No","Borewell":"Yes","Courtcase":"No","NameStruct":"Munalal","ReliType":null,"Remarks":"Milatory Land","CommStatus":null,"Trees":"No","location":null,"Occupation":"UnSkilled Worker","SkilledOcc":null,"Craftsmen":null,"ReliStruct":null,"Cremetoriu":null,"Email":null,"Date":"1899-12-30T00:00:00","Time":null,"SurvyeorNa":null,"Survey_Dat":null,"Survey_Loc":null,"UUID":null,"email_id":null,"Mandals":"Golconda","Zone":"Buffer","Income":"BPL","AreaSqm":3.7439,"Areatext":"37.4395475284789","Duplicate":"0","Dist":"Hyderabad","PCs":"Hyderabad","Assembly_C":"Karwan","Affeceted_":"1899-12-30T00:00:00","S_Number":0,"S_Fall":"Roads","Zone_1":"Z1B N","Affected_S":"Buffer","Area_SQF":402.994323677,"Zonewise":"Z1B","no_of_Floo":1,"gis_geometry_geojson":"{\"type\":\"Polygon\",\"coordinates\":[[[78.3952998,17.3719342],[78.3952964,17.3718959],[78.3952115,17.3719089],[78.3952154,17.3719446],[78.3952998,17.3719342]]]}"}},{"type":"Feature","id":"AS589-274","geometry":{"type":"Polygon","coordinates":[[[78.3950978,17.3719559],[78.3950941,17.3719236],[78.3950599,17.3719272],[78.3950636,17.3719605],[78.3950978,17.3719559]]]},"properties":{"household_id":"AS589-274","OBJECTID":457,"fid_1":372,"Area":143.993000987,"DSM":505.71161,"DTM":502,"HEIGHT":3.71161,"BuildingID":"4d35a","BuiType":"Individual","StructType":"Permanent","NameOwnRep":"4d35a","Contact":8977316182,"HNoPlotNo":"9-5-11","TPIN":"102763284","ColnyStrtN":"Ramdevguda","SyTsNo":"TS NO 4/4, Block L Ward 14","WardBlockN":"14/L","Use":"Residential","Extent":50,"PlinthArea":0,"Classifica":"Other","Caste":"SC","FinanDepen":"Yes","HHSize":10,"NoAdults":5,"NoChild":5,"Govtbenefi":"No","Borewell":"Yes","Courtcase":"No","NameStruct":"D Laxmi","ReliType":null,"Remarks":"Nil","CommStatus":null,"Trees":"No","location":null,"Occupation":"Skilled Worker","SkilledOcc":null,"Craftsmen":null,"ReliStruct":null,"Cremetoriu":null,"Email":null,"Date":"1899-12-30T00:00:00","Time":null,"SurvyeorNa":null,"Survey_Dat":null,"Survey_Loc":null,"UUID":null,"email_id":null,"Mandals":"Golconda","Zone":"Buffer","Income":"BPL","AreaSqm":1.3377,"Areatext":"13.3774410383327","Duplicate":"0","Dist":"Hyderabad","PCs":"Hyderabad","Assembly_C":"Karwan","Affeceted_":"1899-12-30T00:00:00","S_Number":0,"S_Fall":"Roads","Zone_1":"Z1B N","Affected_S":"Buffer","Area_SQF":143.993000987,"Zonewise":"Z1B","no_of_Floo":1,"gis_geometry_geojson":"{\"type\":\"Polygon\",\"coordinates\":[[[78.3950978,17.3719559],[78.3950941,17.3719236],[78.3950599,17.3719272],[78.3950636,17.3719605],[78.3950978,17.3719559]]]}"}},{"type":"Feature","id":"AS589-275","geometry":{"type":"Polygon","coordinates":[[[78.395183,17.3719433],[78.3952149,17.3719404],[78.3952115,17.3719089],[78.3951781,17.3719146],[78.395183,17.3719433]]]},"properties":{"household_id":"AS589-275","OBJECTID":466,"fid_1":381,"Area":130.993915833,"DSM":505.07639,"DTM":502,"HEIGHT":3.07639,"BuildingID":"49563","BuiType":null,"StructType":"Permanent","NameOwnRep":"49563","Contact":0,"HNoPlotNo":null,"TPIN":null,"ColnyStrtN":"Padma Nagar Colony","SyTsNo":"4","WardBlockN":"14/L","Use":"Religions","Extent":12,"PlinthArea":0,"Classifica":"Govt","Caste":null,"FinanDepen":null,"HHSize":0,"NoAdults":0,"NoChild":0,"Govtbenefi":null,"Borewell":"No","Courtcase":"No","NameStruct":null,"ReliType":"Hindu","Remarks":"Hanuman Temple-Military land","CommStatus":null,"Trees":"No","location":null,"Occupation":null,"SkilledOcc":null,"Craftsmen":null,"ReliStruct":"Religious","Cremetoriu":null,"Email":null,"Date":"1899-12-30T00:00:00","Time":null,"SurvyeorNa":null,"Survey_Dat":null,"Survey_Loc":null,"UUID":null,"email_id":null,"Mandals":"Golconda","Zone":"Buffer","Income":"BPL","AreaSqm":1.2169,"Areatext":"12.1697816780538","Duplicate":"0","Dist":"Hyderabad","PCs":"Hyderabad","Assembly_C":"Karwan","Affeceted_":"1899-12-30T00:00:00","S_Number":0,"S_Fall":"Roads","Zone_1":"Z1B N","Affected_S":"Buffer","Area_SQF":130.993915833,"Zonewise":"Z1B","no_of_Floo":1,"gis_geometry_geojson":"{\"type\":\"Polygon\",\"coordinates\":[[[78.395183,17.3719433],[78.3952149,17.3719404],[78.3952115,17.3719089],[78.3951781,17.3719146],[78.395183,17.3719433]]]}"}},{"type":"Feature","id":"AS589-276","geometry":{"type":"Polygon","coordinates":[[[78.3951808,17.3719435],[78.3951781,17.3719146],[78.3951474,17.3719179],[78.3951508,17.3719466],[78.3951808,17.3719435]]]},"properties":{"household_id":"AS589-276","OBJECTID":467,"fid_1":382,"Area":111.945024415,"DSM":505.65347,"DTM":502,"HEIGHT":3.65347,"BuildingID":"69f92","BuiType":null,"StructType":"Permanent","NameOwnRep":"69f92","Contact":0,"HNoPlotNo":null,"TPIN":null,"ColnyStrtN":null,"SyTsNo":"4","WardBlockN":"14/L","Use":"Residential","Extent":0,"PlinthArea":0,"Classifica":"Other","Caste":null,"FinanDepen":null,"HHSize":0,"NoAdults":0,"NoChild":0,"Govtbenefi":null,"Borewell":"Yes","Courtcase":"No","NameStruct":null,"ReliType":null,"Remarks":"Forms part and parcel of 4d35a may be merged","CommStatus":null,"Trees":"No","location":null,"Occupation":null,"SkilledOcc":null,"Craftsmen":null,"ReliStruct":null,"Cremetoriu":null,"Email":null,"Date":"1899-12-30T00:00:00","Time":null,"SurvyeorNa":null,"Survey_Dat":null,"Survey_Loc":null,"UUID":null,"email_id":null,"Mandals":"Golconda","Zone":"Buffer","Income":"BPL","AreaSqm":1.04,"Areatext":"10.4000746811775","Duplicate":"0","Dist":"Hyderabad","PCs":"Hyderabad","Assembly_C":"Karwan","Affeceted_":"1899-12-30T00:00:00","S_Number":0,"S_Fall":"Roads","Zone_1":"Z1B N","Affected_S":"Buffer","Area_SQF":111.945024415,"Zonewise":"Z1B","no_of_Floo":1,"gis_geometry_geojson":"{\"type\":\"Polygon\",\"coordinates\":[[[78.3951808,17.3719435],[78.3951781,17.3719146],[78.3951474,17.3719179],[78.3951508,17.3719466],[78.3951808,17.3719435]]]}"}},{"type":"Feature","id":"AS589-277","geometry":{"type":"Polygon","coordinates":[[[78.3950632,17.3719575],[78.3950599,17.3719272],[78.3950313,17.3719304],[78.3950351,17.3719608],[78.3950632,17.3719575]]]},"properties":{"household_id":"AS589-277","OBJECTID":471,"fid_1":386,"Area":110.721966672,"DSM":505.35178,"DTM":502,"HEIGHT":3.35178,"BuildingID":"8c557","BuiType":"Individual","StructType":"Permanent","NameOwnRep":"8c557","Contact":0,"HNoPlotNo":"Not available","TPIN":"Not given","ColnyStrtN":"Ramdevguda","SyTsNo":"TS NO 4 /4 BLOCK L Ward 14","WardBlockN":"14/L","Use":"Residential","Extent":50,"PlinthArea":350,"Classifica":"Other","Caste":"OC","FinanDepen":"No","HHSize":0,"NoAdults":0,"NoChild":0,"Govtbenefi":"No","Borewell":"No","Courtcase":"No","NameStruct":"Not available","ReliType":null,"Remarks":"Nil","CommStatus":null,"Trees":"No","location":null,"Occupation":"Others","SkilledOcc":null,"Craftsmen":null,"ReliStruct":null,"Cremetoriu":null,"Email":null,"Date":"1899-12-30T00:00:00","Time":null,"SurvyeorNa":null,"Survey_Dat":null,"Survey_Loc":null,"UUID":null,"email_id":null,"Mandals":"Golconda","Zone":"Buffer","Income":"BPL","AreaSqm":1.0286,"Areatext":"10.2864484446593","Duplicate":"0","Dist":"Hyderabad","PCs":"Hyderabad","Assembly_C":"Karwan","Affeceted_":"1899-12-30T00:00:00","S_Number":0,"S_Fall":"Roads","Zone_1":"Z1B N","Affected_S":"Buffer","Area_SQF":110.721966672,"Zonewise":"Z1B","no_of_Floo":1,"gis_geometry_geojson":"{\"type\":\"Polygon\",\"coordinates\":[[[78.3950632,17.3719575],[78.3950599,17.3719272],[78.3950313,17.3719304],[78.3950351,17.3719608],[78.3950632,17.3719575]]]}"}},{"type":"Feature","id":"AS589-278","geometry":{"type":"Polygon","coordinates":[[[78.3955254,17.3718758],[78.3955349,17.3719837],[78.3955646,17.3719821],[78.3955612,17.3718717],[78.3955254,17.3718758]]]},"properties":{"household_id":"AS589-278","OBJECTID":484,"fid_1":399,"Area":452.542913442,"DSM":505.93378,"DTM":503,"HEIGHT":2.93378,"BuildingID":"6e9c0","BuiType":"Apartment","StructType":"Permanent","NameOwnRep":"6e9c0","Contact":93965731,"HNoPlotNo":"9-5-126/11/1","TPIN":null,"ColnyStrtN":"Ramdevguda","SyTsNo":"TS NO 4/4 BLOCK L WARD 14","WardBlockN":"14/L","Use":"Residential","Extent":50,"PlinthArea":0,"Classifica":"Other","Caste":"SC","FinanDepen":null,"HHSize":0,"NoAdults":0,"NoChild":0,"Govtbenefi":null,"Borewell":"No","Courtcase":"No","NameStruct":"Mukesh Dulgach","ReliType":null,"Remarks":"Nil","CommStatus":null,"Trees":"No","location":null,"Occupation":null,"SkilledOcc":null,"Craftsmen":null,"ReliStruct":null,"Cremetoriu":null,"Email":null,"Date":"1899-12-30T00:00:00","Time":null,"SurvyeorNa":null,"Survey_Dat":null,"Survey_Loc":null,"UUID":null,"email_id":null,"Mandals":"Golconda","Zone":"Buffer","Income":"BPL","AreaSqm":4.2042,"Areatext":"42.0427805596799","Duplicate":"0","Dist":"Hyderabad","PCs":"Hyderabad","Assembly_C":"Karwan","Affeceted_":"1899-12-30T00:00:00","S_Number":0,"S_Fall":"Roads","Zone_1":"Z1B N","Affected_S":"Buffer","Area_SQF":452.542913442,"Zonewise":"Z1B","no_of_Floo":1,"gis_geometry_geojson":"{\"type\":\"Polygon\",\"coordinates\":[[[78.3955254,17.3718758],[78.3955349,17.3719837],[78.3955646,17.3719821],[78.3955612,17.3718717],[78.3955254,17.3718758]]]}"}},{"type":"Feature","id":"AS589-279","geometry":{"type":"Polygon","coordinates":[[[78.3955812,17.3718136],[78.3955565,17.3718169],[78.3955593,17.3718364],[78.395584,17.3718331],[78.3955812,17.3718136]]]},"properties":{"household_id":"AS589-279","OBJECTID":487,"fid_1":402,"Area":62.1879229626,"DSM":505.03613,"DTM":503,"HEIGHT":2.03613,"BuildingID":"de04c","BuiType":null,"StructType":"Permanent","NameOwnRep":"de04c","Contact":0,"HNoPlotNo":null,"TPIN":null,"ColnyStrtN":"Ramdevguda","SyTsNo":"4","WardBlockN":"14/H","Use":"Residential","Extent":0,"PlinthArea":0,"Classifica":"Other","Caste":null,"FinanDepen":null,"HHSize":0,"NoAdults":0,"NoChild":0,"Govtbenefi":null,"Borewell":"No","Courtcase":"No","NameStruct":null,"ReliType":null,"Remarks":"Part of house Id no 5ec01","CommStatus":null,"Trees":"No","location":null,"Occupation":null,"SkilledOcc":null,"Craftsmen":null,"ReliStruct":null,"Cremetoriu":null,"Email":null,"Date":"1899-12-30T00:00:00","Time":null,"SurvyeorNa":null,"Survey_Dat":null,"Survey_Loc":null,"UUID":null,"email_id":"RiverBasin","Mandals":"Golconda","Zone":"Buffer","Income":"BPL","AreaSqm":5.7775,"Areatext":"5.77747020351696","Duplicate":"0","Dist":"Hyderabad","PCs":"Hyderabad","Assembly_C":"Karwan","Affeceted_":"1899-12-30T00:00:00","S_Number":0,"S_Fall":"Roads","Zone_1":"Z1B N","Affected_S":"Buffer","Area_SQF":62.1879229626,"Zonewise":"Z1B","no_of_Floo":1,"gis_geometry_geojson":"{\"type\":\"Polygon\",\"coordinates\":[[[78.3955812,17.3718136],[78.3955565,17.3718169],[78.3955593,17.3718364],[78.395584,17.3718331],[78.3955812,17.3718136]]]}"}},{"type":"Feature","id":"AS589-280","geometry":{"type":"Polygon","coordinates":[[[78.3953616,17.3718781],[78.3954795,17.3718639],[78.3954743,17.3718239],[78.3953653,17.3718371],[78.3953689,17.3718646],[78.3953602,17.3718657],[78.3953616,17.3718781]]]},"properties":{"household_id":"AS589-280","OBJECTID":488,"fid_1":403,"Area":574.983971248,"DSM":505.84125,"DTM":503,"HEIGHT":2.84125,"BuildingID":"5ec01","BuiType":"Individual","StructType":"Permanent","NameOwnRep":"5ec01","Contact":8106837765,"HNoPlotNo":"9-5-126/9","TPIN":"111325672","ColnyStrtN":"Padmanagar","SyTsNo":"4","WardBlockN":"14/L","Use":"Residential","Extent":180,"PlinthArea":900,"Classifica":"Other","Caste":"SC","FinanDepen":"No","HHSize":8,"NoAdults":5,"NoChild":3,"Govtbenefi":"No","Borewell":"No","Courtcase":"No","NameStruct":"Nil","ReliType":null,"Remarks":"GVM municipal","CommStatus":null,"Trees":"No","location":null,"Occupation":"Retired","SkilledOcc":null,"Craftsmen":null,"ReliStruct":null,"Cremetoriu":null,"Email":null,"Date":"1899-12-30T00:00:00","Time":null,"SurvyeorNa":null,"Survey_Dat":null,"Survey_Loc":null,"UUID":null,"email_id":"RiverBasin","Mandals":"Golconda","Zone":"Buffer","Income":"BPL","AreaSqm":5.3417,"Areatext":"53.4179725515013","Duplicate":"0","Dist":"Hyderabad","PCs":"Hyderabad","Assembly_C":"Karwan","Affeceted_":"1899-12-30T00:00:00","S_Number":0,"S_Fall":"Roads","Zone_1":"Z1B N","Affected_S":"Buffer","Area_SQF":574.983971248,"Zonewise":"Z1B","no_of_Floo":1,"gis_geometry_geojson":"{\"type\":\"Polygon\",\"coordinates\":[[[78.3953616,17.3718781],[78.3954795,17.3718639],[78.3954743,17.3718239],[78.3953653,17.3718371],[78.3953689,17.3718646],[78.3953602,17.3718657],[78.3953616,17.3718781]]]}"}},{"type":"Feature","id":"AS589-281","geometry":{"type":"Polygon","coordinates":[[[78.3953815,17.3718923],[78.3953464,17.3718959],[78.3953489,17.3719332],[78.395385,17.371931],[78.3953815,17.3718923]]]},"properties":{"household_id":"AS589-281","OBJECTID":489,"fid_1":404,"Area":172.803151451,"DSM":505.65781,"DTM":503,"HEIGHT":2.65781,"BuildingID":"d23ef","BuiType":"Individual","StructType":"Permanent","NameOwnRep":"d23ef","Contact":7013159108,"HNoPlotNo":"9-5-126/14/1","TPIN":null,"ColnyStrtN":"Ramdev guda","SyTsNo":"4/4","WardBlockN":"14/H","Use":"Residential","Extent":20,"PlinthArea":0,"Classifica":"Govt","Caste":"OC","FinanDepen":"No","HHSize":0,"NoAdults":0,"NoChild":0,"Govtbenefi":"No","Borewell":"No","Courtcase":"No","NameStruct":"Ravi","ReliType":null,"Remarks":"Military Land","CommStatus":null,"Trees":"No","location":null,"Occupation":"Others","SkilledOcc":null,"Craftsmen":null,"ReliStruct":null,"Cremetoriu":null,"Email":null,"Date":"1899-12-30T00:00:00","Time":null,"SurvyeorNa":null,"Survey_Dat":null,"Survey_Loc":null,"UUID":null,"email_id":null,"Mandals":"Golconda","Zone":"Buffer","Income":"BPL","AreaSqm":1.6054,"Areatext":"16.0540023081582","Duplicate":"0","Dist":"Hyderabad","PCs":"Hyderabad","Assembly_C":"Karwan","Affeceted_":"1899-12-30T00:00:00","S_Number":0,"S_Fall":"Roads","Zone_1":"Z1B N","Affected_S":"Buffer","Area_SQF":172.803151451,"Zonewise":"Z1B","no_of_Floo":1,"gis_geometry_geojson":"{\"type\":\"Polygon\",\"coordinates\":[[[78.3953815,17.3718923],[78.3953464,17.3718959],[78.3953489,17.3719332],[78.395385,17.371931],[78.3953815,17.3718923]]]}"}},{"type":"Feature","id":"AS589-282","geometry":{"type":"Polygon","coordinates":[[[78.3979405,17.3703802],[78.3979439,17.3703227],[78.3979048,17.3703206],[78.3979029,17.3703518],[78.3979163,17.3703525],[78.3979148,17.3703785],[78.3979405,17.3703802]]]},"properties":{"household_id":"AS589-282","OBJECTID":496,"fid_1":415,"Area":240.987069275,"DSM":502.64273,"DTM":500,"HEIGHT":2.64273,"BuildingID":"e4a56","BuiType":null,"StructType":"Permanent","NameOwnRep":"e4a56","Contact":0,"HNoPlotNo":null,"TPIN":null,"ColnyStrtN":null,"SyTsNo":"9","WardBlockN":"Hydershakote","Use":"Residential","Extent":0,"PlinthArea":0,"Classifica":"Patta","Caste":null,"FinanDepen":null,"HHSize":0,"NoAdults":0,"NoChild":0,"Govtbenefi":null,"Borewell":"No","Courtcase":"No","NameStruct":"Small room with compound wall","ReliType":null,"Remarks":"There is an open plot with single room and fenced with compound wall","CommStatus":null,"Trees":"No","location":null,"Occupation":null,"SkilledOcc":null,"Craftsmen":null,"ReliStruct":null,"Cremetoriu":null,"Email":null,"Date":"1899-12-30T00:00:00","Time":null,"SurvyeorNa":null,"Survey_Dat":null,"Survey_Loc":null,"UUID":null,"email_id":null,"Mandals":"Gandipet","Zone":"Buffer","Income":null,"AreaSqm":2.2388,"Areatext":"22.3885208877905","Duplicate":"0","Dist":"Ranga Reddy","PCs":"Chevella","Assembly_C":"Rajendra Nagar","Affeceted_":"1899-12-30T00:00:00","S_Number":0,"S_Fall":"Roads","Zone_1":"Z1B S","Affected_S":"Buffer","Area_SQF":240.987069275,"Zonewise":"Z1B","no_of_Floo":1,"gis_geometry_geojson":"{\"type\":\"Polygon\",\"coordinates\":[[[78.3979405,17.3703802],[78.3979439,17.3703227],[78.3979048,17.3703206],[78.3979029,17.3703518],[78.3979163,17.3703525],[78.3979148,17.3703785],[78.3979405,17.3703802]]]}"}},{"type":"Feature","id":"AS589-283","geometry":{"type":"Polygon","coordinates":[[[78.3751525,17.3726525],[78.3752483,17.3726127],[78.3752249,17.3725608],[78.3751278,17.3726012],[78.3751525,17.3726525]]]},"properties":{"household_id":"AS589-283","OBJECTID":501,"fid_1":433,"Area":753.695182448,"DSM":512.18134,"DTM":509,"HEIGHT":3.18134,"BuildingID":"4f540","BuiType":null,"StructType":"Temporary","NameOwnRep":"4f540","Contact":0,"HNoPlotNo":null,"TPIN":null,"ColnyStrtN":"Shiva puri welfare Association","SyTsNo":"147","WardBlockN":null,"Use":"Govt","Extent":0,"PlinthArea":0,"Classifica":"Patta","Caste":null,"FinanDepen":null,"HHSize":0,"NoAdults":0,"NoChild":0,"Govtbenefi":null,"Borewell":"No","Courtcase":"No","NameStruct":"Temporary structure","ReliType":null,"Remarks":"There is a temporary structure belongs to the colony of Shivapuriwelfare association","CommStatus":null,"Trees":"No","location":null,"Occupation":null,"SkilledOcc":null,"Craftsmen":null,"ReliStruct":null,"Cremetoriu":null,"Email":null,"Date":"1899-12-30T00:00:00","Time":null,"SurvyeorNa":null,"Survey_Dat":null,"Survey_Loc":null,"UUID":null,"email_id":null,"Mandals":"Gandipet","Zone":"River","Income":null,"AreaSqm":7.002,"Areatext":"70.0208537657343","Duplicate":"0","Dist":"Ranga Reddy","PCs":"Chevella","Assembly_C":"Rajendra Nagar","Affeceted_":"1899-12-30T00:00:00","S_Number":0,"S_Fall":"Roads","Zone_1":"Z1B S","Affected_S":"RIVER","Area_SQF":753.695182448,"Zonewise":"Z1B","no_of_Floo":1,"gis_geometry_geojson":"{\"type\":\"Polygon\",\"coordinates\":[[[78.3751525,17.3726525],[78.3752483,17.3726127],[78.3752249,17.3725608],[78.3751278,17.3726012],[78.3751525,17.3726525]]]}"}},{"type":"Feature","id":"AS589-284","geometry":{"type":"Polygon","coordinates":[[[78.3985882,17.3703713],[78.3987308,17.3703815],[78.3987377,17.3702937],[78.3985957,17.3702835],[78.3985882,17.3703713]]]},"properties":{"household_id":"AS589-284","OBJECTID":537,"fid_1":476,"Area":1592.37595054,"DSM":507.6015,"DTM":501,"HEIGHT":6.6015,"BuildingID":"62746","BuiType":"Individual","StructType":"Permanent","NameOwnRep":"62746","Contact":9966619654,"HNoPlotNo":"6-20","TPIN":null,"ColnyStrtN":"Vishal Nagar Colony","SyTsNo":"85","WardBlockN":"Hydershakote","Use":"Residential","Extent":0,"PlinthArea":0,"Classifica":"Patta","Caste":"Minority","FinanDepen":"Yes","HHSize":6,"NoAdults":2,"NoChild":4,"Govtbenefi":"No","Borewell":"Yes","Courtcase":"No","NameStruct":"G+1 residential structure","ReliType":null,"Remarks":"There is a G+1 residential building and the owner resides . Two portions given for rent","CommStatus":null,"Trees":"No","location":null,"Occupation":"Buisness","SkilledOcc":null,"Craftsmen":null,"ReliStruct":null,"Cremetoriu":null,"Email":null,"Date":"1899-12-30T00:00:00","Time":null,"SurvyeorNa":null,"Survey_Dat":null,"Survey_Loc":null,"UUID":null,"email_id":null,"Mandals":"Gandipet","Zone":"Buffer","Income":"APL","AreaSqm":1.4793,"Areatext":"147.937158376898","Duplicate":"0","Dist":"Ranga Reddy","PCs":"Chevella","Assembly_C":"Rajendra Nagar","Affeceted_":"1899-12-30T00:00:00","S_Number":0,"S_Fall":"Roads","Zone_1":"Z1B S","Affected_S":"Buffer","Area_SQF":3184.75190108,"Zonewise":"Z1B","no_of_Floo":2,"gis_geometry_geojson":"{\"type\":\"Polygon\",\"coordinates\":[[[78.3985882,17.3703713],[78.3987308,17.3703815],[78.3987377,17.3702937],[78.3985957,17.3702835],[78.3985882,17.3703713]]]}"}},{"type":"Feature","id":"AS589-285","geometry":{"type":"Polygon","coordinates":[[[78.412304,17.3727337],[78.4123085,17.3726262],[78.4121801,17.3726269],[78.412178,17.3725548],[78.4121531,17.3725552],[78.4121519,17.372493],[78.4121062,17.3724938],[78.4121074,17.372556],[78.4120272,17.3725574],[78.4120281,17.3728671],[78.4122021,17.3728643],[78.4121899,17.3727328],[78.412304,17.3727337]]]},"properties":{"household_id":"AS589-285","OBJECTID":727,"fid_1":1228,"Area":8284.02901996,"DSM":504,"DTM":499,"HEIGHT":5,"BuildingID":"0bf0d","BuiType":null,"StructType":"Permanent","NameOwnRep":"0bf0d","Contact":0,"HNoPlotNo":null,"TPIN":null,"ColnyStrtN":"Bapu Ghat, Langer House","SyTsNo":"6/1","WardBlockN":"15/M","Use":"Religions","Extent":0,"PlinthArea":0,"Classifica":"Govt","Caste":null,"FinanDepen":null,"HHSize":0,"NoAdults":0,"NoChild":0,"Govtbenefi":null,"Borewell":"Yes","Courtcase":"No","NameStruct":"Sangam Temple","ReliType":"Hindu","Remarks":"Part and parcel of 3609f may be merged","CommStatus":null,"Trees":"No","location":null,"Occupation":null,"SkilledOcc":null,"Craftsmen":null,"ReliStruct":"Religious","Cremetoriu":null,"Email":null,"Date":"1899-12-30T00:00:00","Time":null,"SurvyeorNa":null,"Survey_Dat":null,"Survey_Loc":null,"UUID":null,"email_id":"River Buffer","Mandals":"Golconda","Zone":"Buffer","Income":null,"AreaSqm":1.508,"Areatext":"150.804979631717","Duplicate":"0","Dist":"Hyderabad","PCs":"Hyderabad","Assembly_C":"Karwan","Affeceted_":"1899-12-30T00:00:00","S_Number":0,"S_Fall":"River Buffer","Zone_1":"Z1B N","Affected_S":"Buffer","Area_SQF":16568.0580399,"Zonewise":"Z1B","no_of_Floo":2,"gis_geometry_geojson":"{\"type\":\"Polygon\",\"coordinates\":[[[78.412304,17.3727337],[78.4123085,17.3726262],[78.4121801,17.3726269],[78.412178,17.3725548],[78.4121531,17.3725552],[78.4121519,17.372493],[78.4121062,17.3724938],[78.4121074,17.372556],[78.4120272,17.3725574],[78.4120281,17.3728671],[78.4122021,17.3728643],[78.4121899,17.3727328],[78.412304,17.3727337]]]}"}},{"type":"Feature","id":"AS589-286","geometry":{"type":"Polygon","coordinates":[[[78.3982203,17.3703569],[78.3983751,17.3703693],[78.3983803,17.3703205],[78.3982204,17.3703074],[78.3982203,17.3703569]]]},"properties":{"household_id":"AS589-286","OBJECTID":740,"fid_1":11620,"Area":984.486592388,"DSM":509.4109,"DTM":500.58,"HEIGHT":8.8309,"BuildingID":"504d1","BuiType":"Individual","StructType":"Permanent","NameOwnRep":"504d1","Contact":9642077008,"HNoPlotNo":"6-54","TPIN":null,"ColnyStrtN":"Vishal nagar colony","SyTsNo":"85","WardBlockN":"Bandlaguda Jagir","Use":"Residential","Extent":110,"PlinthArea":0,"Classifica":"Patta","Caste":"Minority","FinanDepen":"No","HHSize":7,"NoAdults":5,"NoChild":2,"Govtbenefi":"No","Borewell":"Yes","Courtcase":"No","NameStruct":"Imran khan Mohd","ReliType":null,"Remarks":null,"CommStatus":null,"Trees":"No","location":null,"Occupation":"Skilled Worker","SkilledOcc":null,"Craftsmen":null,"ReliStruct":null,"Cremetoriu":null,"Email":null,"Date":"1899-12-30T00:00:00","Time":null,"SurvyeorNa":null,"Survey_Dat":null,"Survey_Loc":null,"UUID":"B220638278","email_id":null,"Mandals":"Gandipet","Zone":"Buffer","Income":"APL","AreaSqm":9.1462,"Areatext":"91.4621631219977","Duplicate":"0","Dist":"Ranga Reddy","PCs":"Chevella","Assembly_C":"Rajendra Nagar","Affeceted_":"1899-12-30T00:00:00","S_Number":0,"S_Fall":"Roads","Zone_1":"Z1B S","Affected_S":"Buffer","Area_SQF":2953.45977716,"Zonewise":"Z1B","no_of_Floo":3,"gis_geometry_geojson":"{\"type\":\"Polygon\",\"coordinates\":[[[78.3982203,17.3703569],[78.3983751,17.3703693],[78.3983803,17.3703205],[78.3982204,17.3703074],[78.3982203,17.3703569]]]}"}},{"type":"Feature","id":"AS589-287","geometry":{"type":"Polygon","coordinates":[[[78.3924379,17.3718007],[78.3924379,17.371786],[78.3923349,17.3717884],[78.3923369,17.3718428],[78.3924192,17.3718399],[78.3924178,17.3718014],[78.3924379,17.3718007]]]},"properties":{"household_id":"AS589-287","OBJECTID":746,"fid_1":11638,"Area":601.85813167,"DSM":507.26276,"DTM":505,"HEIGHT":2.26276,"BuildingID":"52e81","BuiType":"Individual","StructType":"Permanent","NameOwnRep":"52e81","Contact":0,"HNoPlotNo":"9-5-115/23/1/85","TPIN":null,"ColnyStrtN":"Padmanagar","SyTsNo":"7","WardBlockN":"14/H","Use":"Residential","Extent":100,"PlinthArea":450,"Classifica":"Patta","Caste":null,"FinanDepen":"No","HHSize":5,"NoAdults":3,"NoChild":2,"Govtbenefi":"No","Borewell":"Yes","Courtcase":"No","NameStruct":"Nil","ReliType":null,"Remarks":"Not revealed","CommStatus":null,"Trees":"No","location":null,"Occupation":null,"SkilledOcc":null,"Craftsmen":null,"ReliStruct":null,"Cremetoriu":null,"Email":null,"Date":"1899-12-30T00:00:00","Time":null,"SurvyeorNa":null,"Survey_Dat":null,"Survey_Loc":null,"UUID":"B050310949","email_id":null,"Mandals":"Golconda","Zone":"Buffer","Income":"BPL","AreaSqm":5.5914,"Areatext":"55.9146737379392","Duplicate":"0","Dist":"Hyderabad","PCs":"Hyderabad","Assembly_C":"Karwan","Affeceted_":"1899-12-30T00:00:00","S_Number":0,"S_Fall":"Roads","Zone_1":"Z1B N","Affected_S":"Buffer","Area_SQF":601.85813167,"Zonewise":"Z1B","no_of_Floo":1,"gis_geometry_geojson":"{\"type\":\"Polygon\",\"coordinates\":[[[78.3924379,17.3718007],[78.3924379,17.371786],[78.3923349,17.3717884],[78.3923369,17.3718428],[78.3924192,17.3718399],[78.3924178,17.3718014],[78.3924379,17.3718007]]]}"}},{"type":"Feature","id":"AS589-288","geometry":{"type":"Polygon","coordinates":[[[78.3924755,17.3718525],[78.3924749,17.3717851],[78.3924379,17.371786],[78.3924399,17.3718539],[78.3924755,17.3718525]]]},"properties":{"household_id":"AS589-288","OBJECTID":747,"fid_1":11639,"Area":313.238329008,"DSM":507.70752,"DTM":505,"HEIGHT":2.70752,"BuildingID":"c78fa","BuiType":"Individual","StructType":"Permanent","NameOwnRep":"c78fa","Contact":9059009196,"HNoPlotNo":null,"TPIN":null,"ColnyStrtN":"Padmanagar","SyTsNo":"7","WardBlockN":"14/H","Use":"Residential","Extent":80,"PlinthArea":400,"Classifica":"Patta","Caste":null,"FinanDepen":null,"HHSize":4,"NoAdults":2,"NoChild":2,"Govtbenefi":null,"Borewell":"Yes","Courtcase":"No","NameStruct":"Nil","ReliType":null,"Remarks":null,"CommStatus":null,"Trees":"No","location":null,"Occupation":null,"SkilledOcc":null,"Craftsmen":null,"ReliStruct":null,"Cremetoriu":null,"Email":null,"Date":"1899-12-30T00:00:00","Time":null,"SurvyeorNa":null,"Survey_Dat":null,"Survey_Loc":null,"UUID":"B050310949","email_id":null,"Mandals":"Golconda","Zone":"Buffer","Income":"BPL","AreaSqm":2.91,"Areatext":"29.1009094143978","Duplicate":"0","Dist":"Hyderabad","PCs":"Hyderabad","Assembly_C":"Karwan","Affeceted_":"1899-12-30T00:00:00","S_Number":0,"S_Fall":"Roads","Zone_1":"Z1B N","Affected_S":"Buffer","Area_SQF":313.238329008,"Zonewise":"Z1B","no_of_Floo":1,"gis_geometry_geojson":"{\"type\":\"Polygon\",\"coordinates\":[[[78.3924755,17.3718525],[78.3924749,17.3717851],[78.3924379,17.371786],[78.3924399,17.3718539],[78.3924755,17.3718525]]]}"}},{"type":"Feature","id":"AS589-289","geometry":{"type":"Polygon","coordinates":[[[78.392432,17.3717168],[78.3923318,17.3717193],[78.3923327,17.371753],[78.3923976,17.3717514],[78.3923972,17.3717363],[78.3924321,17.3717354],[78.392432,17.3717168]]]},"properties":{"household_id":"AS589-289","OBJECTID":749,"fid_1":11641,"Area":360.167505711,"DSM":507.66873,"DTM":505,"HEIGHT":2.66873,"BuildingID":"d59e0","BuiType":"Individual","StructType":"Permanent","NameOwnRep":"d59e0","Contact":8125814515,"HNoPlotNo":"Plot no. 84","TPIN":"102763299","ColnyStrtN":"Padmanagar","SyTsNo":"7","WardBlockN":"14/H","Use":"Residential","Extent":100,"PlinthArea":450,"Classifica":"Patta","Caste":null,"FinanDepen":"No","HHSize":4,"NoAdults":2,"NoChild":2,"Govtbenefi":"No","Borewell":"No","Courtcase":"No","NameStruct":"Nil","ReliType":null,"Remarks":null,"CommStatus":null,"Trees":"No","location":null,"Occupation":"Others","SkilledOcc":null,"Craftsmen":null,"ReliStruct":null,"Cremetoriu":null,"Email":null,"Date":"1899-12-30T00:00:00","Time":null,"SurvyeorNa":null,"Survey_Dat":null,"Survey_Loc":null,"UUID":"B050310949","email_id":"RiverBasin","Mandals":"Golconda","Zone":"Buffer","Income":"BPL","AreaSqm":3.346,"Areatext":"33.4607900323755","Duplicate":"0","Dist":"Hyderabad","PCs":"Hyderabad","Assembly_C":"Karwan","Affeceted_":"1899-12-30T00:00:00","S_Number":0,"S_Fall":"Roads","Zone_1":"Z1B N","Affected_S":"Buffer","Area_SQF":360.167505711,"Zonewise":"Z1B","no_of_Floo":1,"gis_geometry_geojson":"{\"type\":\"Polygon\",\"coordinates\":[[[78.392432,17.3717168],[78.3923318,17.3717193],[78.3923327,17.371753],[78.3923976,17.3717514],[78.3923972,17.3717363],[78.3924321,17.3717354],[78.392432,17.3717168]]]}"}},{"type":"Feature","id":"AS589-290","geometry":{"type":"Polygon","coordinates":[[[78.3924875,17.3717164],[78.3924892,17.3717836],[78.392546,17.3717832],[78.3925458,17.3717428],[78.3925394,17.3717429],[78.3925387,17.3717146],[78.3924875,17.3717164]]]},"properties":{"household_id":"AS589-290","OBJECTID":750,"fid_1":11642,"Area":472.058009789,"DSM":514.58246,"DTM":505,"HEIGHT":9.58246,"BuildingID":"2dfbb","BuiType":"Individual","StructType":"Permanent","NameOwnRep":"2dfbb","Contact":7207668070,"HNoPlotNo":"Not revealed","TPIN":null,"ColnyStrtN":"Padmanagar","SyTsNo":"7","WardBlockN":"14/H","Use":"Residential","Extent":50,"PlinthArea":300,"Classifica":"Patta","Caste":null,"FinanDepen":null,"HHSize":0,"NoAdults":1,"NoChild":0,"Govtbenefi":null,"Borewell":"No","Courtcase":"No","NameStruct":"Nil","ReliType":null,"Remarks":"Not revealed","CommStatus":null,"Trees":"No","location":null,"Occupation":null,"SkilledOcc":null,"Craftsmen":null,"ReliStruct":null,"Cremetoriu":null,"Email":null,"Date":"1899-12-30T00:00:00","Time":null,"SurvyeorNa":null,"Survey_Dat":null,"Survey_Loc":null,"UUID":"B050310949","email_id":"RiverBasin","Mandals":"Golconda","Zone":"Buffer","Income":"BPL","AreaSqm":4.3855,"Areatext":"43.8557995887638","Duplicate":"0","Dist":"Hyderabad","PCs":"Hyderabad","Assembly_C":"Karwan","Affeceted_":"1899-12-30T00:00:00","S_Number":0,"S_Fall":"Roads","Zone_1":"Z1B N","Affected_S":"Buffer","Area_SQF":1416.17402937,"Zonewise":"Z1B","no_of_Floo":3,"gis_geometry_geojson":"{\"type\":\"Polygon\",\"coordinates\":[[[78.3924875,17.3717164],[78.3924892,17.3717836],[78.392546,17.3717832],[78.3925458,17.3717428],[78.3925394,17.3717429],[78.3925387,17.3717146],[78.3924875,17.3717164]]]}"}},{"type":"Feature","id":"AS589-291","geometry":{"type":"Polygon","coordinates":[[[78.3924892,17.3717836],[78.3924875,17.3717164],[78.3924343,17.371717],[78.3924365,17.3717839],[78.3924892,17.3717836]]]},"properties":{"household_id":"AS589-291","OBJECTID":751,"fid_1":11643,"Area":448.029158519,"DSM":517.95758,"DTM":505,"HEIGHT":12.95758,"BuildingID":"6ebd8","BuiType":"Individual","StructType":"Permanent","NameOwnRep":"6ebd8","Contact":0,"HNoPlotNo":null,"TPIN":null,"ColnyStrtN":"Padmanagar","SyTsNo":"7","WardBlockN":"14/H","Use":"Residential","Extent":0,"PlinthArea":0,"Classifica":"Patta","Caste":null,"FinanDepen":null,"HHSize":0,"NoAdults":0,"NoChild":0,"Govtbenefi":null,"Borewell":"No","Courtcase":"No","NameStruct":"Nil","ReliType":null,"Remarks":"Same as 2dfbb","CommStatus":null,"Trees":"No","location":null,"Occupation":null,"SkilledOcc":null,"Craftsmen":null,"ReliStruct":null,"Cremetoriu":null,"Email":null,"Date":"1899-12-30T00:00:00","Time":null,"SurvyeorNa":null,"Survey_Dat":null,"Survey_Loc":null,"UUID":"B050310949","email_id":"RiverBasin","Mandals":"Golconda","Zone":"Buffer","Income":"BPL","AreaSqm":4.1623,"Areatext":"41.6234373303473","Duplicate":"0","Dist":"Hyderabad","PCs":"Hyderabad","Assembly_C":"Karwan","Affeceted_":"1899-12-30T00:00:00","S_Number":0,"S_Fall":"Roads","Zone_1":"Z1B N","Affected_S":"Buffer","Area_SQF":1792.11663408,"Zonewise":"Z1B","no_of_Floo":4,"gis_geometry_geojson":"{\"type\":\"Polygon\",\"coordinates\":[[[78.3924892,17.3717836],[78.3924875,17.3717164],[78.3924343,17.371717],[78.3924365,17.3717839],[78.3924892,17.3717836]]]}"}},{"type":"Feature","id":"AS589-292","geometry":{"type":"Polygon","coordinates":[[[78.3927855,17.3717809],[78.3927059,17.3717825],[78.3927073,17.3718474],[78.3928062,17.3718454],[78.3928054,17.3718128],[78.3927856,17.3718132],[78.3927855,17.3717809]]]},"properties":{"household_id":"AS589-292","OBJECTID":752,"fid_1":11644,"Area":733.04448223,"DSM":514.58496,"DTM":505,"HEIGHT":9.58496,"BuildingID":"5f078","BuiType":"Individual","StructType":"Permanent","NameOwnRep":"5f078","Contact":9885301318,"HNoPlotNo":"Hno","TPIN":"Sc 322600276","ColnyStrtN":"Padmanagar colony","SyTsNo":"7","WardBlockN":"H 14","Use":"Residential","Extent":100,"PlinthArea":2700,"Classifica":"Patta","Caste":"BC","FinanDepen":"Yes","HHSize":6,"NoAdults":4,"NoChild":2,"Govtbenefi":"Yes","Borewell":"Yes","Courtcase":"No","NameStruct":"Ushanna residence","ReliType":null,"Remarks":"Occupied by owners g+2 structure","CommStatus":null,"Trees":"No","location":null,"Occupation":"Skilled Worker","SkilledOcc":null,"Craftsmen":null,"ReliStruct":null,"Cremetoriu":null,"Email":null,"Date":"1899-12-30T00:00:00","Time":null,"SurvyeorNa":null,"Survey_Dat":null,"Survey_Loc":null,"UUID":"B050310949","email_id":null,"Mandals":"Golconda","Zone":"Buffer","Income":"BPL","AreaSqm":6.8102,"Areatext":"68.102333265988","Duplicate":"0","Dist":"Hyderabad","PCs":"Hyderabad","Assembly_C":"Karwan","Affeceted_":"1899-12-30T00:00:00","S_Number":0,"S_Fall":"Roads","Zone_1":"Z1B N","Affected_S":"Buffer","Area_SQF":2199.13344669,"Zonewise":"Z1B","no_of_Floo":3,"gis_geometry_geojson":"{\"type\":\"Polygon\",\"coordinates\":[[[78.3927855,17.3717809],[78.3927059,17.3717825],[78.3927073,17.3718474],[78.3928062,17.3718454],[78.3928054,17.3718128],[78.3927856,17.3718132],[78.3927855,17.3717809]]]}"}},{"type":"Feature","id":"AS589-293","geometry":{"type":"Polygon","coordinates":[[[78.3927009,17.3717828],[78.3925876,17.3717852],[78.3925891,17.3718501],[78.3926993,17.3718478],[78.3927009,17.3717828]]]},"properties":{"household_id":"AS589-293","OBJECTID":753,"fid_1":11645,"Area":918.737486001,"DSM":517.82159,"DTM":505,"HEIGHT":12.82159,"BuildingID":"f8b70","BuiType":"Apartment","StructType":"Permanent","NameOwnRep":"f8b70","Contact":9949696760,"HNoPlotNo":"9-5-115/23/1/9","TPIN":null,"ColnyStrtN":"Padmanagar colony","SyTsNo":"7","WardBlockN":"H14","Use":"Residential","Extent":100,"PlinthArea":0,"Classifica":"Patta","Caste":null,"FinanDepen":null,"HHSize":0,"NoAdults":0,"NoChild":0,"Govtbenefi":null,"Borewell":"Yes","Courtcase":"No","NameStruct":"Arige venkatesh niyalam","ReliType":null,"Remarks":"G + 3 structure","CommStatus":null,"Trees":"No","location":null,"Occupation":null,"SkilledOcc":null,"Craftsmen":null,"ReliStruct":null,"Cremetoriu":null,"Email":null,"Date":"1899-12-30T00:00:00","Time":null,"SurvyeorNa":null,"Survey_Dat":null,"Survey_Loc":null,"UUID":"B050310949","email_id":null,"Mandals":"Golconda","Zone":"Buffer","Income":"APL","AreaSqm":8.5353,"Areatext":"85.3538468274555","Duplicate":"0","Dist":"Hyderabad","PCs":"Hyderabad","Assembly_C":"Karwan","Affeceted_":"1899-12-30T00:00:00","S_Number":0,"S_Fall":"Roads","Zone_1":"Z1B N","Affected_S":"Buffer","Area_SQF":3674.949944,"Zonewise":"Z1B","no_of_Floo":4,"gis_geometry_geojson":"{\"type\":\"Polygon\",\"coordinates\":[[[78.3927009,17.3717828],[78.3925876,17.3717852],[78.3925891,17.3718501],[78.3926993,17.3718478],[78.3927009,17.3717828]]]}"}},{"type":"Feature","id":"AS589-294","geometry":{"type":"Polygon","coordinates":[[[78.3921066,17.371701],[78.3920658,17.3717012],[78.3920661,17.3717369],[78.3921069,17.3717366],[78.3921066,17.371701]]]},"properties":{"household_id":"AS589-294","OBJECTID":763,"fid_1":11655,"Area":184.301049723,"DSM":507.62354,"DTM":505,"HEIGHT":2.62354,"BuildingID":"0fa86","BuiType":null,"StructType":"Permanent","NameOwnRep":"0fa86","Contact":0,"HNoPlotNo":null,"TPIN":null,"ColnyStrtN":"Padmanagar","SyTsNo":"7","WardBlockN":"14/H","Use":"Residential","Extent":0,"PlinthArea":0,"Classifica":"Patta","Caste":null,"FinanDepen":null,"HHSize":0,"NoAdults":0,"NoChild":0,"Govtbenefi":null,"Borewell":"No","Courtcase":"No","NameStruct":"Nil","ReliType":null,"Remarks":"Door locked","CommStatus":null,"Trees":"No","location":null,"Occupation":null,"SkilledOcc":null,"Craftsmen":null,"ReliStruct":null,"Cremetoriu":null,"Email":null,"Date":"1899-12-30T00:00:00","Time":null,"SurvyeorNa":null,"Survey_Dat":null,"Survey_Loc":null,"UUID":"B050310949","email_id":"RiverBasin","Mandals":"Golconda","Zone":"Buffer","Income":"BPL","AreaSqm":1.7122,"Areatext":"17.1221962819597","Duplicate":"0","Dist":"Hyderabad","PCs":"Hyderabad","Assembly_C":"Karwan","Affeceted_":"1899-12-30T00:00:00","S_Number":0,"S_Fall":"Roads","Zone_1":"Z1B N","Affected_S":"Buffer","Area_SQF":184.301049723,"Zonewise":"Z1B","no_of_Floo":1,"gis_geometry_geojson":"{\"type\":\"Polygon\",\"coordinates\":[[[78.3921066,17.371701],[78.3920658,17.3717012],[78.3920661,17.3717369],[78.3921069,17.3717366],[78.3921066,17.371701]]]}"}},{"type":"Feature","id":"AS589-295","geometry":{"type":"Polygon","coordinates":[[[78.392276,17.3717695],[78.3922744,17.3717],[78.392169,17.3717033],[78.3921708,17.3717723],[78.392276,17.3717695]]]},"properties":{"household_id":"AS589-295","OBJECTID":765,"fid_1":11657,"Area":927.044406826,"DSM":508.44928,"DTM":505,"HEIGHT":3.44928,"BuildingID":"19d26","BuiType":"Individual","StructType":"Permanent","NameOwnRep":"19d26","Contact":9963642957,"HNoPlotNo":"9-5-115/23/1/79","TPIN":"111933295","ColnyStrtN":"Padmanagar","SyTsNo":"7","WardBlockN":"14/H","Use":"Residential","Extent":200,"PlinthArea":900,"Classifica":"Patta","Caste":"BC","FinanDepen":"No","HHSize":5,"NoAdults":2,"NoChild":3,"Govtbenefi":"No","Borewell":"Yes","Courtcase":"No","NameStruct":"Nil","ReliType":null,"Remarks":null,"CommStatus":null,"Trees":"No","location":null,"Occupation":"Others","SkilledOcc":null,"Craftsmen":null,"ReliStruct":null,"Cremetoriu":null,"Email":null,"Date":"1899-12-30T00:00:00","Time":null,"SurvyeorNa":null,"Survey_Dat":null,"Survey_Loc":null,"UUID":"B050310949","email_id":"RiverBasin","Mandals":"Golconda","Zone":"Buffer","Income":"BPL","AreaSqm":8.6125,"Areatext":"86.1255881075757","Duplicate":"0","Dist":"Hyderabad","PCs":"Hyderabad","Assembly_C":"Karwan","Affeceted_":"1899-12-30T00:00:00","S_Number":0,"S_Fall":"Roads","Zone_1":"Z1B N","Affected_S":"Buffer","Area_SQF":927.044406826,"Zonewise":"Z1B","no_of_Floo":1,"gis_geometry_geojson":"{\"type\":\"Polygon\",\"coordinates\":[[[78.392276,17.3717695],[78.3922744,17.3717],[78.392169,17.3717033],[78.3921708,17.3717723],[78.392276,17.3717695]]]}"}},{"type":"Feature","id":"AS589-296","geometry":{"type":"Polygon","coordinates":[[[78.3921209,17.3718306],[78.3921196,17.3717724],[78.3920858,17.3717725],[78.3920858,17.3717575],[78.3920655,17.3717576],[78.392061,17.3718307],[78.3921209,17.3718306]]]},"properties":{"household_id":"AS589-296","OBJECTID":766,"fid_1":11658,"Area":463.809206228,"DSM":508.21045,"DTM":505,"HEIGHT":3.21045,"BuildingID":"95472","BuiType":"Individual","StructType":"Permanent","NameOwnRep":"95472","Contact":9553573357,"HNoPlotNo":"9-5-115/23/1/6","TPIN":"114347407","ColnyStrtN":"Padmanagar","SyTsNo":"7","WardBlockN":"14/H","Use":"Residential","Extent":200,"PlinthArea":900,"Classifica":"Patta","Caste":"BC","FinanDepen":"No","HHSize":5,"NoAdults":3,"NoChild":2,"Govtbenefi":"No","Borewell":"Yes","Courtcase":"No","NameStruct":"Nil","ReliType":null,"Remarks":null,"CommStatus":null,"Trees":"No","location":null,"Occupation":"Others","SkilledOcc":null,"Craftsmen":null,"ReliStruct":null,"Cremetoriu":null,"Email":null,"Date":"1899-12-30T00:00:00","Time":null,"SurvyeorNa":null,"Survey_Dat":null,"Survey_Loc":null,"UUID":"B050310949","email_id":null,"Mandals":"Golconda","Zone":"Buffer","Income":"BPL","AreaSqm":4.3089,"Areatext":"43.089457595436","Duplicate":"0","Dist":"Hyderabad","PCs":"Hyderabad","Assembly_C":"Karwan","Affeceted_":"1899-12-30T00:00:00","S_Number":0,"S_Fall":"Roads","Zone_1":"Z1B N","Affected_S":"Buffer","Area_SQF":463.809206228,"Zonewise":"Z1B","no_of_Floo":1,"gis_geometry_geojson":"{\"type\":\"Polygon\",\"coordinates\":[[[78.3921209,17.3718306],[78.3921196,17.3717724],[78.3920858,17.3717725],[78.3920858,17.3717575],[78.3920655,17.3717576],[78.392061,17.3718307],[78.3921209,17.3718306]]]}"}},{"type":"Feature","id":"AS589-297","geometry":{"type":"Polygon","coordinates":[[[78.3921728,17.3718402],[78.3921708,17.3717723],[78.3921196,17.3717724],[78.3921209,17.3718263],[78.3921484,17.3718262],[78.3921485,17.3718403],[78.3921728,17.3718402]]]},"properties":{"household_id":"AS589-297","OBJECTID":767,"fid_1":11659,"Area":393.85666474,"DSM":514.90369,"DTM":505,"HEIGHT":9.90369,"BuildingID":"b839a","BuiType":"Individual","StructType":"Permanent","NameOwnRep":"b839a","Contact":0,"HNoPlotNo":null,"TPIN":null,"ColnyStrtN":"Padmanagar","SyTsNo":"7","WardBlockN":"14/H","Use":"Residential","Extent":0,"PlinthArea":0,"Classifica":"Patta","Caste":null,"FinanDepen":null,"HHSize":0,"NoAdults":0,"NoChild":0,"Govtbenefi":null,"Borewell":"Yes","Courtcase":"No","NameStruct":"Nil","ReliType":null,"Remarks":"Same as I'd 95472","CommStatus":null,"Trees":"No","location":null,"Occupation":null,"SkilledOcc":null,"Craftsmen":null,"ReliStruct":null,"Cremetoriu":null,"Email":null,"Date":"1899-12-30T00:00:00","Time":null,"SurvyeorNa":null,"Survey_Dat":null,"Survey_Loc":null,"UUID":"B050310949","email_id":null,"Mandals":"Golconda","Zone":"Buffer","Income":"BPL","AreaSqm":3.659,"Areatext":"36.5906278432612","Duplicate":"0","Dist":"Hyderabad","PCs":"Hyderabad","Assembly_C":"Karwan","Affeceted_":"1899-12-30T00:00:00","S_Number":0,"S_Fall":"Roads","Zone_1":"Z1B N","Affected_S":"Buffer","Area_SQF":1181.56999422,"Zonewise":"Z1B","no_of_Floo":3,"gis_geometry_geojson":"{\"type\":\"Polygon\",\"coordinates\":[[[78.3921728,17.3718402],[78.3921708,17.3717723],[78.3921196,17.3717724],[78.3921209,17.3718263],[78.3921484,17.3718262],[78.3921485,17.3718403],[78.3921728,17.3718402]]]}"}},{"type":"Feature","id":"AS589-298","geometry":{"type":"Polygon","coordinates":[[[78.3922119,17.3718285],[78.3922113,17.3718032],[78.3922624,17.371802],[78.3922621,17.3717916],[78.3922766,17.3717912],[78.392276,17.3717695],[78.3921708,17.3717723],[78.3921725,17.3718291],[78.3922119,17.3718285]]]},"properties":{"household_id":"AS589-298","OBJECTID":768,"fid_1":11660,"Area":532.620265102,"DSM":507.70395,"DTM":505,"HEIGHT":2.70395,"BuildingID":"51060","BuiType":"Individual","StructType":"Permanent","NameOwnRep":"51060","Contact":9999999999,"HNoPlotNo":"Hno","TPIN":"Sc 230","ColnyStrtN":"Padmanagar","SyTsNo":"7","WardBlockN":"H14","Use":"Residential","Extent":100,"PlinthArea":400,"Classifica":"Patta","Caste":"BC","FinanDepen":"Yes","HHSize":4,"NoAdults":2,"NoChild":2,"Govtbenefi":"Yes","Borewell":"No","Courtcase":"No","NameStruct":"Raju residence","ReliType":null,"Remarks":"Semi permanent","CommStatus":null,"Trees":"No","location":null,"Occupation":"UnSkilled Worker","SkilledOcc":null,"Craftsmen":null,"ReliStruct":null,"Cremetoriu":null,"Email":null,"Date":"1899-12-30T00:00:00","Time":null,"SurvyeorNa":null,"Survey_Dat":null,"Survey_Loc":null,"UUID":"B050310949","email_id":null,"Mandals":"Golconda","Zone":"Buffer","Income":"BPL","AreaSqm":4.9482,"Areatext":"49.482239721814","Duplicate":"0","Dist":"Hyderabad","PCs":"Hyderabad","Assembly_C":"Karwan","Affeceted_":"1899-12-30T00:00:00","S_Number":0,"S_Fall":"Roads","Zone_1":"Z1B N","Affected_S":"Buffer","Area_SQF":532.620265102,"Zonewise":"Z1B","no_of_Floo":1,"gis_geometry_geojson":"{\"type\":\"Polygon\",\"coordinates\":[[[78.3922119,17.3718285],[78.3922113,17.3718032],[78.3922624,17.371802],[78.3922621,17.3717916],[78.3922766,17.3717912],[78.392276,17.3717695],[78.3921708,17.3717723],[78.3921725,17.3718291],[78.3922119,17.3718285]]]}"}},{"type":"Feature","id":"AS589-299","geometry":{"type":"Polygon","coordinates":[[[78.342913,17.3741272],[78.3429086,17.3742696],[78.3430848,17.3742708],[78.3430913,17.3741299],[78.342913,17.3741272]]]},"properties":{"household_id":"AS589-299","OBJECTID":0,"fid_1":11534,"Area":3195.37967314,"DSM":0,"DTM":0,"HEIGHT":3,"BuildingID":"8dafe","BuiType":null,"StructType":"Permanent","NameOwnRep":"8dafe","Contact":0,"HNoPlotNo":null,"TPIN":null,"ColnyStrtN":null,"SyTsNo":"311","WardBlockN":null,"Use":"Govt","Extent":0,"PlinthArea":0,"Classifica":null,"Caste":null,"FinanDepen":null,"HHSize":0,"NoAdults":0,"NoChild":0,"Govtbenefi":null,"Borewell":"No","Courtcase":"No","NameStruct":"Electric tower","ReliType":null,"Remarks":"Electric tower","CommStatus":null,"Trees":"No","location":null,"Occupation":null,"SkilledOcc":null,"Craftsmen":null,"ReliStruct":null,"Cremetoriu":null,"Email":null,"Date":"NaT","Time":null,"SurvyeorNa":null,"Survey_Dat":"2024/08/07 21:34:48.561","Survey_Loc":null,"UUID":"B110739157","email_id":"RiverBasin","Mandals":"Gandipet","Zone":"Buffer","Income":null,"AreaSqm":2.9686,"Areatext":"296.861673034418","Duplicate":"0","Dist":"Ranga Reddy","PCs":"Chevella","Assembly_C":"Rajendra Nagar","Affeceted_":"1899-12-30T00:00:00","S_Number":0,"S_Fall":"Roads","Zone_1":"Z1B S","Affected_S":"Buffer","Area_SQF":3195.37967314,"Zonewise":"Z1B","no_of_Floo":1,"gis_geometry_geojson":"{\"type\":\"Polygon\",\"coordinates\":[[[78.342913,17.3741272],[78.3429086,17.3742696],[78.3430848,17.3742708],[78.3430913,17.3741299],[78.342913,17.3741272]]]}"}},{"type":"Feature","id":"AS589-300","geometry":{"type":"Polygon","coordinates":[[[78.3449304,17.3829068],[78.3450382,17.3831228],[78.3450925,17.3830976],[78.3449849,17.3828829],[78.3449304,17.3829068]]]},"properties":{"household_id":"AS589-300","OBJECTID":0,"fid_1":79,"Area":1819.70263798,"DSM":527.68011,"DTM":519,"HEIGHT":8.68011,"BuildingID":"4fd8e","BuiType":"Individual","StructType":"Permanent","NameOwnRep":"4fd8e","Contact":9949744699,"HNoPlotNo":null,"TPIN":null,"ColnyStrtN":"River edge villas area","SyTsNo":"471","WardBlockN":null,"Use":"Residential","Extent":0,"PlinthArea":0,"Classifica":"Patta","Caste":"OC","FinanDepen":"No","HHSize":0,"NoAdults":0,"NoChild":0,"Govtbenefi":"No","Borewell":"No","Courtcase":"No","NameStruct":"Entrance gate of hall mark construction","ReliType":null,"Remarks":"Entrance gate","CommStatus":null,"Trees":"No","location":null,"Occupation":"Buisness","SkilledOcc":null,"Craftsmen":null,"ReliStruct":null,"Cremetoriu":null,"Email":null,"Date":"NaT","Time":null,"SurvyeorNa":null,"Survey_Dat":"2024/08/13 17:54:17.883","Survey_Loc":null,"UUID":null,"email_id":null,"Mandals":"Gandipet","Zone":"Buffer","Income":"BPL","AreaSqm":1.6905,"Areatext":"169.05658318995","Duplicate":"0","Dist":"Ranga Reddy","PCs":"Chevella","Assembly_C":"Rajendra Nagar","Affeceted_":"1899-12-30T00:00:00","S_Number":0,"S_Fall":"Roads","Zone_1":"Z1B S","Affected_S":"Buffer","Area_SQF":5459.10791394,"Zonewise":"Z1B","no_of_Floo":3,"gis_geometry_geojson":"{\"type\":\"Polygon\",\"coordinates\":[[[78.3449304,17.3829068],[78.3450382,17.3831228],[78.3450925,17.3830976],[78.3449849,17.3828829],[78.3449304,17.3829068]]]}"}},{"type":"Feature","id":"AS589-301","geometry":{"type":"Polygon","coordinates":[[[78.3455894,17.3831284],[78.3454833,17.3832268],[78.3455862,17.3833223],[78.3457049,17.3832375],[78.3455894,17.3831284]]]},"properties":{"household_id":"AS589-301","OBJECTID":0,"fid_1":11481,"Area":2723.43234953,"DSM":0,"DTM":0,"HEIGHT":3,"BuildingID":"7cf95","BuiType":"Individual","StructType":"Permanent","NameOwnRep":"7cf95","Contact":9949744699,"HNoPlotNo":null,"TPIN":null,"ColnyStrtN":"Riveredge villas area manchirevula","SyTsNo":"462","WardBlockN":null,"Use":"Residential","Extent":0,"PlinthArea":0,"Classifica":"Patta","Caste":null,"FinanDepen":"No","HHSize":0,"NoAdults":0,"NoChild":0,"Govtbenefi":"No","Borewell":"No","Courtcase":"No","NameStruct":"Hall mark construction","ReliType":null,"Remarks":null,"CommStatus":null,"Trees":"No","location":null,"Occupation":"Buisness","SkilledOcc":null,"Craftsmen":null,"ReliStruct":null,"Cremetoriu":null,"Email":null,"Date":"NaT","Time":null,"SurvyeorNa":null,"Survey_Dat":"2024/08/13 17:54:20.788","Survey_Loc":null,"UUID":"B103238594","email_id":null,"Mandals":"Gandipet","Zone":"Buffer","Income":"BPL","AreaSqm":2.5301,"Areatext":"253.016156569193","Duplicate":"0","Dist":"Ranga Reddy","PCs":"Chevella","Assembly_C":"Rajendra Nagar","Affeceted_":"1899-12-30T00:00:00","S_Number":0,"S_Fall":"Roads","Zone_1":"Z1B S","Affected_S":"Buffer","Area_SQF":2723.43234953,"Zonewise":"Z1B","no_of_Floo":1,"gis_geometry_geojson":"{\"type\":\"Polygon\",\"coordinates\":[[[78.3455894,17.3831284],[78.3454833,17.3832268],[78.3455862,17.3833223],[78.3457049,17.3832375],[78.3455894,17.3831284]]]}"}},{"type":"Feature","id":"AS589-302","geometry":{"type":"Polygon","coordinates":[[[78.3676469,17.3758498],[78.3676646,17.3758912],[78.3677067,17.375873],[78.3676874,17.3758322],[78.3676469,17.3758498]]]},"properties":{"household_id":"AS589-302","OBJECTID":0,"fid_1":207,"Area":257.372176341,"DSM":514.4978,"DTM":511,"HEIGHT":3.4978,"BuildingID":"56a02","BuiType":"Individual","StructType":"Permanent","NameOwnRep":"56a02","Contact":9912336666,"HNoPlotNo":"Deew villas","TPIN":null,"ColnyStrtN":"Deew villas","SyTsNo":"135","WardBlockN":null,"Use":"Residential","Extent":0,"PlinthArea":0,"Classifica":"Patta","Caste":"ST","FinanDepen":null,"HHSize":0,"NoAdults":0,"NoChild":0,"Govtbenefi":null,"Borewell":"No","Courtcase":"No","NameStruct":"Tin shes","ReliType":null,"Remarks":"Tin shed","CommStatus":null,"Trees":"No","location":null,"Occupation":"Retired","SkilledOcc":null,"Craftsmen":null,"ReliStruct":null,"Cremetoriu":null,"Email":null,"Date":"NaT","Time":null,"SurvyeorNa":null,"Survey_Dat":"2024/08/07 21:16:52.934","Survey_Loc":null,"UUID":null,"email_id":null,"Mandals":"Gandipet","Zone":"Buffer","Income":null,"AreaSqm":2.391,"Areatext":"23.9107532363846","Duplicate":"0","Dist":"Ranga Reddy","PCs":"Chevella","Assembly_C":"Rajendra Nagar","Affeceted_":"1899-12-30T00:00:00","S_Number":0,"S_Fall":"Roads","Zone_1":"Z1B S","Affected_S":"Buffer","Area_SQF":257.372176341,"Zonewise":"Z1B","no_of_Floo":1,"gis_geometry_geojson":"{\"type\":\"Polygon\",\"coordinates\":[[[78.3676469,17.3758498],[78.3676646,17.3758912],[78.3677067,17.375873],[78.3676874,17.3758322],[78.3676469,17.3758498]]]}"}},{"type":"Feature","id":"AS589-303","geometry":{"type":"Polygon","coordinates":[[[78.3669062,17.3762343],[78.3669142,17.3762683],[78.3669508,17.3762603],[78.3669428,17.3762263],[78.3669062,17.3762343]]]},"properties":{"household_id":"AS589-303","OBJECTID":0,"fid_1":211,"Area":165.717101922,"DSM":513.00165,"DTM":510,"HEIGHT":3.00165,"BuildingID":"a73a6","BuiType":"Individual","StructType":"Permanent","NameOwnRep":"a73a6","Contact":9912336666,"HNoPlotNo":null,"TPIN":null,"ColnyStrtN":"Dews villas","SyTsNo":"135","WardBlockN":"Manchirevula","Use":"Residential","Extent":0,"PlinthArea":0,"Classifica":"Patta","Caste":"ST","FinanDepen":"No","HHSize":0,"NoAdults":0,"NoChild":0,"Govtbenefi":"No","Borewell":"No","Courtcase":"No","NameStruct":"Play park","ReliType":null,"Remarks":"There is a play park of children Dews villa community","CommStatus":null,"Trees":"No","location":null,"Occupation":"Others","SkilledOcc":null,"Craftsmen":null,"ReliStruct":null,"Cremetoriu":null,"Email":null,"Date":"NaT","Time":null,"SurvyeorNa":null,"Survey_Dat":"2024/08/07 21:16:53.137","Survey_Loc":null,"UUID":null,"email_id":null,"Mandals":"Gandipet","Zone":"Buffer","Income":null,"AreaSqm":1.5395,"Areatext":"15.3956841312226","Duplicate":"0","Dist":"Ranga Reddy","PCs":"Chevella","Assembly_C":"Rajendra Nagar","Affeceted_":"1899-12-30T00:00:00","S_Number":0,"S_Fall":"Roads","Zone_1":"Z1B S","Affected_S":"Buffer","Area_SQF":165.717101922,"Zonewise":"Z1B","no_of_Floo":1,"gis_geometry_geojson":"{\"type\":\"Polygon\",\"coordinates\":[[[78.3669062,17.3762343],[78.3669142,17.3762683],[78.3669508,17.3762603],[78.3669428,17.3762263],[78.3669062,17.3762343]]]}"}},{"type":"Feature","id":"AS589-304","geometry":{"type":"Polygon","coordinates":[[[78.3991598,17.336714],[78.3992159,17.3367097],[78.3992051,17.3365727],[78.399149,17.3365768],[78.3991598,17.336714]]]},"properties":{"household_id":"AS589-304","OBJECTID":0,"fid_1":1044,"Area":980.0007339,"DSM":519.81873,"DTM":516.3056,"HEIGHT":3.51313,"BuildingID":"5a185","BuiType":null,"StructType":"Temporary","NameOwnRep":"5a185","Contact":9392267779,"HNoPlotNo":null,"TPIN":null,"ColnyStrtN":null,"SyTsNo":"492","WardBlockN":null,"Use":"Commercial","Extent":0,"PlinthArea":0,"Classifica":"Patta","Caste":null,"FinanDepen":null,"HHSize":0,"NoAdults":0,"NoChild":0,"Govtbenefi":"No","Borewell":"No","Courtcase":"No","NameStruct":"Cattle shad","ReliType":null,"Remarks":null,"CommStatus":null,"Trees":"No","location":null,"Occupation":null,"SkilledOcc":null,"Craftsmen":null,"ReliStruct":null,"Cremetoriu":null,"Email":null,"Date":"NaT","Time":null,"SurvyeorNa":null,"Survey_Dat":"2024/08/15 11:32:24.274","Survey_Loc":null,"UUID":null,"email_id":null,"Mandals":"Rajendra Nagar","Zone":"Buffer","Income":"BPL","AreaSqm":9.1045,"Areatext":"91.0454115628241","Duplicate":"0","Dist":"Ranga Reddy","PCs":"Chevella","Assembly_C":"Rajendra Nagar","Affeceted_":"1899-12-30T00:00:00","S_Number":0,"S_Fall":"Roads","Zone_1":"Z1A S","Affected_S":"Buffer","Area_SQF":980.0007339,"Zonewise":"Z1A","no_of_Floo":1,"gis_geometry_geojson":"{\"type\":\"Polygon\",\"coordinates\":[[[78.3991598,17.336714],[78.3992159,17.3367097],[78.3992051,17.3365727],[78.399149,17.3365768],[78.3991598,17.336714]]]}"}},{"type":"Feature","id":"AS589-305","geometry":{"type":"Polygon","coordinates":[[[78.3993266,17.3379325],[78.3993597,17.3379114],[78.3993378,17.3378797],[78.3993062,17.3378998],[78.3993266,17.3379325]]]},"properties":{"household_id":"AS589-305","OBJECTID":0,"fid_1":1045,"Area":187.432831544,"DSM":519.64038,"DTM":516,"HEIGHT":3.64038,"BuildingID":"32212","BuiType":null,"StructType":"Temporary","NameOwnRep":"32212","Contact":0,"HNoPlotNo":null,"TPIN":null,"ColnyStrtN":"Green city budwel","SyTsNo":"495","WardBlockN":null,"Use":"Religions","Extent":0,"PlinthArea":0,"Classifica":"Govt","Caste":null,"FinanDepen":null,"HHSize":0,"NoAdults":0,"NoChild":0,"Govtbenefi":null,"Borewell":"No","Courtcase":"No","NameStruct":"Open shed","ReliType":null,"Remarks":null,"CommStatus":null,"Trees":"No","location":null,"Occupation":null,"SkilledOcc":null,"Craftsmen":null,"ReliStruct":null,"Cremetoriu":null,"Email":null,"Date":"NaT","Time":null,"SurvyeorNa":null,"Survey_Dat":"2024/08/15 11:32:24.343","Survey_Loc":null,"UUID":null,"email_id":null,"Mandals":"Rajendra Nagar","Zone":"Buffer","Income":"BPL","AreaSqm":1.7413,"Areatext":"17.4131494987356","Duplicate":"0","Dist":"Ranga Reddy","PCs":"Chevella","Assembly_C":"Rajendra Nagar","Affeceted_":"1899-12-30T00:00:00","S_Number":0,"S_Fall":"Roads","Zone_1":"Z1A S","Affected_S":"Buffer","Area_SQF":187.432831544,"Zonewise":"Z1A","no_of_Floo":1,"gis_geometry_geojson":"{\"type\":\"Polygon\",\"coordinates\":[[[78.3993266,17.3379325],[78.3993597,17.3379114],[78.3993378,17.3378797],[78.3993062,17.3378998],[78.3993266,17.3379325]]]}"}},{"type":"Feature","id":"AS589-306","geometry":{"type":"Polygon","coordinates":[[[78.3995271,17.3379605],[78.39953,17.3379709],[78.3993557,17.338016],[78.3993702,17.3380836],[78.3994195,17.338074],[78.3994235,17.3380884],[78.3994747,17.3380769],[78.3994736,17.3380693],[78.3995022,17.3380641],[78.3995032,17.3380705],[78.3995167,17.3380675],[78.3995147,17.3380515],[78.3995489,17.3380439],[78.3995449,17.3380273],[78.3996214,17.3380076],[78.3996071,17.3379398],[78.3995271,17.3379605]]]},"properties":{"household_id":"AS589-306","OBJECTID":0,"fid_1":1046,"Area":2547.41525614,"DSM":519.64038,"DTM":516,"HEIGHT":3.64038,"BuildingID":"ca2d2","BuiType":null,"StructType":"Temporary","NameOwnRep":"ca2d2","Contact":8096461153,"HNoPlotNo":null,"TPIN":null,"ColnyStrtN":"New Green city colony","SyTsNo":"495","WardBlockN":null,"Use":"Commercial","Extent":0,"PlinthArea":0,"Classifica":"Patta","Caste":"OC","FinanDepen":"No","HHSize":0,"NoAdults":0,"NoChild":0,"Govtbenefi":"No","Borewell":"No","Courtcase":"No","NameStruct":"Sheds","ReliType":null,"Remarks":null,"CommStatus":null,"Trees":"No","location":null,"Occupation":null,"SkilledOcc":null,"Craftsmen":null,"ReliStruct":null,"Cremetoriu":null,"Email":null,"Date":"NaT","Time":null,"SurvyeorNa":null,"Survey_Dat":"2024/08/15 11:32:24.412","Survey_Loc":null,"UUID":null,"email_id":null,"Mandals":"Rajendra Nagar","Zone":"Buffer","Income":"BPL","AreaSqm":2.3666,"Areatext":"236.663568091561","Duplicate":"0","Dist":"Ranga Reddy","PCs":"Chevella","Assembly_C":"Rajendra Nagar","Affeceted_":"1899-12-30T00:00:00","S_Number":0,"S_Fall":"Roads","Zone_1":"Z1A S","Affected_S":"Buffer","Area_SQF":2547.41525614,"Zonewise":"Z1A","no_of_Floo":1,"gis_geometry_geojson":"{\"type\":\"Polygon\",\"coordinates\":[[[78.3995271,17.3379605],[78.39953,17.3379709],[78.3993557,17.338016],[78.3993702,17.3380836],[78.3994195,17.338074],[78.3994235,17.3380884],[78.3994747,17.3380769],[78.3994736,17.3380693],[78.3995022,17.3380641],[78.3995032,17.3380705],[78.3995167,17.3380675],[78.3995147,17.3380515],[78.3995489,17.3380439],[78.3995449,17.3380273],[78.3996214,17.3380076],[78.3996071,17.3379398],[78.3995271,17.3379605]]]}"}},{"type":"Feature","id":"AS589-307","geometry":{"type":"Polygon","coordinates":[[[78.4080031,17.3548225],[78.4080252,17.3548403],[78.4081189,17.3547329],[78.4080968,17.3547151],[78.4080031,17.3548225]]]},"properties":{"household_id":"AS589-307","OBJECTID":0,"fid_1":1005,"Area":511.854675738,"DSM":503.17606,"DTM":501,"HEIGHT":2.17606,"BuildingID":"2eedc","BuiType":null,"StructType":"Temporary","NameOwnRep":"2eedc","Contact":0,"HNoPlotNo":null,"TPIN":null,"ColnyStrtN":null,"SyTsNo":"136","WardBlockN":null,"Use":"Residential","Extent":0,"PlinthArea":0,"Classifica":"Patta","Caste":null,"FinanDepen":null,"HHSize":0,"NoAdults":0,"NoChild":0,"Govtbenefi":null,"Borewell":"No","Courtcase":"No","NameStruct":"Teens shed","ReliType":null,"Remarks":"Labour shed for Musi bridge construction purpose","CommStatus":null,"Trees":"No","location":null,"Occupation":null,"SkilledOcc":null,"Craftsmen":null,"ReliStruct":null,"Cremetoriu":null,"Email":null,"Date":"NaT","Time":null,"SurvyeorNa":null,"Survey_Dat":"2024/08/13 16:40:53.239","Survey_Loc":null,"UUID":null,"email_id":null,"Mandals":"Rajendra Nagar","Zone":"Buffer","Income":"BPL","AreaSqm":4.7553,"Areatext":"47.5530456262492","Duplicate":"0","Dist":"Ranga Reddy","PCs":"Chevella","Assembly_C":"Rajendra Nagar","Affeceted_":"1899-12-30T00:00:00","S_Number":0,"S_Fall":"Roads","Zone_1":"Z1A S","Affected_S":"Buffer","Area_SQF":511.854675738,"Zonewise":"Z1A","no_of_Floo":1,"gis_geometry_geojson":"{\"type\":\"Polygon\",\"coordinates\":[[[78.4080031,17.3548225],[78.4080252,17.3548403],[78.4081189,17.3547329],[78.4080968,17.3547151],[78.4080031,17.3548225]]]}"}},{"type":"Feature","id":"AS589-308","geometry":{"type":"Polygon","coordinates":[[[78.3406002,17.3724188],[78.340487,17.3723707],[78.3404592,17.372433],[78.3405717,17.3724807],[78.3406002,17.3724188]]]},"properties":{"household_id":"AS589-308","OBJECTID":72,"fid_1":0,"Area":1058.07999493,"DSM":528.26385,"DTM":525,"HEIGHT":3.26385,"BuildingID":null,"BuiType":null,"StructType":"Permanent","NameOwnRep":null,"Contact":0,"HNoPlotNo":null,"TPIN":null,"ColnyStrtN":null,"SyTsNo":null,"WardBlockN":null,"Use":"Residential","Extent":0,"PlinthArea":0,"Classifica":null,"Caste":null,"FinanDepen":null,"HHSize":0,"NoAdults":0,"NoChild":0,"Govtbenefi":null,"Borewell":null,"Courtcase":null,"NameStruct":null,"ReliType":null,"Remarks":null,"CommStatus":null,"Trees":null,"location":null,"Occupation":null,"SkilledOcc":null,"Craftsmen":null,"ReliStruct":null,"Cremetoriu":null,"Email":null,"Date":"1899-12-30T00:00:00","Time":null,"SurvyeorNa":null,"Survey_Dat":null,"Survey_Loc":null,"UUID":null,"email_id":null,"Mandals":null,"Zone":"Zone 1","Income":null,"AreaSqm":0,"Areatext":null,"Duplicate":null,"Dist":"As per new Alignment","PCs":null,"Assembly_C":null,"Affeceted_":"1899-12-30T00:00:00","S_Number":0,"S_Fall":"Roads","Zone_1":"Z1B S","Affected_S":"Buffer","Area_SQF":1058.07999493,"Zonewise":"Z1B","no_of_Floo":1,"gis_geometry_geojson":"{\"type\":\"Polygon\",\"coordinates\":[[[78.3406002,17.3724188],[78.340487,17.3723707],[78.3404592,17.372433],[78.3405717,17.3724807],[78.3406002,17.3724188]]]}"}},{"type":"Feature","id":"AS589-309","geometry":{"type":"Polygon","coordinates":[[[78.3414755,17.3815297],[78.3414725,17.3815118],[78.3414261,17.3815193],[78.3414286,17.3815365],[78.3414755,17.3815297]]]},"properties":{"household_id":"AS589-309","OBJECTID":120,"fid_1":0,"Area":106.506427198,"DSM":525.44617,"DTM":523,"HEIGHT":2.44617,"BuildingID":null,"BuiType":null,"StructType":"Temporary","NameOwnRep":null,"Contact":0,"HNoPlotNo":null,"TPIN":null,"ColnyStrtN":null,"SyTsNo":null,"WardBlockN":null,"Use":"Temp","Extent":0,"PlinthArea":0,"Classifica":null,"Caste":null,"FinanDepen":null,"HHSize":0,"NoAdults":0,"NoChild":0,"Govtbenefi":null,"Borewell":null,"Courtcase":null,"NameStruct":null,"ReliType":null,"Remarks":"Temporary Structure","CommStatus":null,"Trees":null,"location":null,"Occupation":null,"SkilledOcc":null,"Craftsmen":null,"ReliStruct":null,"Cremetoriu":null,"Email":null,"Date":"1899-12-30T00:00:00","Time":null,"SurvyeorNa":null,"Survey_Dat":null,"Survey_Loc":null,"UUID":null,"email_id":null,"Mandals":null,"Zone":"Zone 1","Income":null,"AreaSqm":0,"Areatext":null,"Duplicate":null,"Dist":"As per new Alignment","PCs":null,"Assembly_C":null,"Affeceted_":"1899-12-30T00:00:00","S_Number":0,"S_Fall":"Roads","Zone_1":"Z1B N","Affected_S":"Buffer","Area_SQF":106.506427198,"Zonewise":"Z1B","no_of_Floo":1,"gis_geometry_geojson":"{\"type\":\"Polygon\",\"coordinates\":[[[78.3414755,17.3815297],[78.3414725,17.3815118],[78.3414261,17.3815193],[78.3414286,17.3815365],[78.3414755,17.3815297]]]}"}},{"type":"Feature","id":"AS589-310","geometry":{"type":"Polygon","coordinates":[[[78.3414157,17.3816946],[78.3414152,17.3816638],[78.341394,17.3816641],[78.3413945,17.3816949],[78.3414157,17.3816946]]]},"properties":{"household_id":"AS589-310","OBJECTID":121,"fid_1":0,"Area":82.6070800647,"DSM":525.44617,"DTM":523,"HEIGHT":2.44617,"BuildingID":null,"BuiType":null,"StructType":"Temporary","NameOwnRep":null,"Contact":0,"HNoPlotNo":null,"TPIN":null,"ColnyStrtN":null,"SyTsNo":null,"WardBlockN":null,"Use":"Temp","Extent":0,"PlinthArea":0,"Classifica":null,"Caste":null,"FinanDepen":null,"HHSize":0,"NoAdults":0,"NoChild":0,"Govtbenefi":null,"Borewell":null,"Courtcase":null,"NameStruct":null,"ReliType":null,"Remarks":"Temporary Structure","CommStatus":null,"Trees":null,"location":null,"Occupation":null,"SkilledOcc":null,"Craftsmen":null,"ReliStruct":null,"Cremetoriu":null,"Email":null,"Date":"1899-12-30T00:00:00","Time":null,"SurvyeorNa":null,"Survey_Dat":null,"Survey_Loc":null,"UUID":null,"email_id":null,"Mandals":null,"Zone":"Zone 1","Income":null,"AreaSqm":0,"Areatext":null,"Duplicate":null,"Dist":"As per new Alignment","PCs":null,"Assembly_C":null,"Affeceted_":"1899-12-30T00:00:00","S_Number":0,"S_Fall":"Roads","Zone_1":"Z1B N","Affected_S":"Buffer","Area_SQF":82.6070800647,"Zonewise":"Z1B","no_of_Floo":1,"gis_geometry_geojson":"{\"type\":\"Polygon\",\"coordinates\":[[[78.3414157,17.3816946],[78.3414152,17.3816638],[78.341394,17.3816641],[78.3413945,17.3816949],[78.3414157,17.3816946]]]}"}},{"type":"Feature","id":"AS589-311","geometry":{"type":"Polygon","coordinates":[[[78.3501442,17.3852348],[78.3501896,17.3852305],[78.350186,17.3851738],[78.3501693,17.3851753],[78.3501833,17.3850958],[78.3501414,17.385088],[78.3501265,17.3851732],[78.3501561,17.3851773],[78.3501379,17.3851799],[78.3501442,17.3852348]]]},"properties":{"household_id":"AS589-311","OBJECTID":135,"fid_1":0,"Area":793.418113316,"DSM":517.96558,"DTM":514,"HEIGHT":3.96558,"BuildingID":null,"BuiType":null,"StructType":"Temporary","NameOwnRep":null,"Contact":0,"HNoPlotNo":null,"TPIN":null,"ColnyStrtN":null,"SyTsNo":null,"WardBlockN":null,"Use":"Temp","Extent":0,"PlinthArea":0,"Classifica":null,"Caste":null,"FinanDepen":null,"HHSize":0,"NoAdults":0,"NoChild":0,"Govtbenefi":null,"Borewell":null,"Courtcase":null,"NameStruct":null,"ReliType":null,"Remarks":null,"CommStatus":null,"Trees":null,"location":null,"Occupation":null,"SkilledOcc":null,"Craftsmen":null,"ReliStruct":null,"Cremetoriu":null,"Email":null,"Date":"1899-12-30T00:00:00","Time":null,"SurvyeorNa":null,"Survey_Dat":null,"Survey_Loc":null,"UUID":null,"email_id":"RiverBasin","Mandals":null,"Zone":null,"Income":null,"AreaSqm":0,"Areatext":null,"Duplicate":null,"Dist":"As per new Alignment","PCs":null,"Assembly_C":null,"Affeceted_":"1899-12-30T00:00:00","S_Number":0,"S_Fall":"Roads","Zone_1":"Z1B N","Affected_S":"Buffer","Area_SQF":793.418113316,"Zonewise":"Z1B","no_of_Floo":1,"gis_geometry_geojson":"{\"type\":\"Polygon\",\"coordinates\":[[[78.3501442,17.3852348],[78.3501896,17.3852305],[78.350186,17.3851738],[78.3501693,17.3851753],[78.3501833,17.3850958],[78.3501414,17.385088],[78.3501265,17.3851732],[78.3501561,17.3851773],[78.3501379,17.3851799],[78.3501442,17.3852348]]]}"}},{"type":"Feature","id":"AS589-312","geometry":{"type":"Polygon","coordinates":[[[78.3494259,17.3852373],[78.3494668,17.3852399],[78.3494688,17.3852109],[78.3494279,17.3852083],[78.3494259,17.3852373]]]},"properties":{"household_id":"AS589-312","OBJECTID":137,"fid_1":0,"Area":151.24905782,"DSM":520.2572,"DTM":513,"HEIGHT":7.2572,"BuildingID":null,"BuiType":null,"StructType":"Temporary","NameOwnRep":null,"Contact":0,"HNoPlotNo":null,"TPIN":null,"ColnyStrtN":null,"SyTsNo":null,"WardBlockN":null,"Use":"Temp","Extent":0,"PlinthArea":0,"Classifica":null,"Caste":null,"FinanDepen":null,"HHSize":0,"NoAdults":0,"NoChild":0,"Govtbenefi":null,"Borewell":null,"Courtcase":null,"NameStruct":null,"ReliType":null,"Remarks":null,"CommStatus":null,"Trees":null,"location":null,"Occupation":null,"SkilledOcc":null,"Craftsmen":null,"ReliStruct":null,"Cremetoriu":null,"Email":null,"Date":"1899-12-30T00:00:00","Time":null,"SurvyeorNa":null,"Survey_Dat":null,"Survey_Loc":null,"UUID":null,"email_id":null,"Mandals":null,"Zone":null,"Income":null,"AreaSqm":0,"Areatext":null,"Duplicate":null,"Dist":"As per new Alignment","PCs":null,"Assembly_C":null,"Affeceted_":"1899-12-30T00:00:00","S_Number":0,"S_Fall":"Roads","Zone_1":"Z1B N","Affected_S":"Buffer","Area_SQF":302.49811564,"Zonewise":"Z1B","no_of_Floo":2,"gis_geometry_geojson":"{\"type\":\"Polygon\",\"coordinates\":[[[78.3494259,17.3852373],[78.3494668,17.3852399],[78.3494688,17.3852109],[78.3494279,17.3852083],[78.3494259,17.3852373]]]}"}},{"type":"Feature","id":"AS589-313","geometry":{"type":"Polygon","coordinates":[[[78.3487781,17.3852757],[78.3488646,17.385268],[78.3488618,17.3852391],[78.3487753,17.3852468],[78.3487781,17.3852757]]]},"properties":{"household_id":"AS589-313","OBJECTID":138,"fid_1":0,"Area":319.727759985,"DSM":519.8808,"DTM":513,"HEIGHT":6.8808,"BuildingID":null,"BuiType":null,"StructType":"Temporary","NameOwnRep":null,"Contact":0,"HNoPlotNo":null,"TPIN":null,"ColnyStrtN":null,"SyTsNo":null,"WardBlockN":null,"Use":"Temp","Extent":0,"PlinthArea":0,"Classifica":null,"Caste":null,"FinanDepen":null,"HHSize":0,"NoAdults":0,"NoChild":0,"Govtbenefi":null,"Borewell":null,"Courtcase":null,"NameStruct":null,"ReliType":null,"Remarks":null,"CommStatus":null,"Trees":null,"location":null,"Occupation":null,"SkilledOcc":null,"Craftsmen":null,"ReliStruct":null,"Cremetoriu":null,"Email":null,"Date":"1899-12-30T00:00:00","Time":null,"SurvyeorNa":null,"Survey_Dat":null,"Survey_Loc":null,"UUID":null,"email_id":null,"Mandals":null,"Zone":null,"Income":null,"AreaSqm":0,"Areatext":null,"Duplicate":null,"Dist":"As per new Alignment","PCs":null,"Assembly_C":null,"Affeceted_":"1899-12-30T00:00:00","S_Number":0,"S_Fall":"Roads","Zone_1":"Z1B N","Affected_S":"Buffer","Area_SQF":639.45551997,"Zonewise":"Z1B","no_of_Floo":2,"gis_geometry_geojson":"{\"type\":\"Polygon\",\"coordinates\":[[[78.3487781,17.3852757],[78.3488646,17.385268],[78.3488618,17.3852391],[78.3487753,17.3852468],[78.3487781,17.3852757]]]}"}},{"type":"Feature","id":"AS589-314","geometry":{"type":"Polygon","coordinates":[[[78.3494625,17.3838614],[78.3495058,17.3839347],[78.3495446,17.3839137],[78.3495023,17.3838415],[78.3494625,17.3838614]]]},"properties":{"household_id":"AS589-314","OBJECTID":125,"fid_1":0,"Area":473.539564273,"DSM":522.7298,"DTM":513.115760911,"HEIGHT":9.614039089,"BuildingID":null,"BuiType":null,"StructType":"Temporary","NameOwnRep":null,"Contact":0,"HNoPlotNo":null,"TPIN":null,"ColnyStrtN":null,"SyTsNo":null,"WardBlockN":null,"Use":"Commercial","Extent":0,"PlinthArea":0,"Classifica":null,"Caste":null,"FinanDepen":null,"HHSize":0,"NoAdults":0,"NoChild":0,"Govtbenefi":null,"Borewell":null,"Courtcase":null,"NameStruct":null,"ReliType":null,"Remarks":null,"CommStatus":null,"Trees":null,"location":null,"Occupation":null,"SkilledOcc":null,"Craftsmen":null,"ReliStruct":null,"Cremetoriu":null,"Email":null,"Date":"1899-12-30T00:00:00","Time":null,"SurvyeorNa":null,"Survey_Dat":null,"Survey_Loc":null,"UUID":null,"email_id":null,"Mandals":null,"Zone":null,"Income":null,"AreaSqm":0,"Areatext":null,"Duplicate":null,"Dist":"As per new Alignment","PCs":null,"Assembly_C":null,"Affeceted_":"1899-12-30T00:00:00","S_Number":0,"S_Fall":"Roads","Zone_1":"Z1B S","Affected_S":"Buffer","Area_SQF":1420.61869282,"Zonewise":"Z1B","no_of_Floo":3,"gis_geometry_geojson":"{\"type\":\"Polygon\",\"coordinates\":[[[78.3494625,17.3838614],[78.3495058,17.3839347],[78.3495446,17.3839137],[78.3495023,17.3838415],[78.3494625,17.3838614]]]}"}},{"type":"Feature","id":"AS589-315","geometry":{"type":"Polygon","coordinates":[[[78.3489182,17.3838806],[78.348928,17.3839245],[78.3489587,17.3839188],[78.3489497,17.3838721],[78.3489182,17.3838806]]]},"properties":{"household_id":"AS589-315","OBJECTID":126,"fid_1":0,"Area":186.920166089,"DSM":523.639,"DTM":513.286085552,"HEIGHT":10.352914448,"BuildingID":null,"BuiType":null,"StructType":"Temporary","NameOwnRep":null,"Contact":0,"HNoPlotNo":null,"TPIN":null,"ColnyStrtN":null,"SyTsNo":null,"WardBlockN":null,"Use":"Commercial","Extent":0,"PlinthArea":0,"Classifica":null,"Caste":null,"FinanDepen":null,"HHSize":0,"NoAdults":0,"NoChild":0,"Govtbenefi":null,"Borewell":null,"Courtcase":null,"NameStruct":null,"ReliType":null,"Remarks":null,"CommStatus":null,"Trees":null,"location":null,"Occupation":null,"SkilledOcc":null,"Craftsmen":null,"ReliStruct":null,"Cremetoriu":null,"Email":null,"Date":"1899-12-30T00:00:00","Time":null,"SurvyeorNa":null,"Survey_Dat":null,"Survey_Loc":null,"UUID":null,"email_id":null,"Mandals":null,"Zone":null,"Income":null,"AreaSqm":0,"Areatext":null,"Duplicate":null,"Dist":"As per new Alignment","PCs":null,"Assembly_C":null,"Affeceted_":"1899-12-30T00:00:00","S_Number":0,"S_Fall":"Roads","Zone_1":"Z1B S","Affected_S":"Buffer","Area_SQF":560.760498267,"Zonewise":"Z1B","no_of_Floo":3,"gis_geometry_geojson":"{\"type\":\"Polygon\",\"coordinates\":[[[78.3489182,17.3838806],[78.348928,17.3839245],[78.3489587,17.3839188],[78.3489497,17.3838721],[78.3489182,17.3838806]]]}"}},{"type":"Feature","id":"AS589-316","geometry":{"type":"Polygon","coordinates":[[[78.3493799,17.3839168],[78.3494302,17.3839977],[78.349519,17.3839473],[78.3494683,17.3838713],[78.3493799,17.3839168]]]},"properties":{"household_id":"AS589-316","OBJECTID":145,"fid_1":0,"Area":1188.78803156,"DSM":522.7139,"DTM":513.06464813,"HEIGHT":9.64925187,"BuildingID":null,"BuiType":null,"StructType":"Temporary","NameOwnRep":null,"Contact":0,"HNoPlotNo":null,"TPIN":null,"ColnyStrtN":null,"SyTsNo":null,"WardBlockN":null,"Use":"Commercial","Extent":0,"PlinthArea":0,"Classifica":null,"Caste":null,"FinanDepen":null,"HHSize":0,"NoAdults":0,"NoChild":0,"Govtbenefi":null,"Borewell":null,"Courtcase":null,"NameStruct":null,"ReliType":null,"Remarks":null,"CommStatus":null,"Trees":null,"location":null,"Occupation":null,"SkilledOcc":null,"Craftsmen":null,"ReliStruct":null,"Cremetoriu":null,"Email":null,"Date":"1899-12-30T00:00:00","Time":null,"SurvyeorNa":null,"Survey_Dat":null,"Survey_Loc":null,"UUID":null,"email_id":null,"Mandals":null,"Zone":null,"Income":null,"AreaSqm":0,"Areatext":null,"Duplicate":null,"Dist":"As per new Alignment","PCs":null,"Assembly_C":null,"Affeceted_":"1899-12-30T00:00:00","S_Number":0,"S_Fall":"Roads","Zone_1":"Z1B S","Affected_S":"Buffer","Area_SQF":3566.36409468,"Zonewise":"Z1B","no_of_Floo":3,"gis_geometry_geojson":"{\"type\":\"Polygon\",\"coordinates\":[[[78.3493799,17.3839168],[78.3494302,17.3839977],[78.349519,17.3839473],[78.3494683,17.3838713],[78.3493799,17.3839168]]]}"}},{"type":"Feature","id":"AS589-317","geometry":{"type":"Polygon","coordinates":[[[78.3547009,17.382158],[78.354871,17.3825148],[78.3549351,17.382488],[78.354765,17.382133],[78.3547009,17.382158]]]},"properties":{"household_id":"AS589-317","OBJECTID":147,"fid_1":0,"Area":3449.07407435,"DSM":516.9492,"DTM":512.175117256,"HEIGHT":4.774082744,"BuildingID":null,"BuiType":null,"StructType":"Temporary","NameOwnRep":null,"Contact":0,"HNoPlotNo":null,"TPIN":null,"ColnyStrtN":null,"SyTsNo":null,"WardBlockN":null,"Use":"Commercial","Extent":0,"PlinthArea":0,"Classifica":null,"Caste":null,"FinanDepen":null,"HHSize":0,"NoAdults":0,"NoChild":0,"Govtbenefi":null,"Borewell":null,"Courtcase":null,"NameStruct":null,"ReliType":null,"Remarks":null,"CommStatus":null,"Trees":null,"location":null,"Occupation":null,"SkilledOcc":null,"Craftsmen":null,"ReliStruct":null,"Cremetoriu":null,"Email":null,"Date":"1899-12-30T00:00:00","Time":null,"SurvyeorNa":null,"Survey_Dat":null,"Survey_Loc":null,"UUID":null,"email_id":"RiverBasin","Mandals":null,"Zone":null,"Income":null,"AreaSqm":0,"Areatext":null,"Duplicate":null,"Dist":"As per new Alignment","PCs":null,"Assembly_C":null,"Affeceted_":"1899-12-30T00:00:00","S_Number":0,"S_Fall":"Roads","Zone_1":"Z1B N","Affected_S":"Buffer","Area_SQF":6898.1481487,"Zonewise":"Z1B","no_of_Floo":2,"gis_geometry_geojson":"{\"type\":\"Polygon\",\"coordinates\":[[[78.3547009,17.382158],[78.354871,17.3825148],[78.3549351,17.382488],[78.354765,17.382133],[78.3547009,17.382158]]]}"}},{"type":"Feature","id":"AS589-318","geometry":{"type":"Polygon","coordinates":[[[78.3546739,17.3823029],[78.354788,17.3825424],[78.35486,17.3825175],[78.354743,17.3822742],[78.3546739,17.3823029]]]},"properties":{"household_id":"AS589-318","OBJECTID":148,"fid_1":0,"Area":2551.23939088,"DSM":514.0374,"DTM":512.181494308,"HEIGHT":1.855905692,"BuildingID":null,"BuiType":null,"StructType":"Temporary","NameOwnRep":null,"Contact":0,"HNoPlotNo":null,"TPIN":null,"ColnyStrtN":null,"SyTsNo":null,"WardBlockN":null,"Use":"Commercial","Extent":0,"PlinthArea":0,"Classifica":null,"Caste":null,"FinanDepen":null,"HHSize":0,"NoAdults":0,"NoChild":0,"Govtbenefi":null,"Borewell":null,"Courtcase":null,"NameStruct":null,"ReliType":null,"Remarks":null,"CommStatus":null,"Trees":null,"location":null,"Occupation":null,"SkilledOcc":null,"Craftsmen":null,"ReliStruct":null,"Cremetoriu":null,"Email":null,"Date":"1899-12-30T00:00:00","Time":null,"SurvyeorNa":null,"Survey_Dat":null,"Survey_Loc":null,"UUID":null,"email_id":null,"Mandals":null,"Zone":null,"Income":null,"AreaSqm":0,"Areatext":null,"Duplicate":null,"Dist":"As per new Alignment","PCs":null,"Assembly_C":null,"Affeceted_":"1899-12-30T00:00:00","S_Number":0,"S_Fall":"Roads","Zone_1":"Z1B N","Affected_S":"Buffer","Area_SQF":2551.23939088,"Zonewise":"Z1B","no_of_Floo":1,"gis_geometry_geojson":"{\"type\":\"Polygon\",\"coordinates\":[[[78.3546739,17.3823029],[78.354788,17.3825424],[78.35486,17.3825175],[78.354743,17.3822742],[78.3546739,17.3823029]]]}"}},{"type":"Feature","id":"AS589-319","geometry":{"type":"Polygon","coordinates":[[[78.3561729,17.3818786],[78.3561691,17.3818651],[78.3561529,17.3818694],[78.3561495,17.3818577],[78.3560931,17.3818726],[78.3561099,17.3819312],[78.3561663,17.3819162],[78.3561567,17.3818828],[78.3561729,17.3818786]]]},"properties":{"household_id":"AS589-319","OBJECTID":118,"fid_1":0,"Area":480.018388288,"DSM":515.02228,"DTM":511,"HEIGHT":4.02228,"BuildingID":null,"BuiType":null,"StructType":"Permanent","NameOwnRep":null,"Contact":0,"HNoPlotNo":null,"TPIN":null,"ColnyStrtN":null,"SyTsNo":null,"WardBlockN":null,"Use":"Residential","Extent":0,"PlinthArea":0,"Classifica":null,"Caste":null,"FinanDepen":null,"HHSize":0,"NoAdults":0,"NoChild":0,"Govtbenefi":null,"Borewell":null,"Courtcase":null,"NameStruct":null,"ReliType":null,"Remarks":"Temporary Structure","CommStatus":null,"Trees":null,"location":null,"Occupation":null,"SkilledOcc":null,"Craftsmen":null,"ReliStruct":null,"Cremetoriu":null,"Email":null,"Date":"1899-12-30T00:00:00","Time":null,"SurvyeorNa":null,"Survey_Dat":null,"Survey_Loc":null,"UUID":null,"email_id":null,"Mandals":null,"Zone":"Zone 1","Income":null,"AreaSqm":0,"Areatext":null,"Duplicate":null,"Dist":"As per new Alignment","PCs":null,"Assembly_C":null,"Affeceted_":"1899-12-30T00:00:00","S_Number":0,"S_Fall":"Roads","Zone_1":"Z1B N","Affected_S":"Buffer","Area_SQF":480.018388288,"Zonewise":"Z1B","no_of_Floo":1,"gis_geometry_geojson":"{\"type\":\"Polygon\",\"coordinates\":[[[78.3561729,17.3818786],[78.3561691,17.3818651],[78.3561529,17.3818694],[78.3561495,17.3818577],[78.3560931,17.3818726],[78.3561099,17.3819312],[78.3561663,17.3819162],[78.3561567,17.3818828],[78.3561729,17.3818786]]]}"}},{"type":"Feature","id":"AS589-320","geometry":{"type":"Polygon","coordinates":[[[78.3592428,17.3802531],[78.3592778,17.3803724],[78.3593296,17.3803618],[78.3592965,17.3802407],[78.3592428,17.3802531]]]},"properties":{"household_id":"AS589-320","OBJECTID":146,"fid_1":0,"Area":853.409001579,"DSM":512.342,"DTM":507.597724637,"HEIGHT":4.744275363,"BuildingID":null,"BuiType":null,"StructType":"Temporary","NameOwnRep":null,"Contact":0,"HNoPlotNo":null,"TPIN":null,"ColnyStrtN":null,"SyTsNo":null,"WardBlockN":null,"Use":"Commercial","Extent":0,"PlinthArea":0,"Classifica":null,"Caste":null,"FinanDepen":null,"HHSize":0,"NoAdults":0,"NoChild":0,"Govtbenefi":null,"Borewell":null,"Courtcase":null,"NameStruct":null,"ReliType":null,"Remarks":null,"CommStatus":null,"Trees":null,"location":null,"Occupation":null,"SkilledOcc":null,"Craftsmen":null,"ReliStruct":null,"Cremetoriu":null,"Email":null,"Date":"1899-12-30T00:00:00","Time":null,"SurvyeorNa":null,"Survey_Dat":null,"Survey_Loc":null,"UUID":null,"email_id":"RiverBasin","Mandals":null,"Zone":null,"Income":null,"AreaSqm":0,"Areatext":null,"Duplicate":null,"Dist":"As per new Alignment","PCs":null,"Assembly_C":null,"Affeceted_":"1899-12-30T00:00:00","S_Number":0,"S_Fall":"Roads","Zone_1":"Z1B S","Affected_S":"RIVER","Area_SQF":1706.81800316,"Zonewise":"Z1B","no_of_Floo":2,"gis_geometry_geojson":"{\"type\":\"Polygon\",\"coordinates\":[[[78.3592428,17.3802531],[78.3592778,17.3803724],[78.3593296,17.3803618],[78.3592965,17.3802407],[78.3592428,17.3802531]]]}"}},{"type":"Feature","id":"AS589-321","geometry":{"type":"Polygon","coordinates":[[[78.3621109,17.3809214],[78.3620845,17.3809304],[78.3620818,17.3809363],[78.3621012,17.3809781],[78.3620877,17.380985],[78.3621012,17.3810199],[78.3621047,17.3810607],[78.3621617,17.3810427],[78.362143,17.3809864],[78.3621109,17.3809214]]]},"properties":{"household_id":"AS589-321","OBJECTID":129,"fid_1":0,"Area":729.390914291,"DSM":515.8597,"DTM":508.606217108,"HEIGHT":7.253482892,"BuildingID":null,"BuiType":null,"StructType":"Temporary","NameOwnRep":null,"Contact":0,"HNoPlotNo":null,"TPIN":null,"ColnyStrtN":null,"SyTsNo":null,"WardBlockN":null,"Use":"Commercial","Extent":0,"PlinthArea":0,"Classifica":null,"Caste":null,"FinanDepen":null,"HHSize":0,"NoAdults":0,"NoChild":0,"Govtbenefi":null,"Borewell":null,"Courtcase":null,"NameStruct":null,"ReliType":null,"Remarks":null,"CommStatus":null,"Trees":null,"location":null,"Occupation":null,"SkilledOcc":null,"Craftsmen":null,"ReliStruct":null,"Cremetoriu":null,"Email":null,"Date":"1899-12-30T00:00:00","Time":null,"SurvyeorNa":null,"Survey_Dat":null,"Survey_Loc":null,"UUID":null,"email_id":null,"Mandals":null,"Zone":null,"Income":null,"AreaSqm":0,"Areatext":null,"Duplicate":null,"Dist":"As per new Alignment","PCs":null,"Assembly_C":null,"Affeceted_":"1899-12-30T00:00:00","S_Number":0,"S_Fall":"Roads","Zone_1":"Z1B N","Affected_S":"Buffer","Area_SQF":1458.78182858,"Zonewise":"Z1B","no_of_Floo":2,"gis_geometry_geojson":"{\"type\":\"Polygon\",\"coordinates\":[[[78.3621109,17.3809214],[78.3620845,17.3809304],[78.3620818,17.3809363],[78.3621012,17.3809781],[78.3620877,17.380985],[78.3621012,17.3810199],[78.3621047,17.3810607],[78.3621617,17.3810427],[78.362143,17.3809864],[78.3621109,17.3809214]]]}"}},{"type":"Feature","id":"AS589-322","geometry":{"type":"Polygon","coordinates":[[[78.3666977,17.3764047],[78.3666748,17.3763364],[78.3666423,17.3763464],[78.3666652,17.3764148],[78.3666977,17.3764047]]]},"properties":{"household_id":"AS589-322","OBJECTID":102,"fid_1":0,"Area":310.572883554,"DSM":525.54407,"DTM":511,"HEIGHT":14.54407,"BuildingID":null,"BuiType":null,"StructType":"Permanent","NameOwnRep":null,"Contact":0,"HNoPlotNo":null,"TPIN":null,"ColnyStrtN":null,"SyTsNo":null,"WardBlockN":null,"Use":"Residential","Extent":0,"PlinthArea":0,"Classifica":null,"Caste":null,"FinanDepen":null,"HHSize":0,"NoAdults":0,"NoChild":0,"Govtbenefi":null,"Borewell":null,"Courtcase":null,"NameStruct":null,"ReliType":null,"Remarks":null,"CommStatus":null,"Trees":null,"location":null,"Occupation":null,"SkilledOcc":null,"Craftsmen":null,"ReliStruct":null,"Cremetoriu":null,"Email":null,"Date":"1899-12-30T00:00:00","Time":null,"SurvyeorNa":null,"Survey_Dat":null,"Survey_Loc":null,"UUID":null,"email_id":null,"Mandals":null,"Zone":"Zone 1","Income":null,"AreaSqm":0,"Areatext":null,"Duplicate":null,"Dist":"As per new Alignment","PCs":null,"Assembly_C":null,"Affeceted_":"1899-12-30T00:00:00","S_Number":0,"S_Fall":"Roads","Zone_1":"Z1B S","Affected_S":"Buffer","Area_SQF":1552.86441777,"Zonewise":"Z1B","no_of_Floo":5,"gis_geometry_geojson":"{\"type\":\"Polygon\",\"coordinates\":[[[78.3666977,17.3764047],[78.3666748,17.3763364],[78.3666423,17.3763464],[78.3666652,17.3764148],[78.3666977,17.3764047]]]}"}},{"type":"Feature","id":"AS589-323","geometry":{"type":"Polygon","coordinates":[[[78.3909645,17.3704965],[78.3909178,17.3704911],[78.3909147,17.3705191],[78.3909623,17.370524],[78.3909645,17.3704965]]]},"properties":{"household_id":"AS589-323","OBJECTID":94,"fid_1":0,"Area":167.476698373,"DSM":506.91882,"DTM":504,"HEIGHT":2.91882,"BuildingID":null,"BuiType":null,"StructType":"Permanent","NameOwnRep":null,"Contact":0,"HNoPlotNo":null,"TPIN":null,"ColnyStrtN":null,"SyTsNo":null,"WardBlockN":null,"Use":"Residential","Extent":0,"PlinthArea":0,"Classifica":null,"Caste":null,"FinanDepen":null,"HHSize":0,"NoAdults":0,"NoChild":0,"Govtbenefi":null,"Borewell":null,"Courtcase":null,"NameStruct":null,"ReliType":null,"Remarks":"Temporary Structures","CommStatus":null,"Trees":null,"location":null,"Occupation":null,"SkilledOcc":null,"Craftsmen":null,"ReliStruct":null,"Cremetoriu":null,"Email":null,"Date":"1899-12-30T00:00:00","Time":null,"SurvyeorNa":null,"Survey_Dat":null,"Survey_Loc":null,"UUID":null,"email_id":null,"Mandals":null,"Zone":"Zone 1","Income":null,"AreaSqm":0,"Areatext":null,"Duplicate":null,"Dist":"As per new Alignment","PCs":null,"Assembly_C":null,"Affeceted_":"1899-12-30T00:00:00","S_Number":0,"S_Fall":"Roads","Zone_1":"Z1B S","Affected_S":"Buffer","Area_SQF":167.476698373,"Zonewise":"Z1B","no_of_Floo":1,"gis_geometry_geojson":"{\"type\":\"Polygon\",\"coordinates\":[[[78.3909645,17.3704965],[78.3909178,17.3704911],[78.3909147,17.3705191],[78.3909623,17.370524],[78.3909645,17.3704965]]]}"}},{"type":"Feature","id":"AS589-324","geometry":{"type":"Polygon","coordinates":[[[78.3907417,17.3705055],[78.3906903,17.3704981],[78.3906842,17.3705334],[78.3907362,17.3705408],[78.3907417,17.3705055]]]},"properties":{"household_id":"AS589-324","OBJECTID":95,"fid_1":0,"Area":237.060309931,"DSM":506.91882,"DTM":504,"HEIGHT":2.91882,"BuildingID":null,"BuiType":null,"StructType":"Permanent","NameOwnRep":null,"Contact":0,"HNoPlotNo":null,"TPIN":null,"ColnyStrtN":null,"SyTsNo":null,"WardBlockN":null,"Use":"Residential","Extent":0,"PlinthArea":0,"Classifica":null,"Caste":null,"FinanDepen":null,"HHSize":0,"NoAdults":0,"NoChild":0,"Govtbenefi":null,"Borewell":null,"Courtcase":null,"NameStruct":null,"ReliType":null,"Remarks":"Temporary Structures","CommStatus":null,"Trees":null,"location":null,"Occupation":null,"SkilledOcc":null,"Craftsmen":null,"ReliStruct":null,"Cremetoriu":null,"Email":null,"Date":"1899-12-30T00:00:00","Time":null,"SurvyeorNa":null,"Survey_Dat":null,"Survey_Loc":null,"UUID":null,"email_id":null,"Mandals":null,"Zone":"Zone 1","Income":null,"AreaSqm":0,"Areatext":null,"Duplicate":null,"Dist":"As per new Alignment","PCs":null,"Assembly_C":null,"Affeceted_":"1899-12-30T00:00:00","S_Number":0,"S_Fall":"Roads","Zone_1":"Z1B S","Affected_S":"Buffer","Area_SQF":237.060309931,"Zonewise":"Z1B","no_of_Floo":1,"gis_geometry_geojson":"{\"type\":\"Polygon\",\"coordinates\":[[[78.3907417,17.3705055],[78.3906903,17.3704981],[78.3906842,17.3705334],[78.3907362,17.3705408],[78.3907417,17.3705055]]]}"}},{"type":"Feature","id":"AS589-325","geometry":{"type":"Polygon","coordinates":[[[78.3916905,17.3705164],[78.3916563,17.370514],[78.391653,17.3705574],[78.3916871,17.3705605],[78.3916905,17.3705164]]]},"properties":{"household_id":"AS589-325","OBJECTID":96,"fid_1":0,"Area":190.561805937,"DSM":506.91882,"DTM":504,"HEIGHT":2.91882,"BuildingID":null,"BuiType":null,"StructType":"Permanent","NameOwnRep":null,"Contact":0,"HNoPlotNo":null,"TPIN":null,"ColnyStrtN":null,"SyTsNo":null,"WardBlockN":null,"Use":"Residential","Extent":0,"PlinthArea":0,"Classifica":null,"Caste":null,"FinanDepen":null,"HHSize":0,"NoAdults":0,"NoChild":0,"Govtbenefi":null,"Borewell":null,"Courtcase":null,"NameStruct":null,"ReliType":null,"Remarks":"Temporary Structures","CommStatus":null,"Trees":null,"location":null,"Occupation":null,"SkilledOcc":null,"Craftsmen":null,"ReliStruct":null,"Cremetoriu":null,"Email":null,"Date":"1899-12-30T00:00:00","Time":null,"SurvyeorNa":null,"Survey_Dat":null,"Survey_Loc":null,"UUID":null,"email_id":null,"Mandals":null,"Zone":"Zone 1","Income":null,"AreaSqm":0,"Areatext":null,"Duplicate":null,"Dist":"As per new Alignment","PCs":null,"Assembly_C":null,"Affeceted_":"1899-12-30T00:00:00","S_Number":0,"S_Fall":"Roads","Zone_1":"Z1B S","Affected_S":"Buffer","Area_SQF":190.561805937,"Zonewise":"Z1B","no_of_Floo":1,"gis_geometry_geojson":"{\"type\":\"Polygon\",\"coordinates\":[[[78.3916905,17.3705164],[78.3916563,17.370514],[78.391653,17.3705574],[78.3916871,17.3705605],[78.3916905,17.3705164]]]}"}},{"type":"Feature","id":"AS589-326","geometry":{"type":"Polygon","coordinates":[[[78.3913619,17.3705708],[78.3913644,17.370531],[78.3912724,17.3705314],[78.3912692,17.3705654],[78.3913619,17.3705708]]]},"properties":{"household_id":"AS589-326","OBJECTID":97,"fid_1":0,"Area":432.377990371,"DSM":506.91882,"DTM":504,"HEIGHT":2.91882,"BuildingID":null,"BuiType":null,"StructType":"Permanent","NameOwnRep":null,"Contact":0,"HNoPlotNo":null,"TPIN":null,"ColnyStrtN":null,"SyTsNo":null,"WardBlockN":null,"Use":"Residential","Extent":0,"PlinthArea":0,"Classifica":null,"Caste":null,"FinanDepen":null,"HHSize":0,"NoAdults":0,"NoChild":0,"Govtbenefi":null,"Borewell":null,"Courtcase":null,"NameStruct":null,"ReliType":null,"Remarks":"Temporary Structures","CommStatus":null,"Trees":null,"location":null,"Occupation":null,"SkilledOcc":null,"Craftsmen":null,"ReliStruct":null,"Cremetoriu":null,"Email":null,"Date":"1899-12-30T00:00:00","Time":null,"SurvyeorNa":null,"Survey_Dat":null,"Survey_Loc":null,"UUID":null,"email_id":null,"Mandals":null,"Zone":"Zone 1","Income":null,"AreaSqm":0,"Areatext":null,"Duplicate":null,"Dist":"As per new Alignment","PCs":null,"Assembly_C":null,"Affeceted_":"1899-12-30T00:00:00","S_Number":0,"S_Fall":"Roads","Zone_1":"Z1B S","Affected_S":"Buffer","Area_SQF":432.377990371,"Zonewise":"Z1B","no_of_Floo":1,"gis_geometry_geojson":"{\"type\":\"Polygon\",\"coordinates\":[[[78.3913619,17.3705708],[78.3913644,17.370531],[78.3912724,17.3705314],[78.3912692,17.3705654],[78.3913619,17.3705708]]]}"}},{"type":"Feature","id":"AS589-327","geometry":{"type":"Polygon","coordinates":[[[78.3915771,17.3705356],[78.3914755,17.3705272],[78.3914733,17.3705763],[78.3915727,17.3705844],[78.3915771,17.3705356]]]},"properties":{"household_id":"AS589-327","OBJECTID":98,"fid_1":0,"Area":627.279551618,"DSM":506.91882,"DTM":504,"HEIGHT":2.91882,"BuildingID":null,"BuiType":null,"StructType":"Permanent","NameOwnRep":null,"Contact":0,"HNoPlotNo":null,"TPIN":null,"ColnyStrtN":null,"SyTsNo":null,"WardBlockN":null,"Use":"Residential","Extent":0,"PlinthArea":0,"Classifica":null,"Caste":null,"FinanDepen":null,"HHSize":0,"NoAdults":0,"NoChild":0,"Govtbenefi":null,"Borewell":null,"Courtcase":null,"NameStruct":null,"ReliType":null,"Remarks":"Temporary Structures","CommStatus":null,"Trees":null,"location":null,"Occupation":null,"SkilledOcc":null,"Craftsmen":null,"ReliStruct":null,"Cremetoriu":null,"Email":null,"Date":"1899-12-30T00:00:00","Time":null,"SurvyeorNa":null,"Survey_Dat":null,"Survey_Loc":null,"UUID":null,"email_id":null,"Mandals":null,"Zone":"Zone 1","Income":null,"AreaSqm":0,"Areatext":null,"Duplicate":null,"Dist":"As per new Alignment","PCs":null,"Assembly_C":null,"Affeceted_":"1899-12-30T00:00:00","S_Number":0,"S_Fall":"Roads","Zone_1":"Z1B S","Affected_S":"Buffer","Area_SQF":627.279551618,"Zonewise":"Z1B","no_of_Floo":1,"gis_geometry_geojson":"{\"type\":\"Polygon\",\"coordinates\":[[[78.3915771,17.3705356],[78.3914755,17.3705272],[78.3914733,17.3705763],[78.3915727,17.3705844],[78.3915771,17.3705356]]]}"}},{"type":"Feature","id":"AS589-328","geometry":{"type":"Polygon","coordinates":[[[78.3916672,17.3705746],[78.3916348,17.3705737],[78.3916351,17.3705988],[78.3916664,17.3705996],[78.3916672,17.3705746]]]},"properties":{"household_id":"AS589-328","OBJECTID":99,"fid_1":0,"Area":101.091493823,"DSM":506.91882,"DTM":504,"HEIGHT":2.91882,"BuildingID":null,"BuiType":null,"StructType":"Permanent","NameOwnRep":null,"Contact":0,"HNoPlotNo":null,"TPIN":null,"ColnyStrtN":null,"SyTsNo":null,"WardBlockN":null,"Use":"Residential","Extent":0,"PlinthArea":0,"Classifica":null,"Caste":null,"FinanDepen":null,"HHSize":0,"NoAdults":0,"NoChild":0,"Govtbenefi":null,"Borewell":null,"Courtcase":null,"NameStruct":null,"ReliType":null,"Remarks":"Temporary Structures","CommStatus":null,"Trees":null,"location":null,"Occupation":null,"SkilledOcc":null,"Craftsmen":null,"ReliStruct":null,"Cremetoriu":null,"Email":null,"Date":"1899-12-30T00:00:00","Time":null,"SurvyeorNa":null,"Survey_Dat":null,"Survey_Loc":null,"UUID":null,"email_id":null,"Mandals":null,"Zone":"Zone 1","Income":null,"AreaSqm":0,"Areatext":null,"Duplicate":null,"Dist":"As per new Alignment","PCs":null,"Assembly_C":null,"Affeceted_":"1899-12-30T00:00:00","S_Number":0,"S_Fall":"Roads","Zone_1":"Z1B S","Affected_S":"Buffer","Area_SQF":101.091493823,"Zonewise":"Z1B","no_of_Floo":1,"gis_geometry_geojson":"{\"type\":\"Polygon\",\"coordinates\":[[[78.3916672,17.3705746],[78.3916348,17.3705737],[78.3916351,17.3705988],[78.3916664,17.3705996],[78.3916672,17.3705746]]]}"}},{"type":"Feature","id":"AS589-329","geometry":{"type":"Polygon","coordinates":[[[78.4054745,17.3546032],[78.4055126,17.3544931],[78.4054389,17.3544715],[78.4054018,17.3545804],[78.4054745,17.3546032]]]},"properties":{"household_id":"AS589-329","OBJECTID":511,"fid_1":0,"Area":1119.45192424,"DSM":510.5123,"DTM":504,"HEIGHT":6.5123,"BuildingID":null,"BuiType":null,"StructType":"Permanent","NameOwnRep":null,"Contact":0,"HNoPlotNo":null,"TPIN":null,"ColnyStrtN":null,"SyTsNo":null,"WardBlockN":null,"Use":"Residential","Extent":0,"PlinthArea":0,"Classifica":null,"Caste":null,"FinanDepen":null,"HHSize":0,"NoAdults":0,"NoChild":0,"Govtbenefi":null,"Borewell":null,"Courtcase":null,"NameStruct":null,"ReliType":null,"Remarks":null,"CommStatus":null,"Trees":null,"location":null,"Occupation":null,"SkilledOcc":null,"Craftsmen":null,"ReliStruct":null,"Cremetoriu":null,"Email":null,"Date":"1899-12-30T00:00:00","Time":null,"SurvyeorNa":null,"Survey_Dat":null,"Survey_Loc":null,"UUID":null,"email_id":null,"Mandals":null,"Zone":"Zone 1","Income":null,"AreaSqm":0,"Areatext":null,"Duplicate":null,"Dist":null,"PCs":null,"Assembly_C":null,"Affeceted_":"1900-01-01T00:00:00","S_Number":333,"S_Fall":"Roads","Zone_1":"Z1A N","Affected_S":"Buffer","Area_SQF":2238.90384848,"Zonewise":"Z1A","no_of_Floo":2,"gis_geometry_geojson":"{\"type\":\"Polygon\",\"coordinates\":[[[78.4054745,17.3546032],[78.4055126,17.3544931],[78.4054389,17.3544715],[78.4054018,17.3545804],[78.4054745,17.3546032]]]}"}},{"type":"Feature","id":"AS589-330","geometry":{"type":"Polygon","coordinates":[[[78.4047598,17.3538693],[78.4047234,17.3538572],[78.4047045,17.3539093],[78.4047409,17.3539215],[78.4047598,17.3538693]]]},"properties":{"household_id":"AS589-330","OBJECTID":524,"fid_1":0,"Area":269.22568104,"DSM":506.48535,"DTM":504,"HEIGHT":2.48535,"BuildingID":null,"BuiType":null,"StructType":"Permanent","NameOwnRep":null,"Contact":0,"HNoPlotNo":null,"TPIN":null,"ColnyStrtN":null,"SyTsNo":null,"WardBlockN":null,"Use":"Residential","Extent":0,"PlinthArea":0,"Classifica":null,"Caste":null,"FinanDepen":null,"HHSize":0,"NoAdults":0,"NoChild":0,"Govtbenefi":null,"Borewell":null,"Courtcase":null,"NameStruct":null,"ReliType":null,"Remarks":null,"CommStatus":null,"Trees":null,"location":null,"Occupation":null,"SkilledOcc":null,"Craftsmen":null,"ReliStruct":null,"Cremetoriu":null,"Email":null,"Date":"1899-12-30T00:00:00","Time":null,"SurvyeorNa":null,"Survey_Dat":null,"Survey_Loc":null,"UUID":null,"email_id":null,"Mandals":null,"Zone":"Zone 1","Income":null,"AreaSqm":0,"Areatext":null,"Duplicate":null,"Dist":null,"PCs":null,"Assembly_C":null,"Affeceted_":"1900-01-01T00:00:00","S_Number":308,"S_Fall":"Roads","Zone_1":"Z1A N","Affected_S":"Buffer","Area_SQF":269.22568104,"Zonewise":"Z1A","no_of_Floo":1,"gis_geometry_geojson":"{\"type\":\"Polygon\",\"coordinates\":[[[78.4047598,17.3538693],[78.4047234,17.3538572],[78.4047045,17.3539093],[78.4047409,17.3539215],[78.4047598,17.3538693]]]}"}},{"type":"Feature","id":"AS589-331","geometry":{"type":"Polygon","coordinates":[[[78.405211,17.3540253],[78.4051313,17.353999],[78.4051284,17.3540069],[78.4050793,17.3539908],[78.4050523,17.3540664],[78.40518,17.3541122],[78.405211,17.3540253]]]},"properties":{"household_id":"AS589-331","OBJECTID":526,"fid_1":0,"Area":1492.76420271,"DSM":520.56824,"DTM":504,"HEIGHT":16.56824,"BuildingID":null,"BuiType":null,"StructType":"Permanent","NameOwnRep":null,"Contact":0,"HNoPlotNo":null,"TPIN":null,"ColnyStrtN":null,"SyTsNo":null,"WardBlockN":null,"Use":"Residential","Extent":0,"PlinthArea":0,"Classifica":null,"Caste":null,"FinanDepen":null,"HHSize":0,"NoAdults":0,"NoChild":0,"Govtbenefi":null,"Borewell":null,"Courtcase":null,"NameStruct":null,"ReliType":null,"Remarks":null,"CommStatus":null,"Trees":null,"location":null,"Occupation":null,"SkilledOcc":null,"Craftsmen":null,"ReliStruct":null,"Cremetoriu":null,"Email":null,"Date":"1899-12-30T00:00:00","Time":null,"SurvyeorNa":null,"Survey_Dat":null,"Survey_Loc":null,"UUID":null,"email_id":null,"Mandals":null,"Zone":"Zone 1","Income":null,"AreaSqm":0,"Areatext":null,"Duplicate":null,"Dist":null,"PCs":null,"Assembly_C":null,"Affeceted_":"1900-01-01T00:00:00","S_Number":312,"S_Fall":"Roads","Zone_1":"Z1A N","Affected_S":"Buffer","Area_SQF":8956.58521626,"Zonewise":"Z1A","no_of_Floo":6,"gis_geometry_geojson":"{\"type\":\"Polygon\",\"coordinates\":[[[78.405211,17.3540253],[78.4051313,17.353999],[78.4051284,17.3540069],[78.4050793,17.3539908],[78.4050523,17.3540664],[78.40518,17.3541122],[78.405211,17.3540253]]]}"}},{"type":"Feature","id":"AS589-332","geometry":{"type":"Polygon","coordinates":[[[78.4051292,17.3541949],[78.4051333,17.3541843],[78.4051466,17.354189],[78.4051515,17.3541762],[78.4051346,17.3541703],[78.4051389,17.3541592],[78.4051642,17.3541681],[78.4051812,17.3541205],[78.4051449,17.3541077],[78.4051418,17.3541159],[78.4051164,17.3541069],[78.4051196,17.3540984],[78.405085,17.3540862],[78.4050701,17.3541251],[78.4050769,17.3541275],[78.405035,17.3542358],[78.4051284,17.354269],[78.4051519,17.3542029],[78.4051292,17.3541949]]]},"properties":{"household_id":"AS589-332","OBJECTID":528,"fid_1":0,"Area":1853.42068082,"DSM":520.6933,"DTM":504,"HEIGHT":16.6933,"BuildingID":null,"BuiType":null,"StructType":"Permanent","NameOwnRep":null,"Contact":0,"HNoPlotNo":null,"TPIN":null,"ColnyStrtN":null,"SyTsNo":null,"WardBlockN":null,"Use":"Residential","Extent":0,"PlinthArea":0,"Classifica":null,"Caste":null,"FinanDepen":null,"HHSize":0,"NoAdults":0,"NoChild":0,"Govtbenefi":null,"Borewell":null,"Courtcase":null,"NameStruct":null,"ReliType":null,"Remarks":null,"CommStatus":null,"Trees":null,"location":null,"Occupation":null,"SkilledOcc":null,"Craftsmen":null,"ReliStruct":null,"Cremetoriu":null,"Email":null,"Date":"1899-12-30T00:00:00","Time":null,"SurvyeorNa":null,"Survey_Dat":null,"Survey_Loc":null,"UUID":null,"email_id":null,"Mandals":null,"Zone":"Zone 1","Income":null,"AreaSqm":0,"Areatext":null,"Duplicate":null,"Dist":null,"PCs":null,"Assembly_C":null,"Affeceted_":"1900-01-01T00:00:00","S_Number":313,"S_Fall":"Roads","Zone_1":"Z1A N","Affected_S":"Buffer","Area_SQF":11120.5240849,"Zonewise":"Z1A","no_of_Floo":6,"gis_geometry_geojson":"{\"type\":\"Polygon\",\"coordinates\":[[[78.4051292,17.3541949],[78.4051333,17.3541843],[78.4051466,17.354189],[78.4051515,17.3541762],[78.4051346,17.3541703],[78.4051389,17.3541592],[78.4051642,17.3541681],[78.4051812,17.3541205],[78.4051449,17.3541077],[78.4051418,17.3541159],[78.4051164,17.3541069],[78.4051196,17.3540984],[78.405085,17.3540862],[78.4050701,17.3541251],[78.4050769,17.3541275],[78.405035,17.3542358],[78.4051284,17.354269],[78.4051519,17.3542029],[78.4051292,17.3541949]]]}"}},{"type":"Feature","id":"AS589-333","geometry":{"type":"Polygon","coordinates":[[[78.4053212,17.3540421],[78.4053003,17.3540347],[78.4052635,17.3541308],[78.4053858,17.354174],[78.4054208,17.3540825],[78.4053194,17.3540467],[78.4053212,17.3540421]]]},"properties":{"household_id":"AS589-333","OBJECTID":529,"fid_1":0,"Area":1625.11211571,"DSM":516.59418,"DTM":503,"HEIGHT":13.59418,"BuildingID":null,"BuiType":null,"StructType":"Permanent","NameOwnRep":null,"Contact":0,"HNoPlotNo":null,"TPIN":null,"ColnyStrtN":null,"SyTsNo":null,"WardBlockN":null,"Use":"Residential","Extent":0,"PlinthArea":0,"Classifica":null,"Caste":null,"FinanDepen":null,"HHSize":0,"NoAdults":0,"NoChild":0,"Govtbenefi":null,"Borewell":null,"Courtcase":null,"NameStruct":null,"ReliType":null,"Remarks":null,"CommStatus":null,"Trees":null,"location":null,"Occupation":null,"SkilledOcc":null,"Craftsmen":null,"ReliStruct":null,"Cremetoriu":null,"Email":null,"Date":"1899-12-30T00:00:00","Time":null,"SurvyeorNa":null,"Survey_Dat":null,"Survey_Loc":null,"UUID":null,"email_id":null,"Mandals":null,"Zone":"Zone 1","Income":null,"AreaSqm":0,"Areatext":null,"Duplicate":null,"Dist":null,"PCs":null,"Assembly_C":null,"Affeceted_":"1900-01-01T00:00:00","S_Number":315,"S_Fall":"Roads","Zone_1":"Z1A N","Affected_S":"Buffer","Area_SQF":8125.56057855,"Zonewise":"Z1A","no_of_Floo":5,"gis_geometry_geojson":"{\"type\":\"Polygon\",\"coordinates\":[[[78.4053212,17.3540421],[78.4053003,17.3540347],[78.4052635,17.3541308],[78.4053858,17.354174],[78.4054208,17.3540825],[78.4053194,17.3540467],[78.4053212,17.3540421]]]}"}},{"type":"Feature","id":"AS589-334","geometry":{"type":"Polygon","coordinates":[[[78.4053215,17.3543271],[78.4053394,17.3542782],[78.4053494,17.3542818],[78.4053653,17.3542414],[78.4053555,17.354238],[78.4053754,17.3541853],[78.4052573,17.3541442],[78.4052028,17.3542893],[78.4053215,17.3543271]]]},"properties":{"household_id":"AS589-334","OBJECTID":530,"fid_1":0,"Area":2480.20215935,"DSM":528.21735,"DTM":504,"HEIGHT":24.21735,"BuildingID":null,"BuiType":null,"StructType":"Permanent","NameOwnRep":null,"Contact":0,"HNoPlotNo":null,"TPIN":null,"ColnyStrtN":null,"SyTsNo":null,"WardBlockN":null,"Use":"Residential","Extent":0,"PlinthArea":0,"Classifica":null,"Caste":null,"FinanDepen":null,"HHSize":0,"NoAdults":0,"NoChild":0,"Govtbenefi":null,"Borewell":null,"Courtcase":null,"NameStruct":null,"ReliType":null,"Remarks":null,"CommStatus":null,"Trees":null,"location":null,"Occupation":null,"SkilledOcc":null,"Craftsmen":null,"ReliStruct":null,"Cremetoriu":null,"Email":null,"Date":"1899-12-30T00:00:00","Time":null,"SurvyeorNa":null,"Survey_Dat":null,"Survey_Loc":null,"UUID":null,"email_id":null,"Mandals":null,"Zone":"Zone 1","Income":null,"AreaSqm":0,"Areatext":null,"Duplicate":null,"Dist":null,"PCs":null,"Assembly_C":null,"Affeceted_":"1900-01-01T00:00:00","S_Number":314,"S_Fall":"Roads","Zone_1":"Z1A N","Affected_S":"Buffer","Area_SQF":19841.6172748,"Zonewise":"Z1A","no_of_Floo":8,"gis_geometry_geojson":"{\"type\":\"Polygon\",\"coordinates\":[[[78.4053215,17.3543271],[78.4053394,17.3542782],[78.4053494,17.3542818],[78.4053653,17.3542414],[78.4053555,17.354238],[78.4053754,17.3541853],[78.4052573,17.3541442],[78.4052028,17.3542893],[78.4053215,17.3543271]]]}"}},{"type":"Feature","id":"AS589-335","geometry":{"type":"Polygon","coordinates":[[[78.4055004,17.3545284],[78.4054737,17.3546045],[78.4055422,17.3546261],[78.4055809,17.3545164],[78.4055452,17.3545029],[78.4055422,17.3545116],[78.40553,17.3545077],[78.4055206,17.3545348],[78.4055004,17.3545284]]]},"properties":{"household_id":"AS589-335","OBJECTID":531,"fid_1":0,"Area":961.087886181,"DSM":506.95071,"DTM":503.3043,"HEIGHT":3.64641,"BuildingID":null,"BuiType":null,"StructType":"Permanent","NameOwnRep":null,"Contact":0,"HNoPlotNo":null,"TPIN":null,"ColnyStrtN":null,"SyTsNo":null,"WardBlockN":null,"Use":"Residential","Extent":0,"PlinthArea":0,"Classifica":null,"Caste":null,"FinanDepen":null,"HHSize":0,"NoAdults":0,"NoChild":0,"Govtbenefi":null,"Borewell":null,"Courtcase":null,"NameStruct":null,"ReliType":null,"Remarks":null,"CommStatus":null,"Trees":null,"location":null,"Occupation":null,"SkilledOcc":null,"Craftsmen":null,"ReliStruct":null,"Cremetoriu":null,"Email":null,"Date":"1899-12-30T00:00:00","Time":null,"SurvyeorNa":null,"Survey_Dat":null,"Survey_Loc":null,"UUID":null,"email_id":null,"Mandals":null,"Zone":"Zone 1","Income":null,"AreaSqm":0,"Areatext":null,"Duplicate":null,"Dist":null,"PCs":null,"Assembly_C":null,"Affeceted_":"1900-01-01T00:00:00","S_Number":334,"S_Fall":"Roads","Zone_1":"Z1A N","Affected_S":"Buffer","Area_SQF":961.087886181,"Zonewise":"Z1A","no_of_Floo":1,"gis_geometry_geojson":"{\"type\":\"Polygon\",\"coordinates\":[[[78.4055004,17.3545284],[78.4054737,17.3546045],[78.4055422,17.3546261],[78.4055809,17.3545164],[78.4055452,17.3545029],[78.4055422,17.3545116],[78.40553,17.3545077],[78.4055206,17.3545348],[78.4055004,17.3545284]]]}"}},{"type":"Feature","id":"AS589-336","geometry":{"type":"Polygon","coordinates":[[[78.4057024,17.3545538],[78.4056639,17.3546641],[78.4057256,17.3546847],[78.4057466,17.3546256],[78.4057247,17.3546186],[78.405727,17.354612],[78.4057492,17.3546191],[78.4057644,17.354574],[78.4057024,17.3545538]]]},"properties":{"household_id":"AS589-336","OBJECTID":536,"fid_1":0,"Area":950.088233283,"DSM":510.00467,"DTM":503,"HEIGHT":7.00467,"BuildingID":null,"BuiType":null,"StructType":"Permanent","NameOwnRep":null,"Contact":0,"HNoPlotNo":null,"TPIN":null,"ColnyStrtN":null,"SyTsNo":null,"WardBlockN":null,"Use":"Residential","Extent":0,"PlinthArea":0,"Classifica":null,"Caste":null,"FinanDepen":null,"HHSize":0,"NoAdults":0,"NoChild":0,"Govtbenefi":null,"Borewell":null,"Courtcase":null,"NameStruct":null,"ReliType":null,"Remarks":null,"CommStatus":null,"Trees":null,"location":null,"Occupation":null,"SkilledOcc":null,"Craftsmen":null,"ReliStruct":null,"Cremetoriu":null,"Email":null,"Date":"1899-12-30T00:00:00","Time":null,"SurvyeorNa":null,"Survey_Dat":null,"Survey_Loc":null,"UUID":null,"email_id":null,"Mandals":null,"Zone":"Zone 1","Income":null,"AreaSqm":0,"Areatext":null,"Duplicate":null,"Dist":null,"PCs":null,"Assembly_C":null,"Affeceted_":"1900-01-01T00:00:00","S_Number":353,"S_Fall":"Roads","Zone_1":"Z1A N","Affected_S":"Buffer","Area_SQF":1900.17646657,"Zonewise":"Z1A","no_of_Floo":2,"gis_geometry_geojson":"{\"type\":\"Polygon\",\"coordinates\":[[[78.4057024,17.3545538],[78.4056639,17.3546641],[78.4057256,17.3546847],[78.4057466,17.3546256],[78.4057247,17.3546186],[78.405727,17.354612],[78.4057492,17.3546191],[78.4057644,17.354574],[78.4057024,17.3545538]]]}"}},{"type":"Feature","id":"AS589-337","geometry":{"type":"Polygon","coordinates":[[[78.4060151,17.3548507],[78.406001,17.3548967],[78.4060434,17.3549082],[78.406057,17.354862],[78.4060151,17.3548507]]]},"properties":{"household_id":"AS589-337","OBJECTID":538,"fid_1":0,"Area":267.991865869,"DSM":505.11728,"DTM":503,"HEIGHT":2.11728,"BuildingID":null,"BuiType":null,"StructType":"Permanent","NameOwnRep":null,"Contact":0,"HNoPlotNo":null,"TPIN":null,"ColnyStrtN":null,"SyTsNo":null,"WardBlockN":null,"Use":"Residential","Extent":0,"PlinthArea":0,"Classifica":null,"Caste":null,"FinanDepen":null,"HHSize":0,"NoAdults":0,"NoChild":0,"Govtbenefi":null,"Borewell":null,"Courtcase":null,"NameStruct":null,"ReliType":null,"Remarks":null,"CommStatus":null,"Trees":null,"location":null,"Occupation":null,"SkilledOcc":null,"Craftsmen":null,"ReliStruct":null,"Cremetoriu":null,"Email":null,"Date":"1899-12-30T00:00:00","Time":null,"SurvyeorNa":null,"Survey_Dat":null,"Survey_Loc":null,"UUID":null,"email_id":null,"Mandals":null,"Zone":"Zone 1","Income":null,"AreaSqm":0,"Areatext":null,"Duplicate":null,"Dist":null,"PCs":null,"Assembly_C":null,"Affeceted_":"1900-01-01T00:00:00","S_Number":367,"S_Fall":"Roads","Zone_1":"Z1A N","Affected_S":"Buffer","Area_SQF":267.991865869,"Zonewise":"Z1A","no_of_Floo":1,"gis_geometry_geojson":"{\"type\":\"Polygon\",\"coordinates\":[[[78.4060151,17.3548507],[78.406001,17.3548967],[78.4060434,17.3549082],[78.406057,17.354862],[78.4060151,17.3548507]]]}"}},{"type":"Feature","id":"AS589-338","geometry":{"type":"Polygon","coordinates":[[[78.4057265,17.3546882],[78.4056905,17.3547928],[78.4058148,17.3548309],[78.4058516,17.3547266],[78.4057265,17.3546882]]]},"properties":{"household_id":"AS589-338","OBJECTID":546,"fid_1":0,"Area":1836.65503052,"DSM":508.02942,"DTM":503,"HEIGHT":5.02942,"BuildingID":null,"BuiType":null,"StructType":"Temporary","NameOwnRep":null,"Contact":0,"HNoPlotNo":null,"TPIN":null,"ColnyStrtN":null,"SyTsNo":null,"WardBlockN":null,"Use":"Commercial","Extent":0,"PlinthArea":0,"Classifica":null,"Caste":null,"FinanDepen":null,"HHSize":0,"NoAdults":0,"NoChild":0,"Govtbenefi":null,"Borewell":null,"Courtcase":null,"NameStruct":null,"ReliType":null,"Remarks":null,"CommStatus":null,"Trees":null,"location":null,"Occupation":null,"SkilledOcc":null,"Craftsmen":null,"ReliStruct":null,"Cremetoriu":null,"Email":null,"Date":"1899-12-30T00:00:00","Time":null,"SurvyeorNa":null,"Survey_Dat":null,"Survey_Loc":null,"UUID":null,"email_id":null,"Mandals":null,"Zone":"Zone 1","Income":null,"AreaSqm":0,"Areatext":null,"Duplicate":null,"Dist":null,"PCs":null,"Assembly_C":null,"Affeceted_":"1900-01-01T00:00:00","S_Number":356,"S_Fall":"Roads","Zone_1":"Z1A N","Affected_S":"Buffer","Area_SQF":3673.31006104,"Zonewise":"Z1A","no_of_Floo":2,"gis_geometry_geojson":"{\"type\":\"Polygon\",\"coordinates\":[[[78.4057265,17.3546882],[78.4056905,17.3547928],[78.4058148,17.3548309],[78.4058516,17.3547266],[78.4057265,17.3546882]]]}"}},{"type":"Feature","id":"AS589-339","geometry":{"type":"Polygon","coordinates":[[[78.4054754,17.3543646],[78.405478,17.3543568],[78.405506,17.3543659],[78.405524,17.3543167],[78.4055134,17.3543134],[78.4055109,17.3543206],[78.4055034,17.3543183],[78.4055058,17.354311],[78.4054806,17.3543031],[78.4054613,17.3543602],[78.4054754,17.3543646]]]},"properties":{"household_id":"AS589-339","OBJECTID":589,"fid_1":0,"Area":303.973098935,"DSM":516.48022,"DTM":503,"HEIGHT":13.48022,"BuildingID":null,"BuiType":null,"StructType":"Permanent","NameOwnRep":null,"Contact":0,"HNoPlotNo":null,"TPIN":null,"ColnyStrtN":null,"SyTsNo":null,"WardBlockN":null,"Use":"Residential","Extent":0,"PlinthArea":0,"Classifica":null,"Caste":null,"FinanDepen":null,"HHSize":0,"NoAdults":0,"NoChild":0,"Govtbenefi":null,"Borewell":null,"Courtcase":null,"NameStruct":null,"ReliType":null,"Remarks":null,"CommStatus":null,"Trees":null,"location":null,"Occupation":null,"SkilledOcc":null,"Craftsmen":null,"ReliStruct":null,"Cremetoriu":null,"Email":null,"Date":"1899-12-30T00:00:00","Time":null,"SurvyeorNa":null,"Survey_Dat":null,"Survey_Loc":null,"UUID":null,"email_id":null,"Mandals":null,"Zone":"Zone 1","Income":null,"AreaSqm":0,"Areatext":null,"Duplicate":null,"Dist":null,"PCs":null,"Assembly_C":null,"Affeceted_":"1900-01-01T00:00:00","S_Number":328,"S_Fall":"Roads","Zone_1":"Z1A N","Affected_S":"Buffer","Area_SQF":1215.89239574,"Zonewise":"Z1A","no_of_Floo":4,"gis_geometry_geojson":"{\"type\":\"Polygon\",\"coordinates\":[[[78.4054754,17.3543646],[78.405478,17.3543568],[78.405506,17.3543659],[78.405524,17.3543167],[78.4055134,17.3543134],[78.4055109,17.3543206],[78.4055034,17.3543183],[78.4055058,17.354311],[78.4054806,17.3543031],[78.4054613,17.3543602],[78.4054754,17.3543646]]]}"}},{"type":"Feature","id":"AS589-340","geometry":{"type":"Polygon","coordinates":[[[78.405506,17.3543659],[78.4054784,17.3543569],[78.4054719,17.3543696],[78.405459,17.3543656],[78.4054429,17.3544092],[78.4054863,17.3544236],[78.405506,17.3543659]]]},"properties":{"household_id":"AS589-340","OBJECTID":590,"fid_1":0,"Area":320.947249184,"DSM":516.48022,"DTM":503,"HEIGHT":13.48022,"BuildingID":null,"BuiType":null,"StructType":"Permanent","NameOwnRep":null,"Contact":0,"HNoPlotNo":null,"TPIN":null,"ColnyStrtN":null,"SyTsNo":null,"WardBlockN":null,"Use":"Residential","Extent":0,"PlinthArea":0,"Classifica":null,"Caste":null,"FinanDepen":null,"HHSize":0,"NoAdults":0,"NoChild":0,"Govtbenefi":null,"Borewell":null,"Courtcase":null,"NameStruct":null,"ReliType":null,"Remarks":null,"CommStatus":null,"Trees":null,"location":null,"Occupation":null,"SkilledOcc":null,"Craftsmen":null,"ReliStruct":null,"Cremetoriu":null,"Email":null,"Date":"1899-12-30T00:00:00","Time":null,"SurvyeorNa":null,"Survey_Dat":null,"Survey_Loc":null,"UUID":null,"email_id":null,"Mandals":null,"Zone":"Zone 1","Income":null,"AreaSqm":0,"Areatext":null,"Duplicate":null,"Dist":null,"PCs":null,"Assembly_C":null,"Affeceted_":"1900-01-01T00:00:00","S_Number":329,"S_Fall":"Roads","Zone_1":"Z1A N","Affected_S":"Buffer","Area_SQF":1283.78899674,"Zonewise":"Z1A","no_of_Floo":4,"gis_geometry_geojson":"{\"type\":\"Polygon\",\"coordinates\":[[[78.405506,17.3543659],[78.4054784,17.3543569],[78.4054719,17.3543696],[78.405459,17.3543656],[78.4054429,17.3544092],[78.4054863,17.3544236],[78.405506,17.3543659]]]}"}},{"type":"Feature","id":"AS589-341","geometry":{"type":"Polygon","coordinates":[[[78.4055885,17.3543385],[78.4055733,17.354372],[78.4056341,17.3543922],[78.4056465,17.3543577],[78.4055885,17.3543385]]]},"properties":{"household_id":"AS589-341","OBJECTID":591,"fid_1":0,"Area":297.294172373,"DSM":504.81433,"DTM":503,"HEIGHT":1.81433,"BuildingID":null,"BuiType":null,"StructType":"Permanent","NameOwnRep":null,"Contact":0,"HNoPlotNo":null,"TPIN":null,"ColnyStrtN":null,"SyTsNo":null,"WardBlockN":null,"Use":"Residential","Extent":0,"PlinthArea":0,"Classifica":null,"Caste":null,"FinanDepen":null,"HHSize":0,"NoAdults":0,"NoChild":0,"Govtbenefi":null,"Borewell":null,"Courtcase":null,"NameStruct":null,"ReliType":null,"Remarks":"Temporary Structures","CommStatus":null,"Trees":null,"location":null,"Occupation":null,"SkilledOcc":null,"Craftsmen":null,"ReliStruct":null,"Cremetoriu":null,"Email":null,"Date":"1899-12-30T00:00:00","Time":null,"SurvyeorNa":null,"Survey_Dat":null,"Survey_Loc":null,"UUID":null,"email_id":null,"Mandals":null,"Zone":"Zone 1","Income":null,"AreaSqm":0,"Areatext":null,"Duplicate":null,"Dist":null,"PCs":null,"Assembly_C":null,"Affeceted_":"1900-01-01T00:00:00","S_Number":338,"S_Fall":"Roads","Zone_1":"Z1A N","Affected_S":"Buffer","Area_SQF":297.294172373,"Zonewise":"Z1A","no_of_Floo":1,"gis_geometry_geojson":"{\"type\":\"Polygon\",\"coordinates\":[[[78.4055885,17.3543385],[78.4055733,17.354372],[78.4056341,17.3543922],[78.4056465,17.3543577],[78.4055885,17.3543385]]]}"}},{"type":"Feature","id":"AS589-342","geometry":{"type":"Polygon","coordinates":[[[78.4056146,17.3544398],[78.4055893,17.3544326],[78.4055836,17.3544508],[78.4056073,17.3544576],[78.4056146,17.3544398]]]},"properties":{"household_id":"AS589-342","OBJECTID":592,"fid_1":0,"Area":61.7917340785,"DSM":504.81433,"DTM":503,"HEIGHT":1.81433,"BuildingID":null,"BuiType":null,"StructType":"Permanent","NameOwnRep":null,"Contact":0,"HNoPlotNo":null,"TPIN":null,"ColnyStrtN":null,"SyTsNo":null,"WardBlockN":null,"Use":"Residential","Extent":0,"PlinthArea":0,"Classifica":null,"Caste":null,"FinanDepen":null,"HHSize":0,"NoAdults":0,"NoChild":0,"Govtbenefi":null,"Borewell":null,"Courtcase":null,"NameStruct":null,"ReliType":null,"Remarks":"Temporary Structures","CommStatus":null,"Trees":null,"location":null,"Occupation":null,"SkilledOcc":null,"Craftsmen":null,"ReliStruct":null,"Cremetoriu":null,"Email":null,"Date":"1899-12-30T00:00:00","Time":null,"SurvyeorNa":null,"Survey_Dat":null,"Survey_Loc":null,"UUID":null,"email_id":null,"Mandals":null,"Zone":"Zone 1","Income":null,"AreaSqm":0,"Areatext":null,"Duplicate":null,"Dist":null,"PCs":null,"Assembly_C":null,"Affeceted_":"1900-01-01T00:00:00","S_Number":337,"S_Fall":"Roads","Zone_1":"Z1A N","Affected_S":"Buffer","Area_SQF":61.7917340785,"Zonewise":"Z1A","no_of_Floo":1,"gis_geometry_geojson":"{\"type\":\"Polygon\",\"coordinates\":[[[78.4056146,17.3544398],[78.4055893,17.3544326],[78.4055836,17.3544508],[78.4056073,17.3544576],[78.4056146,17.3544398]]]}"}},{"type":"Feature","id":"AS589-343","geometry":{"type":"Polygon","coordinates":[[[78.4057713,17.3546575],[78.4057412,17.3546483],[78.4057286,17.3546865],[78.4057586,17.3546956],[78.4057713,17.3546575]]]},"properties":{"household_id":"AS589-343","OBJECTID":595,"fid_1":0,"Area":159.902533275,"DSM":505.44452,"DTM":503,"HEIGHT":2.44452,"BuildingID":null,"BuiType":null,"StructType":"Temporary","NameOwnRep":null,"Contact":0,"HNoPlotNo":null,"TPIN":null,"ColnyStrtN":null,"SyTsNo":null,"WardBlockN":null,"Use":"Residential","Extent":0,"PlinthArea":0,"Classifica":null,"Caste":null,"FinanDepen":null,"HHSize":0,"NoAdults":0,"NoChild":0,"Govtbenefi":null,"Borewell":null,"Courtcase":null,"NameStruct":null,"ReliType":null,"Remarks":null,"CommStatus":null,"Trees":null,"location":null,"Occupation":null,"SkilledOcc":null,"Craftsmen":null,"ReliStruct":null,"Cremetoriu":null,"Email":null,"Date":"1899-12-30T00:00:00","Time":null,"SurvyeorNa":null,"Survey_Dat":null,"Survey_Loc":null,"UUID":null,"email_id":null,"Mandals":null,"Zone":"Zone 1","Income":null,"AreaSqm":0,"Areatext":null,"Duplicate":null,"Dist":null,"PCs":null,"Assembly_C":null,"Affeceted_":"1900-01-01T00:00:00","S_Number":357,"S_Fall":"Roads","Zone_1":"Z1A N","Affected_S":"Buffer","Area_SQF":159.902533275,"Zonewise":"Z1A","no_of_Floo":1,"gis_geometry_geojson":"{\"type\":\"Polygon\",\"coordinates\":[[[78.4057713,17.3546575],[78.4057412,17.3546483],[78.4057286,17.3546865],[78.4057586,17.3546956],[78.4057713,17.3546575]]]}"}},{"type":"Feature","id":"AS589-344","geometry":{"type":"Polygon","coordinates":[[[78.4058469,17.3547239],[78.4058831,17.3546195],[78.4058581,17.3546107],[78.40585,17.3546338],[78.4058324,17.3546288],[78.4058049,17.3547109],[78.4058469,17.3547239]]]},"properties":{"household_id":"AS589-344","OBJECTID":596,"fid_1":0,"Area":564.714906042,"DSM":505.44452,"DTM":503,"HEIGHT":2.44452,"BuildingID":null,"BuiType":null,"StructType":"Temporary","NameOwnRep":null,"Contact":0,"HNoPlotNo":null,"TPIN":null,"ColnyStrtN":null,"SyTsNo":null,"WardBlockN":null,"Use":"Residential","Extent":0,"PlinthArea":0,"Classifica":null,"Caste":null,"FinanDepen":null,"HHSize":0,"NoAdults":0,"NoChild":0,"Govtbenefi":null,"Borewell":null,"Courtcase":null,"NameStruct":null,"ReliType":null,"Remarks":null,"CommStatus":null,"Trees":null,"location":null,"Occupation":null,"SkilledOcc":null,"Craftsmen":null,"ReliStruct":null,"Cremetoriu":null,"Email":null,"Date":"1899-12-30T00:00:00","Time":null,"SurvyeorNa":null,"Survey_Dat":null,"Survey_Loc":null,"UUID":null,"email_id":null,"Mandals":null,"Zone":"Zone 1","Income":null,"AreaSqm":0,"Areatext":null,"Duplicate":null,"Dist":null,"PCs":null,"Assembly_C":null,"Affeceted_":"1900-01-01T00:00:00","S_Number":358,"S_Fall":"Roads","Zone_1":"Z1A N","Affected_S":"Buffer","Area_SQF":564.714906042,"Zonewise":"Z1A","no_of_Floo":1,"gis_geometry_geojson":"{\"type\":\"Polygon\",\"coordinates\":[[[78.4058469,17.3547239],[78.4058831,17.3546195],[78.4058581,17.3546107],[78.40585,17.3546338],[78.4058324,17.3546288],[78.4058049,17.3547109],[78.4058469,17.3547239]]]}"}},{"type":"Feature","id":"AS589-345","geometry":{"type":"Polygon","coordinates":[[[78.4020955,17.3488071],[78.402095,17.3487381],[78.4020291,17.3487386],[78.4020291,17.3487339],[78.4019217,17.3487386],[78.4019223,17.3488083],[78.4020955,17.3488071]]]},"properties":{"household_id":"AS589-345","OBJECTID":632,"fid_1":0,"Area":1546.13516446,"DSM":529.17908,"DTM":505,"HEIGHT":24.17908,"BuildingID":null,"BuiType":null,"StructType":"Permanent","NameOwnRep":null,"Contact":0,"HNoPlotNo":null,"TPIN":null,"ColnyStrtN":null,"SyTsNo":null,"WardBlockN":null,"Use":"Residential","Extent":0,"PlinthArea":0,"Classifica":null,"Caste":null,"FinanDepen":null,"HHSize":0,"NoAdults":0,"NoChild":0,"Govtbenefi":null,"Borewell":null,"Courtcase":null,"NameStruct":null,"ReliType":null,"Remarks":"399","CommStatus":null,"Trees":null,"location":null,"Occupation":null,"SkilledOcc":null,"Craftsmen":null,"ReliStruct":null,"Cremetoriu":null,"Email":null,"Date":"1899-12-30T00:00:00","Time":null,"SurvyeorNa":null,"Survey_Dat":null,"Survey_Loc":null,"UUID":null,"email_id":null,"Mandals":null,"Zone":"Zone 1","Income":null,"AreaSqm":0,"Areatext":null,"Duplicate":null,"Dist":null,"PCs":null,"Assembly_C":null,"Affeceted_":"1900-01-01T00:00:00","S_Number":161,"S_Fall":"Roads","Zone_1":"Z1A S","Affected_S":"Buffer","Area_SQF":12369.0813157,"Zonewise":"Z1A","no_of_Floo":8,"gis_geometry_geojson":"{\"type\":\"Polygon\",\"coordinates\":[[[78.4020955,17.3488071],[78.402095,17.3487381],[78.4020291,17.3487386],[78.4020291,17.3487339],[78.4019217,17.3487386],[78.4019223,17.3488083],[78.4020955,17.3488071]]]}"}},{"type":"Feature","id":"AS589-346","geometry":{"type":"Polygon","coordinates":[[[78.403062,17.3502787],[78.4032342,17.3502761],[78.4032329,17.3501902],[78.4030607,17.3501927],[78.403062,17.3502787]]]},"properties":{"household_id":"AS589-346","OBJECTID":633,"fid_1":0,"Area":1876.56732267,"DSM":507.2979,"DTM":505.221,"HEIGHT":2.0769,"BuildingID":null,"BuiType":null,"StructType":"Permanent","NameOwnRep":null,"Contact":0,"HNoPlotNo":null,"TPIN":null,"ColnyStrtN":null,"SyTsNo":null,"WardBlockN":null,"Use":"Residential","Extent":0,"PlinthArea":0,"Classifica":null,"Caste":null,"FinanDepen":null,"HHSize":0,"NoAdults":0,"NoChild":0,"Govtbenefi":null,"Borewell":null,"Courtcase":null,"NameStruct":null,"ReliType":null,"Remarks":"400","CommStatus":null,"Trees":null,"location":null,"Occupation":null,"SkilledOcc":null,"Craftsmen":null,"ReliStruct":null,"Cremetoriu":null,"Email":null,"Date":"1899-12-30T00:00:00","Time":null,"SurvyeorNa":null,"Survey_Dat":null,"Survey_Loc":null,"UUID":null,"email_id":null,"Mandals":null,"Zone":null,"Income":null,"AreaSqm":0,"Areatext":null,"Duplicate":null,"Dist":null,"PCs":null,"Assembly_C":null,"Affeceted_":"1900-01-01T00:00:00","S_Number":207,"S_Fall":"Roads","Zone_1":"Z1A S","Affected_S":"Buffer","Area_SQF":1876.56732267,"Zonewise":"Z1A","no_of_Floo":1,"gis_geometry_geojson":"{\"type\":\"Polygon\",\"coordinates\":[[[78.403062,17.3502787],[78.4032342,17.3502761],[78.4032329,17.3501902],[78.4030607,17.3501927],[78.403062,17.3502787]]]}"}},{"type":"Feature","id":"AS589-347","geometry":{"type":"Polygon","coordinates":[[[78.4025913,17.351936],[78.4026176,17.3519743],[78.402653,17.3519554],[78.4026259,17.3519142],[78.4025913,17.351936]]]},"properties":{"household_id":"AS589-347","OBJECTID":638,"fid_1":0,"Area":245.225694438,"DSM":507.6329,"DTM":504.128,"HEIGHT":3.5049,"BuildingID":null,"BuiType":null,"StructType":"Temporary","NameOwnRep":null,"Contact":0,"HNoPlotNo":null,"TPIN":null,"ColnyStrtN":null,"SyTsNo":null,"WardBlockN":null,"Use":"Mix","Extent":0,"PlinthArea":0,"Classifica":null,"Caste":null,"FinanDepen":null,"HHSize":0,"NoAdults":0,"NoChild":0,"Govtbenefi":null,"Borewell":null,"Courtcase":null,"NameStruct":null,"ReliType":null,"Remarks":"412","CommStatus":null,"Trees":null,"location":null,"Occupation":null,"SkilledOcc":null,"Craftsmen":null,"ReliStruct":null,"Cremetoriu":null,"Email":null,"Date":"1899-12-30T00:00:00","Time":null,"SurvyeorNa":null,"Survey_Dat":null,"Survey_Loc":null,"UUID":null,"email_id":null,"Mandals":null,"Zone":null,"Income":null,"AreaSqm":0,"Areatext":null,"Duplicate":null,"Dist":null,"PCs":null,"Assembly_C":null,"Affeceted_":"1900-01-01T00:00:00","S_Number":247,"S_Fall":"Roads","Zone_1":"Z1A N","Affected_S":"Buffer","Area_SQF":245.225694438,"Zonewise":"Z1A","no_of_Floo":1,"gis_geometry_geojson":"{\"type\":\"Polygon\",\"coordinates\":[[[78.4025913,17.351936],[78.4026176,17.3519743],[78.402653,17.3519554],[78.4026259,17.3519142],[78.4025913,17.351936]]]}"}},{"type":"Feature","id":"AS589-348","geometry":{"type":"Polygon","coordinates":[[[78.4016378,17.3511119],[78.401673,17.3511521],[78.4017015,17.3511322],[78.4016639,17.3510878],[78.4016378,17.3511119]]]},"properties":{"household_id":"AS589-348","OBJECTID":639,"fid_1":0,"Area":248.485141153,"DSM":514.8104,"DTM":508.1334,"HEIGHT":6.677,"BuildingID":null,"BuiType":null,"StructType":"Temporary","NameOwnRep":null,"Contact":0,"HNoPlotNo":null,"TPIN":null,"ColnyStrtN":null,"SyTsNo":null,"WardBlockN":null,"Use":"Temp","Extent":0,"PlinthArea":0,"Classifica":null,"Caste":null,"FinanDepen":null,"HHSize":0,"NoAdults":0,"NoChild":0,"Govtbenefi":null,"Borewell":null,"Courtcase":null,"NameStruct":null,"ReliType":null,"Remarks":"413","CommStatus":null,"Trees":null,"location":null,"Occupation":null,"SkilledOcc":null,"Craftsmen":null,"ReliStruct":null,"Cremetoriu":null,"Email":null,"Date":"1899-12-30T00:00:00","Time":null,"SurvyeorNa":null,"Survey_Dat":null,"Survey_Loc":null,"UUID":null,"email_id":null,"Mandals":null,"Zone":null,"Income":null,"AreaSqm":0,"Areatext":null,"Duplicate":null,"Dist":null,"PCs":null,"Assembly_C":null,"Affeceted_":"1900-01-01T00:00:00","S_Number":213,"S_Fall":"Roads","Zone_1":"Z1A N","Affected_S":"Buffer","Area_SQF":496.970282306,"Zonewise":"Z1A","no_of_Floo":2,"gis_geometry_geojson":"{\"type\":\"Polygon\",\"coordinates\":[[[78.4016378,17.3511119],[78.401673,17.3511521],[78.4017015,17.3511322],[78.4016639,17.3510878],[78.4016378,17.3511119]]]}"}},{"type":"Feature","id":"AS589-349","geometry":{"type":"Polygon","coordinates":[[[78.4051061,17.353885],[78.4049733,17.3538394],[78.4049395,17.3539301],[78.4050723,17.3539758],[78.4051061,17.353885]]]},"properties":{"household_id":"AS589-349","OBJECTID":527,"fid_1":0,"Area":1722.2521394,"DSM":507.63718,"DTM":503,"HEIGHT":4.63718,"BuildingID":null,"BuiType":null,"StructType":"Permanent","NameOwnRep":null,"Contact":0,"HNoPlotNo":null,"TPIN":null,"ColnyStrtN":null,"SyTsNo":null,"WardBlockN":null,"Use":"Residential","Extent":0,"PlinthArea":0,"Classifica":null,"Caste":null,"FinanDepen":null,"HHSize":0,"NoAdults":0,"NoChild":0,"Govtbenefi":null,"Borewell":null,"Courtcase":null,"NameStruct":null,"ReliType":null,"Remarks":null,"CommStatus":null,"Trees":null,"location":null,"Occupation":null,"SkilledOcc":null,"Craftsmen":null,"ReliStruct":null,"Cremetoriu":null,"Email":null,"Date":"1899-12-30T00:00:00","Time":null,"SurvyeorNa":null,"Survey_Dat":null,"Survey_Loc":null,"UUID":null,"email_id":null,"Mandals":null,"Zone":"Zone 1","Income":null,"AreaSqm":0,"Areatext":null,"Duplicate":null,"Dist":null,"PCs":null,"Assembly_C":null,"Affeceted_":"1900-01-01T00:00:00","S_Number":310,"S_Fall":"Roads","Zone_1":"Z1A N","Affected_S":"Buffer","Area_SQF":3444.5042788,"Zonewise":"Z1A","no_of_Floo":2,"gis_geometry_geojson":"{\"type\":\"Polygon\",\"coordinates\":[[[78.4051061,17.353885],[78.4049733,17.3538394],[78.4049395,17.3539301],[78.4050723,17.3539758],[78.4051061,17.353885]]]}"}},{"type":"Feature","id":"AS589-350","geometry":{"type":"Polygon","coordinates":[[[78.4057024,17.3545538],[78.4056389,17.3545334],[78.4056189,17.3545855],[78.4056455,17.3545941],[78.4056393,17.3546121],[78.405612,17.3546033],[78.405597,17.3546426],[78.4056639,17.3546641],[78.4057024,17.3545538]]]},"properties":{"household_id":"AS589-350","OBJECTID":512,"fid_1":0,"Area":946.057104834,"DSM":513.17841,"DTM":503,"HEIGHT":10.17841,"BuildingID":null,"BuiType":null,"StructType":"Permanent","NameOwnRep":null,"Contact":0,"HNoPlotNo":null,"TPIN":null,"ColnyStrtN":null,"SyTsNo":null,"WardBlockN":null,"Use":"Residential","Extent":0,"PlinthArea":0,"Classifica":null,"Caste":null,"FinanDepen":null,"HHSize":0,"NoAdults":0,"NoChild":0,"Govtbenefi":null,"Borewell":null,"Courtcase":null,"NameStruct":null,"ReliType":null,"Remarks":null,"CommStatus":null,"Trees":null,"location":null,"Occupation":null,"SkilledOcc":null,"Craftsmen":null,"ReliStruct":null,"Cremetoriu":null,"Email":null,"Date":"1899-12-30T00:00:00","Time":null,"SurvyeorNa":null,"Survey_Dat":null,"Survey_Loc":null,"UUID":null,"email_id":null,"Mandals":null,"Zone":"Zone 1","Income":null,"AreaSqm":0,"Areatext":null,"Duplicate":null,"Dist":null,"PCs":null,"Assembly_C":null,"Affeceted_":"1900-01-01T00:00:00","S_Number":336,"S_Fall":"Roads","Zone_1":"Z1A N","Affected_S":"Buffer","Area_SQF":2838.1713145,"Zonewise":"Z1A","no_of_Floo":3,"gis_geometry_geojson":"{\"type\":\"Polygon\",\"coordinates\":[[[78.4057024,17.3545538],[78.4056389,17.3545334],[78.4056189,17.3545855],[78.4056455,17.3545941],[78.4056393,17.3546121],[78.405612,17.3546033],[78.405597,17.3546426],[78.4056639,17.3546641],[78.4057024,17.3545538]]]}"}},{"type":"Feature","id":"AS589-351","geometry":{"type":"Polygon","coordinates":[[[78.4059433,17.3547611],[78.405918,17.3547528],[78.4059074,17.3547829],[78.4059326,17.3547912],[78.4059433,17.3547611]]]},"properties":{"household_id":"AS589-351","OBJECTID":537,"fid_1":0,"Area":107.419643919,"DSM":505.25961,"DTM":502,"HEIGHT":3.25961,"BuildingID":null,"BuiType":null,"StructType":"Temporary","NameOwnRep":null,"Contact":0,"HNoPlotNo":null,"TPIN":null,"ColnyStrtN":null,"SyTsNo":null,"WardBlockN":null,"Use":"Residential","Extent":0,"PlinthArea":0,"Classifica":null,"Caste":null,"FinanDepen":null,"HHSize":0,"NoAdults":0,"NoChild":0,"Govtbenefi":null,"Borewell":null,"Courtcase":null,"NameStruct":null,"ReliType":null,"Remarks":"Temporary Structures","CommStatus":null,"Trees":null,"location":null,"Occupation":null,"SkilledOcc":null,"Craftsmen":null,"ReliStruct":null,"Cremetoriu":null,"Email":null,"Date":"1899-12-30T00:00:00","Time":null,"SurvyeorNa":null,"Survey_Dat":null,"Survey_Loc":null,"UUID":null,"email_id":null,"Mandals":null,"Zone":"Zone 1","Income":null,"AreaSqm":0,"Areatext":null,"Duplicate":null,"Dist":null,"PCs":null,"Assembly_C":null,"Affeceted_":"1900-01-01T00:00:00","S_Number":359,"S_Fall":"Roads","Zone_1":"Z1A N","Affected_S":"Buffer","Area_SQF":107.419643919,"Zonewise":"Z1A","no_of_Floo":1,"gis_geometry_geojson":"{\"type\":\"Polygon\",\"coordinates\":[[[78.4059433,17.3547611],[78.405918,17.3547528],[78.4059074,17.3547829],[78.4059326,17.3547912],[78.4059433,17.3547611]]]}"}},{"type":"Feature","id":"AS589-352","geometry":{"type":"Polygon","coordinates":[[[78.4062405,17.3550749],[78.4062359,17.3550701],[78.406259,17.3550048],[78.406267,17.3550075],[78.4062751,17.3549853],[78.4061813,17.3549561],[78.4061661,17.355001],[78.4062025,17.3550123],[78.4061976,17.3550266],[78.4061916,17.3550247],[78.4061886,17.3550336],[78.4061552,17.3550232],[78.4061435,17.355058],[78.4062357,17.3550874],[78.4062405,17.3550749]]]},"properties":{"household_id":"AS589-352","OBJECTID":541,"fid_1":0,"Area":1167.47469177,"DSM":509.5296,"DTM":502,"HEIGHT":7.5296,"BuildingID":null,"BuiType":null,"StructType":"Temporary","NameOwnRep":null,"Contact":0,"HNoPlotNo":null,"TPIN":null,"ColnyStrtN":null,"SyTsNo":null,"WardBlockN":null,"Use":"Residential","Extent":0,"PlinthArea":0,"Classifica":null,"Caste":null,"FinanDepen":null,"HHSize":0,"NoAdults":0,"NoChild":0,"Govtbenefi":null,"Borewell":null,"Courtcase":null,"NameStruct":null,"ReliType":null,"Remarks":null,"CommStatus":null,"Trees":null,"location":null,"Occupation":null,"SkilledOcc":null,"Craftsmen":null,"ReliStruct":null,"Cremetoriu":null,"Email":null,"Date":"1899-12-30T00:00:00","Time":null,"SurvyeorNa":null,"Survey_Dat":null,"Survey_Loc":null,"UUID":null,"email_id":null,"Mandals":null,"Zone":"Zone 1","Income":null,"AreaSqm":0,"Areatext":null,"Duplicate":null,"Dist":null,"PCs":null,"Assembly_C":null,"Affeceted_":"1900-01-01T00:00:00","S_Number":368,"S_Fall":"Roads","Zone_1":"Z1A N","Affected_S":"Buffer","Area_SQF":3502.42407531,"Zonewise":"Z1A","no_of_Floo":3,"gis_geometry_geojson":"{\"type\":\"Polygon\",\"coordinates\":[[[78.4062405,17.3550749],[78.4062359,17.3550701],[78.406259,17.3550048],[78.406267,17.3550075],[78.4062751,17.3549853],[78.4061813,17.3549561],[78.4061661,17.355001],[78.4062025,17.3550123],[78.4061976,17.3550266],[78.4061916,17.3550247],[78.4061886,17.3550336],[78.4061552,17.3550232],[78.4061435,17.355058],[78.4062357,17.3550874],[78.4062405,17.3550749]]]}"}},{"type":"Feature","id":"AS589-353","geometry":{"type":"Polygon","coordinates":[[[78.4063416,17.3550636],[78.4063189,17.3550547],[78.4063112,17.355073],[78.4063338,17.3550818],[78.4063416,17.3550636]]]},"properties":{"household_id":"AS589-353","OBJECTID":598,"fid_1":0,"Area":60.9867944608,"DSM":509.53833,"DTM":506,"HEIGHT":3.53833,"BuildingID":null,"BuiType":null,"StructType":"Temporary","NameOwnRep":null,"Contact":0,"HNoPlotNo":null,"TPIN":null,"ColnyStrtN":null,"SyTsNo":null,"WardBlockN":null,"Use":"Residential","Extent":0,"PlinthArea":0,"Classifica":null,"Caste":null,"FinanDepen":null,"HHSize":0,"NoAdults":0,"NoChild":0,"Govtbenefi":null,"Borewell":null,"Courtcase":null,"NameStruct":null,"ReliType":null,"Remarks":"Temporary Structures","CommStatus":null,"Trees":null,"location":null,"Occupation":null,"SkilledOcc":null,"Craftsmen":null,"ReliStruct":null,"Cremetoriu":null,"Email":null,"Date":"1899-12-30T00:00:00","Time":null,"SurvyeorNa":null,"Survey_Dat":null,"Survey_Loc":null,"UUID":null,"email_id":null,"Mandals":null,"Zone":"Zone 1","Income":null,"AreaSqm":0,"Areatext":null,"Duplicate":null,"Dist":null,"PCs":null,"Assembly_C":null,"Affeceted_":"1900-01-01T00:00:00","S_Number":391,"S_Fall":"Roads","Zone_1":"Z1A N","Affected_S":"Buffer","Area_SQF":60.9867944608,"Zonewise":"Z1A","no_of_Floo":1,"gis_geometry_geojson":"{\"type\":\"Polygon\",\"coordinates\":[[[78.4063416,17.3550636],[78.4063189,17.3550547],[78.4063112,17.355073],[78.4063338,17.3550818],[78.4063416,17.3550636]]]}"}},{"type":"Feature","id":"AS589-354","geometry":{"type":"Polygon","coordinates":[[[78.4063893,17.3550822],[78.4063656,17.3550722],[78.4063588,17.3550869],[78.4063835,17.3550974],[78.4063893,17.3550822]]]},"properties":{"household_id":"AS589-354","OBJECTID":599,"fid_1":0,"Area":53.8317148064,"DSM":509.53833,"DTM":506,"HEIGHT":3.53833,"BuildingID":null,"BuiType":null,"StructType":"Temporary","NameOwnRep":null,"Contact":0,"HNoPlotNo":null,"TPIN":null,"ColnyStrtN":null,"SyTsNo":null,"WardBlockN":null,"Use":"Residential","Extent":0,"PlinthArea":0,"Classifica":null,"Caste":null,"FinanDepen":null,"HHSize":0,"NoAdults":0,"NoChild":0,"Govtbenefi":null,"Borewell":null,"Courtcase":null,"NameStruct":null,"ReliType":null,"Remarks":"Temporary Structures","CommStatus":null,"Trees":null,"location":null,"Occupation":null,"SkilledOcc":null,"Craftsmen":null,"ReliStruct":null,"Cremetoriu":null,"Email":null,"Date":"1899-12-30T00:00:00","Time":null,"SurvyeorNa":null,"Survey_Dat":null,"Survey_Loc":null,"UUID":null,"email_id":null,"Mandals":null,"Zone":"Zone 1","Income":null,"AreaSqm":0,"Areatext":null,"Duplicate":null,"Dist":null,"PCs":null,"Assembly_C":null,"Affeceted_":"1900-01-01T00:00:00","S_Number":389,"S_Fall":"Roads","Zone_1":"Z1A N","Affected_S":"Buffer","Area_SQF":53.8317148064,"Zonewise":"Z1A","no_of_Floo":1,"gis_geometry_geojson":"{\"type\":\"Polygon\",\"coordinates\":[[[78.4063893,17.3550822],[78.4063656,17.3550722],[78.4063588,17.3550869],[78.4063835,17.3550974],[78.4063893,17.3550822]]]}"}},{"type":"Feature","id":"AS589-355","geometry":{"type":"Polygon","coordinates":[[[78.4063806,17.3551048],[78.4063711,17.3551012],[78.406364,17.3551185],[78.4063739,17.3551223],[78.4063806,17.3551048]]]},"properties":{"household_id":"AS589-355","OBJECTID":600,"fid_1":0,"Area":24.7434613364,"DSM":509.53833,"DTM":506,"HEIGHT":3.53833,"BuildingID":null,"BuiType":null,"StructType":"Temporary","NameOwnRep":null,"Contact":0,"HNoPlotNo":null,"TPIN":null,"ColnyStrtN":null,"SyTsNo":null,"WardBlockN":null,"Use":"Residential","Extent":0,"PlinthArea":0,"Classifica":null,"Caste":null,"FinanDepen":null,"HHSize":0,"NoAdults":0,"NoChild":0,"Govtbenefi":null,"Borewell":null,"Courtcase":null,"NameStruct":null,"ReliType":null,"Remarks":"Temporary Structures","CommStatus":null,"Trees":null,"location":null,"Occupation":null,"SkilledOcc":null,"Craftsmen":null,"ReliStruct":null,"Cremetoriu":null,"Email":null,"Date":"1899-12-30T00:00:00","Time":null,"SurvyeorNa":null,"Survey_Dat":null,"Survey_Loc":null,"UUID":null,"email_id":null,"Mandals":null,"Zone":"Zone 1","Income":null,"AreaSqm":0,"Areatext":null,"Duplicate":null,"Dist":null,"PCs":null,"Assembly_C":null,"Affeceted_":"1900-01-01T00:00:00","S_Number":390,"S_Fall":"Roads","Zone_1":"Z1A N","Affected_S":"Buffer","Area_SQF":24.7434613364,"Zonewise":"Z1A","no_of_Floo":1,"gis_geometry_geojson":"{\"type\":\"Polygon\",\"coordinates\":[[[78.4063806,17.3551048],[78.4063711,17.3551012],[78.406364,17.3551185],[78.4063739,17.3551223],[78.4063806,17.3551048]]]}"}},{"type":"Feature","id":"AS589-356","geometry":{"type":"Polygon","coordinates":[[[78.4062434,17.3551592],[78.406275,17.3550769],[78.4063032,17.3550878],[78.4063165,17.3550532],[78.4062574,17.3550314],[78.4062122,17.355148],[78.4062434,17.3551592]]]},"properties":{"household_id":"AS589-356","OBJECTID":601,"fid_1":0,"Area":665.121108493,"DSM":509.53833,"DTM":506,"HEIGHT":3.53833,"BuildingID":null,"BuiType":null,"StructType":"Temporary","NameOwnRep":null,"Contact":0,"HNoPlotNo":null,"TPIN":null,"ColnyStrtN":null,"SyTsNo":null,"WardBlockN":null,"Use":"Residential","Extent":0,"PlinthArea":0,"Classifica":null,"Caste":null,"FinanDepen":null,"HHSize":0,"NoAdults":0,"NoChild":0,"Govtbenefi":null,"Borewell":null,"Courtcase":null,"NameStruct":null,"ReliType":null,"Remarks":"Temporary Structures","CommStatus":null,"Trees":null,"location":null,"Occupation":null,"SkilledOcc":null,"Craftsmen":null,"ReliStruct":null,"Cremetoriu":null,"Email":null,"Date":"1899-12-30T00:00:00","Time":null,"SurvyeorNa":null,"Survey_Dat":null,"Survey_Loc":null,"UUID":null,"email_id":null,"Mandals":null,"Zone":"Zone 1","Income":null,"AreaSqm":0,"Areatext":null,"Duplicate":null,"Dist":null,"PCs":null,"Assembly_C":null,"Affeceted_":"1900-01-01T00:00:00","S_Number":392,"S_Fall":"Roads","Zone_1":"Z1A N","Affected_S":"Buffer","Area_SQF":665.121108493,"Zonewise":"Z1A","no_of_Floo":1,"gis_geometry_geojson":"{\"type\":\"Polygon\",\"coordinates\":[[[78.4062434,17.3551592],[78.406275,17.3550769],[78.4063032,17.3550878],[78.4063165,17.3550532],[78.4062574,17.3550314],[78.4062122,17.355148],[78.4062434,17.3551592]]]}"}},{"type":"Feature","id":"AS589-357","geometry":{"type":"Polygon","coordinates":[[[78.4071388,17.3561117],[78.4071495,17.356098],[78.4071618,17.3561057],[78.4071686,17.3560944],[78.4071317,17.3560752],[78.4071148,17.3560945],[78.4071388,17.3561117]]]},"properties":{"household_id":"AS589-357","OBJECTID":624,"fid_1":0,"Area":122.710268171,"DSM":506,"DTM":501,"HEIGHT":5,"BuildingID":null,"BuiType":null,"StructType":"Temporary","NameOwnRep":null,"Contact":0,"HNoPlotNo":null,"TPIN":null,"ColnyStrtN":null,"SyTsNo":null,"WardBlockN":null,"Use":"Residential","Extent":0,"PlinthArea":0,"Classifica":null,"Caste":null,"FinanDepen":null,"HHSize":0,"NoAdults":0,"NoChild":0,"Govtbenefi":null,"Borewell":null,"Courtcase":null,"NameStruct":null,"ReliType":null,"Remarks":null,"CommStatus":null,"Trees":null,"location":null,"Occupation":null,"SkilledOcc":null,"Craftsmen":null,"ReliStruct":null,"Cremetoriu":null,"Email":null,"Date":"1899-12-30T00:00:00","Time":null,"SurvyeorNa":null,"Survey_Dat":null,"Survey_Loc":null,"UUID":null,"email_id":null,"Mandals":null,"Zone":"Zone 1","Income":null,"AreaSqm":0,"Areatext":null,"Duplicate":null,"Dist":null,"PCs":null,"Assembly_C":null,"Affeceted_":"1900-01-01T00:00:00","S_Number":418,"S_Fall":"Roads","Zone_1":"Z1A N","Affected_S":"Buffer","Area_SQF":245.420536342,"Zonewise":"Z1A","no_of_Floo":2,"gis_geometry_geojson":"{\"type\":\"Polygon\",\"coordinates\":[[[78.4071388,17.3561117],[78.4071495,17.356098],[78.4071618,17.3561057],[78.4071686,17.3560944],[78.4071317,17.3560752],[78.4071148,17.3560945],[78.4071388,17.3561117]]]}"}},{"type":"Feature","id":"AS589-358","geometry":{"type":"Polygon","coordinates":[[[78.4072862,17.3561543],[78.4072178,17.3561244],[78.4071826,17.3561914],[78.4072503,17.3562276],[78.4072862,17.3561543]]]},"properties":{"household_id":"AS589-358","OBJECTID":625,"fid_1":0,"Area":750.269642392,"DSM":506,"DTM":501,"HEIGHT":5,"BuildingID":null,"BuiType":null,"StructType":"Permanent","NameOwnRep":null,"Contact":0,"HNoPlotNo":null,"TPIN":null,"ColnyStrtN":null,"SyTsNo":null,"WardBlockN":null,"Use":"Residential","Extent":0,"PlinthArea":0,"Classifica":null,"Caste":null,"FinanDepen":null,"HHSize":0,"NoAdults":0,"NoChild":0,"Govtbenefi":null,"Borewell":null,"Courtcase":null,"NameStruct":null,"ReliType":null,"Remarks":null,"CommStatus":null,"Trees":null,"location":null,"Occupation":null,"SkilledOcc":null,"Craftsmen":null,"ReliStruct":null,"Cremetoriu":null,"Email":null,"Date":"1899-12-30T00:00:00","Time":null,"SurvyeorNa":null,"Survey_Dat":null,"Survey_Loc":null,"UUID":null,"email_id":null,"Mandals":null,"Zone":"Zone 1","Income":null,"AreaSqm":0,"Areatext":null,"Duplicate":null,"Dist":null,"PCs":null,"Assembly_C":null,"Affeceted_":"1900-01-01T00:00:00","S_Number":417,"S_Fall":"Roads","Zone_1":"Z1A N","Affected_S":"Buffer","Area_SQF":1500.53928478,"Zonewise":"Z1A","no_of_Floo":2,"gis_geometry_geojson":"{\"type\":\"Polygon\",\"coordinates\":[[[78.4072862,17.3561543],[78.4072178,17.3561244],[78.4071826,17.3561914],[78.4072503,17.3562276],[78.4072862,17.3561543]]]}"}},{"type":"Feature","id":"AS589-359","geometry":{"type":"Polygon","coordinates":[[[78.406947,17.3559194],[78.4069753,17.3559434],[78.4070359,17.3558796],[78.4070058,17.3558535],[78.406947,17.3559194]]]},"properties":{"household_id":"AS589-359","OBJECTID":637,"fid_1":0,"Area":429.450141068,"DSM":508.423,"DTM":504.1412,"HEIGHT":4.2818,"BuildingID":null,"BuiType":null,"StructType":"Temporary","NameOwnRep":null,"Contact":0,"HNoPlotNo":null,"TPIN":null,"ColnyStrtN":null,"SyTsNo":null,"WardBlockN":null,"Use":"Residential","Extent":0,"PlinthArea":0,"Classifica":null,"Caste":null,"FinanDepen":null,"HHSize":0,"NoAdults":0,"NoChild":0,"Govtbenefi":null,"Borewell":null,"Courtcase":null,"NameStruct":null,"ReliType":null,"Remarks":"409","CommStatus":null,"Trees":null,"location":null,"Occupation":null,"SkilledOcc":null,"Craftsmen":null,"ReliStruct":null,"Cremetoriu":null,"Email":null,"Date":"1899-12-30T00:00:00","Time":null,"SurvyeorNa":null,"Survey_Dat":null,"Survey_Loc":null,"UUID":null,"email_id":null,"Mandals":null,"Zone":null,"Income":null,"AreaSqm":0,"Areatext":null,"Duplicate":null,"Dist":null,"PCs":null,"Assembly_C":null,"Affeceted_":"1900-01-01T00:00:00","S_Number":405,"S_Fall":"Roads","Zone_1":"Z1A N","Affected_S":"Buffer","Area_SQF":429.450141068,"Zonewise":"Z1A","no_of_Floo":1,"gis_geometry_geojson":"{\"type\":\"Polygon\",\"coordinates\":[[[78.406947,17.3559194],[78.4069753,17.3559434],[78.4070359,17.3558796],[78.4070058,17.3558535],[78.406947,17.3559194]]]}"}},{"type":"Feature","id":"AS589-360","geometry":{"type":"Polygon","coordinates":[[[78.4075798,17.3564563],[78.4075205,17.3564255],[78.4074945,17.3564719],[78.4075557,17.3565037],[78.4075798,17.3564563]]]},"properties":{"household_id":"AS589-360","OBJECTID":621,"fid_1":0,"Area":457.168664856,"DSM":504,"DTM":501,"HEIGHT":3,"BuildingID":null,"BuiType":null,"StructType":"Permanent","NameOwnRep":null,"Contact":0,"HNoPlotNo":null,"TPIN":null,"ColnyStrtN":null,"SyTsNo":null,"WardBlockN":null,"Use":"Residential","Extent":0,"PlinthArea":0,"Classifica":null,"Caste":null,"FinanDepen":null,"HHSize":0,"NoAdults":0,"NoChild":0,"Govtbenefi":null,"Borewell":null,"Courtcase":null,"NameStruct":null,"ReliType":null,"Remarks":null,"CommStatus":null,"Trees":null,"location":null,"Occupation":null,"SkilledOcc":null,"Craftsmen":null,"ReliStruct":null,"Cremetoriu":null,"Email":null,"Date":"1899-12-30T00:00:00","Time":null,"SurvyeorNa":null,"Survey_Dat":null,"Survey_Loc":null,"UUID":null,"email_id":null,"Mandals":null,"Zone":"Zone 1","Income":null,"AreaSqm":0,"Areatext":null,"Duplicate":null,"Dist":null,"PCs":null,"Assembly_C":null,"Affeceted_":"1900-01-01T00:00:00","S_Number":422,"S_Fall":"Roads","Zone_1":"Z1A N","Affected_S":"Buffer","Area_SQF":457.168664856,"Zonewise":"Z1A","no_of_Floo":1,"gis_geometry_geojson":"{\"type\":\"Polygon\",\"coordinates\":[[[78.4075798,17.3564563],[78.4075205,17.3564255],[78.4074945,17.3564719],[78.4075557,17.3565037],[78.4075798,17.3564563]]]}"}},{"type":"Feature","id":"AS589-361","geometry":{"type":"Polygon","coordinates":[[[78.4076547,17.3566748],[78.4076208,17.3566571],[78.4076053,17.3566846],[78.4076391,17.3567023],[78.4076547,17.3566748]]]},"properties":{"household_id":"AS589-361","OBJECTID":622,"fid_1":0,"Area":152.876749606,"DSM":505,"DTM":501,"HEIGHT":4,"BuildingID":null,"BuiType":null,"StructType":"Permanent","NameOwnRep":null,"Contact":0,"HNoPlotNo":null,"TPIN":null,"ColnyStrtN":null,"SyTsNo":null,"WardBlockN":null,"Use":"Residential","Extent":0,"PlinthArea":0,"Classifica":null,"Caste":null,"FinanDepen":null,"HHSize":0,"NoAdults":0,"NoChild":0,"Govtbenefi":null,"Borewell":null,"Courtcase":null,"NameStruct":null,"ReliType":null,"Remarks":null,"CommStatus":null,"Trees":null,"location":null,"Occupation":null,"SkilledOcc":null,"Craftsmen":null,"ReliStruct":null,"Cremetoriu":null,"Email":null,"Date":"1899-12-30T00:00:00","Time":null,"SurvyeorNa":null,"Survey_Dat":null,"Survey_Loc":null,"UUID":null,"email_id":null,"Mandals":null,"Zone":"Zone 1","Income":null,"AreaSqm":0,"Areatext":null,"Duplicate":null,"Dist":null,"PCs":null,"Assembly_C":null,"Affeceted_":"1900-01-01T00:00:00","S_Number":424,"S_Fall":"Roads","Zone_1":"Z1A N","Affected_S":"Buffer","Area_SQF":152.876749606,"Zonewise":"Z1A","no_of_Floo":1,"gis_geometry_geojson":"{\"type\":\"Polygon\",\"coordinates\":[[[78.4076547,17.3566748],[78.4076208,17.3566571],[78.4076053,17.3566846],[78.4076391,17.3567023],[78.4076547,17.3566748]]]}"}},{"type":"Feature","id":"AS589-362","geometry":{"type":"Polygon","coordinates":[[[78.4077894,17.3567562],[78.4077751,17.3567489],[78.4077664,17.3567646],[78.4077807,17.3567719],[78.4077894,17.3567562]]]},"properties":{"household_id":"AS589-362","OBJECTID":623,"fid_1":0,"Area":36.3789567946,"DSM":505,"DTM":501,"HEIGHT":4,"BuildingID":null,"BuiType":null,"StructType":"Temporary","NameOwnRep":null,"Contact":0,"HNoPlotNo":null,"TPIN":null,"ColnyStrtN":null,"SyTsNo":null,"WardBlockN":null,"Use":"Residential","Extent":0,"PlinthArea":0,"Classifica":null,"Caste":null,"FinanDepen":null,"HHSize":0,"NoAdults":0,"NoChild":0,"Govtbenefi":null,"Borewell":null,"Courtcase":null,"NameStruct":null,"ReliType":null,"Remarks":null,"CommStatus":null,"Trees":null,"location":null,"Occupation":null,"SkilledOcc":null,"Craftsmen":null,"ReliStruct":null,"Cremetoriu":null,"Email":null,"Date":"1899-12-30T00:00:00","Time":null,"SurvyeorNa":null,"Survey_Dat":null,"Survey_Loc":null,"UUID":null,"email_id":null,"Mandals":null,"Zone":"Zone 1","Income":null,"AreaSqm":0,"Areatext":null,"Duplicate":null,"Dist":null,"PCs":null,"Assembly_C":null,"Affeceted_":"1900-01-01T00:00:00","S_Number":425,"S_Fall":"Roads","Zone_1":"Z1A N","Affected_S":"Buffer","Area_SQF":36.3789567946,"Zonewise":"Z1A","no_of_Floo":1,"gis_geometry_geojson":"{\"type\":\"Polygon\",\"coordinates\":[[[78.4077894,17.3567562],[78.4077751,17.3567489],[78.4077664,17.3567646],[78.4077807,17.3567719],[78.4077894,17.3567562]]]}"}},{"type":"Feature","id":"AS589-363","geometry":{"type":"Polygon","coordinates":[[[78.3980695,17.3399613],[78.3981404,17.3399364],[78.3981159,17.3398698],[78.3980443,17.3398946],[78.3980695,17.3399613]]]},"properties":{"household_id":"AS589-363","OBJECTID":642,"fid_1":0,"Area":680.168999693,"DSM":516.5247,"DTM":515,"HEIGHT":1.52469999999,"BuildingID":null,"BuiType":null,"StructType":"Temporary","NameOwnRep":null,"Contact":0,"HNoPlotNo":null,"TPIN":null,"ColnyStrtN":null,"SyTsNo":null,"WardBlockN":null,"Use":"Commercial","Extent":0,"PlinthArea":0,"Classifica":null,"Caste":null,"FinanDepen":null,"HHSize":0,"NoAdults":0,"NoChild":0,"Govtbenefi":null,"Borewell":null,"Courtcase":null,"NameStruct":null,"ReliType":null,"Remarks":"416","CommStatus":null,"Trees":null,"location":null,"Occupation":null,"SkilledOcc":null,"Craftsmen":null,"ReliStruct":null,"Cremetoriu":null,"Email":null,"Date":"1899-12-30T00:00:00","Time":null,"SurvyeorNa":null,"Survey_Dat":null,"Survey_Loc":null,"UUID":null,"email_id":null,"Mandals":null,"Zone":null,"Income":null,"AreaSqm":0,"Areatext":null,"Duplicate":null,"Dist":null,"PCs":null,"Assembly_C":null,"Affeceted_":"1900-01-01T00:00:00","S_Number":89,"S_Fall":"Roads","Zone_1":"Z1A N","Affected_S":"Buffer","Area_SQF":680.168999693,"Zonewise":"Z1A","no_of_Floo":1,"gis_geometry_geojson":"{\"type\":\"Polygon\",\"coordinates\":[[[78.3980695,17.3399613],[78.3981404,17.3399364],[78.3981159,17.3398698],[78.3980443,17.3398946],[78.3980695,17.3399613]]]}"}},{"type":"Feature","id":"AS589-364","geometry":{"type":"Polygon","coordinates":[[[78.407531,17.3622919],[78.4075212,17.362203],[78.4073917,17.3622211],[78.4074009,17.3622818],[78.407407,17.3622809],[78.4074112,17.3623086],[78.407531,17.3622919]]]},"properties":{"household_id":"AS589-364","OBJECTID":574,"fid_1":0,"Area":1444.95462128,"DSM":517,"DTM":507,"HEIGHT":10,"BuildingID":null,"BuiType":null,"StructType":"Permanent","NameOwnRep":null,"Contact":0,"HNoPlotNo":null,"TPIN":null,"ColnyStrtN":null,"SyTsNo":null,"WardBlockN":null,"Use":"Residential","Extent":0,"PlinthArea":0,"Classifica":null,"Caste":null,"FinanDepen":null,"HHSize":0,"NoAdults":0,"NoChild":0,"Govtbenefi":null,"Borewell":null,"Courtcase":null,"NameStruct":null,"ReliType":null,"Remarks":null,"CommStatus":null,"Trees":null,"location":null,"Occupation":null,"SkilledOcc":null,"Craftsmen":null,"ReliStruct":null,"Cremetoriu":null,"Email":null,"Date":"1899-12-30T00:00:00","Time":null,"SurvyeorNa":null,"Survey_Dat":null,"Survey_Loc":null,"UUID":null,"email_id":null,"Mandals":null,"Zone":"Zone 1","Income":null,"AreaSqm":0,"Areatext":null,"Duplicate":null,"Dist":null,"PCs":null,"Assembly_C":null,"Affeceted_":"1900-01-01T00:00:00","S_Number":606,"S_Fall":"Roads","Zone_1":"Z1A N","Affected_S":"Buffer","Area_SQF":4334.86386384,"Zonewise":"Z1A","no_of_Floo":3,"gis_geometry_geojson":"{\"type\":\"Polygon\",\"coordinates\":[[[78.407531,17.3622919],[78.4075212,17.362203],[78.4073917,17.3622211],[78.4074009,17.3622818],[78.407407,17.3622809],[78.4074112,17.3623086],[78.407531,17.3622919]]]}"}},{"type":"Feature","id":"AS589-365","geometry":{"type":"Polygon","coordinates":[[[78.407021,17.3627485],[78.4071235,17.362734],[78.4071301,17.3627216],[78.4071276,17.3627002],[78.407132,17.3626996],[78.4071311,17.3626941],[78.4071556,17.3626907],[78.4071613,17.3626825],[78.4071554,17.3626338],[78.4069969,17.3626559],[78.407006,17.3627165],[78.4070139,17.3627154],[78.407021,17.3627485]]]},"properties":{"household_id":"AS589-365","OBJECTID":583,"fid_1":0,"Area":1717.00578873,"DSM":516,"DTM":506.8341,"HEIGHT":9.1659,"BuildingID":null,"BuiType":null,"StructType":"Permanent","NameOwnRep":null,"Contact":0,"HNoPlotNo":null,"TPIN":null,"ColnyStrtN":null,"SyTsNo":null,"WardBlockN":null,"Use":"Residential","Extent":0,"PlinthArea":0,"Classifica":null,"Caste":null,"FinanDepen":null,"HHSize":0,"NoAdults":0,"NoChild":0,"Govtbenefi":null,"Borewell":null,"Courtcase":null,"NameStruct":null,"ReliType":null,"Remarks":null,"CommStatus":null,"Trees":null,"location":null,"Occupation":null,"SkilledOcc":null,"Craftsmen":null,"ReliStruct":null,"Cremetoriu":null,"Email":null,"Date":"1899-12-30T00:00:00","Time":null,"SurvyeorNa":null,"Survey_Dat":null,"Survey_Loc":null,"UUID":null,"email_id":null,"Mandals":null,"Zone":"Zone 1","Income":null,"AreaSqm":0,"Areatext":null,"Duplicate":null,"Dist":null,"PCs":null,"Assembly_C":null,"Affeceted_":"1900-01-01T00:00:00","S_Number":608,"S_Fall":"Roads","Zone_1":"Z1A N","Affected_S":"Buffer","Area_SQF":5151.01736619,"Zonewise":"Z1A","no_of_Floo":3,"gis_geometry_geojson":"{\"type\":\"Polygon\",\"coordinates\":[[[78.407021,17.3627485],[78.4071235,17.362734],[78.4071301,17.3627216],[78.4071276,17.3627002],[78.407132,17.3626996],[78.4071311,17.3626941],[78.4071556,17.3626907],[78.4071613,17.3626825],[78.4071554,17.3626338],[78.4069969,17.3626559],[78.407006,17.3627165],[78.4070139,17.3627154],[78.407021,17.3627485]]]}"}},{"type":"Feature","id":"AS589-366","geometry":{"type":"Polygon","coordinates":[[[78.4094827,17.3626096],[78.4095354,17.3625391],[78.4096308,17.3623943],[78.4095903,17.3623682],[78.4095546,17.3624234],[78.4095678,17.3624319],[78.4095,17.3625288],[78.4095042,17.3625316],[78.4094961,17.3625433],[78.4094732,17.3625255],[78.4094588,17.3625462],[78.409482,17.3625634],[78.4094599,17.3625949],[78.4094827,17.3626096]]]},"properties":{"household_id":"AS589-366","OBJECTID":626,"fid_1":0,"Area":1222.01252559,"DSM":505,"DTM":504,"HEIGHT":1,"BuildingID":null,"BuiType":null,"StructType":"Temporary","NameOwnRep":null,"Contact":0,"HNoPlotNo":null,"TPIN":null,"ColnyStrtN":null,"SyTsNo":null,"WardBlockN":null,"Use":"Temp","Extent":0,"PlinthArea":0,"Classifica":null,"Caste":null,"FinanDepen":null,"HHSize":0,"NoAdults":0,"NoChild":0,"Govtbenefi":null,"Borewell":null,"Courtcase":null,"NameStruct":null,"ReliType":null,"Remarks":"Temporary Structure","CommStatus":null,"Trees":null,"location":null,"Occupation":null,"SkilledOcc":null,"Craftsmen":null,"ReliStruct":null,"Cremetoriu":null,"Email":null,"Date":"1899-12-30T00:00:00","Time":null,"SurvyeorNa":null,"Survey_Dat":null,"Survey_Loc":null,"UUID":null,"email_id":null,"Mandals":null,"Zone":"Zone 1","Income":null,"AreaSqm":0,"Areatext":null,"Duplicate":null,"Dist":null,"PCs":null,"Assembly_C":null,"Affeceted_":"1900-01-01T00:00:00","S_Number":552,"S_Fall":"Roads","Zone_1":"Z1A S","Affected_S":"Buffer","Area_SQF":1222.01252559,"Zonewise":"Z1A","no_of_Floo":1,"gis_geometry_geojson":"{\"type\":\"Polygon\",\"coordinates\":[[[78.4094827,17.3626096],[78.4095354,17.3625391],[78.4096308,17.3623943],[78.4095903,17.3623682],[78.4095546,17.3624234],[78.4095678,17.3624319],[78.4095,17.3625288],[78.4095042,17.3625316],[78.4094961,17.3625433],[78.4094732,17.3625255],[78.4094588,17.3625462],[78.409482,17.3625634],[78.4094599,17.3625949],[78.4094827,17.3626096]]]}"}},{"type":"Feature","id":"AS589-367","geometry":{"type":"Polygon","coordinates":[[[78.4094359,17.3626821],[78.4093673,17.362668],[78.4093604,17.3626988],[78.4094233,17.3627144],[78.4094415,17.3626878],[78.4094349,17.3626864],[78.4094359,17.3626821]]]},"properties":{"household_id":"AS589-367","OBJECTID":627,"fid_1":0,"Area":304.038464863,"DSM":505,"DTM":504,"HEIGHT":1,"BuildingID":null,"BuiType":null,"StructType":"Temporary","NameOwnRep":null,"Contact":0,"HNoPlotNo":null,"TPIN":null,"ColnyStrtN":null,"SyTsNo":null,"WardBlockN":null,"Use":"Temp","Extent":0,"PlinthArea":0,"Classifica":null,"Caste":null,"FinanDepen":null,"HHSize":0,"NoAdults":0,"NoChild":0,"Govtbenefi":null,"Borewell":null,"Courtcase":null,"NameStruct":null,"ReliType":null,"Remarks":"Temporary Structure","CommStatus":null,"Trees":null,"location":null,"Occupation":null,"SkilledOcc":null,"Craftsmen":null,"ReliStruct":null,"Cremetoriu":null,"Email":null,"Date":"1899-12-30T00:00:00","Time":null,"SurvyeorNa":null,"Survey_Dat":null,"Survey_Loc":null,"UUID":null,"email_id":null,"Mandals":null,"Zone":"Zone 1","Income":null,"AreaSqm":0,"Areatext":null,"Duplicate":null,"Dist":null,"PCs":null,"Assembly_C":null,"Affeceted_":"1900-01-01T00:00:00","S_Number":551,"S_Fall":"Roads","Zone_1":"Z1A S","Affected_S":"Buffer","Area_SQF":304.038464863,"Zonewise":"Z1A","no_of_Floo":1,"gis_geometry_geojson":"{\"type\":\"Polygon\",\"coordinates\":[[[78.4094359,17.3626821],[78.4093673,17.362668],[78.4093604,17.3626988],[78.4094233,17.3627144],[78.4094415,17.3626878],[78.4094349,17.3626864],[78.4094359,17.3626821]]]}"}},{"type":"Feature","id":"AS589-368","geometry":{"type":"Polygon","coordinates":[[[78.4116126,17.3729156],[78.4116056,17.3728696],[78.4114937,17.372879],[78.411226,17.3728903],[78.4112367,17.372931],[78.4116126,17.3729156]]]},"properties":{"household_id":"AS589-368","OBJECTID":26,"fid_1":0,"Area":2057.22293407,"DSM":507,"DTM":502,"HEIGHT":5,"BuildingID":null,"BuiType":null,"StructType":"Temporary","NameOwnRep":null,"Contact":0,"HNoPlotNo":null,"TPIN":null,"ColnyStrtN":null,"SyTsNo":null,"WardBlockN":null,"Use":"Temp","Extent":0,"PlinthArea":0,"Classifica":null,"Caste":null,"FinanDepen":null,"HHSize":0,"NoAdults":0,"NoChild":0,"Govtbenefi":null,"Borewell":null,"Courtcase":null,"NameStruct":null,"ReliType":null,"Remarks":"Temporary Structures","CommStatus":null,"Trees":null,"location":null,"Occupation":null,"SkilledOcc":null,"Craftsmen":null,"ReliStruct":null,"Cremetoriu":null,"Email":null,"Date":"1899-12-30T00:00:00","Time":null,"SurvyeorNa":null,"Survey_Dat":null,"Survey_Loc":null,"UUID":null,"email_id":"River Buffer","Mandals":null,"Zone":"Zone 1","Income":null,"AreaSqm":0,"Areatext":null,"Duplicate":null,"Dist":"As per new Alignment","PCs":null,"Assembly_C":null,"Affeceted_":"1899-12-30T00:00:00","S_Number":0,"S_Fall":"Roads","Zone_1":"Z1B N","Affected_S":"Outside","Area_SQF":4114.44586814,"Zonewise":"Z1B","no_of_Floo":2,"gis_geometry_geojson":"{\"type\":\"Polygon\",\"coordinates\":[[[78.4116126,17.3729156],[78.4116056,17.3728696],[78.4114937,17.372879],[78.411226,17.3728903],[78.4112367,17.372931],[78.4116126,17.3729156]]]}"}},{"type":"Feature","id":"AS589-369","geometry":{"type":"Polygon","coordinates":[[[78.4037535,17.3685204],[78.4037675,17.3685596],[78.4038364,17.3685369],[78.4038223,17.3684977],[78.4037535,17.3685204]]]},"properties":{"household_id":"AS589-369","OBJECTID":0,"fid_1":0,"Area":383.357323439,"DSM":510,"DTM":507,"HEIGHT":3,"BuildingID":null,"BuiType":null,"StructType":"Defence","NameOwnRep":null,"Contact":0,"HNoPlotNo":null,"TPIN":null,"ColnyStrtN":null,"SyTsNo":null,"WardBlockN":null,"Use":"Defence","Extent":0,"PlinthArea":0,"Classifica":null,"Caste":null,"FinanDepen":null,"HHSize":0,"NoAdults":0,"NoChild":0,"Govtbenefi":null,"Borewell":null,"Courtcase":null,"NameStruct":null,"ReliType":null,"Remarks":"Defence Buildings","CommStatus":null,"Trees":null,"location":null,"Occupation":null,"SkilledOcc":null,"Craftsmen":null,"ReliStruct":null,"Cremetoriu":null,"Email":null,"Date":"1899-12-30T00:00:00","Time":null,"SurvyeorNa":null,"Survey_Dat":null,"Survey_Loc":null,"UUID":null,"email_id":"Defence","Mandals":null,"Zone":"Zone 1","Income":null,"AreaSqm":0,"Areatext":null,"Duplicate":null,"Dist":null,"PCs":null,"Assembly_C":null,"Affeceted_":"1899-12-30T00:00:00","S_Number":0,"S_Fall":"Roads","Zone_1":"Z1B S","Affected_S":"Outside","Area_SQF":383.357323439,"Zonewise":"Z1B","no_of_Floo":1,"gis_geometry_geojson":"{\"type\":\"Polygon\",\"coordinates\":[[[78.4037535,17.3685204],[78.4037675,17.3685596],[78.4038364,17.3685369],[78.4038223,17.3684977],[78.4037535,17.3685204]]]}"}},{"type":"Feature","id":"AS589-370","geometry":{"type":"Polygon","coordinates":[[[78.4043808,17.3683052],[78.4043538,17.3682022],[78.4040341,17.3682792],[78.404061,17.3683823],[78.4043808,17.3683052]]]},"properties":{"household_id":"AS589-370","OBJECTID":0,"fid_1":0,"Area":4439.16885326,"DSM":513,"DTM":508,"HEIGHT":5,"BuildingID":null,"BuiType":null,"StructType":"Defence","NameOwnRep":null,"Contact":0,"HNoPlotNo":null,"TPIN":null,"ColnyStrtN":null,"SyTsNo":null,"WardBlockN":null,"Use":"Defence","Extent":0,"PlinthArea":0,"Classifica":null,"Caste":null,"FinanDepen":null,"HHSize":0,"NoAdults":0,"NoChild":0,"Govtbenefi":null,"Borewell":null,"Courtcase":null,"NameStruct":null,"ReliType":null,"Remarks":"Defence Buildings","CommStatus":null,"Trees":null,"location":null,"Occupation":null,"SkilledOcc":null,"Craftsmen":null,"ReliStruct":null,"Cremetoriu":null,"Email":null,"Date":"1899-12-30T00:00:00","Time":null,"SurvyeorNa":null,"Survey_Dat":null,"Survey_Loc":null,"UUID":null,"email_id":null,"Mandals":null,"Zone":"Zone 1","Income":null,"AreaSqm":0,"Areatext":null,"Duplicate":null,"Dist":null,"PCs":null,"Assembly_C":null,"Affeceted_":"1899-12-30T00:00:00","S_Number":0,"S_Fall":"Roads","Zone_1":"Z1B S","Affected_S":"Outside","Area_SQF":8878.33770652,"Zonewise":"Z1B","no_of_Floo":2,"gis_geometry_geojson":"{\"type\":\"Polygon\",\"coordinates\":[[[78.4043808,17.3683052],[78.4043538,17.3682022],[78.4040341,17.3682792],[78.404061,17.3683823],[78.4043808,17.3683052]]]}"}},{"type":"Feature","id":"AS589-371","geometry":{"type":"Polygon","coordinates":[[[78.40462,17.3682473],[78.4045914,17.3681405],[78.4044971,17.3681638],[78.4045257,17.3682705],[78.40462,17.3682473]]]},"properties":{"household_id":"AS589-371","OBJECTID":0,"fid_1":0,"Area":1360.26337604,"DSM":514,"DTM":509,"HEIGHT":5,"BuildingID":null,"BuiType":null,"StructType":"Defence","NameOwnRep":null,"Contact":0,"HNoPlotNo":null,"TPIN":null,"ColnyStrtN":null,"SyTsNo":null,"WardBlockN":null,"Use":"Defence","Extent":0,"PlinthArea":0,"Classifica":null,"Caste":null,"FinanDepen":null,"HHSize":0,"NoAdults":0,"NoChild":0,"Govtbenefi":null,"Borewell":null,"Courtcase":null,"NameStruct":null,"ReliType":null,"Remarks":"Defence Buildings","CommStatus":null,"Trees":null,"location":null,"Occupation":null,"SkilledOcc":null,"Craftsmen":null,"ReliStruct":null,"Cremetoriu":null,"Email":null,"Date":"1899-12-30T00:00:00","Time":null,"SurvyeorNa":null,"Survey_Dat":null,"Survey_Loc":null,"UUID":null,"email_id":null,"Mandals":null,"Zone":"Zone 1","Income":null,"AreaSqm":0,"Areatext":null,"Duplicate":null,"Dist":null,"PCs":null,"Assembly_C":null,"Affeceted_":"1899-12-30T00:00:00","S_Number":0,"S_Fall":"Roads","Zone_1":"Z1B S","Affected_S":"Outside","Area_SQF":2720.52675208,"Zonewise":"Z1B","no_of_Floo":2,"gis_geometry_geojson":"{\"type\":\"Polygon\",\"coordinates\":[[[78.40462,17.3682473],[78.4045914,17.3681405],[78.4044971,17.3681638],[78.4045257,17.3682705],[78.40462,17.3682473]]]}"}},{"type":"Feature","id":"AS589-372","geometry":{"type":"Polygon","coordinates":[[[78.4047565,17.3681457],[78.4046969,17.3679042],[78.4045741,17.3679322],[78.4046337,17.3681737],[78.4047565,17.3681457]]]},"properties":{"household_id":"AS589-372","OBJECTID":0,"fid_1":0,"Area":3970.17368751,"DSM":517,"DTM":510,"HEIGHT":7,"BuildingID":null,"BuiType":null,"StructType":"Defence","NameOwnRep":null,"Contact":0,"HNoPlotNo":null,"TPIN":null,"ColnyStrtN":null,"SyTsNo":null,"WardBlockN":null,"Use":"Defence","Extent":0,"PlinthArea":0,"Classifica":null,"Caste":null,"FinanDepen":null,"HHSize":0,"NoAdults":0,"NoChild":0,"Govtbenefi":null,"Borewell":null,"Courtcase":null,"NameStruct":null,"ReliType":null,"Remarks":"Defence Buildings","CommStatus":null,"Trees":null,"location":null,"Occupation":null,"SkilledOcc":null,"Craftsmen":null,"ReliStruct":null,"Cremetoriu":null,"Email":null,"Date":"1899-12-30T00:00:00","Time":null,"SurvyeorNa":null,"Survey_Dat":null,"Survey_Loc":null,"UUID":null,"email_id":null,"Mandals":null,"Zone":"Zone 1","Income":null,"AreaSqm":0,"Areatext":null,"Duplicate":null,"Dist":null,"PCs":null,"Assembly_C":null,"Affeceted_":"1899-12-30T00:00:00","S_Number":0,"S_Fall":"Roads","Zone_1":"Z1B S","Affected_S":"Outside","Area_SQF":7940.34737502,"Zonewise":"Z1B","no_of_Floo":2,"gis_geometry_geojson":"{\"type\":\"Polygon\",\"coordinates\":[[[78.4047565,17.3681457],[78.4046969,17.3679042],[78.4045741,17.3679322],[78.4046337,17.3681737],[78.4047565,17.3681457]]]}"}},{"type":"Feature","id":"AS589-373","geometry":{"type":"Polygon","coordinates":[[[78.4064717,17.3671338],[78.4064503,17.3670845],[78.406327,17.3671338],[78.4063484,17.3671832],[78.4064717,17.3671338]]]},"properties":{"household_id":"AS589-373","OBJECTID":0,"fid_1":0,"Area":904.217457058,"DSM":510,"DTM":507,"HEIGHT":3,"BuildingID":null,"BuiType":null,"StructType":"Defence","NameOwnRep":null,"Contact":0,"HNoPlotNo":null,"TPIN":null,"ColnyStrtN":null,"SyTsNo":null,"WardBlockN":null,"Use":"Defence","Extent":0,"PlinthArea":0,"Classifica":null,"Caste":null,"FinanDepen":null,"HHSize":0,"NoAdults":0,"NoChild":0,"Govtbenefi":null,"Borewell":null,"Courtcase":null,"NameStruct":null,"ReliType":null,"Remarks":"Defence Buildings","CommStatus":null,"Trees":null,"location":null,"Occupation":null,"SkilledOcc":null,"Craftsmen":null,"ReliStruct":null,"Cremetoriu":null,"Email":null,"Date":"1899-12-30T00:00:00","Time":null,"SurvyeorNa":null,"Survey_Dat":null,"Survey_Loc":null,"UUID":null,"email_id":"Defence","Mandals":null,"Zone":"Zone 1","Income":null,"AreaSqm":0,"Areatext":null,"Duplicate":null,"Dist":null,"PCs":null,"Assembly_C":null,"Affeceted_":"1899-12-30T00:00:00","S_Number":0,"S_Fall":"Roads","Zone_1":"Z1A N","Affected_S":"Outside","Area_SQF":904.217457058,"Zonewise":"Z1A","no_of_Floo":1,"gis_geometry_geojson":"{\"type\":\"Polygon\",\"coordinates\":[[[78.4064717,17.3671338],[78.4064503,17.3670845],[78.406327,17.3671338],[78.4063484,17.3671832],[78.4064717,17.3671338]]]}"}},{"type":"Feature","id":"AS589-374","geometry":{"type":"Polygon","coordinates":[[[78.4064219,17.3670451],[78.4064002,17.3669981],[78.4063109,17.3670362],[78.4063319,17.3670835],[78.4064219,17.3670451]]]},"properties":{"household_id":"AS589-374","OBJECTID":0,"fid_1":0,"Area":639.448789803,"DSM":510,"DTM":507,"HEIGHT":3,"BuildingID":null,"BuiType":null,"StructType":"Defence","NameOwnRep":null,"Contact":0,"HNoPlotNo":null,"TPIN":null,"ColnyStrtN":null,"SyTsNo":null,"WardBlockN":null,"Use":"Defence","Extent":0,"PlinthArea":0,"Classifica":null,"Caste":null,"FinanDepen":null,"HHSize":0,"NoAdults":0,"NoChild":0,"Govtbenefi":null,"Borewell":null,"Courtcase":null,"NameStruct":null,"ReliType":null,"Remarks":"Defence Buildings","CommStatus":null,"Trees":null,"location":null,"Occupation":null,"SkilledOcc":null,"Craftsmen":null,"ReliStruct":null,"Cremetoriu":null,"Email":null,"Date":"1899-12-30T00:00:00","Time":null,"SurvyeorNa":null,"Survey_Dat":null,"Survey_Loc":null,"UUID":null,"email_id":null,"Mandals":null,"Zone":"Zone 1","Income":null,"AreaSqm":0,"Areatext":null,"Duplicate":null,"Dist":null,"PCs":null,"Assembly_C":null,"Affeceted_":"1899-12-30T00:00:00","S_Number":0,"S_Fall":"Roads","Zone_1":"Z1A N","Affected_S":"Outside","Area_SQF":639.448789803,"Zonewise":"Z1A","no_of_Floo":1,"gis_geometry_geojson":"{\"type\":\"Polygon\",\"coordinates\":[[[78.4064219,17.3670451],[78.4064002,17.3669981],[78.4063109,17.3670362],[78.4063319,17.3670835],[78.4064219,17.3670451]]]}"}},{"type":"Feature","id":"AS589-375","geometry":{"type":"Polygon","coordinates":[[[78.4063817,17.3669517],[78.4063646,17.3669138],[78.4063552,17.3669179],[78.4063491,17.366905],[78.4062672,17.366939],[78.4062901,17.3669898],[78.4063817,17.3669517]]]},"properties":{"household_id":"AS589-375","OBJECTID":0,"fid_1":0,"Area":681.533839068,"DSM":510,"DTM":507,"HEIGHT":3,"BuildingID":null,"BuiType":null,"StructType":"Defence","NameOwnRep":null,"Contact":0,"HNoPlotNo":null,"TPIN":null,"ColnyStrtN":null,"SyTsNo":null,"WardBlockN":null,"Use":"Defence","Extent":0,"PlinthArea":0,"Classifica":null,"Caste":null,"FinanDepen":null,"HHSize":0,"NoAdults":0,"NoChild":0,"Govtbenefi":null,"Borewell":null,"Courtcase":null,"NameStruct":null,"ReliType":null,"Remarks":"Defence Buildings","CommStatus":null,"Trees":null,"location":null,"Occupation":null,"SkilledOcc":null,"Craftsmen":null,"ReliStruct":null,"Cremetoriu":null,"Email":null,"Date":"1899-12-30T00:00:00","Time":null,"SurvyeorNa":null,"Survey_Dat":null,"Survey_Loc":null,"UUID":null,"email_id":null,"Mandals":null,"Zone":"Zone 1","Income":null,"AreaSqm":0,"Areatext":null,"Duplicate":null,"Dist":null,"PCs":null,"Assembly_C":null,"Affeceted_":"1899-12-30T00:00:00","S_Number":0,"S_Fall":"Roads","Zone_1":"Z1A N","Affected_S":"Outside","Area_SQF":681.533839068,"Zonewise":"Z1A","no_of_Floo":1,"gis_geometry_geojson":"{\"type\":\"Polygon\",\"coordinates\":[[[78.4063817,17.3669517],[78.4063646,17.3669138],[78.4063552,17.3669179],[78.4063491,17.366905],[78.4062672,17.366939],[78.4062901,17.3669898],[78.4063817,17.3669517]]]}"}},{"type":"Feature","id":"AS589-376","geometry":{"type":"Polygon","coordinates":[[[78.3987858,17.3334026],[78.3988015,17.3334566],[78.3988135,17.3334531],[78.398817,17.3334661],[78.3988388,17.3335603],[78.3988245,17.3335666],[78.3988328,17.333614],[78.3988463,17.3336141],[78.3988739,17.3337701],[78.3989653,17.333749],[78.3988638,17.3333764],[78.3987858,17.3334026]]]},"properties":{"household_id":"AS589-376","OBJECTID":644,"fid_1":0,"Area":3949.65277789,"DSM":527.7212,"DTM":515,"HEIGHT":12.7212,"BuildingID":null,"BuiType":null,"StructType":"Temporary","NameOwnRep":null,"Contact":0,"HNoPlotNo":null,"TPIN":null,"ColnyStrtN":null,"SyTsNo":null,"WardBlockN":null,"Use":"Residential","Extent":0,"PlinthArea":0,"Classifica":null,"Caste":null,"FinanDepen":null,"HHSize":0,"NoAdults":0,"NoChild":0,"Govtbenefi":null,"Borewell":null,"Courtcase":null,"NameStruct":null,"ReliType":null,"Remarks":"420","CommStatus":null,"Trees":null,"location":null,"Occupation":null,"SkilledOcc":null,"Craftsmen":null,"ReliStruct":null,"Cremetoriu":null,"Email":null,"Date":"1899-12-30T00:00:00","Time":null,"SurvyeorNa":null,"Survey_Dat":null,"Survey_Loc":null,"UUID":null,"email_id":null,"Mandals":null,"Zone":null,"Income":null,"AreaSqm":0,"Areatext":null,"Duplicate":null,"Dist":null,"PCs":null,"Assembly_C":null,"Affeceted_":"1900-01-01T00:00:00","S_Number":61,"S_Fall":"Roads","Zone_1":"Z1A S","Affected_S":"Buffer","Area_SQF":15798.6111116,"Zonewise":"Z1A","no_of_Floo":4,"gis_geometry_geojson":"{\"type\":\"Polygon\",\"coordinates\":[[[78.3987858,17.3334026],[78.3988015,17.3334566],[78.3988135,17.3334531],[78.398817,17.3334661],[78.3988388,17.3335603],[78.3988245,17.3335666],[78.3988328,17.333614],[78.3988463,17.3336141],[78.3988739,17.3337701],[78.3989653,17.333749],[78.3988638,17.3333764],[78.3987858,17.3334026]]]}"}},{"type":"Feature","id":"AS589-377","geometry":{"type":"Polygon","coordinates":[[[78.3993582,17.3682906],[78.3997965,17.36827],[78.3997728,17.3680104],[78.3993523,17.3680061],[78.3993582,17.3682906]]]},"properties":{"household_id":"AS589-377","OBJECTID":0,"fid_1":0,"Area":14817.9796,"DSM":0,"DTM":0,"HEIGHT":3,"BuildingID":null,"BuiType":null,"StructType":"Temporary","NameOwnRep":null,"Contact":0,"HNoPlotNo":null,"TPIN":null,"ColnyStrtN":null,"SyTsNo":null,"WardBlockN":null,"Use":"Commercial","Extent":0,"PlinthArea":0,"Classifica":null,"Caste":null,"FinanDepen":null,"HHSize":0,"NoAdults":0,"NoChild":0,"Govtbenefi":null,"Borewell":null,"Courtcase":null,"NameStruct":null,"ReliType":null,"Remarks":null,"CommStatus":null,"Trees":null,"location":null,"Occupation":null,"SkilledOcc":null,"Craftsmen":null,"ReliStruct":null,"Cremetoriu":null,"Email":null,"Date":"1899-12-30T00:00:00","Time":null,"SurvyeorNa":null,"Survey_Dat":null,"Survey_Loc":null,"UUID":null,"email_id":null,"Mandals":null,"Zone":null,"Income":null,"AreaSqm":0,"Areatext":null,"Duplicate":null,"Dist":null,"PCs":null,"Assembly_C":null,"Affeceted_":"1899-12-30T00:00:00","S_Number":0,"S_Fall":"Roads","Zone_1":"Z1B S","Affected_S":"Outside","Area_SQF":14817.9796,"Zonewise":"Z1B","no_of_Floo":1,"gis_geometry_geojson":"{\"type\":\"Polygon\",\"coordinates\":[[[78.3993582,17.3682906],[78.3997965,17.36827],[78.3997728,17.3680104],[78.3993523,17.3680061],[78.3993582,17.3682906]]]}"}},{"type":"Feature","id":"AS589-378","geometry":{"type":"Polygon","coordinates":[[[78.3999048,17.3680016],[78.3999076,17.3678723],[78.3998691,17.3678715],[78.3998698,17.3678391],[78.3997978,17.3678377],[78.399797,17.36787],[78.3998512,17.3678711],[78.3998511,17.3678757],[78.3997936,17.3678745],[78.3997909,17.3679993],[78.3999048,17.3680016]]]},"properties":{"household_id":"AS589-378","OBJECTID":0,"fid_1":0,"Area":2130.70719492,"DSM":513.51953,"DTM":509,"HEIGHT":4.51953,"BuildingID":null,"BuiType":null,"StructType":"Temporary","NameOwnRep":null,"Contact":0,"HNoPlotNo":null,"TPIN":null,"ColnyStrtN":null,"SyTsNo":null,"WardBlockN":null,"Use":"Commercial","Extent":0,"PlinthArea":0,"Classifica":null,"Caste":null,"FinanDepen":null,"HHSize":0,"NoAdults":0,"NoChild":0,"Govtbenefi":null,"Borewell":null,"Courtcase":null,"NameStruct":null,"ReliType":null,"Remarks":null,"CommStatus":null,"Trees":null,"location":null,"Occupation":null,"SkilledOcc":null,"Craftsmen":null,"ReliStruct":null,"Cremetoriu":null,"Email":null,"Date":"1899-12-30T00:00:00","Time":null,"SurvyeorNa":null,"Survey_Dat":null,"Survey_Loc":null,"UUID":null,"email_id":null,"Mandals":null,"Zone":"Zone 1","Income":null,"AreaSqm":0,"Areatext":null,"Duplicate":null,"Dist":null,"PCs":null,"Assembly_C":null,"Affeceted_":"1899-12-30T00:00:00","S_Number":0,"S_Fall":"Roads","Zone_1":"Z1B S","Affected_S":"Outside","Area_SQF":4261.41438984,"Zonewise":"Z1B","no_of_Floo":2,"gis_geometry_geojson":"{\"type\":\"Polygon\",\"coordinates\":[[[78.3999048,17.3680016],[78.3999076,17.3678723],[78.3998691,17.3678715],[78.3998698,17.3678391],[78.3997978,17.3678377],[78.399797,17.36787],[78.3998512,17.3678711],[78.3998511,17.3678757],[78.3997936,17.3678745],[78.3997909,17.3679993],[78.3999048,17.3680016]]]}"}},{"type":"Feature","id":"AS589-379","geometry":{"type":"Polygon","coordinates":[[[78.3994652,17.3688052],[78.3994759,17.368646],[78.3995187,17.3686485],[78.3995193,17.3686404],[78.3995366,17.3686414],[78.39954,17.3685873],[78.3996276,17.3685924],[78.3996379,17.3684297],[78.3993854,17.3684163],[78.3993718,17.3686317],[78.3994435,17.3686375],[78.3994431,17.3686441],[78.3993701,17.3686361],[78.3993598,17.3687731],[78.399371,17.368774],[78.3993688,17.3688005],[78.3994652,17.3688052]]]},"properties":{"household_id":"AS589-379","OBJECTID":0,"fid_1":0,"Area":8605.71938915,"DSM":510.18848,"DTM":506,"HEIGHT":4.18848,"BuildingID":null,"BuiType":null,"StructType":"Temporary","NameOwnRep":null,"Contact":0,"HNoPlotNo":null,"TPIN":null,"ColnyStrtN":null,"SyTsNo":null,"WardBlockN":null,"Use":"Commercial","Extent":0,"PlinthArea":0,"Classifica":null,"Caste":null,"FinanDepen":null,"HHSize":0,"NoAdults":0,"NoChild":0,"Govtbenefi":null,"Borewell":null,"Courtcase":null,"NameStruct":null,"ReliType":null,"Remarks":null,"CommStatus":null,"Trees":null,"location":null,"Occupation":null,"SkilledOcc":null,"Craftsmen":null,"ReliStruct":null,"Cremetoriu":null,"Email":null,"Date":"1899-12-30T00:00:00","Time":null,"SurvyeorNa":null,"Survey_Dat":null,"Survey_Loc":null,"UUID":null,"email_id":null,"Mandals":null,"Zone":"Zone 1","Income":null,"AreaSqm":0,"Areatext":null,"Duplicate":null,"Dist":null,"PCs":null,"Assembly_C":null,"Affeceted_":"1899-12-30T00:00:00","S_Number":0,"S_Fall":"Roads","Zone_1":"Z1B S","Affected_S":"Outside","Area_SQF":8605.71938915,"Zonewise":"Z1B","no_of_Floo":1,"gis_geometry_geojson":"{\"type\":\"Polygon\",\"coordinates\":[[[78.3994652,17.3688052],[78.3994759,17.368646],[78.3995187,17.3686485],[78.3995193,17.3686404],[78.3995366,17.3686414],[78.39954,17.3685873],[78.3996276,17.3685924],[78.3996379,17.3684297],[78.3993854,17.3684163],[78.3993718,17.3686317],[78.3994435,17.3686375],[78.3994431,17.3686441],[78.3993701,17.3686361],[78.3993598,17.3687731],[78.399371,17.368774],[78.3993688,17.3688005],[78.3994652,17.3688052]]]}"}},{"type":"Feature","id":"AS589-380","geometry":{"type":"MultiPolygon","coordinates":[[[[78.4004423,17.3681865],[78.4003784,17.368157],[78.4003682,17.3681783],[78.4004328,17.3682066],[78.4004423,17.3681865]]],[[[78.4004636,17.3682228],[78.4003414,17.3681858],[78.4003291,17.3682459],[78.400394,17.3682586],[78.4004603,17.3682617],[78.4004695,17.3682307],[78.4004618,17.3682289],[78.4004636,17.3682228]]]]},"properties":{"household_id":"AS589-380","OBJECTID":0,"fid_1":0,"Area":1082.70513359,"DSM":511.4455,"DTM":509,"HEIGHT":2.4455,"BuildingID":null,"BuiType":null,"StructType":"Temporary","NameOwnRep":null,"Contact":0,"HNoPlotNo":null,"TPIN":null,"ColnyStrtN":null,"SyTsNo":null,"WardBlockN":null,"Use":"Commercial","Extent":0,"PlinthArea":0,"Classifica":null,"Caste":null,"FinanDepen":null,"HHSize":0,"NoAdults":0,"NoChild":0,"Govtbenefi":null,"Borewell":null,"Courtcase":null,"NameStruct":null,"ReliType":null,"Remarks":null,"CommStatus":null,"Trees":null,"location":null,"Occupation":null,"SkilledOcc":null,"Craftsmen":null,"ReliStruct":null,"Cremetoriu":null,"Email":null,"Date":"1899-12-30T00:00:00","Time":null,"SurvyeorNa":null,"Survey_Dat":null,"Survey_Loc":null,"UUID":null,"email_id":null,"Mandals":null,"Zone":"Zone 1","Income":null,"AreaSqm":0,"Areatext":null,"Duplicate":null,"Dist":null,"PCs":null,"Assembly_C":null,"Affeceted_":"1899-12-30T00:00:00","S_Number":0,"S_Fall":"Roads","Zone_1":"Z1B S","Affected_S":"Outside","Area_SQF":1082.70513359,"Zonewise":"Z1B","no_of_Floo":1,"gis_geometry_geojson":"{\"type\":\"MultiPolygon\",\"coordinates\":[[[[78.4004423,17.3681865],[78.4003784,17.368157],[78.4003682,17.3681783],[78.4004328,17.3682066],[78.4004423,17.3681865]]],[[[78.4004636,17.3682228],[78.4003414,17.3681858],[78.4003291,17.3682459],[78.400394,17.3682586],[78.4004603,17.3682617],[78.4004695,17.3682307],[78.4004618,17.3682289],[78.4004636,17.3682228]]]]}"}},{"type":"Feature","id":"AS589-381","geometry":{"type":"Polygon","coordinates":[[[78.4127395,17.3700671],[78.4128276,17.370093],[78.4128531,17.370013],[78.4127651,17.3699871],[78.4127395,17.3700671]]]},"properties":{"household_id":"AS589-381","OBJECTID":0,"fid_1":0,"Area":976.506572558,"DSM":0,"DTM":0,"HEIGHT":3,"BuildingID":null,"BuiType":null,"StructType":"Permanent","NameOwnRep":null,"Contact":0,"HNoPlotNo":null,"TPIN":null,"ColnyStrtN":null,"SyTsNo":null,"WardBlockN":null,"Use":"Mix","Extent":0,"PlinthArea":0,"Classifica":null,"Caste":null,"FinanDepen":null,"HHSize":0,"NoAdults":0,"NoChild":0,"Govtbenefi":null,"Borewell":null,"Courtcase":null,"NameStruct":null,"ReliType":null,"Remarks":null,"CommStatus":null,"Trees":null,"location":null,"Occupation":null,"SkilledOcc":null,"Craftsmen":null,"ReliStruct":null,"Cremetoriu":null,"Email":null,"Date":"1899-12-30T00:00:00","Time":null,"SurvyeorNa":null,"Survey_Dat":null,"Survey_Loc":null,"UUID":null,"email_id":null,"Mandals":null,"Zone":null,"Income":null,"AreaSqm":0,"Areatext":null,"Duplicate":null,"Dist":null,"PCs":null,"Assembly_C":null,"Affeceted_":"1899-12-30T00:00:00","S_Number":0,"S_Fall":"Roads","Zone_1":"Z1A S","Affected_S":"Buffer","Area_SQF":976.506572558,"Zonewise":"Z1A","no_of_Floo":1,"gis_geometry_geojson":"{\"type\":\"Polygon\",\"coordinates\":[[[78.4127395,17.3700671],[78.4128276,17.370093],[78.4128531,17.370013],[78.4127651,17.3699871],[78.4127395,17.3700671]]]}"}},{"type":"Feature","id":"AS589-382","geometry":{"type":"Polygon","coordinates":[[[78.4127016,17.3701726],[78.4126512,17.3703475],[78.4127092,17.370361],[78.4127126,17.3703482],[78.4127485,17.3703568],[78.4127529,17.3703389],[78.4128283,17.3703559],[78.4128433,17.3703013],[78.4128335,17.3702986],[78.412856,17.3702112],[78.4127016,17.3701726]]]},"properties":{"household_id":"AS589-382","OBJECTID":0,"fid_1":0,"Area":3436.9765186,"DSM":507,"DTM":502,"HEIGHT":4,"BuildingID":null,"BuiType":null,"StructType":"Permanent","NameOwnRep":null,"Contact":0,"HNoPlotNo":null,"TPIN":null,"ColnyStrtN":null,"SyTsNo":null,"WardBlockN":null,"Use":"Commercial","Extent":0,"PlinthArea":0,"Classifica":null,"Caste":null,"FinanDepen":null,"HHSize":0,"NoAdults":0,"NoChild":0,"Govtbenefi":null,"Borewell":null,"Courtcase":null,"NameStruct":null,"ReliType":null,"Remarks":null,"CommStatus":null,"Trees":null,"location":null,"Occupation":null,"SkilledOcc":null,"Craftsmen":null,"ReliStruct":null,"Cremetoriu":null,"Email":null,"Date":"1899-12-30T00:00:00","Time":null,"SurvyeorNa":null,"Survey_Dat":null,"Survey_Loc":null,"UUID":null,"email_id":null,"Mandals":null,"Zone":null,"Income":null,"AreaSqm":0,"Areatext":null,"Duplicate":null,"Dist":null,"PCs":null,"Assembly_C":null,"Affeceted_":"1899-12-30T00:00:00","S_Number":0,"S_Fall":"Roads","Zone_1":"Z1A S","Affected_S":"Buffer","Area_SQF":3436.9765186,"Zonewise":"Z1A","no_of_Floo":1,"gis_geometry_geojson":"{\"type\":\"Polygon\",\"coordinates\":[[[78.4127016,17.3701726],[78.4126512,17.3703475],[78.4127092,17.370361],[78.4127126,17.3703482],[78.4127485,17.3703568],[78.4127529,17.3703389],[78.4128283,17.3703559],[78.4128433,17.3703013],[78.4128335,17.3702986],[78.412856,17.3702112],[78.4127016,17.3701726]]]}"}},{"type":"Feature","id":"AS589-383","geometry":{"type":"Polygon","coordinates":[[[78.4127007,17.3701759],[78.412621,17.3701543],[78.4125929,17.3702503],[78.4126734,17.3702706],[78.4127007,17.3701759]]]},"properties":{"household_id":"AS589-383","OBJECTID":0,"fid_1":0,"Area":1040.97406301,"DSM":507,"DTM":504,"HEIGHT":3,"BuildingID":null,"BuiType":null,"StructType":"Permanent","NameOwnRep":null,"Contact":0,"HNoPlotNo":null,"TPIN":null,"ColnyStrtN":null,"SyTsNo":null,"WardBlockN":null,"Use":"Commercial","Extent":0,"PlinthArea":0,"Classifica":null,"Caste":null,"FinanDepen":null,"HHSize":0,"NoAdults":0,"NoChild":0,"Govtbenefi":null,"Borewell":null,"Courtcase":null,"NameStruct":null,"ReliType":null,"Remarks":null,"CommStatus":null,"Trees":null,"location":null,"Occupation":null,"SkilledOcc":null,"Craftsmen":null,"ReliStruct":null,"Cremetoriu":null,"Email":null,"Date":"1899-12-30T00:00:00","Time":null,"SurvyeorNa":null,"Survey_Dat":null,"Survey_Loc":null,"UUID":null,"email_id":null,"Mandals":null,"Zone":null,"Income":null,"AreaSqm":0,"Areatext":null,"Duplicate":null,"Dist":null,"PCs":null,"Assembly_C":null,"Affeceted_":"1899-12-30T00:00:00","S_Number":0,"S_Fall":"Roads","Zone_1":"Z1A S","Affected_S":"Buffer","Area_SQF":1040.97406301,"Zonewise":"Z1A","no_of_Floo":1,"gis_geometry_geojson":"{\"type\":\"Polygon\",\"coordinates\":[[[78.4127007,17.3701759],[78.412621,17.3701543],[78.4125929,17.3702503],[78.4126734,17.3702706],[78.4127007,17.3701759]]]}"}},{"type":"Feature","id":"AS589-384","geometry":{"type":"Polygon","coordinates":[[[78.4126734,17.3702706],[78.4126458,17.3702636],[78.412641,17.3702811],[78.4126683,17.3702882],[78.4126734,17.3702706]]]},"properties":{"household_id":"AS589-384","OBJECTID":0,"fid_1":0,"Area":65.5415830562,"DSM":0,"DTM":0,"HEIGHT":3,"BuildingID":null,"BuiType":null,"StructType":"Temporary","NameOwnRep":null,"Contact":0,"HNoPlotNo":null,"TPIN":null,"ColnyStrtN":null,"SyTsNo":null,"WardBlockN":null,"Use":"Commercial","Extent":0,"PlinthArea":0,"Classifica":null,"Caste":null,"FinanDepen":null,"HHSize":0,"NoAdults":0,"NoChild":0,"Govtbenefi":null,"Borewell":null,"Courtcase":null,"NameStruct":null,"ReliType":null,"Remarks":null,"CommStatus":null,"Trees":null,"location":null,"Occupation":null,"SkilledOcc":null,"Craftsmen":null,"ReliStruct":null,"Cremetoriu":null,"Email":null,"Date":"1899-12-30T00:00:00","Time":null,"SurvyeorNa":null,"Survey_Dat":null,"Survey_Loc":null,"UUID":null,"email_id":null,"Mandals":null,"Zone":null,"Income":null,"AreaSqm":0,"Areatext":null,"Duplicate":null,"Dist":null,"PCs":null,"Assembly_C":null,"Affeceted_":"1899-12-30T00:00:00","S_Number":0,"S_Fall":"Roads","Zone_1":"Z1A S","Affected_S":"Buffer","Area_SQF":65.5415830562,"Zonewise":"Z1A","no_of_Floo":1,"gis_geometry_geojson":"{\"type\":\"Polygon\",\"coordinates\":[[[78.4126734,17.3702706],[78.4126458,17.3702636],[78.412641,17.3702811],[78.4126683,17.3702882],[78.4126734,17.3702706]]]}"}},{"type":"Feature","id":"AS589-385","geometry":{"type":"Polygon","coordinates":[[[78.4126393,17.3702871],[78.4126458,17.3702636],[78.4126329,17.3702604],[78.4126265,17.3702839],[78.4126393,17.3702871]]]},"properties":{"household_id":"AS589-385","OBJECTID":0,"fid_1":0,"Area":40.8564724532,"DSM":0,"DTM":0,"HEIGHT":3,"BuildingID":null,"BuiType":null,"StructType":"Temporary","NameOwnRep":null,"Contact":0,"HNoPlotNo":null,"TPIN":null,"ColnyStrtN":null,"SyTsNo":null,"WardBlockN":null,"Use":"Commercial","Extent":0,"PlinthArea":0,"Classifica":null,"Caste":null,"FinanDepen":null,"HHSize":0,"NoAdults":0,"NoChild":0,"Govtbenefi":null,"Borewell":null,"Courtcase":null,"NameStruct":null,"ReliType":null,"Remarks":null,"CommStatus":null,"Trees":null,"location":null,"Occupation":null,"SkilledOcc":null,"Craftsmen":null,"ReliStruct":null,"Cremetoriu":null,"Email":null,"Date":"1899-12-30T00:00:00","Time":null,"SurvyeorNa":null,"Survey_Dat":null,"Survey_Loc":null,"UUID":null,"email_id":null,"Mandals":null,"Zone":null,"Income":null,"AreaSqm":0,"Areatext":null,"Duplicate":null,"Dist":null,"PCs":null,"Assembly_C":null,"Affeceted_":"1899-12-30T00:00:00","S_Number":0,"S_Fall":"Roads","Zone_1":"Z1A S","Affected_S":"Buffer","Area_SQF":40.8564724532,"Zonewise":"Z1A","no_of_Floo":1,"gis_geometry_geojson":"{\"type\":\"Polygon\",\"coordinates\":[[[78.4126393,17.3702871],[78.4126458,17.3702636],[78.4126329,17.3702604],[78.4126265,17.3702839],[78.4126393,17.3702871]]]}"}},{"type":"Feature","id":"AS589-386","geometry":{"type":"Polygon","coordinates":[[[78.4126692,17.3703517],[78.412645,17.3703458],[78.4126382,17.3703687],[78.412643,17.3703696],[78.4126413,17.3703958],[78.4126629,17.3703984],[78.4126692,17.3703517]]]},"properties":{"household_id":"AS589-386","OBJECTID":0,"fid_1":0,"Area":150.543471969,"DSM":0,"DTM":0,"HEIGHT":3,"BuildingID":null,"BuiType":null,"StructType":"Temporary","NameOwnRep":null,"Contact":0,"HNoPlotNo":null,"TPIN":null,"ColnyStrtN":null,"SyTsNo":null,"WardBlockN":null,"Use":"Commercial","Extent":0,"PlinthArea":0,"Classifica":null,"Caste":null,"FinanDepen":null,"HHSize":0,"NoAdults":0,"NoChild":0,"Govtbenefi":null,"Borewell":null,"Courtcase":null,"NameStruct":null,"ReliType":null,"Remarks":null,"CommStatus":null,"Trees":null,"location":null,"Occupation":null,"SkilledOcc":null,"Craftsmen":null,"ReliStruct":null,"Cremetoriu":null,"Email":null,"Date":"1899-12-30T00:00:00","Time":null,"SurvyeorNa":null,"Survey_Dat":null,"Survey_Loc":null,"UUID":null,"email_id":null,"Mandals":null,"Zone":null,"Income":null,"AreaSqm":0,"Areatext":null,"Duplicate":null,"Dist":null,"PCs":null,"Assembly_C":null,"Affeceted_":"1899-12-30T00:00:00","S_Number":0,"S_Fall":"Roads","Zone_1":"Z1A S","Affected_S":"Buffer","Area_SQF":150.543471969,"Zonewise":"Z1A","no_of_Floo":1,"gis_geometry_geojson":"{\"type\":\"Polygon\",\"coordinates\":[[[78.4126692,17.3703517],[78.412645,17.3703458],[78.4126382,17.3703687],[78.412643,17.3703696],[78.4126413,17.3703958],[78.4126629,17.3703984],[78.4126692,17.3703517]]]}"}},{"type":"Feature","id":"AS589-387","geometry":{"type":"Polygon","coordinates":[[[78.4131664,17.3700011],[78.4133008,17.3700428],[78.4133307,17.3699536],[78.4131963,17.3699119],[78.4131664,17.3700011]]]},"properties":{"household_id":"AS589-387","OBJECTID":0,"fid_1":0,"Area":1677.27315759,"DSM":514,"DTM":504,"HEIGHT":9,"BuildingID":null,"BuiType":null,"StructType":"Permanent","NameOwnRep":null,"Contact":0,"HNoPlotNo":null,"TPIN":null,"ColnyStrtN":null,"SyTsNo":null,"WardBlockN":null,"Use":"Residential","Extent":0,"PlinthArea":0,"Classifica":null,"Caste":null,"FinanDepen":null,"HHSize":0,"NoAdults":0,"NoChild":0,"Govtbenefi":null,"Borewell":null,"Courtcase":null,"NameStruct":null,"ReliType":null,"Remarks":null,"CommStatus":null,"Trees":null,"location":null,"Occupation":null,"SkilledOcc":null,"Craftsmen":null,"ReliStruct":null,"Cremetoriu":null,"Email":null,"Date":"1899-12-30T00:00:00","Time":null,"SurvyeorNa":null,"Survey_Dat":null,"Survey_Loc":null,"UUID":null,"email_id":null,"Mandals":null,"Zone":null,"Income":null,"AreaSqm":0,"Areatext":null,"Duplicate":null,"Dist":null,"PCs":null,"Assembly_C":null,"Affeceted_":"1899-12-30T00:00:00","S_Number":0,"S_Fall":"Roads","Zone_1":"Z1A S","Affected_S":"Buffer","Area_SQF":5031.81947277,"Zonewise":"Z1A","no_of_Floo":3,"gis_geometry_geojson":"{\"type\":\"Polygon\",\"coordinates\":[[[78.4131664,17.3700011],[78.4133008,17.3700428],[78.4133307,17.3699536],[78.4131963,17.3699119],[78.4131664,17.3700011]]]}"}},{"type":"Feature","id":"AS589-388","geometry":{"type":"Polygon","coordinates":[[[78.4129217,17.3703004],[78.4129764,17.3703076],[78.4129915,17.3702627],[78.4130322,17.3702746],[78.4130388,17.3702514],[78.4130817,17.3702635],[78.4130884,17.370241],[78.4131298,17.3702526],[78.4131277,17.3702605],[78.4131658,17.3702689],[78.4131743,17.3702394],[78.4131835,17.3702419],[78.4131961,17.3701989],[78.4129754,17.3701341],[78.4129217,17.3703004]]]},"properties":{"household_id":"AS589-388","OBJECTID":0,"fid_1":0,"Area":3146.44843657,"DSM":507,"DTM":502,"HEIGHT":4,"BuildingID":null,"BuiType":null,"StructType":"Temporary","NameOwnRep":null,"Contact":0,"HNoPlotNo":null,"TPIN":null,"ColnyStrtN":null,"SyTsNo":null,"WardBlockN":null,"Use":"Residential","Extent":0,"PlinthArea":0,"Classifica":null,"Caste":null,"FinanDepen":null,"HHSize":0,"NoAdults":0,"NoChild":0,"Govtbenefi":null,"Borewell":null,"Courtcase":null,"NameStruct":null,"ReliType":null,"Remarks":null,"CommStatus":null,"Trees":null,"location":null,"Occupation":null,"SkilledOcc":null,"Craftsmen":null,"ReliStruct":null,"Cremetoriu":null,"Email":null,"Date":"1899-12-30T00:00:00","Time":null,"SurvyeorNa":null,"Survey_Dat":null,"Survey_Loc":null,"UUID":null,"email_id":null,"Mandals":null,"Zone":null,"Income":null,"AreaSqm":0,"Areatext":null,"Duplicate":null,"Dist":null,"PCs":null,"Assembly_C":null,"Affeceted_":"1899-12-30T00:00:00","S_Number":0,"S_Fall":"Roads","Zone_1":"Z1A S","Affected_S":"Buffer","Area_SQF":3146.44843657,"Zonewise":"Z1A","no_of_Floo":1,"gis_geometry_geojson":"{\"type\":\"Polygon\",\"coordinates\":[[[78.4129217,17.3703004],[78.4129764,17.3703076],[78.4129915,17.3702627],[78.4130322,17.3702746],[78.4130388,17.3702514],[78.4130817,17.3702635],[78.4130884,17.370241],[78.4131298,17.3702526],[78.4131277,17.3702605],[78.4131658,17.3702689],[78.4131743,17.3702394],[78.4131835,17.3702419],[78.4131961,17.3701989],[78.4129754,17.3701341],[78.4129217,17.3703004]]]}"}},{"type":"Feature","id":"AS589-389","geometry":{"type":"Polygon","coordinates":[[[78.4134985,17.3702023],[78.4135339,17.3702123],[78.4135482,17.3701653],[78.4135761,17.3701728],[78.4135865,17.3701371],[78.4135252,17.3701202],[78.4134985,17.3702023]]]},"properties":{"household_id":"AS589-389","OBJECTID":0,"fid_1":0,"Area":528.994842798,"DSM":0,"DTM":0,"HEIGHT":3,"BuildingID":null,"BuiType":null,"StructType":"Permanent","NameOwnRep":null,"Contact":0,"HNoPlotNo":null,"TPIN":null,"ColnyStrtN":null,"SyTsNo":null,"WardBlockN":null,"Use":"Residential","Extent":0,"PlinthArea":0,"Classifica":null,"Caste":null,"FinanDepen":null,"HHSize":0,"NoAdults":0,"NoChild":0,"Govtbenefi":null,"Borewell":null,"Courtcase":null,"NameStruct":null,"ReliType":null,"Remarks":null,"CommStatus":null,"Trees":null,"location":null,"Occupation":null,"SkilledOcc":null,"Craftsmen":null,"ReliStruct":null,"Cremetoriu":null,"Email":null,"Date":"1899-12-30T00:00:00","Time":null,"SurvyeorNa":null,"Survey_Dat":null,"Survey_Loc":null,"UUID":null,"email_id":null,"Mandals":null,"Zone":null,"Income":null,"AreaSqm":0,"Areatext":null,"Duplicate":null,"Dist":null,"PCs":null,"Assembly_C":null,"Affeceted_":"1899-12-30T00:00:00","S_Number":0,"S_Fall":"Roads","Zone_1":"Z1A S","Affected_S":"Buffer","Area_SQF":528.994842798,"Zonewise":"Z1A","no_of_Floo":1,"gis_geometry_geojson":"{\"type\":\"Polygon\",\"coordinates\":[[[78.4134985,17.3702023],[78.4135339,17.3702123],[78.4135482,17.3701653],[78.4135761,17.3701728],[78.4135865,17.3701371],[78.4135252,17.3701202],[78.4134985,17.3702023]]]}"}},{"type":"Feature","id":"AS589-390","geometry":{"type":"Polygon","coordinates":[[[78.4102781,17.3616977],[78.4103955,17.3615736],[78.4103988,17.3615766],[78.4104085,17.3615669],[78.410386,17.3615463],[78.410277,17.3616581],[78.4102735,17.3616548],[78.4102534,17.3616751],[78.4102781,17.3616977]]]},"properties":{"household_id":"AS589-390","OBJECTID":466,"fid_1":1202,"Area":632.681610298,"DSM":510,"DTM":509,"HEIGHT":1,"BuildingID":"a3e34","BuiType":"Individual","StructType":"Temporary","NameOwnRep":"a3e34","Contact":9676443065,"HNoPlotNo":null,"TPIN":null,"ColnyStrtN":null,"SyTsNo":"151","WardBlockN":null,"Use":"Residential","Extent":0,"PlinthArea":0,"Classifica":"Govt","Caste":null,"FinanDepen":null,"HHSize":0,"NoAdults":0,"NoChild":0,"Govtbenefi":null,"Borewell":"No","Courtcase":null,"NameStruct":null,"ReliType":null,"Remarks":null,"CommStatus":null,"Trees":"No","location":null,"Occupation":null,"SkilledOcc":null,"Craftsmen":null,"ReliStruct":null,"Cremetoriu":null,"Email":null,"Date":"1899-12-30T00:00:00","Time":null,"SurvyeorNa":null,"Survey_Dat":"2024/08/13 16:40:56.457","Survey_Loc":null,"UUID":null,"email_id":null,"Mandals":"Rajendra Nagar","Zone":"Buffer","Income":"BPL","AreaSqm":1.7238,"Areatext":"17.2379965305412","Duplicate":"0","Dist":"Ranga Reddy","PCs":"Chevella","Assembly_C":"Rajendra Nagar","Affeceted_":"1900-01-01T00:00:00","S_Number":508,"S_Fall":"Roads","Zone_1":"Z1A S","Affected_S":"Buffer","Area_SQF":632.681610298,"Zonewise":"Z1A","no_of_Floo":1,"gis_geometry_geojson":"{\"type\":\"Polygon\",\"coordinates\":[[[78.4102781,17.3616977],[78.4103955,17.3615736],[78.4103988,17.3615766],[78.4104085,17.3615669],[78.410386,17.3615463],[78.410277,17.3616581],[78.4102735,17.3616548],[78.4102534,17.3616751],[78.4102781,17.3616977]]]}"}},{"type":"Feature","id":"AS589-391","geometry":{"type":"Polygon","coordinates":[[[78.410141,17.3618497],[78.4101975,17.3617774],[78.41028,17.361702],[78.4102558,17.3616783],[78.4101995,17.3617274],[78.4101948,17.3617232],[78.4101627,17.3617503],[78.4101387,17.3617787],[78.4101538,17.3617905],[78.4101459,17.3617998],[78.4101411,17.3617961],[78.4101137,17.3618284],[78.410141,17.3618497]]]},"properties":{"household_id":"AS589-391","OBJECTID":466,"fid_1":1202,"Area":992.479873782,"DSM":510,"DTM":509,"HEIGHT":1,"BuildingID":"a3e34","BuiType":"Individual","StructType":"Temporary","NameOwnRep":"a3e34","Contact":9676443065,"HNoPlotNo":null,"TPIN":null,"ColnyStrtN":null,"SyTsNo":"151","WardBlockN":null,"Use":"Residential","Extent":0,"PlinthArea":0,"Classifica":"Govt","Caste":null,"FinanDepen":null,"HHSize":0,"NoAdults":0,"NoChild":0,"Govtbenefi":null,"Borewell":"No","Courtcase":null,"NameStruct":null,"ReliType":null,"Remarks":null,"CommStatus":null,"Trees":"No","location":null,"Occupation":null,"SkilledOcc":null,"Craftsmen":null,"ReliStruct":null,"Cremetoriu":null,"Email":null,"Date":"1899-12-30T00:00:00","Time":null,"SurvyeorNa":null,"Survey_Dat":"2024/08/13 16:40:56.457","Survey_Loc":null,"UUID":null,"email_id":null,"Mandals":"Rajendra Nagar","Zone":"Buffer","Income":"BPL","AreaSqm":1.7238,"Areatext":"17.2379965305412","Duplicate":"0","Dist":"Ranga Reddy","PCs":"Chevella","Assembly_C":"Rajendra Nagar","Affeceted_":"1900-01-01T00:00:00","S_Number":508,"S_Fall":"Roads","Zone_1":"Z1A S","Affected_S":"Buffer","Area_SQF":992.479873782,"Zonewise":"Z1A","no_of_Floo":1,"gis_geometry_geojson":"{\"type\":\"Polygon\",\"coordinates\":[[[78.410141,17.3618497],[78.4101975,17.3617774],[78.41028,17.361702],[78.4102558,17.3616783],[78.4101995,17.3617274],[78.4101948,17.3617232],[78.4101627,17.3617503],[78.4101387,17.3617787],[78.4101538,17.3617905],[78.4101459,17.3617998],[78.4101411,17.3617961],[78.4101137,17.3618284],[78.410141,17.3618497]]]}"}},{"type":"Feature","id":"AS589-392","geometry":{"type":"MultiPolygon","coordinates":[[[[78.4123828,17.3723672],[78.4123552,17.3723659],[78.4123552,17.3723922],[78.4123827,17.3723922],[78.4123828,17.3723672]]],[[[78.4123511,17.3724311],[78.4123488,17.3723638],[78.4120246,17.3723672],[78.4120259,17.3724703],[78.4123105,17.3724669],[78.4123101,17.3724325],[78.4123511,17.3724311]],[[78.4123071,17.3723833],[78.41231,17.3724226],[78.4122839,17.3724229],[78.4122834,17.3723836],[78.4123071,17.3723833]]]]},"properties":{"household_id":"AS589-392","OBJECTID":725,"fid_1":1368,"Area":4031.86519821,"DSM":510,"DTM":498,"HEIGHT":12,"BuildingID":"3609f","BuiType":"Individual","StructType":"Permanent","NameOwnRep":"3609f","Contact":9848022338,"HNoPlotNo":"123","TPIN":"1234567890","ColnyStrtN":"Bapu ghat","SyTsNo":"6/1","WardBlockN":"15/M","Use":"Reli","Extent":900,"PlinthArea":80,"Classifica":"Govt","Caste":"OC","FinanDepen":"No","HHSize":10,"NoAdults":5,"NoChild":5,"Govtbenefi":"Yes","Borewell":"Yes","Courtcase":"No","NameStruct":"Goshala","ReliType":"Hindu","Remarks":"Temple, Goshala and Accomodation to Pantulu","CommStatus":null,"Trees":"no","location":null,"Occupation":null,"SkilledOcc":null,"Craftsmen":null,"ReliStruct":"Religious","Cremetoriu":null,"Email":null,"Date":"1899-12-30T00:00:00","Time":null,"SurvyeorNa":null,"Survey_Dat":null,"Survey_Loc":null,"UUID":null,"email_id":null,"Mandals":"Golconda","Zone":"Buffer","Income":"BPL","AreaSqm":3.3337,"Areatext":"333.371946171969","Duplicate":"0","Dist":"Hyderabad","PCs":"Hyderabad","Assembly_C":"Karwan","Affeceted_":"1899-12-30T00:00:00","S_Number":0,"S_Fall":null,"Zone_1":"Z1B N","Affected_S":"Buffer","Area_SQF":16127.4607928,"Zonewise":"Z1B","no_of_Floo":4,"gis_geometry_geojson":"{\"type\":\"MultiPolygon\",\"coordinates\":[[[[78.4123828,17.3723672],[78.4123552,17.3723659],[78.4123552,17.3723922],[78.4123827,17.3723922],[78.4123828,17.3723672]]],[[[78.4123511,17.3724311],[78.4123488,17.3723638],[78.4120246,17.3723672],[78.4120259,17.3724703],[78.4123105,17.3724669],[78.4123101,17.3724325],[78.4123511,17.3724311]],[[78.4123071,17.3723833],[78.41231,17.3724226],[78.4122839,17.3724229],[78.4122834,17.3723836],[78.4123071,17.3723833]]]]}"}},{"type":"Feature","id":"AS589-393","geometry":{"type":"Polygon","coordinates":[[[78.412317,17.3726209],[78.4123917,17.3726186],[78.4123885,17.3725177],[78.4123799,17.3725175],[78.4123798,17.3724996],[78.4123695,17.3724995],[78.4123683,17.3724679],[78.4122638,17.3724675],[78.4122701,17.3726158],[78.412317,17.3726149],[78.412317,17.3726209]]]},"properties":{"household_id":"AS589-393","OBJECTID":724,"fid_1":1367,"Area":2232.32069104,"DSM":504,"DTM":500,"HEIGHT":1.33333333333,"BuildingID":"8b986","BuiType":null,"StructType":"Permanent","NameOwnRep":"8b986","Contact":0,"HNoPlotNo":null,"TPIN":null,"ColnyStrtN":"Bapu Ghat, Langer House","SyTsNo":"6/1","WardBlockN":"15/M","Use":"Reli","Extent":800,"PlinthArea":0,"Classifica":"Other","Caste":null,"FinanDepen":null,"HHSize":0,"NoAdults":0,"NoChild":0,"Govtbenefi":null,"Borewell":"Yes","Courtcase":"No","NameStruct":"Sangam Temple","ReliType":"Hindu","Remarks":"Sangam Temple","CommStatus":null,"Trees":"No","location":null,"Occupation":null,"SkilledOcc":null,"Craftsmen":null,"ReliStruct":"Religious","Cremetoriu":null,"Email":null,"Date":"1899-12-30T00:00:00","Time":null,"SurvyeorNa":null,"Survey_Dat":null,"Survey_Loc":null,"UUID":null,"email_id":null,"Mandals":"Golconda","Zone":"Buffer","Income":null,"AreaSqm":2.0739,"Areatext":"207.39020801831","Duplicate":"0","Dist":"Hyderabad","PCs":"Hyderabad","Assembly_C":"Karwan","Affeceted_":"1899-12-30T00:00:00","S_Number":0,"S_Fall":null,"Zone_1":"Z1B N","Affected_S":"Buffer","Area_SQF":2232.32069104,"Zonewise":"Z1B","no_of_Floo":1,"gis_geometry_geojson":"{\"type\":\"Polygon\",\"coordinates\":[[[78.412317,17.3726209],[78.4123917,17.3726186],[78.4123885,17.3725177],[78.4123799,17.3725175],[78.4123798,17.3724996],[78.4123695,17.3724995],[78.4123683,17.3724679],[78.4122638,17.3724675],[78.4122701,17.3726158],[78.412317,17.3726149],[78.412317,17.3726209]]]}"}},{"type":"Feature","id":"AS589-394","geometry":{"type":"Polygon","coordinates":[[[78.4119578,17.3723453],[78.412157,17.3723354],[78.4121636,17.3722208],[78.4121048,17.3721629],[78.4120039,17.3721631],[78.4119445,17.3722292],[78.4119578,17.3723453]]]},"properties":{"household_id":"AS589-394","OBJECTID":151,"fid_1":794,"Area":4318.76442799,"DSM":509.348,"DTM":497.323768228,"HEIGHT":4.00807725733,"BuildingID":null,"BuiType":null,"StructType":"Permanent","NameOwnRep":null,"Contact":0,"HNoPlotNo":null,"TPIN":null,"ColnyStrtN":null,"SyTsNo":null,"WardBlockN":null,"Use":"Comm","Extent":0,"PlinthArea":0,"Classifica":null,"Caste":null,"FinanDepen":null,"HHSize":0,"NoAdults":0,"NoChild":0,"Govtbenefi":null,"Borewell":null,"Courtcase":null,"NameStruct":null,"ReliType":null,"Remarks":null,"CommStatus":null,"Trees":null,"location":null,"Occupation":null,"SkilledOcc":null,"Craftsmen":null,"ReliStruct":null,"Cremetoriu":null,"Email":null,"Date":"1899-12-30T00:00:00","Time":null,"SurvyeorNa":null,"Survey_Dat":null,"Survey_Loc":null,"UUID":null,"email_id":null,"Mandals":null,"Zone":null,"Income":null,"AreaSqm":0,"Areatext":null,"Duplicate":null,"Dist":"As per new Alignment","PCs":null,"Assembly_C":null,"Affeceted_":"1899-12-30T00:00:00","S_Number":0,"S_Fall":null,"Zone_1":"Z1B N","Affected_S":"Buffer","Area_SQF":4318.76442799,"Zonewise":"Z1B","no_of_Floo":1,"gis_geometry_geojson":"{\"type\":\"Polygon\",\"coordinates\":[[[78.4119578,17.3723453],[78.412157,17.3723354],[78.4121636,17.3722208],[78.4121048,17.3721629],[78.4120039,17.3721631],[78.4119445,17.3722292],[78.4119578,17.3723453]]]}"}},{"type":"Feature","id":"AS589-395","geometry":{"type":"Polygon","coordinates":[[[78.4126382,17.371985],[78.4126284,17.3719345],[78.4125621,17.3719464],[78.4125719,17.3719968],[78.4126382,17.371985]]]},"properties":{"household_id":"AS589-395","OBJECTID":152,"fid_1":795,"Area":438.457973934,"DSM":500,"DTM":496,"HEIGHT":1.33333333333,"BuildingID":null,"BuiType":null,"StructType":"Permanent","NameOwnRep":null,"Contact":0,"HNoPlotNo":null,"TPIN":null,"ColnyStrtN":null,"SyTsNo":null,"WardBlockN":null,"Use":"Temp","Extent":0,"PlinthArea":0,"Classifica":null,"Caste":null,"FinanDepen":null,"HHSize":0,"NoAdults":0,"NoChild":0,"Govtbenefi":null,"Borewell":null,"Courtcase":null,"NameStruct":null,"ReliType":null,"Remarks":"NA","CommStatus":null,"Trees":null,"location":null,"Occupation":null,"SkilledOcc":null,"Craftsmen":null,"ReliStruct":null,"Cremetoriu":null,"Email":null,"Date":"1899-12-30T00:00:00","Time":null,"SurvyeorNa":null,"Survey_Dat":null,"Survey_Loc":null,"UUID":null,"email_id":null,"Mandals":null,"Zone":"Zone 1","Income":null,"AreaSqm":0,"Areatext":null,"Duplicate":null,"Dist":"As per new Alignment","PCs":null,"Assembly_C":null,"Affeceted_":"1899-12-30T00:00:00","S_Number":0,"S_Fall":null,"Zone_1":"Z1B N","Affected_S":"RIVER","Area_SQF":438.457973934,"Zonewise":"Z1B","no_of_Floo":1,"gis_geometry_geojson":"{\"type\":\"Polygon\",\"coordinates\":[[[78.4126382,17.371985],[78.4126284,17.3719345],[78.4125621,17.3719464],[78.4125719,17.3719968],[78.4126382,17.371985]]]}"}},{"type":"Feature","id":"AS589-396","geometry":{"type":"Polygon","coordinates":[[[78.412722,17.3719724],[78.4127122,17.371922],[78.4126459,17.3719339],[78.4126557,17.3719843],[78.412722,17.3719724]]]},"properties":{"household_id":"AS589-396","OBJECTID":153,"fid_1":796,"Area":438.457973988,"DSM":500,"DTM":496,"HEIGHT":1.33333333333,"BuildingID":null,"BuiType":null,"StructType":"Permanent","NameOwnRep":null,"Contact":0,"HNoPlotNo":null,"TPIN":null,"ColnyStrtN":null,"SyTsNo":null,"WardBlockN":null,"Use":"Govt","Extent":0,"PlinthArea":0,"Classifica":null,"Caste":null,"FinanDepen":null,"HHSize":0,"NoAdults":0,"NoChild":0,"Govtbenefi":null,"Borewell":null,"Courtcase":null,"NameStruct":null,"ReliType":null,"Remarks":"NA","CommStatus":null,"Trees":null,"location":null,"Occupation":null,"SkilledOcc":null,"Craftsmen":null,"ReliStruct":null,"Cremetoriu":null,"Email":null,"Date":"1899-12-30T00:00:00","Time":null,"SurvyeorNa":null,"Survey_Dat":null,"Survey_Loc":null,"UUID":null,"email_id":null,"Mandals":null,"Zone":"Zone 1","Income":null,"AreaSqm":0,"Areatext":null,"Duplicate":null,"Dist":"As per new Alignment","PCs":null,"Assembly_C":null,"Affeceted_":"1899-12-30T00:00:00","S_Number":0,"S_Fall":null,"Zone_1":"Z1B N","Affected_S":"RIVER","Area_SQF":438.457973988,"Zonewise":"Z1B","no_of_Floo":1,"gis_geometry_geojson":"{\"type\":\"Polygon\",\"coordinates\":[[[78.412722,17.3719724],[78.4127122,17.371922],[78.4126459,17.3719339],[78.4126557,17.3719843],[78.412722,17.3719724]]]}"}},{"type":"Feature","id":"AS589-397","geometry":{"type":"Polygon","coordinates":[[[78.4129038,17.371897],[78.4129745,17.3718811],[78.4129615,17.3718146],[78.41289,17.3718302],[78.4129038,17.371897]]]},"properties":{"household_id":"AS589-397","OBJECTID":716,"fid_1":1359,"Area":627.306793047,"DSM":502,"DTM":497,"HEIGHT":5,"BuildingID":"1d2ad","BuiType":null,"StructType":"Temporary","NameOwnRep":"1d2ad","Contact":0,"HNoPlotNo":null,"TPIN":null,"ColnyStrtN":null,"SyTsNo":"Musi River","WardBlockN":null,"Use":"Reli","Extent":0,"PlinthArea":0,"Classifica":"Govt","Caste":null,"FinanDepen":null,"HHSize":0,"NoAdults":0,"NoChild":0,"Govtbenefi":null,"Borewell":"No","Courtcase":"No","NameStruct":null,"ReliType":"Hindu","Remarks":null,"CommStatus":null,"Trees":"No","location":null,"Occupation":null,"SkilledOcc":null,"Craftsmen":null,"ReliStruct":"Graveyard","Cremetoriu":null,"Email":null,"Date":"1899-12-30T00:00:00","Time":null,"SurvyeorNa":null,"Survey_Dat":null,"Survey_Loc":null,"UUID":null,"email_id":null,"Mandals":"Golconda","Zone":"River","Income":"BPL","AreaSqm":5.8278,"Areatext":"58.278941202444","Duplicate":"0","Dist":"Hyderabad","PCs":"Hyderabad","Assembly_C":"Karwan","Affeceted_":"1899-12-30T00:00:00","S_Number":0,"S_Fall":null,"Zone_1":"Z1B N","Affected_S":"RIVER","Area_SQF":1254.61358609,"Zonewise":"Z1B","no_of_Floo":2,"gis_geometry_geojson":"{\"type\":\"Polygon\",\"coordinates\":[[[78.4129038,17.371897],[78.4129745,17.3718811],[78.4129615,17.3718146],[78.41289,17.3718302],[78.4129038,17.371897]]]}"}},{"type":"Feature","id":"AS589-398","geometry":{"type":"Polygon","coordinates":[[[78.4129735,17.3721481],[78.4130975,17.372114],[78.413067,17.3720114],[78.412943,17.3720455],[78.4129735,17.3721481]]]},"properties":{"household_id":"AS589-398","OBJECTID":714,"fid_1":1357,"Area":1743.94153143,"DSM":504,"DTM":498,"HEIGHT":6,"BuildingID":"c14e0","BuiType":null,"StructType":"Permanent","NameOwnRep":"c14e0","Contact":0,"HNoPlotNo":null,"TPIN":null,"ColnyStrtN":null,"SyTsNo":"15 &17","WardBlockN":"15/M","Use":"Reli","Extent":0,"PlinthArea":0,"Classifica":"Govt","Caste":null,"FinanDepen":null,"HHSize":0,"NoAdults":0,"NoChild":0,"Govtbenefi":null,"Borewell":"No","Courtcase":"No","NameStruct":null,"ReliType":"Hindu","Remarks":"Graveyard","CommStatus":null,"Trees":"No","location":null,"Occupation":null,"SkilledOcc":null,"Craftsmen":null,"ReliStruct":"Graveyard","Cremetoriu":"Yes","Email":null,"Date":"1899-12-30T00:00:00","Time":null,"SurvyeorNa":null,"Survey_Dat":null,"Survey_Loc":null,"UUID":null,"email_id":null,"Mandals":"Golconda","Zone":"Buffer","Income":null,"AreaSqm":1.6201,"Areatext":"162.018117927052","Duplicate":"0","Dist":"Hyderabad","PCs":"Hyderabad","Assembly_C":"Karwan","Affeceted_":"1899-12-30T00:00:00","S_Number":0,"S_Fall":null,"Zone_1":"Z1B N","Affected_S":"Buffer","Area_SQF":3487.88306286,"Zonewise":"Z1B","no_of_Floo":2,"gis_geometry_geojson":"{\"type\":\"Polygon\",\"coordinates\":[[[78.4129735,17.3721481],[78.4130975,17.372114],[78.413067,17.3720114],[78.412943,17.3720455],[78.4129735,17.3721481]]]}"}},{"type":"Feature","id":"AS589-399","geometry":{"type":"Polygon","coordinates":[[[78.4124716,17.372012],[78.4125379,17.3720002],[78.4125281,17.3719497],[78.4124618,17.3719616],[78.4124716,17.372012]]]},"properties":{"household_id":"AS589-399","OBJECTID":718,"fid_1":1361,"Area":438.457973968,"DSM":500,"DTM":496,"HEIGHT":4,"BuildingID":"6e897","BuiType":null,"StructType":"Permanent","NameOwnRep":"6e897","Contact":0,"HNoPlotNo":null,"TPIN":null,"ColnyStrtN":null,"SyTsNo":"Musi River","WardBlockN":null,"Use":"Reli","Extent":0,"PlinthArea":0,"Classifica":"Govt","Caste":null,"FinanDepen":null,"HHSize":0,"NoAdults":0,"NoChild":0,"Govtbenefi":null,"Borewell":"No","Courtcase":"No","NameStruct":null,"ReliType":"Hindu","Remarks":"Grave yard","CommStatus":null,"Trees":"No","location":null,"Occupation":null,"SkilledOcc":null,"Craftsmen":null,"ReliStruct":"Graveyard","Cremetoriu":null,"Email":null,"Date":"1899-12-30T00:00:00","Time":null,"SurvyeorNa":null,"Survey_Dat":null,"Survey_Loc":null,"UUID":null,"email_id":null,"Mandals":"Golconda","Zone":"River","Income":null,"AreaSqm":4.0734,"Areatext":"40.7342416283833","Duplicate":"0","Dist":"Hyderabad","PCs":"Hyderabad","Assembly_C":"Karwan","Affeceted_":"1899-12-30T00:00:00","S_Number":0,"S_Fall":null,"Zone_1":"Z1B N","Affected_S":"RIVER","Area_SQF":438.457973968,"Zonewise":"Z1B","no_of_Floo":1,"gis_geometry_geojson":"{\"type\":\"Polygon\",\"coordinates\":[[[78.4124716,17.372012],[78.4125379,17.3720002],[78.4125281,17.3719497],[78.4124618,17.3719616],[78.4124716,17.372012]]]}"}},{"type":"Feature","id":"AS589-400","geometry":{"type":"Polygon","coordinates":[[[78.4123582,17.3720329],[78.4124248,17.3720212],[78.412415,17.3719694],[78.4123483,17.371981],[78.4123582,17.3720329]]]},"properties":{"household_id":"AS589-400","OBJECTID":719,"fid_1":1362,"Area":452.077953876,"DSM":500,"DTM":496,"HEIGHT":4,"BuildingID":"de681","BuiType":null,"StructType":"Permanent","NameOwnRep":"de681","Contact":0,"HNoPlotNo":null,"TPIN":null,"ColnyStrtN":null,"SyTsNo":"Musi River","WardBlockN":null,"Use":"Reli","Extent":0,"PlinthArea":0,"Classifica":"Govt","Caste":null,"FinanDepen":null,"HHSize":0,"NoAdults":0,"NoChild":0,"Govtbenefi":null,"Borewell":"No","Courtcase":"No","NameStruct":null,"ReliType":"Hindu","Remarks":null,"CommStatus":null,"Trees":"No","location":null,"Occupation":null,"SkilledOcc":null,"Craftsmen":null,"ReliStruct":"Graveyard","Cremetoriu":null,"Email":null,"Date":"1899-12-30T00:00:00","Time":null,"SurvyeorNa":null,"Survey_Dat":null,"Survey_Loc":null,"UUID":null,"email_id":null,"Mandals":"Golconda","Zone":"River","Income":null,"AreaSqm":4.1999,"Areatext":"41.9995842298625","Duplicate":"0","Dist":"Hyderabad","PCs":"Hyderabad","Assembly_C":"Karwan","Affeceted_":"1899-12-30T00:00:00","S_Number":0,"S_Fall":null,"Zone_1":"Z1B N","Affected_S":"RIVER","Area_SQF":452.077953876,"Zonewise":"Z1B","no_of_Floo":1,"gis_geometry_geojson":"{\"type\":\"Polygon\",\"coordinates\":[[[78.4123582,17.3720329],[78.4124248,17.3720212],[78.412415,17.3719694],[78.4123483,17.371981],[78.4123582,17.3720329]]]}"}},{"type":"Feature","id":"AS589-401","geometry":{"type":"Polygon","coordinates":[[[78.412732,17.3721513],[78.4128175,17.3721462],[78.412814,17.3720926],[78.4127285,17.3720977],[78.412732,17.3721513]]]},"properties":{"household_id":"AS589-401","OBJECTID":717,"fid_1":1360,"Area":583.601612518,"DSM":502,"DTM":498,"HEIGHT":4,"BuildingID":"99f07","BuiType":null,"StructType":"Permanent","NameOwnRep":"99f07","Contact":0,"HNoPlotNo":null,"TPIN":null,"ColnyStrtN":null,"SyTsNo":"15&17","WardBlockN":"15/M","Use":"Reli","Extent":0,"PlinthArea":0,"Classifica":"Govt","Caste":null,"FinanDepen":null,"HHSize":0,"NoAdults":0,"NoChild":0,"Govtbenefi":null,"Borewell":"No","Courtcase":"No","NameStruct":null,"ReliType":"Hindu","Remarks":"Sangam office of graveyard","CommStatus":null,"Trees":"No","location":null,"Occupation":null,"SkilledOcc":null,"Craftsmen":null,"ReliStruct":"Graveyard","Cremetoriu":"Yes","Email":null,"Date":"1899-12-30T00:00:00","Time":null,"SurvyeorNa":null,"Survey_Dat":null,"Survey_Loc":null,"UUID":null,"email_id":null,"Mandals":"Golconda","Zone":"Buffer","Income":null,"AreaSqm":5.4218,"Areatext":"54.2185808249332","Duplicate":"0","Dist":"Hyderabad","PCs":"Hyderabad","Assembly_C":"Karwan","Affeceted_":"1899-12-30T00:00:00","S_Number":0,"S_Fall":null,"Zone_1":"Z1B N","Affected_S":"Buffer","Area_SQF":583.601612518,"Zonewise":"Z1B","no_of_Floo":1,"gis_geometry_geojson":"{\"type\":\"Polygon\",\"coordinates\":[[[78.412732,17.3721513],[78.4128175,17.3721462],[78.412814,17.3720926],[78.4127285,17.3720977],[78.412732,17.3721513]]]}"}},{"type":"Feature","id":"AS589-402","geometry":{"type":"Polygon","coordinates":[[[78.4127432,17.3722784],[78.4127808,17.3722752],[78.4127777,17.3722424],[78.4127401,17.3722456],[78.4127432,17.3722784]]]},"properties":{"household_id":"AS589-402","OBJECTID":720,"fid_1":1363,"Area":157.749202505,"DSM":501,"DTM":500,"HEIGHT":1,"BuildingID":"aa6f7","BuiType":null,"StructType":"Permanent","NameOwnRep":"aa6f7","Contact":0,"HNoPlotNo":null,"TPIN":null,"ColnyStrtN":null,"SyTsNo":"15&17","WardBlockN":"15/M","Use":"Reli","Extent":0,"PlinthArea":0,"Classifica":"Govt","Caste":null,"FinanDepen":null,"HHSize":0,"NoAdults":0,"NoChild":0,"Govtbenefi":null,"Borewell":"No","Courtcase":"No","NameStruct":null,"ReliType":null,"Remarks":"Grave","CommStatus":null,"Trees":"No","location":null,"Occupation":null,"SkilledOcc":null,"Craftsmen":null,"ReliStruct":null,"Cremetoriu":null,"Email":null,"Date":"1899-12-30T00:00:00","Time":null,"SurvyeorNa":null,"Survey_Dat":null,"Survey_Loc":null,"UUID":null,"email_id":null,"Mandals":"Golconda","Zone":"Buffer","Income":null,"AreaSqm":1.4655,"Areatext":"14.6554390905198","Duplicate":"0","Dist":"Hyderabad","PCs":"Hyderabad","Assembly_C":"Karwan","Affeceted_":"1899-12-30T00:00:00","S_Number":0,"S_Fall":null,"Zone_1":"Z1B N","Affected_S":"Buffer","Area_SQF":157.749202505,"Zonewise":"Z1B","no_of_Floo":1,"gis_geometry_geojson":"{\"type\":\"Polygon\",\"coordinates\":[[[78.4127432,17.3722784],[78.4127808,17.3722752],[78.4127777,17.3722424],[78.4127401,17.3722456],[78.4127432,17.3722784]]]}"}},{"type":"Feature","id":"AS589-403","geometry":{"type":"Polygon","coordinates":[[[78.4127387,17.3722916],[78.412733,17.3723471],[78.4128898,17.3723542],[78.412891,17.3723309],[78.4128775,17.3723303],[78.4128778,17.3723234],[78.4128666,17.3723229],[78.4128678,17.3722975],[78.4127387,17.3722916]]]},"properties":{"household_id":"AS589-403","OBJECTID":721,"fid_1":1364,"Area":1005.48288466,"DSM":504,"DTM":500,"HEIGHT":4,"BuildingID":"099e5","BuiType":null,"StructType":"Permanent","NameOwnRep":"099e5","Contact":0,"HNoPlotNo":null,"TPIN":null,"ColnyStrtN":null,"SyTsNo":"15&17","WardBlockN":"15/M","Use":"Reli","Extent":100,"PlinthArea":0,"Classifica":"Govt","Caste":null,"FinanDepen":null,"HHSize":0,"NoAdults":0,"NoChild":0,"Govtbenefi":null,"Borewell":"Yes","Courtcase":"No","NameStruct":null,"ReliType":"Hindu","Remarks":"Toilet","CommStatus":null,"Trees":"Yes","location":null,"Occupation":null,"SkilledOcc":null,"Craftsmen":null,"ReliStruct":"Graveyard","Cremetoriu":"Yes","Email":null,"Date":"1899-12-30T00:00:00","Time":null,"SurvyeorNa":null,"Survey_Dat":null,"Survey_Loc":null,"UUID":null,"email_id":null,"Mandals":"Golconda","Zone":"Buffer","Income":null,"AreaSqm":9.3412,"Areatext":"93.4127903047168","Duplicate":"0","Dist":"Hyderabad","PCs":"Hyderabad","Assembly_C":"Karwan","Affeceted_":"1899-12-30T00:00:00","S_Number":0,"S_Fall":null,"Zone_1":"Z1B N","Affected_S":"Buffer","Area_SQF":1005.48288466,"Zonewise":"Z1B","no_of_Floo":1,"gis_geometry_geojson":"{\"type\":\"Polygon\",\"coordinates\":[[[78.4127387,17.3722916],[78.412733,17.3723471],[78.4128898,17.3723542],[78.412891,17.3723309],[78.4128775,17.3723303],[78.4128778,17.3723234],[78.4128666,17.3723229],[78.4128678,17.3722975],[78.4127387,17.3722916]]]}"}},{"type":"Feature","id":"AS589-404","geometry":{"type":"Polygon","coordinates":[[[78.4130234,17.3706124],[78.4130163,17.3705786],[78.412852,17.370609],[78.4128597,17.3706474],[78.4130234,17.3706124]]]},"properties":{"household_id":"AS589-404","OBJECTID":406,"fid_1":405,"Area":780.497876254,"DSM":502,"DTM":499,"HEIGHT":3,"BuildingID":"c8fc5","BuiType":null,"StructType":"Permanent","NameOwnRep":"c8fc5","Contact":0,"HNoPlotNo":null,"TPIN":null,"ColnyStrtN":null,"SyTsNo":"145/25","WardBlockN":null,"Use":"Reli","Extent":0,"PlinthArea":0,"Classifica":"Govt","Caste":null,"FinanDepen":null,"HHSize":0,"NoAdults":0,"NoChild":0,"Govtbenefi":null,"Borewell":"No","Courtcase":null,"NameStruct":null,"ReliType":"Hindu","Remarks":null,"CommStatus":null,"Trees":"No","location":null,"Occupation":null,"SkilledOcc":null,"Craftsmen":null,"ReliStruct":"Graveyard","Cremetoriu":null,"Email":null,"Date":"1899-12-30T00:00:00","Time":null,"SurvyeorNa":null,"Survey_Dat":"2024/08/07 21:06:05.522","Survey_Loc":null,"UUID":null,"email_id":null,"Mandals":"Golconda","Zone":"River","Income":null,"AreaSqm":7.251,"Areatext":"72.5109154659907","Duplicate":"0","Dist":"Hyderabad","PCs":"Chevella","Assembly_C":"Rajendra Nagar","Affeceted_":"1900-01-01T00:00:00","S_Number":632,"S_Fall":null,"Zone_1":"Z1A S","Affected_S":"RIVER","Area_SQF":780.497876254,"Zonewise":"Z1A","no_of_Floo":1,"gis_geometry_geojson":"{\"type\":\"Polygon\",\"coordinates\":[[[78.4130234,17.3706124],[78.4130163,17.3705786],[78.412852,17.370609],[78.4128597,17.3706474],[78.4130234,17.3706124]]]}"}},{"type":"Feature","id":"AS589-405","geometry":{"type":"Polygon","coordinates":[[[78.4132783,17.3705404],[78.4134023,17.3705078],[78.4133867,17.370453],[78.4132627,17.3704856],[78.4132783,17.3705404]]]},"properties":{"household_id":"AS589-405","OBJECTID":404,"fid_1":403,"Area":925.382834813,"DSM":503,"DTM":500,"HEIGHT":3,"BuildingID":"45fdd","BuiType":null,"StructType":"Permanent","NameOwnRep":"45fdd","Contact":0,"HNoPlotNo":null,"TPIN":null,"ColnyStrtN":null,"SyTsNo":"145/25","WardBlockN":null,"Use":"Reli","Extent":0,"PlinthArea":0,"Classifica":"Govt","Caste":null,"FinanDepen":null,"HHSize":0,"NoAdults":0,"NoChild":0,"Govtbenefi":null,"Borewell":"Yes","Courtcase":null,"NameStruct":null,"ReliType":"Hindu","Remarks":null,"CommStatus":null,"Trees":"No","location":null,"Occupation":null,"SkilledOcc":null,"Craftsmen":null,"ReliStruct":"Graveyard","Cremetoriu":null,"Email":null,"Date":"1899-12-30T00:00:00","Time":null,"SurvyeorNa":null,"Survey_Dat":"2024/08/07 21:06:05.387","Survey_Loc":null,"UUID":null,"email_id":null,"Mandals":"Golconda","Zone":"River","Income":null,"AreaSqm":8.5971,"Areatext":"85.9712224092818","Duplicate":"0","Dist":"Hyderabad","PCs":"Chevella","Assembly_C":"Rajendra Nagar","Affeceted_":"1900-01-01T00:00:00","S_Number":634,"S_Fall":null,"Zone_1":"Z1A S","Affected_S":"RIVER","Area_SQF":925.382834813,"Zonewise":"Z1A","no_of_Floo":1,"gis_geometry_geojson":"{\"type\":\"Polygon\",\"coordinates\":[[[78.4132783,17.3705404],[78.4134023,17.3705078],[78.4133867,17.370453],[78.4132627,17.3704856],[78.4132783,17.3705404]]]}"}},{"type":"Feature","id":"AS589-406","geometry":{"type":"Polygon","coordinates":[[[78.4129928,17.3704619],[78.413019,17.3705921],[78.4131635,17.3705653],[78.4131373,17.3704351],[78.4129928,17.3704619]]]},"properties":{"household_id":"AS589-406","OBJECTID":405,"fid_1":404,"Area":2472.89055005,"DSM":505,"DTM":502,"HEIGHT":3,"BuildingID":"c8296","BuiType":null,"StructType":"Permanent","NameOwnRep":"c8296","Contact":0,"HNoPlotNo":null,"TPIN":null,"ColnyStrtN":null,"SyTsNo":"145/25","WardBlockN":null,"Use":"Reli","Extent":0,"PlinthArea":0,"Classifica":"Govt","Caste":null,"FinanDepen":null,"HHSize":0,"NoAdults":0,"NoChild":0,"Govtbenefi":null,"Borewell":"Yes","Courtcase":null,"NameStruct":null,"ReliType":"Hindu","Remarks":null,"CommStatus":null,"Trees":"No","location":null,"Occupation":null,"SkilledOcc":null,"Craftsmen":null,"ReliStruct":"Graveyard","Cremetoriu":null,"Email":null,"Date":"1899-12-30T00:00:00","Time":null,"SurvyeorNa":null,"Survey_Dat":"2024/08/07 21:06:05.454","Survey_Loc":null,"UUID":null,"email_id":null,"Mandals":"Golconda","Zone":"River","Income":null,"AreaSqm":2.2974,"Areatext":"229.739968649582","Duplicate":"0","Dist":"Hyderabad","PCs":"Chevella","Assembly_C":"Rajendra Nagar","Affeceted_":"1900-01-01T00:00:00","S_Number":633,"S_Fall":null,"Zone_1":"Z1A S","Affected_S":"Buffer","Area_SQF":2472.89055005,"Zonewise":"Z1A","no_of_Floo":1,"gis_geometry_geojson":"{\"type\":\"Polygon\",\"coordinates\":[[[78.4129928,17.3704619],[78.413019,17.3705921],[78.4131635,17.3705653],[78.4131373,17.3704351],[78.4129928,17.3704619]]]}"}},{"type":"Feature","id":"AS589-407","geometry":{"type":"Polygon","coordinates":[[[78.4089955,17.3630916],[78.4090007,17.3630934],[78.4089937,17.363118],[78.4090106,17.3631223],[78.4090215,17.3630852],[78.4089999,17.3630781],[78.4089955,17.3630916]]]},"properties":{"household_id":"AS589-407","OBJECTID":414,"fid_1":413,"Area":97.4563194839,"DSM":505,"DTM":504,"HEIGHT":1,"BuildingID":"a9149","BuiType":"Individual","StructType":"Temporary","NameOwnRep":"a9149","Contact":9676443065,"HNoPlotNo":null,"TPIN":null,"ColnyStrtN":null,"SyTsNo":"130","WardBlockN":null,"Use":"Resi","Extent":0,"PlinthArea":0,"Classifica":"Govt","Caste":null,"FinanDepen":null,"HHSize":0,"NoAdults":0,"NoChild":0,"Govtbenefi":null,"Borewell":"No","Courtcase":null,"NameStruct":null,"ReliType":null,"Remarks":null,"CommStatus":null,"Trees":"No","location":null,"Occupation":null,"SkilledOcc":null,"Craftsmen":null,"ReliStruct":null,"Cremetoriu":null,"Email":null,"Date":"1899-12-30T00:00:00","Time":null,"SurvyeorNa":null,"Survey_Dat":"2024/08/13 16:40:53.924","Survey_Loc":null,"UUID":null,"email_id":null,"Mandals":"Rajendra Nagar","Zone":"Buffer","Income":"BPL","AreaSqm":9.054,"Areatext":"9.05402455912265","Duplicate":"0","Dist":"Ranga Reddy","PCs":"Chevella","Assembly_C":"Rajendra Nagar","Affeceted_":"1900-01-01T00:00:00","S_Number":545,"S_Fall":null,"Zone_1":"Z1A S","Affected_S":"RIVER","Area_SQF":97.4563194839,"Zonewise":"Z1A","no_of_Floo":1,"gis_geometry_geojson":"{\"type\":\"Polygon\",\"coordinates\":[[[78.4089955,17.3630916],[78.4090007,17.3630934],[78.4089937,17.363118],[78.4090106,17.3631223],[78.4090215,17.3630852],[78.4089999,17.3630781],[78.4089955,17.3630916]]]}"}},{"type":"Feature","id":"AS589-408","geometry":{"type":"Polygon","coordinates":[[[78.4089562,17.3632348],[78.4089829,17.3632433],[78.4089932,17.363213],[78.408986,17.3632109],[78.4090068,17.3631614],[78.4089509,17.3631456],[78.4089057,17.3632839],[78.4089379,17.3632923],[78.4089562,17.3632348]]]},"properties":{"household_id":"AS589-408","OBJECTID":426,"fid_1":425,"Area":876.674606304,"DSM":506,"DTM":504,"HEIGHT":2,"BuildingID":"432ac","BuiType":"Individual","StructType":"Temporary","NameOwnRep":"432ac","Contact":9676443065,"HNoPlotNo":null,"TPIN":null,"ColnyStrtN":null,"SyTsNo":"151","WardBlockN":null,"Use":"Resi","Extent":0,"PlinthArea":0,"Classifica":"Govt","Caste":null,"FinanDepen":null,"HHSize":0,"NoAdults":0,"NoChild":0,"Govtbenefi":null,"Borewell":"No","Courtcase":"No","NameStruct":null,"ReliType":null,"Remarks":null,"CommStatus":null,"Trees":"No","location":null,"Occupation":null,"SkilledOcc":null,"Craftsmen":null,"ReliStruct":null,"Cremetoriu":null,"Email":null,"Date":"1899-12-30T00:00:00","Time":null,"SurvyeorNa":null,"Survey_Dat":"2024/08/13 16:40:54.607","Survey_Loc":null,"UUID":null,"email_id":null,"Mandals":"Rajendra Nagar","Zone":"Buffer","Income":"BPL","AreaSqm":8.1446,"Areatext":"81.4460617943264","Duplicate":"0","Dist":"Ranga Reddy","PCs":"Chevella","Assembly_C":"Rajendra Nagar","Affeceted_":"1900-01-01T00:00:00","S_Number":542,"S_Fall":null,"Zone_1":"Z1A S","Affected_S":"Buffer","Area_SQF":876.674606304,"Zonewise":"Z1A","no_of_Floo":1,"gis_geometry_geojson":"{\"type\":\"Polygon\",\"coordinates\":[[[78.4089562,17.3632348],[78.4089829,17.3632433],[78.4089932,17.363213],[78.408986,17.3632109],[78.4090068,17.3631614],[78.4089509,17.3631456],[78.4089057,17.3632839],[78.4089379,17.3632923],[78.4089562,17.3632348]]]}"}},{"type":"Feature","id":"AS589-409","geometry":{"type":"Polygon","coordinates":[[[78.4077002,17.3622689],[78.4076846,17.3621752],[78.4075579,17.3621951],[78.4075676,17.3622884],[78.4077002,17.3622689]]]},"properties":{"household_id":"AS589-409","OBJECTID":143,"fid_1":142,"Area":1570.73644937,"DSM":513,"DTM":506,"HEIGHT":7,"BuildingID":"cc0c5","BuiType":"Individual","StructType":"Permanent","NameOwnRep":"cc0c5","Contact":9985308008,"HNoPlotNo":"Villa no 71","TPIN":null,"ColnyStrtN":null,"SyTsNo":"115","WardBlockN":null,"Use":"Resi","Extent":0,"PlinthArea":0,"Classifica":"Patta","Caste":null,"FinanDepen":null,"HHSize":0,"NoAdults":0,"NoChild":0,"Govtbenefi":null,"Borewell":"Yes","Courtcase":"No","NameStruct":"Villa","ReliType":null,"Remarks":null,"CommStatus":null,"Trees":"No","location":null,"Occupation":null,"SkilledOcc":null,"Craftsmen":null,"ReliStruct":null,"Cremetoriu":null,"Email":null,"Date":"1899-12-30T00:00:00","Time":null,"SurvyeorNa":null,"Survey_Dat":"2024/08/07 21:17:33.669","Survey_Loc":null,"UUID":null,"email_id":null,"Mandals":"Gandipet","Zone":"Buffer","Income":null,"AreaSqm":1.3181,"Areatext":"13.1813205738081","Duplicate":"0","Dist":"Ranga Reddy","PCs":"Chevella","Assembly_C":"Rajendra Nagar","Affeceted_":"1900-01-01T00:00:00","S_Number":605,"S_Fall":null,"Zone_1":"Z1A N","Affected_S":"Buffer","Area_SQF":3141.47289874,"Zonewise":"Z1A","no_of_Floo":2,"gis_geometry_geojson":"{\"type\":\"Polygon\",\"coordinates\":[[[78.4077002,17.3622689],[78.4076846,17.3621752],[78.4075579,17.3621951],[78.4075676,17.3622884],[78.4077002,17.3622689]]]}"}},{"type":"Feature","id":"AS589-410","geometry":{"type":"Polygon","coordinates":[[[78.4095665,17.3607933],[78.4095592,17.3607432],[78.4095211,17.3607483],[78.4095075,17.3606825],[78.4094163,17.3606948],[78.4094185,17.3607096],[78.4093724,17.3607157],[78.4093824,17.3607849],[78.409388,17.3607842],[78.4093927,17.3608166],[78.4095665,17.3607933]]]},"properties":{"household_id":"AS589-410","OBJECTID":206,"fid_1":205,"Area":2251.43551619,"DSM":515,"DTM":506,"HEIGHT":9,"BuildingID":"97a94","BuiType":"Individual","StructType":"Permanent","NameOwnRep":"97a94","Contact":8978067772,"HNoPlotNo":"Villa no 102","TPIN":null,"ColnyStrtN":null,"SyTsNo":"114","WardBlockN":null,"Use":"Resi","Extent":0,"PlinthArea":0,"Classifica":"Patta","Caste":null,"FinanDepen":null,"HHSize":0,"NoAdults":0,"NoChild":0,"Govtbenefi":null,"Borewell":"Yes","Courtcase":"No","NameStruct":"Villa","ReliType":null,"Remarks":null,"CommStatus":null,"Trees":"Yes","location":null,"Occupation":null,"SkilledOcc":null,"Craftsmen":null,"ReliStruct":null,"Cremetoriu":null,"Email":null,"Date":"1899-12-30T00:00:00","Time":null,"SurvyeorNa":"sambaraju","Survey_Dat":"2024/08/12 11:35:37.917","Survey_Loc":null,"UUID":null,"email_id":"etikalasambaraju84@gmail.com","Mandals":"Rajendra Nagar","Zone":"Buffer","Income":null,"AreaSqm":1.6685,"Areatext":"166.85748487992","Duplicate":"0","Dist":"Ranga Reddy","PCs":"Chevella","Assembly_C":"Rajendra Nagar","Affeceted_":"1900-01-01T00:00:00","S_Number":485,"S_Fall":null,"Zone_1":"Z1A N","Affected_S":"Buffer","Area_SQF":6754.30654857,"Zonewise":"Z1A","no_of_Floo":3,"gis_geometry_geojson":"{\"type\":\"Polygon\",\"coordinates\":[[[78.4095665,17.3607933],[78.4095592,17.3607432],[78.4095211,17.3607483],[78.4095075,17.3606825],[78.4094163,17.3606948],[78.4094185,17.3607096],[78.4093724,17.3607157],[78.4093824,17.3607849],[78.409388,17.3607842],[78.4093927,17.3608166],[78.4095665,17.3607933]]]}"}},{"type":"Feature","id":"AS589-411","geometry":{"type":"Polygon","coordinates":[[[78.4081703,17.3567552],[78.4081391,17.3567989],[78.4081745,17.3568222],[78.4082056,17.3567785],[78.4081703,17.3567552]]]},"properties":{"household_id":"AS589-411","OBJECTID":103,"fid_1":102,"Area":287.680202065,"DSM":511,"DTM":501,"HEIGHT":10,"BuildingID":"62f9a","BuiType":"Individual","StructType":"Temporary","NameOwnRep":"62f9a","Contact":9603866995,"HNoPlotNo":"Plot no 356","TPIN":null,"ColnyStrtN":"Hyder enclave","SyTsNo":"112","WardBlockN":null,"Use":"Resi","Extent":50,"PlinthArea":0,"Classifica":"Patta","Caste":"Minority","FinanDepen":null,"HHSize":0,"NoAdults":0,"NoChild":0,"Govtbenefi":null,"Borewell":"No","Courtcase":"No","NameStruct":"House","ReliType":null,"Remarks":null,"CommStatus":null,"Trees":"No","location":null,"Occupation":null,"SkilledOcc":null,"Craftsmen":null,"ReliStruct":null,"Cremetoriu":null,"Email":null,"Date":"1899-12-30T00:00:00","Time":null,"SurvyeorNa":null,"Survey_Dat":"2024/08/13 16:40:47.036","Survey_Loc":null,"UUID":null,"email_id":null,"Mandals":"Rajendra Nagar","Zone":"Buffer","Income":"BPL","AreaSqm":2.6726,"Areatext":"26.7264722243845","Duplicate":"0","Dist":"Ranga Reddy","PCs":"Chevella","Assembly_C":"Rajendra Nagar","Affeceted_":"1900-01-01T00:00:00","S_Number":430,"S_Fall":null,"Zone_1":"Z1A N","Affected_S":"Buffer","Area_SQF":863.040606195,"Zonewise":"Z1A","no_of_Floo":3,"gis_geometry_geojson":"{\"type\":\"Polygon\",\"coordinates\":[[[78.4081703,17.3567552],[78.4081391,17.3567989],[78.4081745,17.3568222],[78.4082056,17.3567785],[78.4081703,17.3567552]]]}"}},{"type":"Feature","id":"AS589-412","geometry":{"type":"Polygon","coordinates":[[[78.4082474,17.3568069],[78.4082857,17.3568366],[78.4083063,17.3568077],[78.408302,17.3568049],[78.408349,17.3567273],[78.4083306,17.356717],[78.4083448,17.3566875],[78.4083272,17.3566752],[78.4082474,17.3568069]]]},"properties":{"household_id":"AS589-412","OBJECTID":104,"fid_1":103,"Area":825.584432298,"DSM":504,"DTM":501,"HEIGHT":3,"BuildingID":"cce66","BuiType":"Individual","StructType":"Temporary","NameOwnRep":"cce66","Contact":9885748656,"HNoPlotNo":"Plot No. 356/3","TPIN":null,"ColnyStrtN":"Hyder enclave","SyTsNo":"112","WardBlockN":null,"Use":"Resi","Extent":125,"PlinthArea":0,"Classifica":"Patta","Caste":"Minority","FinanDepen":null,"HHSize":100,"NoAdults":0,"NoChild":0,"Govtbenefi":null,"Borewell":"Yes","Courtcase":"No","NameStruct":"Tin shed","ReliType":null,"Remarks":null,"CommStatus":null,"Trees":"No","location":null,"Occupation":null,"SkilledOcc":null,"Craftsmen":null,"ReliStruct":null,"Cremetoriu":null,"Email":null,"Date":"1899-12-30T00:00:00","Time":null,"SurvyeorNa":null,"Survey_Dat":"2024/08/13 16:40:47.102","Survey_Loc":null,"UUID":null,"email_id":null,"Mandals":"Rajendra Nagar","Zone":"Buffer","Income":"BPL","AreaSqm":7.6699,"Areatext":"76.6996103335196","Duplicate":"0","Dist":"Ranga Reddy","PCs":"Chevella","Assembly_C":"Rajendra Nagar","Affeceted_":"1900-01-01T00:00:00","S_Number":431,"S_Fall":null,"Zone_1":"Z1A N","Affected_S":"RIVER","Area_SQF":825.584432298,"Zonewise":"Z1A","no_of_Floo":1,"gis_geometry_geojson":"{\"type\":\"Polygon\",\"coordinates\":[[[78.4082474,17.3568069],[78.4082857,17.3568366],[78.4083063,17.3568077],[78.408302,17.3568049],[78.408349,17.3567273],[78.4083306,17.356717],[78.4083448,17.3566875],[78.4083272,17.3566752],[78.4082474,17.3568069]]]}"}},{"type":"Feature","id":"AS589-413","geometry":{"type":"Polygon","coordinates":[[[78.4080055,17.3566166],[78.4079575,17.356688],[78.4079735,17.3566979],[78.4079378,17.356751],[78.4079763,17.356775],[78.4079731,17.3567796],[78.4080591,17.3568265],[78.4080968,17.3567705],[78.4081099,17.3567787],[78.408159,17.3567119],[78.4081186,17.3566868],[78.4081262,17.3566755],[78.4080527,17.3566298],[78.408045,17.3566412],[78.4080055,17.3566166]]]},"properties":{"household_id":"AS589-413","OBJECTID":101,"fid_1":100,"Area":3287.64311121,"DSM":509,"DTM":502,"HEIGHT":7,"BuildingID":"06368","BuiType":"Individual","StructType":"Permanent","NameOwnRep":"06368","Contact":7416660793,"HNoPlotNo":"3-7-400/MR/355","TPIN":null,"ColnyStrtN":"Hyder enclave","SyTsNo":"112","WardBlockN":"60","Use":"Resi","Extent":1000,"PlinthArea":0,"Classifica":"Patta","Caste":"Minority","FinanDepen":"No","HHSize":400,"NoAdults":6,"NoChild":3,"Govtbenefi":"No","Borewell":"Yes","Courtcase":"No","NameStruct":"Building","ReliType":null,"Remarks":"Building","CommStatus":null,"Trees":"No","location":null,"Occupation":"Buisness","SkilledOcc":null,"Craftsmen":null,"ReliStruct":null,"Cremetoriu":null,"Email":null,"Date":"1899-12-30T00:00:00","Time":null,"SurvyeorNa":null,"Survey_Dat":"2024/08/15 19:42:58.537","Survey_Loc":null,"UUID":null,"email_id":null,"Mandals":"Rajendra Nagar","Zone":"Buffer","Income":"APL","AreaSqm":3.0543,"Areatext":"305.433261205359","Duplicate":"0","Dist":"Ranga Reddy","PCs":"Chevella","Assembly_C":"Rajendra Nagar","Affeceted_":"1900-01-01T00:00:00","S_Number":426,"S_Fall":null,"Zone_1":"Z1A N","Affected_S":"Buffer","Area_SQF":6575.28622242,"Zonewise":"Z1A","no_of_Floo":2,"gis_geometry_geojson":"{\"type\":\"Polygon\",\"coordinates\":[[[78.4080055,17.3566166],[78.4079575,17.356688],[78.4079735,17.3566979],[78.4079378,17.356751],[78.4079763,17.356775],[78.4079731,17.3567796],[78.4080591,17.3568265],[78.4080968,17.3567705],[78.4081099,17.3567787],[78.408159,17.3567119],[78.4081186,17.3566868],[78.4081262,17.3566755],[78.4080527,17.3566298],[78.408045,17.3566412],[78.4080055,17.3566166]]]}"}},{"type":"Feature","id":"AS589-414","geometry":{"type":"Polygon","coordinates":[[[78.4080334,17.3568997],[78.4080722,17.3569208],[78.4081106,17.3568557],[78.4080718,17.3568347],[78.4080334,17.3568997]]]},"properties":{"household_id":"AS589-414","OBJECTID":102,"fid_1":101,"Area":422.395754702,"DSM":506,"DTM":502,"HEIGHT":4,"BuildingID":"50efa","BuiType":"Individual","StructType":"Permanent","NameOwnRep":"50efa","Contact":7416660793,"HNoPlotNo":"3-7-400/MR/355","TPIN":null,"ColnyStrtN":"Hyder enclave","SyTsNo":"112","WardBlockN":"Ward no 60","Use":"Resi","Extent":40,"PlinthArea":0,"Classifica":"Patta","Caste":"Minority","FinanDepen":null,"HHSize":0,"NoAdults":0,"NoChild":0,"Govtbenefi":null,"Borewell":"Yes","Courtcase":"No","NameStruct":"House","ReliType":null,"Remarks":null,"CommStatus":null,"Trees":"No","location":null,"Occupation":null,"SkilledOcc":null,"Craftsmen":null,"ReliStruct":null,"Cremetoriu":null,"Email":null,"Date":"1899-12-30T00:00:00","Time":null,"SurvyeorNa":null,"Survey_Dat":"2024/08/07 21:17:30.856","Survey_Loc":null,"UUID":null,"email_id":null,"Mandals":"Rajendra Nagar","Zone":"Buffer","Income":null,"AreaSqm":3.9242,"Areatext":"39.2420066718676","Duplicate":"0","Dist":"Ranga Reddy","PCs":"Chevella","Assembly_C":"Rajendra Nagar","Affeceted_":"1900-01-01T00:00:00","S_Number":429,"S_Fall":null,"Zone_1":"Z1A N","Affected_S":"Buffer","Area_SQF":422.395754702,"Zonewise":"Z1A","no_of_Floo":1,"gis_geometry_geojson":"{\"type\":\"Polygon\",\"coordinates\":[[[78.4080334,17.3568997],[78.4080722,17.3569208],[78.4081106,17.3568557],[78.4080718,17.3568347],[78.4080334,17.3568997]]]}"}},{"type":"Feature","id":"AS589-415","geometry":{"type":"Polygon","coordinates":[[[78.4083656,17.3569083],[78.4083048,17.3568524],[78.4082557,17.3569445],[78.4083287,17.35699],[78.4083559,17.3569474],[78.4083447,17.3569408],[78.4083656,17.3569083]]]},"properties":{"household_id":"AS589-415","OBJECTID":109,"fid_1":108,"Area":1018.27634185,"DSM":510,"DTM":502,"HEIGHT":8,"BuildingID":"2de1b","BuiType":"Individual","StructType":"Temporary","NameOwnRep":"2de1b","Contact":9949689867,"HNoPlotNo":null,"TPIN":null,"ColnyStrtN":null,"SyTsNo":"112","WardBlockN":null,"Use":"Resi","Extent":0,"PlinthArea":0,"Classifica":"Patta","Caste":null,"FinanDepen":null,"HHSize":0,"NoAdults":0,"NoChild":0,"Govtbenefi":null,"Borewell":"No","Courtcase":"No","NameStruct":"Rcc","ReliType":null,"Remarks":null,"CommStatus":null,"Trees":"No","location":null,"Occupation":null,"SkilledOcc":null,"Craftsmen":null,"ReliStruct":null,"Cremetoriu":null,"Email":null,"Date":"1899-12-30T00:00:00","Time":null,"SurvyeorNa":null,"Survey_Dat":"2024/08/13 16:40:47.235","Survey_Loc":null,"UUID":null,"email_id":null,"Mandals":"Rajendra Nagar","Zone":"Buffer","Income":"BPL","AreaSqm":9.4601,"Areatext":"94.6013461239392","Duplicate":"0","Dist":"Ranga Reddy","PCs":"Chevella","Assembly_C":"Rajendra Nagar","Affeceted_":"1900-01-01T00:00:00","S_Number":432,"S_Fall":null,"Zone_1":"Z1A N","Affected_S":"Buffer","Area_SQF":3054.82902555,"Zonewise":"Z1A","no_of_Floo":3,"gis_geometry_geojson":"{\"type\":\"Polygon\",\"coordinates\":[[[78.4083656,17.3569083],[78.4083048,17.3568524],[78.4082557,17.3569445],[78.4083287,17.35699],[78.4083559,17.3569474],[78.4083447,17.3569408],[78.4083656,17.3569083]]]}"}},{"type":"Feature","id":"AS589-416","geometry":{"type":"Polygon","coordinates":[[[78.4082949,17.3570223],[78.4082626,17.3570046],[78.4082814,17.3569728],[78.4082496,17.3569554],[78.4082126,17.3570179],[78.4082444,17.3570353],[78.4082525,17.3570216],[78.4082872,17.3570405],[78.4082949,17.3570223]]]},"properties":{"household_id":"AS589-416","OBJECTID":106,"fid_1":105,"Area":432.506672482,"DSM":505,"DTM":502,"HEIGHT":3,"BuildingID":"beebc","BuiType":"Individual","StructType":"Permanent","NameOwnRep":"beebc","Contact":9949689867,"HNoPlotNo":"3-7-400/357/P","TPIN":null,"ColnyStrtN":"Hyder Enclave","SyTsNo":"112","WardBlockN":"60","Use":"Resi","Extent":150,"PlinthArea":0,"Classifica":"Patta","Caste":"Minority","FinanDepen":"No","HHSize":0,"NoAdults":6,"NoChild":5,"Govtbenefi":"No","Borewell":"Yes","Courtcase":"No","NameStruct":"Building","ReliType":null,"Remarks":null,"CommStatus":null,"Trees":"No","location":null,"Occupation":"Skilled Worker","SkilledOcc":null,"Craftsmen":null,"ReliStruct":null,"Cremetoriu":null,"Email":null,"Date":"1899-12-30T00:00:00","Time":null,"SurvyeorNa":null,"Survey_Dat":"2024/08/15 19:46:27.828","Survey_Loc":null,"UUID":null,"email_id":null,"Mandals":"Rajendra Nagar","Zone":"Buffer","Income":"APL","AreaSqm":2.0323,"Areatext":"20.3236566399854","Duplicate":"0","Dist":"Ranga Reddy","PCs":"Chevella","Assembly_C":"Rajendra Nagar","Affeceted_":"1900-01-01T00:00:00","S_Number":433,"S_Fall":null,"Zone_1":"Z1A N","Affected_S":"Buffer","Area_SQF":432.506672482,"Zonewise":"Z1A","no_of_Floo":1,"gis_geometry_geojson":"{\"type\":\"Polygon\",\"coordinates\":[[[78.4082949,17.3570223],[78.4082626,17.3570046],[78.4082814,17.3569728],[78.4082496,17.3569554],[78.4082126,17.3570179],[78.4082444,17.3570353],[78.4082525,17.3570216],[78.4082872,17.3570405],[78.4082949,17.3570223]]]}"}},{"type":"Feature","id":"AS589-417","geometry":{"type":"Polygon","coordinates":[[[78.4080904,17.3566333],[78.4081232,17.3566549],[78.408129,17.3566468],[78.4081386,17.3566531],[78.4081328,17.3566612],[78.4081537,17.356675],[78.4082145,17.35659],[78.4081445,17.3565439],[78.4081191,17.3565816],[78.4081282,17.3565872],[78.4081149,17.356607],[78.408108,17.3566027],[78.4080904,17.3566333]]]},"properties":{"household_id":"AS589-417","OBJECTID":100,"fid_1":99,"Area":1025.70797708,"DSM":508,"DTM":501,"HEIGHT":7,"BuildingID":"60dd9","BuiType":"Individual","StructType":"Permanent","NameOwnRep":"60dd9","Contact":7893716514,"HNoPlotNo":"3-7-400/Mr/355/1//A","TPIN":null,"ColnyStrtN":"Hyder enclave","SyTsNo":"112","WardBlockN":"Ward 60","Use":"Resi","Extent":184,"PlinthArea":200,"Classifica":"Patta","Caste":"Minority","FinanDepen":"No","HHSize":0,"NoAdults":0,"NoChild":0,"Govtbenefi":"No","Borewell":"Yes","Courtcase":"No","NameStruct":"House","ReliType":null,"Remarks":null,"CommStatus":null,"Trees":"No","location":null,"Occupation":"Buisness","SkilledOcc":null,"Craftsmen":null,"ReliStruct":null,"Cremetoriu":null,"Email":null,"Date":"1899-12-30T00:00:00","Time":null,"SurvyeorNa":null,"Survey_Dat":"2024/08/15 19:42:58.459","Survey_Loc":null,"UUID":null,"email_id":null,"Mandals":"Rajendra Nagar","Zone":"Buffer","Income":"APL","AreaSqm":9.5291,"Areatext":"95.2917704031682","Duplicate":"0","Dist":"Ranga Reddy","PCs":"Chevella","Assembly_C":"Rajendra Nagar","Affeceted_":"1900-01-01T00:00:00","S_Number":427,"S_Fall":null,"Zone_1":"Z1A N","Affected_S":"RIVER","Area_SQF":2051.41595416,"Zonewise":"Z1A","no_of_Floo":2,"gis_geometry_geojson":"{\"type\":\"Polygon\",\"coordinates\":[[[78.4080904,17.3566333],[78.4081232,17.3566549],[78.408129,17.3566468],[78.4081386,17.3566531],[78.4081328,17.3566612],[78.4081537,17.356675],[78.4082145,17.35659],[78.4081445,17.3565439],[78.4081191,17.3565816],[78.4081282,17.3565872],[78.4081149,17.356607],[78.408108,17.3566027],[78.4080904,17.3566333]]]}"}},{"type":"Feature","id":"AS589-418","geometry":{"type":"Polygon","coordinates":[[[78.4087394,17.3571993],[78.4086348,17.3572909],[78.408688,17.3573453],[78.4087912,17.3572523],[78.4087394,17.3571993]]]},"properties":{"household_id":"AS589-418","OBJECTID":110,"fid_1":109,"Area":1350.6550374,"DSM":504,"DTM":501,"HEIGHT":1,"BuildingID":"b45fe","BuiType":"Individual","StructType":"Temporary","NameOwnRep":"b45fe","Contact":9849345390,"HNoPlotNo":null,"TPIN":null,"ColnyStrtN":"Hyder enclave","SyTsNo":"112","WardBlockN":null,"Use":"Resi","Extent":105,"PlinthArea":0,"Classifica":"Patta","Caste":null,"FinanDepen":"No","HHSize":0,"NoAdults":0,"NoChild":0,"Govtbenefi":"No","Borewell":"No","Courtcase":"No","NameStruct":"Tean shead","ReliType":null,"Remarks":null,"CommStatus":null,"Trees":"No","location":null,"Occupation":null,"SkilledOcc":null,"Craftsmen":null,"ReliStruct":null,"Cremetoriu":null,"Email":null,"Date":"1899-12-30T00:00:00","Time":null,"SurvyeorNa":null,"Survey_Dat":"2024/08/13 17:26:58.517","Survey_Loc":null,"UUID":null,"email_id":null,"Mandals":"Rajendra Nagar","Zone":"River","Income":"BPL","AreaSqm":1.2548,"Areatext":"125.480460892207","Duplicate":"0","Dist":"Ranga Reddy","PCs":"Chevella","Assembly_C":"Rajendra Nagar","Affeceted_":"1900-01-01T00:00:00","S_Number":437,"S_Fall":null,"Zone_1":"Z1A N","Affected_S":"Buffer","Area_SQF":1350.6550374,"Zonewise":"Z1A","no_of_Floo":1,"gis_geometry_geojson":"{\"type\":\"Polygon\",\"coordinates\":[[[78.4087394,17.3571993],[78.4086348,17.3572909],[78.408688,17.3573453],[78.4087912,17.3572523],[78.4087394,17.3571993]]]}"}},{"type":"Feature","id":"AS589-419","geometry":{"type":"Polygon","coordinates":[[[78.4086348,17.3572909],[78.408746,17.3571934],[78.4086737,17.3571048],[78.4085441,17.3572165],[78.4085763,17.3572495],[78.4085798,17.3572463],[78.4085936,17.3572559],[78.4086348,17.3572909]]]},"properties":{"household_id":"AS589-419","OBJECTID":111,"fid_1":110,"Area":2344.4215787,"DSM":504,"DTM":503,"HEIGHT":0.333333333333,"BuildingID":"6609c","BuiType":null,"StructType":"Temporary","NameOwnRep":"6609c","Contact":9391900009,"HNoPlotNo":null,"TPIN":null,"ColnyStrtN":"Hyder enclave","SyTsNo":"112","WardBlockN":null,"Use":"Comm","Extent":0,"PlinthArea":0,"Classifica":"Patta","Caste":"Minority","FinanDepen":null,"HHSize":0,"NoAdults":0,"NoChild":0,"Govtbenefi":"No","Borewell":"No","Courtcase":"No","NameStruct":"Tean shead","ReliType":null,"Remarks":null,"CommStatus":null,"Trees":"No","location":null,"Occupation":null,"SkilledOcc":null,"Craftsmen":null,"ReliStruct":null,"Cremetoriu":null,"Email":null,"Date":"1899-12-30T00:00:00","Time":null,"SurvyeorNa":null,"Survey_Dat":"2024/08/13 17:26:58.583","Survey_Loc":null,"UUID":null,"email_id":null,"Mandals":"Rajendra Nagar","Zone":"River","Income":"BPL","AreaSqm":2.178,"Areatext":"217.804762925975","Duplicate":"0","Dist":"Ranga Reddy","PCs":"Chevella","Assembly_C":"Rajendra Nagar","Affeceted_":"1900-01-01T00:00:00","S_Number":436,"S_Fall":null,"Zone_1":"Z1A N","Affected_S":"Buffer","Area_SQF":2344.4215787,"Zonewise":"Z1A","no_of_Floo":1,"gis_geometry_geojson":"{\"type\":\"Polygon\",\"coordinates\":[[[78.4086348,17.3572909],[78.408746,17.3571934],[78.4086737,17.3571048],[78.4085441,17.3572165],[78.4085763,17.3572495],[78.4085798,17.3572463],[78.4085936,17.3572559],[78.4086348,17.3572909]]]}"}},{"type":"Feature","id":"AS589-420","geometry":{"type":"Polygon","coordinates":[[[78.4075963,17.3560582],[78.4076287,17.3560728],[78.407655,17.3560241],[78.4075915,17.3559924],[78.4075652,17.3560412],[78.4075753,17.3560462],[78.4075716,17.3560532],[78.4074038,17.3559696],[78.4073454,17.3560775],[78.407562,17.3561855],[78.4076124,17.3560922],[78.4075852,17.3560786],[78.4075963,17.3560582]]]},"properties":{"household_id":"AS589-420","OBJECTID":95,"fid_1":94,"Area":4218.13937866,"DSM":508,"DTM":501,"HEIGHT":7,"BuildingID":"9a7fd","BuiType":"Apartment","StructType":"Permanent","NameOwnRep":"9a7fd","Contact":8310246623,"HNoPlotNo":"367","TPIN":null,"ColnyStrtN":"Hyder enclave","SyTsNo":"112","WardBlockN":"60","Use":"Comm","Extent":500,"PlinthArea":500,"Classifica":"Patta","Caste":"Minority","FinanDepen":"No","HHSize":0,"NoAdults":0,"NoChild":0,"Govtbenefi":"No","Borewell":"Yes","Courtcase":"No","NameStruct":"Bulding","ReliType":null,"Remarks":"Building","CommStatus":"Fabrication","Trees":"No","location":null,"Occupation":null,"SkilledOcc":null,"Craftsmen":null,"ReliStruct":null,"Cremetoriu":null,"Email":null,"Date":"1899-12-30T00:00:00","Time":null,"SurvyeorNa":null,"Survey_Dat":"2024/08/13 16:47:16.125","Survey_Loc":null,"UUID":null,"email_id":null,"Mandals":"Rajendra Nagar","Zone":"Buffer","Income":"APL","AreaSqm":3.456,"Areatext":"345.606228159953","Duplicate":"0","Dist":"Ranga Reddy","PCs":"Chevella","Assembly_C":"Rajendra Nagar","Affeceted_":"1900-01-01T00:00:00","S_Number":416,"S_Fall":null,"Zone_1":"Z1A N","Affected_S":"Buffer","Area_SQF":8436.27875732,"Zonewise":"Z1A","no_of_Floo":2,"gis_geometry_geojson":"{\"type\":\"Polygon\",\"coordinates\":[[[78.4075963,17.3560582],[78.4076287,17.3560728],[78.407655,17.3560241],[78.4075915,17.3559924],[78.4075652,17.3560412],[78.4075753,17.3560462],[78.4075716,17.3560532],[78.4074038,17.3559696],[78.4073454,17.3560775],[78.407562,17.3561855],[78.4076124,17.3560922],[78.4075852,17.3560786],[78.4075963,17.3560582]]]}"}},{"type":"Feature","id":"AS589-421","geometry":{"type":"Polygon","coordinates":[[[78.4076736,17.355617],[78.407559,17.3558175],[78.4077198,17.3559038],[78.4077993,17.3557708],[78.4077689,17.355755],[78.407787,17.3557229],[78.4077707,17.3557128],[78.4077738,17.3557072],[78.4077573,17.3556986],[78.4077593,17.355695],[78.4077508,17.3556905],[78.4077534,17.3556859],[78.4077449,17.3556814],[78.4077471,17.3556776],[78.4077253,17.3556604],[78.4077276,17.3556564],[78.4077111,17.355645],[78.4077133,17.3556411],[78.4077065,17.3556342],[78.4076736,17.355617]]]},"properties":{"household_id":"AS589-421","OBJECTID":91,"fid_1":90,"Area":4771.95916566,"DSM":504,"DTM":499,"HEIGHT":1.66666666667,"BuildingID":"40972","BuiType":null,"StructType":"Temporary","NameOwnRep":"40972","Contact":0,"HNoPlotNo":null,"TPIN":null,"ColnyStrtN":"Hyder enclave","SyTsNo":"112","WardBlockN":"Ward 60","Use":"Comm","Extent":0,"PlinthArea":0,"Classifica":"Patta","Caste":null,"FinanDepen":null,"HHSize":0,"NoAdults":0,"NoChild":0,"Govtbenefi":null,"Borewell":"No","Courtcase":"No","NameStruct":"Tin shed for Buffalo 01","ReliType":null,"Remarks":null,"CommStatus":null,"Trees":"No","location":null,"Occupation":null,"SkilledOcc":null,"Craftsmen":null,"ReliStruct":null,"Cremetoriu":null,"Email":null,"Date":"1899-12-30T00:00:00","Time":null,"SurvyeorNa":null,"Survey_Dat":"2024/08/13 17:26:58.312","Survey_Loc":null,"UUID":null,"email_id":null,"Mandals":"Rajendra Nagar","Zone":"River","Income":"BPL","AreaSqm":3.3368,"Areatext":"333.684096573969","Duplicate":"0","Dist":"Ranga Reddy","PCs":"Chevella","Assembly_C":"Rajendra Nagar","Affeceted_":"1900-01-01T00:00:00","S_Number":408,"S_Fall":null,"Zone_1":"Z1A N","Affected_S":"RIVER","Area_SQF":4771.95916566,"Zonewise":"Z1A","no_of_Floo":1,"gis_geometry_geojson":"{\"type\":\"Polygon\",\"coordinates\":[[[78.4076736,17.355617],[78.407559,17.3558175],[78.4077198,17.3559038],[78.4077993,17.3557708],[78.4077689,17.355755],[78.407787,17.3557229],[78.4077707,17.3557128],[78.4077738,17.3557072],[78.4077573,17.3556986],[78.4077593,17.355695],[78.4077508,17.3556905],[78.4077534,17.3556859],[78.4077449,17.3556814],[78.4077471,17.3556776],[78.4077253,17.3556604],[78.4077276,17.3556564],[78.4077111,17.355645],[78.4077133,17.3556411],[78.4077065,17.3556342],[78.4076736,17.355617]]]}"}},{"type":"Feature","id":"AS589-422","geometry":{"type":"Polygon","coordinates":[[[78.4076535,17.3562446],[78.4076876,17.3561908],[78.4076545,17.3561735],[78.4076232,17.3562288],[78.4076535,17.3562446]]]},"properties":{"household_id":"AS589-422","OBJECTID":97,"fid_1":96,"Area":286.296926631,"DSM":503,"DTM":501,"HEIGHT":0.666666666667,"BuildingID":"ef5ad","BuiType":"Individual","StructType":"Temporary","NameOwnRep":"ef5ad","Contact":7075485257,"HNoPlotNo":"Plot no 366","TPIN":null,"ColnyStrtN":"Hyder enclave","SyTsNo":"112","WardBlockN":"Ward 60","Use":"Resi","Extent":155,"PlinthArea":100,"Classifica":"Patta","Caste":"Minority","FinanDepen":"No","HHSize":0,"NoAdults":0,"NoChild":0,"Govtbenefi":"No","Borewell":"No","Courtcase":"No","NameStruct":"Tin shad","ReliType":null,"Remarks":null,"CommStatus":null,"Trees":"No","location":null,"Occupation":"Buisness","SkilledOcc":null,"Craftsmen":null,"ReliStruct":null,"Cremetoriu":null,"Email":null,"Date":"1899-12-30T00:00:00","Time":null,"SurvyeorNa":null,"Survey_Dat":"2024/08/13 16:40:46.903","Survey_Loc":null,"UUID":null,"email_id":null,"Mandals":"Rajendra Nagar","Zone":"Buffer","Income":"BPL","AreaSqm":1.4084,"Areatext":"14.08473572581","Duplicate":"0","Dist":"Ranga Reddy","PCs":"Chevella","Assembly_C":"Rajendra Nagar","Affeceted_":"1900-01-01T00:00:00","S_Number":420,"S_Fall":null,"Zone_1":"Z1A N","Affected_S":"Buffer","Area_SQF":286.296926631,"Zonewise":"Z1A","no_of_Floo":1,"gis_geometry_geojson":"{\"type\":\"Polygon\",\"coordinates\":[[[78.4076535,17.3562446],[78.4076876,17.3561908],[78.4076545,17.3561735],[78.4076232,17.3562288],[78.4076535,17.3562446]]]}"}},{"type":"Feature","id":"AS589-423","geometry":{"type":"Polygon","coordinates":[[[78.4076535,17.3562446],[78.4076232,17.3562288],[78.4076087,17.3562546],[78.407639,17.3562704],[78.4076535,17.3562446]]]},"properties":{"household_id":"AS589-423","OBJECTID":98,"fid_1":97,"Area":127.919917222,"DSM":504,"DTM":501,"HEIGHT":1,"BuildingID":"f4325","BuiType":"Individual","StructType":"Permanent","NameOwnRep":"f4325","Contact":9985940691,"HNoPlotNo":"Plot no 359 and 364","TPIN":"102764734","ColnyStrtN":"Hyder enclave","SyTsNo":"112","WardBlockN":"Ward 60","Use":"Resi","Extent":50,"PlinthArea":50,"Classifica":"Patta","Caste":"Minority","FinanDepen":"No","HHSize":0,"NoAdults":0,"NoChild":0,"Govtbenefi":"No","Borewell":"No","Courtcase":"No","NameStruct":"Bathroom","ReliType":null,"Remarks":null,"CommStatus":null,"Trees":"No","location":null,"Occupation":"UnSkilled Worker","SkilledOcc":null,"Craftsmen":null,"ReliStruct":null,"Cremetoriu":null,"Email":null,"Date":"1899-12-30T00:00:00","Time":null,"SurvyeorNa":null,"Survey_Dat":"2024/08/15 19:42:58.381","Survey_Loc":null,"UUID":null,"email_id":null,"Mandals":"Rajendra Nagar","Zone":"Buffer","Income":"APL","AreaSqm":1.1884,"Areatext":"11.8841967234232","Duplicate":"0","Dist":"Ranga Reddy","PCs":"Chevella","Assembly_C":"Rajendra Nagar","Affeceted_":"1900-01-01T00:00:00","S_Number":419,"S_Fall":null,"Zone_1":"Z1A N","Affected_S":"Buffer","Area_SQF":127.919917222,"Zonewise":"Z1A","no_of_Floo":1,"gis_geometry_geojson":"{\"type\":\"Polygon\",\"coordinates\":[[[78.4076535,17.3562446],[78.4076232,17.3562288],[78.4076087,17.3562546],[78.407639,17.3562704],[78.4076535,17.3562446]]]}"}},{"type":"Feature","id":"AS589-424","geometry":{"type":"Polygon","coordinates":[[[78.4053275,17.3539434],[78.4052909,17.3540298],[78.4053481,17.3540505],[78.4053512,17.3540427],[78.4054268,17.3540704],[78.4054571,17.3539989],[78.4054062,17.353981],[78.4054081,17.3539761],[78.4053275,17.3539434]]]},"properties":{"household_id":"AS589-424","OBJECTID":39,"fid_1":38,"Area":1516.25357199,"DSM":512.29132,"DTM":502,"HEIGHT":10.29132,"BuildingID":"1304b","BuiType":"Individual","StructType":"Permanent","NameOwnRep":"1304b","Contact":9866568616,"HNoPlotNo":"Plot No. 3","TPIN":null,"ColnyStrtN":"Officers Colony","SyTsNo":"112","WardBlockN":"60","Use":"Resi","Extent":208,"PlinthArea":0,"Classifica":"Patta","Caste":"Minority","FinanDepen":"No","HHSize":200,"NoAdults":0,"NoChild":0,"Govtbenefi":"No","Borewell":"Yes","Courtcase":"No","NameStruct":"Building","ReliType":null,"Remarks":"Building","CommStatus":null,"Trees":"Yes","location":null,"Occupation":"Others","SkilledOcc":null,"Craftsmen":null,"ReliStruct":null,"Cremetoriu":null,"Email":null,"Date":"1899-12-30T00:00:00","Time":null,"SurvyeorNa":null,"Survey_Dat":"2024/08/07 21:17:26.441","Survey_Loc":null,"UUID":null,"email_id":null,"Mandals":"Rajendra Nagar","Zone":"Buffer","Income":null,"AreaSqm":1.4086,"Areatext":"140.865129705857","Duplicate":"0","Dist":"Ranga Reddy","PCs":"Chevella","Assembly_C":"Rajendra Nagar","Affeceted_":"1900-01-01T00:00:00","S_Number":316,"S_Fall":null,"Zone_1":"Z1A N","Affected_S":"Buffer","Area_SQF":4548.76071597,"Zonewise":"Z1A","no_of_Floo":3,"gis_geometry_geojson":"{\"type\":\"Polygon\",\"coordinates\":[[[78.4053275,17.3539434],[78.4052909,17.3540298],[78.4053481,17.3540505],[78.4053512,17.3540427],[78.4054268,17.3540704],[78.4054571,17.3539989],[78.4054062,17.353981],[78.4054081,17.3539761],[78.4053275,17.3539434]]]}"}},{"type":"Feature","id":"AS589-425","geometry":{"type":"Polygon","coordinates":[[[78.4057274,17.3543235],[78.4057138,17.3543569],[78.4057694,17.3543777],[78.4057829,17.3543443],[78.4057274,17.3543235]]]},"properties":{"household_id":"AS589-425","OBJECTID":44,"fid_1":43,"Area":271.166242026,"DSM":508.70865,"DTM":502,"HEIGHT":6.70865,"BuildingID":"5c180","BuiType":"Individual","StructType":"Temporary","NameOwnRep":"5c180","Contact":0,"HNoPlotNo":null,"TPIN":null,"ColnyStrtN":null,"SyTsNo":"112","WardBlockN":null,"Use":"Resi","Extent":0,"PlinthArea":0,"Classifica":"Patta","Caste":null,"FinanDepen":"No","HHSize":0,"NoAdults":0,"NoChild":0,"Govtbenefi":"No","Borewell":"No","Courtcase":"No","NameStruct":"Rcc","ReliType":null,"Remarks":null,"CommStatus":null,"Trees":"No","location":null,"Occupation":null,"SkilledOcc":null,"Craftsmen":null,"ReliStruct":null,"Cremetoriu":null,"Email":null,"Date":"1899-12-30T00:00:00","Time":null,"SurvyeorNa":null,"Survey_Dat":"2024/08/13 16:40:45.832","Survey_Loc":null,"UUID":null,"email_id":null,"Mandals":"Rajendra Nagar","Zone":"Buffer","Income":"BPL","AreaSqm":2.5192,"Areatext":"25.1922689904504","Duplicate":"0","Dist":"Ranga Reddy","PCs":"Chevella","Assembly_C":"Rajendra Nagar","Affeceted_":"1900-01-01T00:00:00","S_Number":339,"S_Fall":null,"Zone_1":"Z1A N","Affected_S":"Buffer","Area_SQF":542.332484052,"Zonewise":"Z1A","no_of_Floo":2,"gis_geometry_geojson":"{\"type\":\"Polygon\",\"coordinates\":[[[78.4057274,17.3543235],[78.4057138,17.3543569],[78.4057694,17.3543777],[78.4057829,17.3543443],[78.4057274,17.3543235]]]}"}},{"type":"Feature","id":"AS589-426","geometry":{"type":"Polygon","coordinates":[[[78.4059945,17.3548957],[78.4058814,17.3548565],[78.405863,17.3549065],[78.4059758,17.3549456],[78.4059945,17.3548957]]]},"properties":{"household_id":"AS589-426","OBJECTID":539,"fid_1":538,"Area":807.053503188,"DSM":509.7659,"DTM":504,"HEIGHT":5.7659,"BuildingID":null,"BuiType":null,"StructType":"Permanent","NameOwnRep":null,"Contact":0,"HNoPlotNo":null,"TPIN":null,"ColnyStrtN":null,"SyTsNo":null,"WardBlockN":null,"Use":"Resi","Extent":0,"PlinthArea":0,"Classifica":null,"Caste":null,"FinanDepen":null,"HHSize":0,"NoAdults":0,"NoChild":0,"Govtbenefi":null,"Borewell":null,"Courtcase":null,"NameStruct":null,"ReliType":null,"Remarks":null,"CommStatus":null,"Trees":null,"location":null,"Occupation":null,"SkilledOcc":null,"Craftsmen":null,"ReliStruct":null,"Cremetoriu":null,"Email":null,"Date":"1899-12-30T00:00:00","Time":null,"SurvyeorNa":null,"Survey_Dat":null,"Survey_Loc":null,"UUID":null,"email_id":null,"Mandals":null,"Zone":"Zone 1","Income":null,"AreaSqm":0,"Areatext":null,"Duplicate":null,"Dist":null,"PCs":null,"Assembly_C":null,"Affeceted_":"1900-01-01T00:00:00","S_Number":366,"S_Fall":null,"Zone_1":"Z1A N","Affected_S":"Buffer","Area_SQF":1614.10700638,"Zonewise":"Z1A","no_of_Floo":2,"gis_geometry_geojson":"{\"type\":\"Polygon\",\"coordinates\":[[[78.4059945,17.3548957],[78.4058814,17.3548565],[78.405863,17.3549065],[78.4059758,17.3549456],[78.4059945,17.3548957]]]}"}},{"type":"Feature","id":"AS589-427","geometry":{"type":"Polygon","coordinates":[[[78.4061546,17.3545977],[78.4061414,17.3546337],[78.4062202,17.3546594],[78.4062327,17.3546216],[78.4061546,17.3545977]]]},"properties":{"household_id":"AS589-427","OBJECTID":76,"fid_1":75,"Area":407.982269693,"DSM":503.22253,"DTM":501,"HEIGHT":2.22253,"BuildingID":"44658","BuiType":"Individual","StructType":"Temporary","NameOwnRep":"44658","Contact":0,"HNoPlotNo":"3-7-400/MR/30,31,46,47 & 48","TPIN":null,"ColnyStrtN":"Hyder Enclave","SyTsNo":"112","WardBlockN":"60","Use":"Resi","Extent":30,"PlinthArea":0,"Classifica":"Patta","Caste":"Minority","FinanDepen":"No","HHSize":0,"NoAdults":0,"NoChild":0,"Govtbenefi":"No","Borewell":"Yes","Courtcase":"No","NameStruct":"Tin shed","ReliType":null,"Remarks":null,"CommStatus":null,"Trees":"No","location":null,"Occupation":"Buisness","SkilledOcc":null,"Craftsmen":null,"ReliStruct":null,"Cremetoriu":null,"Email":null,"Date":"1899-12-30T00:00:00","Time":null,"SurvyeorNa":null,"Survey_Dat":"2024/08/13 16:40:46.368","Survey_Loc":null,"UUID":null,"email_id":null,"Mandals":"Rajendra Nagar","Zone":"Buffer","Income":"BPL","AreaSqm":2.3181,"Areatext":"23.1813622234418","Duplicate":"0","Dist":"Ranga Reddy","PCs":"Chevella","Assembly_C":"Rajendra Nagar","Affeceted_":"1900-01-01T00:00:00","S_Number":361,"S_Fall":null,"Zone_1":"Z1A N","Affected_S":"Buffer","Area_SQF":407.982269693,"Zonewise":"Z1A","no_of_Floo":1,"gis_geometry_geojson":"{\"type\":\"Polygon\",\"coordinates\":[[[78.4061546,17.3545977],[78.4061414,17.3546337],[78.4062202,17.3546594],[78.4062327,17.3546216],[78.4061546,17.3545977]]]}"}},{"type":"Feature","id":"AS589-428","geometry":{"type":"Polygon","coordinates":[[[78.4063362,17.3548333],[78.4062329,17.3548232],[78.4062128,17.3548849],[78.4063016,17.3549156],[78.4063362,17.3548333]]]},"properties":{"household_id":"AS589-428","OBJECTID":81,"fid_1":80,"Area":948.279524238,"DSM":507.85666,"DTM":500,"HEIGHT":7.85666,"BuildingID":"8c4f3","BuiType":"Individual","StructType":"Permanent","NameOwnRep":"8c4f3","Contact":9885574208,"HNoPlotNo":"3-7-400/MR/26","TPIN":null,"ColnyStrtN":"Hyder enclave","SyTsNo":"112","WardBlockN":null,"Use":"Resi","Extent":105,"PlinthArea":0,"Classifica":"Patta","Caste":"Minority","FinanDepen":"No","HHSize":105,"NoAdults":5,"NoChild":0,"Govtbenefi":"No","Borewell":"Yes","Courtcase":"No","NameStruct":"Building","ReliType":null,"Remarks":"Building","CommStatus":null,"Trees":"No","location":null,"Occupation":"Others","SkilledOcc":null,"Craftsmen":null,"ReliStruct":null,"Cremetoriu":null,"Email":null,"Date":"1899-12-30T00:00:00","Time":null,"SurvyeorNa":null,"Survey_Dat":"2024/08/07 21:17:29.526","Survey_Loc":null,"UUID":null,"email_id":null,"Mandals":"Rajendra Nagar","Zone":"Buffer","Income":null,"AreaSqm":8.8098,"Areatext":"88.0984029585205","Duplicate":"0","Dist":"Ranga Reddy","PCs":"Chevella","Assembly_C":"Rajendra Nagar","Affeceted_":"1900-01-01T00:00:00","S_Number":371,"S_Fall":null,"Zone_1":"Z1A N","Affected_S":"Buffer","Area_SQF":2844.83857271,"Zonewise":"Z1A","no_of_Floo":3,"gis_geometry_geojson":"{\"type\":\"Polygon\",\"coordinates\":[[[78.4063362,17.3548333],[78.4062329,17.3548232],[78.4062128,17.3548849],[78.4063016,17.3549156],[78.4063362,17.3548333]]]}"}},{"type":"Feature","id":"AS589-429","geometry":{"type":"Polygon","coordinates":[[[78.4062329,17.3548232],[78.4063362,17.3548333],[78.4063574,17.3547709],[78.4062854,17.3547595],[78.4062843,17.3547698],[78.4062737,17.3547688],[78.4062728,17.3547774],[78.4062433,17.3547734],[78.4062329,17.3548232]]]},"properties":{"household_id":"AS589-429","OBJECTID":80,"fid_1":79,"Area":836.020777052,"DSM":514.56732,"DTM":500,"HEIGHT":14.56732,"BuildingID":"2e622","BuiType":"Individual","StructType":"Permanent","NameOwnRep":"2e622","Contact":7981952143,"HNoPlotNo":"Plot No. 27","TPIN":null,"ColnyStrtN":"Hyder Enclave","SyTsNo":"112","WardBlockN":null,"Use":"Resi","Extent":105,"PlinthArea":0,"Classifica":"Patta","Caste":"Minority","FinanDepen":"Yes","HHSize":0,"NoAdults":2,"NoChild":3,"Govtbenefi":"Yes","Borewell":"Yes","Courtcase":"No","NameStruct":"Building","ReliType":null,"Remarks":null,"CommStatus":null,"Trees":"No","location":null,"Occupation":"Others","SkilledOcc":null,"Craftsmen":null,"ReliStruct":null,"Cremetoriu":null,"Email":null,"Date":"1899-12-30T00:00:00","Time":null,"SurvyeorNa":null,"Survey_Dat":"2024/08/15 19:28:05.724","Survey_Loc":null,"UUID":null,"email_id":null,"Mandals":"Rajendra Nagar","Zone":"Buffer","Income":"BPL","AreaSqm":7.7669,"Areatext":"77.6691823630173","Duplicate":"0","Dist":"Ranga Reddy","PCs":"Chevella","Assembly_C":"Rajendra Nagar","Affeceted_":"1900-01-01T00:00:00","S_Number":372,"S_Fall":null,"Zone_1":"Z1A N","Affected_S":"Buffer","Area_SQF":4180.10388526,"Zonewise":"Z1A","no_of_Floo":5,"gis_geometry_geojson":"{\"type\":\"Polygon\",\"coordinates\":[[[78.4062329,17.3548232],[78.4063362,17.3548333],[78.4063574,17.3547709],[78.4062854,17.3547595],[78.4062843,17.3547698],[78.4062737,17.3547688],[78.4062728,17.3547774],[78.4062433,17.3547734],[78.4062329,17.3548232]]]}"}},{"type":"Feature","id":"AS589-430","geometry":{"type":"Polygon","coordinates":[[[78.4066029,17.3551519],[78.4065661,17.3552429],[78.4066176,17.3552684],[78.4066549,17.3551773],[78.4066029,17.3551519]]]},"properties":{"household_id":"AS589-430","OBJECTID":57,"fid_1":56,"Area":716.089266906,"DSM":511.96536,"DTM":501,"HEIGHT":10.96536,"BuildingID":"476e7","BuiType":"Individual","StructType":"Permanent","NameOwnRep":"476e7","Contact":9032800444,"HNoPlotNo":"3-7-400/MR/340","TPIN":null,"ColnyStrtN":null,"SyTsNo":"112","WardBlockN":null,"Use":"Resi","Extent":0,"PlinthArea":0,"Classifica":"Patta","Caste":"Minority","FinanDepen":"No","HHSize":0,"NoAdults":0,"NoChild":0,"Govtbenefi":"No","Borewell":"Yes","Courtcase":"No","NameStruct":"House","ReliType":null,"Remarks":null,"CommStatus":null,"Trees":"No","location":null,"Occupation":"Others","SkilledOcc":null,"Craftsmen":null,"ReliStruct":null,"Cremetoriu":null,"Email":null,"Date":"1899-12-30T00:00:00","Time":null,"SurvyeorNa":null,"Survey_Dat":"2024/08/07 21:17:27.762","Survey_Loc":null,"UUID":null,"email_id":null,"Mandals":"Rajendra Nagar","Zone":"Buffer","Income":null,"AreaSqm":6.6527,"Areatext":"66.5271359274513","Duplicate":"0","Dist":"Ranga Reddy","PCs":"Chevella","Assembly_C":"Rajendra Nagar","Affeceted_":"1900-01-01T00:00:00","S_Number":397,"S_Fall":null,"Zone_1":"Z1A N","Affected_S":"Buffer","Area_SQF":2864.35706762,"Zonewise":"Z1A","no_of_Floo":4,"gis_geometry_geojson":"{\"type\":\"Polygon\",\"coordinates\":[[[78.4066029,17.3551519],[78.4065661,17.3552429],[78.4066176,17.3552684],[78.4066549,17.3551773],[78.4066029,17.3551519]]]}"}},{"type":"Feature","id":"AS589-431","geometry":{"type":"Polygon","coordinates":[[[78.4054384,17.354054],[78.4054654,17.3540645],[78.405482,17.3540249],[78.405455,17.3540144],[78.4054384,17.354054]]]},"properties":{"household_id":"AS589-431","OBJECTID":38,"fid_1":37,"Area":157.806946715,"DSM":504.27206,"DTM":501,"HEIGHT":3.27206,"BuildingID":"9e984","BuiType":"Individual","StructType":"Permanent","NameOwnRep":"9e984","Contact":9866568616,"HNoPlotNo":"Plot No. 3","TPIN":null,"ColnyStrtN":"Officers Colony","SyTsNo":"112","WardBlockN":"60","Use":"Resi","Extent":0,"PlinthArea":0,"Classifica":"Patta","Caste":"Minority","FinanDepen":"No","HHSize":0,"NoAdults":0,"NoChild":0,"Govtbenefi":"No","Borewell":"No","Courtcase":"No","NameStruct":"Building","ReliType":null,"Remarks":null,"CommStatus":null,"Trees":"No","location":null,"Occupation":"Others","SkilledOcc":null,"Craftsmen":null,"ReliStruct":null,"Cremetoriu":null,"Email":null,"Date":"1899-12-30T00:00:00","Time":null,"SurvyeorNa":null,"Survey_Dat":"2024/08/07 21:17:26.368","Survey_Loc":null,"UUID":null,"email_id":null,"Mandals":"Rajendra Nagar","Zone":"Buffer","Income":null,"AreaSqm":1.466,"Areatext":"14.6608037288384","Duplicate":"0","Dist":"Ranga Reddy","PCs":"Chevella","Assembly_C":"Rajendra Nagar","Affeceted_":"1900-01-01T00:00:00","S_Number":317,"S_Fall":null,"Zone_1":"Z1A N","Affected_S":"Buffer","Area_SQF":157.806946715,"Zonewise":"Z1A","no_of_Floo":1,"gis_geometry_geojson":"{\"type\":\"Polygon\",\"coordinates\":[[[78.4054384,17.354054],[78.4054654,17.3540645],[78.405482,17.3540249],[78.405455,17.3540144],[78.4054384,17.354054]]]}"}},{"type":"Feature","id":"AS589-432","geometry":{"type":"Polygon","coordinates":[[[78.4059216,17.3544427],[78.4059125,17.3544594],[78.4059198,17.3544625],[78.4059126,17.3544785],[78.4059377,17.354489],[78.4059529,17.3544558],[78.4059216,17.3544427]]]},"properties":{"household_id":"AS589-432","OBJECTID":73,"fid_1":72,"Area":145.40019195,"DSM":503.13199,"DTM":501,"HEIGHT":2.13199,"BuildingID":"e6ad2","BuiType":"Individual","StructType":"Temporary","NameOwnRep":"e6ad2","Contact":7032767739,"HNoPlotNo":"3-7-400/MR/52,6","TPIN":null,"ColnyStrtN":"Hyder Enclave","SyTsNo":"112","WardBlockN":null,"Use":"Resi","Extent":20,"PlinthArea":0,"Classifica":"Patta","Caste":"Minority","FinanDepen":null,"HHSize":0,"NoAdults":0,"NoChild":0,"Govtbenefi":null,"Borewell":"No","Courtcase":"No","NameStruct":"Tin shed","ReliType":null,"Remarks":null,"CommStatus":null,"Trees":"No","location":null,"Occupation":null,"SkilledOcc":null,"Craftsmen":null,"ReliStruct":null,"Cremetoriu":null,"Email":null,"Date":"1899-12-30T00:00:00","Time":null,"SurvyeorNa":null,"Survey_Dat":"2024/08/13 16:40:46.235","Survey_Loc":null,"UUID":null,"email_id":null,"Mandals":"Rajendra Nagar","Zone":"Buffer","Income":"BPL","AreaSqm":1.1735,"Areatext":"11.7355563824471","Duplicate":"0","Dist":"Ranga Reddy","PCs":"Chevella","Assembly_C":"Rajendra Nagar","Affeceted_":"1900-01-01T00:00:00","S_Number":351,"S_Fall":null,"Zone_1":"Z1A N","Affected_S":"Buffer","Area_SQF":145.40019195,"Zonewise":"Z1A","no_of_Floo":1,"gis_geometry_geojson":"{\"type\":\"Polygon\",\"coordinates\":[[[78.4059216,17.3544427],[78.4059125,17.3544594],[78.4059198,17.3544625],[78.4059126,17.3544785],[78.4059377,17.354489],[78.4059529,17.3544558],[78.4059216,17.3544427]]]}"}},{"type":"Feature","id":"AS589-433","geometry":{"type":"Polygon","coordinates":[[[78.4058734,17.3545416],[78.4059113,17.3545547],[78.4059239,17.3545207],[78.4058861,17.3545077],[78.4058734,17.3545416]]]},"properties":{"household_id":"AS589-433","OBJECTID":75,"fid_1":74,"Area":183.965322269,"DSM":503.50626,"DTM":501,"HEIGHT":2.50626,"BuildingID":"d48c3","BuiType":"Individual","StructType":"Temporary","NameOwnRep":"d48c3","Contact":7032767739,"HNoPlotNo":"3-7-400/MR/52,6","TPIN":null,"ColnyStrtN":"Hyder enclave","SyTsNo":"112","WardBlockN":"60","Use":"Resi","Extent":15,"PlinthArea":0,"Classifica":"Patta","Caste":"Minority","FinanDepen":"No","HHSize":0,"NoAdults":0,"NoChild":0,"Govtbenefi":"No","Borewell":"Yes","Courtcase":"No","NameStruct":"Tin shed","ReliType":null,"Remarks":null,"CommStatus":null,"Trees":"No","location":null,"Occupation":"Buisness","SkilledOcc":null,"Craftsmen":null,"ReliStruct":null,"Cremetoriu":null,"Email":null,"Date":"1899-12-30T00:00:00","Time":null,"SurvyeorNa":null,"Survey_Dat":"2024/08/13 16:40:46.301","Survey_Loc":null,"UUID":null,"email_id":null,"Mandals":"Rajendra Nagar","Zone":"Buffer","Income":"BPL","AreaSqm":1.7091,"Areatext":"17.0910060581187","Duplicate":"0","Dist":"Ranga Reddy","PCs":"Chevella","Assembly_C":"Rajendra Nagar","Affeceted_":"1900-01-01T00:00:00","S_Number":352,"S_Fall":null,"Zone_1":"Z1A N","Affected_S":"Buffer","Area_SQF":183.965322269,"Zonewise":"Z1A","no_of_Floo":1,"gis_geometry_geojson":"{\"type\":\"Polygon\",\"coordinates\":[[[78.4058734,17.3545416],[78.4059113,17.3545547],[78.4059239,17.3545207],[78.4058861,17.3545077],[78.4058734,17.3545416]]]}"}},{"type":"Feature","id":"AS589-434","geometry":{"type":"Polygon","coordinates":[[[78.4055241,17.3541852],[78.4055037,17.3542428],[78.4056827,17.3543007],[78.405705,17.354244],[78.4055241,17.3541852]]]},"properties":{"household_id":"AS589-434","OBJECTID":40,"fid_1":39,"Area":1463.06351279,"DSM":505.53467,"DTM":502,"HEIGHT":1.17822333333,"BuildingID":"9b6be","BuiType":"Individual","StructType":"Permanent","NameOwnRep":"9b6be","Contact":9052022786,"HNoPlotNo":"3-7-400/74/p","TPIN":"1110340450","ColnyStrtN":"Hyder enclave","SyTsNo":"112","WardBlockN":"Ward 60","Use":"Resi","Extent":157,"PlinthArea":1400,"Classifica":"Patta","Caste":"Minority","FinanDepen":"No","HHSize":10,"NoAdults":6,"NoChild":4,"Govtbenefi":"No","Borewell":"Yes","Courtcase":"No","NameStruct":"Aysha gulshan","ReliType":null,"Remarks":null,"CommStatus":null,"Trees":"No","location":null,"Occupation":"Retired","SkilledOcc":null,"Craftsmen":null,"ReliStruct":null,"Cremetoriu":null,"Email":null,"Date":"1899-12-30T00:00:00","Time":null,"SurvyeorNa":null,"Survey_Dat":"2024/08/07 21:17:26.515","Survey_Loc":null,"UUID":null,"email_id":null,"Mandals":"Rajendra Nagar","Zone":"Buffer","Income":null,"AreaSqm":1.3592,"Areatext":"135.923591731271","Duplicate":"0","Dist":"Ranga Reddy","PCs":"Chevella","Assembly_C":"Rajendra Nagar","Affeceted_":"1900-01-01T00:00:00","S_Number":327,"S_Fall":null,"Zone_1":"Z1A N","Affected_S":"Buffer","Area_SQF":1463.06351279,"Zonewise":"Z1A","no_of_Floo":1,"gis_geometry_geojson":"{\"type\":\"Polygon\",\"coordinates\":[[[78.4055241,17.3541852],[78.4055037,17.3542428],[78.4056827,17.3543007],[78.405705,17.354244],[78.4055241,17.3541852]]]}"}},{"type":"Feature","id":"AS589-435","geometry":{"type":"Polygon","coordinates":[[[78.4057665,17.354318],[78.4058501,17.354353],[78.4058918,17.3542537],[78.4058088,17.3542189],[78.4058012,17.3542356],[78.4057681,17.3542217],[78.4057751,17.3542062],[78.405767,17.3542028],[78.4057315,17.3542811],[78.4057699,17.3542972],[78.4057665,17.354318]]]},"properties":{"household_id":"AS589-435","OBJECTID":43,"fid_1":42,"Area":1658.55172178,"DSM":504.17828,"DTM":501,"HEIGHT":1.05942666667,"BuildingID":"1649f","BuiType":"Individual","StructType":"Permanent","NameOwnRep":"1649f","Contact":9550377502,"HNoPlotNo":null,"TPIN":null,"ColnyStrtN":"Hyder Colony","SyTsNo":"112 Hyderguda","WardBlockN":null,"Use":"Resi","Extent":0,"PlinthArea":0,"Classifica":"Patta","Caste":"Minority","FinanDepen":"No","HHSize":0,"NoAdults":0,"NoChild":0,"Govtbenefi":"No","Borewell":"No","Courtcase":"No","NameStruct":"Building","ReliType":null,"Remarks":"9550377502","CommStatus":null,"Trees":"No","location":null,"Occupation":"Others","SkilledOcc":null,"Craftsmen":null,"ReliStruct":null,"Cremetoriu":null,"Email":null,"Date":"1899-12-30T00:00:00","Time":null,"SurvyeorNa":"sambaraju","Survey_Dat":"2024/08/12 10:57:35.460","Survey_Loc":null,"UUID":null,"email_id":"etikalasambaraju84@gmail.com","Mandals":"Rajendra Nagar","Zone":"Buffer","Income":null,"AreaSqm":1.5408,"Areatext":"154.08511330311","Duplicate":"0","Dist":"Ranga Reddy","PCs":"Chevella","Assembly_C":"Rajendra Nagar","Affeceted_":"1900-01-01T00:00:00","S_Number":340,"S_Fall":null,"Zone_1":"Z1A N","Affected_S":"Buffer","Area_SQF":1658.55172178,"Zonewise":"Z1A","no_of_Floo":1,"gis_geometry_geojson":"{\"type\":\"Polygon\",\"coordinates\":[[[78.4057665,17.354318],[78.4058501,17.354353],[78.4058918,17.3542537],[78.4058088,17.3542189],[78.4058012,17.3542356],[78.4057681,17.3542217],[78.4057751,17.3542062],[78.405767,17.3542028],[78.4057315,17.3542811],[78.4057699,17.3542972],[78.4057665,17.354318]]]}"}},{"type":"Feature","id":"AS589-436","geometry":{"type":"Polygon","coordinates":[[[78.406477,17.3550352],[78.4066135,17.3551033],[78.4066405,17.3550378],[78.4065048,17.3549718],[78.406477,17.3550352]]]},"properties":{"household_id":"AS589-436","OBJECTID":55,"fid_1":54,"Area":1348.62083968,"DSM":504.78848,"DTM":500,"HEIGHT":1.59616,"BuildingID":"0ed1d","BuiType":"Individual","StructType":"Permanent","NameOwnRep":"0ed1d","Contact":9642169367,"HNoPlotNo":"Plot no 441","TPIN":null,"ColnyStrtN":"Hyder enclave","SyTsNo":"112","WardBlockN":null,"Use":"Resi","Extent":139,"PlinthArea":0,"Classifica":"Patta","Caste":"Minority","FinanDepen":"No","HHSize":0,"NoAdults":2,"NoChild":4,"Govtbenefi":"No","Borewell":"Yes","Courtcase":"No","NameStruct":"House","ReliType":null,"Remarks":null,"CommStatus":null,"Trees":"Yes","location":null,"Occupation":"Buisness","SkilledOcc":null,"Craftsmen":null,"ReliStruct":null,"Cremetoriu":null,"Email":null,"Date":"1899-12-30T00:00:00","Time":null,"SurvyeorNa":null,"Survey_Dat":"2024/08/15 19:42:57.839","Survey_Loc":null,"UUID":null,"email_id":null,"Mandals":"Rajendra Nagar","Zone":"Buffer","Income":"APL","AreaSqm":1.2529,"Areatext":"125.291476979089","Duplicate":"0","Dist":"Ranga Reddy","PCs":"Chevella","Assembly_C":"Rajendra Nagar","Affeceted_":"1900-01-01T00:00:00","S_Number":386,"S_Fall":null,"Zone_1":"Z1A N","Affected_S":"Buffer","Area_SQF":1348.62083968,"Zonewise":"Z1A","no_of_Floo":1,"gis_geometry_geojson":"{\"type\":\"Polygon\",\"coordinates\":[[[78.406477,17.3550352],[78.4066135,17.3551033],[78.4066405,17.3550378],[78.4065048,17.3549718],[78.406477,17.3550352]]]}"}},{"type":"Feature","id":"AS589-437","geometry":{"type":"Polygon","coordinates":[[[78.406687,17.3553014],[78.4067277,17.3552103],[78.4066537,17.3551798],[78.4066176,17.3552684],[78.406687,17.3553014]]]},"properties":{"household_id":"AS589-437","OBJECTID":58,"fid_1":57,"Area":964.365758344,"DSM":508.44876,"DTM":501,"HEIGHT":2.48292,"BuildingID":"856bd","BuiType":"Individual","StructType":"Permanent","NameOwnRep":"856bd","Contact":9032800444,"HNoPlotNo":"3-7-400/MR/340","TPIN":null,"ColnyStrtN":"Hyder enclave","SyTsNo":"112","WardBlockN":null,"Use":"Resi","Extent":180,"PlinthArea":0,"Classifica":"Patta","Caste":"Minority","FinanDepen":"No","HHSize":0,"NoAdults":0,"NoChild":0,"Govtbenefi":"No","Borewell":"Yes","Courtcase":"No","NameStruct":"House","ReliType":null,"Remarks":null,"CommStatus":null,"Trees":"Yes","location":null,"Occupation":null,"SkilledOcc":null,"Craftsmen":null,"ReliStruct":null,"Cremetoriu":null,"Email":null,"Date":"1899-12-30T00:00:00","Time":null,"SurvyeorNa":null,"Survey_Dat":"2024/08/07 21:17:27.836","Survey_Loc":null,"UUID":null,"email_id":null,"Mandals":"Rajendra Nagar","Zone":"Buffer","Income":null,"AreaSqm":8.9592,"Areatext":"89.5928689877422","Duplicate":"0","Dist":"Ranga Reddy","PCs":"Chevella","Assembly_C":"Rajendra Nagar","Affeceted_":"1900-01-01T00:00:00","S_Number":398,"S_Fall":null,"Zone_1":"Z1A N","Affected_S":"Buffer","Area_SQF":964.365758344,"Zonewise":"Z1A","no_of_Floo":1,"assigned_team":"Team 1","survey_status":"In progress","follow_up_date":"2026-08-31","verification_status":"Checked","gis_geometry_geojson":"{\"type\":\"Polygon\",\"coordinates\":[[[78.406687,17.3553014],[78.4067277,17.3552103],[78.4066537,17.3551798],[78.4066176,17.3552684],[78.406687,17.3553014]]]}"}},{"type":"Feature","id":"AS589-438","geometry":{"type":"Polygon","coordinates":[[[78.4063021,17.3546286],[78.4062859,17.3546801],[78.4062896,17.3546806],[78.4062874,17.3546889],[78.4063855,17.3547061],[78.4063879,17.3546933],[78.4063936,17.3546942],[78.4064056,17.3546454],[78.4063021,17.3546286]]]},"properties":{"household_id":"AS589-438","OBJECTID":79,"fid_1":78,"Area":821.807351018,"DSM":506.34683,"DTM":500,"HEIGHT":2.11561,"BuildingID":"e6846","BuiType":"Individual","StructType":"Permanent","NameOwnRep":"e6846","Contact":7032721022,"HNoPlotNo":"Plot no 28/P","TPIN":null,"ColnyStrtN":"Hyder enclave","SyTsNo":"112","WardBlockN":null,"Use":"Resi","Extent":100,"PlinthArea":0,"Classifica":"Patta","Caste":"Minority","FinanDepen":"No","HHSize":0,"NoAdults":4,"NoChild":3,"Govtbenefi":"No","Borewell":"Yes","Courtcase":"No","NameStruct":"House","ReliType":null,"Remarks":null,"CommStatus":null,"Trees":"No","location":null,"Occupation":"Others","SkilledOcc":null,"Craftsmen":null,"ReliStruct":null,"Cremetoriu":null,"Email":null,"Date":"1899-12-30T00:00:00","Time":null,"SurvyeorNa":null,"Survey_Dat":"2024/08/07 21:17:29.379","Survey_Loc":null,"UUID":null,"email_id":null,"Mandals":"Rajendra Nagar","Zone":"Buffer","Income":null,"AreaSqm":7.6348,"Areatext":"76.3487065943404","Duplicate":"0","Dist":"Ranga Reddy","PCs":"Chevella","Assembly_C":"Rajendra Nagar","Affeceted_":"1900-01-01T00:00:00","S_Number":363,"S_Fall":null,"Zone_1":"Z1A N","Affected_S":"Buffer","Area_SQF":821.807351018,"Zonewise":"Z1A","no_of_Floo":1,"gis_geometry_geojson":"{\"type\":\"Polygon\",\"coordinates\":[[[78.4063021,17.3546286],[78.4062859,17.3546801],[78.4062896,17.3546806],[78.4062874,17.3546889],[78.4063855,17.3547061],[78.4063879,17.3546933],[78.4063936,17.3546942],[78.4064056,17.3546454],[78.4063021,17.3546286]]]}"}},{"type":"Feature","id":"AS589-439","geometry":{"type":"Polygon","coordinates":[[[78.4054849,17.3543045],[78.405651,17.3543568],[78.4056714,17.3542972],[78.4055052,17.3542448],[78.4054849,17.3543045]]]},"properties":{"household_id":"AS589-439","OBJECTID":40,"fid_1":39,"Area":1390.28970026,"DSM":505.53467,"DTM":502,"HEIGHT":3.53467,"BuildingID":"9b6be","BuiType":"Individual","StructType":"Permanent","NameOwnRep":"9b6be","Contact":9052022786,"HNoPlotNo":"3-7-400/74/p","TPIN":"1110340450","ColnyStrtN":"Hyder enclave","SyTsNo":"112","WardBlockN":"Ward 60","Use":"Resi","Extent":157,"PlinthArea":1400,"Classifica":"Patta","Caste":"Minority","FinanDepen":"No","HHSize":10,"NoAdults":6,"NoChild":4,"Govtbenefi":"No","Borewell":"Yes","Courtcase":"No","NameStruct":"Aysha gulshan","ReliType":null,"Remarks":null,"CommStatus":null,"Trees":"No","location":null,"Occupation":"Retired","SkilledOcc":null,"Craftsmen":null,"ReliStruct":null,"Cremetoriu":null,"Email":null,"Date":"1899-12-30T00:00:00","Time":null,"SurvyeorNa":null,"Survey_Dat":"2024/08/07 21:17:26.515","Survey_Loc":null,"UUID":null,"email_id":null,"Mandals":"Rajendra Nagar","Zone":"Buffer","Income":null,"AreaSqm":1.3592,"Areatext":"135.923591731271","Duplicate":"0","Dist":"Ranga Reddy","PCs":"Chevella","Assembly_C":"Rajendra Nagar","Affeceted_":"1900-01-01T00:00:00","S_Number":327,"S_Fall":null,"Zone_1":"Z1A N","Affected_S":"Buffer","Area_SQF":1390.28970026,"Zonewise":"Z1A","no_of_Floo":1,"gis_geometry_geojson":"{\"type\":\"Polygon\",\"coordinates\":[[[78.4054849,17.3543045],[78.405651,17.3543568],[78.4056714,17.3542972],[78.4055052,17.3542448],[78.4054849,17.3543045]]]}"}},{"type":"Feature","id":"AS589-440","geometry":{"type":"Polygon","coordinates":[[[78.4064573,17.3550794],[78.4065955,17.3551485],[78.4066135,17.3551033],[78.4065137,17.3550539],[78.4065047,17.3550728],[78.4064704,17.3550554],[78.4064573,17.3550794]]]},"properties":{"household_id":"AS589-440","OBJECTID":56,"fid_1":55,"Area":824.427262049,"DSM":511.82785,"DTM":501,"HEIGHT":3.60928333333,"BuildingID":"f4fdb","BuiType":"Individual","StructType":"Permanent","NameOwnRep":"f4fdb","Contact":9989640889,"HNoPlotNo":"Plot No. 340","TPIN":null,"ColnyStrtN":"HyDer Enclave","SyTsNo":"111","WardBlockN":null,"Use":"Resi","Extent":100,"PlinthArea":0,"Classifica":"Patta","Caste":"Minority","FinanDepen":"No","HHSize":100,"NoAdults":4,"NoChild":3,"Govtbenefi":"No","Borewell":"Yes","Courtcase":"No","NameStruct":"Building","ReliType":null,"Remarks":null,"CommStatus":null,"Trees":"No","location":null,"Occupation":"Others","SkilledOcc":null,"Craftsmen":null,"ReliStruct":null,"Cremetoriu":null,"Email":null,"Date":"1899-12-30T00:00:00","Time":null,"SurvyeorNa":null,"Survey_Dat":"2024/08/07 21:17:27.689","Survey_Loc":null,"UUID":null,"email_id":null,"Mandals":"Rajendra Nagar","Zone":"Buffer","Income":null,"AreaSqm":7.6592,"Areatext":"76.5921052664761","Duplicate":"0","Dist":"Ranga Reddy","PCs":"Chevella","Assembly_C":"Rajendra Nagar","Affeceted_":"1900-01-01T00:00:00","S_Number":387,"S_Fall":null,"Zone_1":"Z1A N","Affected_S":"Buffer","Area_SQF":824.427262049,"Zonewise":"Z1A","no_of_Floo":1,"gis_geometry_geojson":"{\"type\":\"Polygon\",\"coordinates\":[[[78.4064573,17.3550794],[78.4065955,17.3551485],[78.4066135,17.3551033],[78.4065137,17.3550539],[78.4065047,17.3550728],[78.4064704,17.3550554],[78.4064573,17.3550794]]]}"}},{"type":"Feature","id":"AS589-441","geometry":{"type":"Polygon","coordinates":[[[78.4045358,17.3533173],[78.4045061,17.3533861],[78.404543,17.3534011],[78.4045635,17.3533507],[78.4045516,17.3533463],[78.4045593,17.353325],[78.4045358,17.3533173]]]},"properties":{"household_id":"AS589-441","OBJECTID":25,"fid_1":24,"Area":339.389252737,"DSM":505.73157,"DTM":503,"HEIGHT":2.73157,"BuildingID":"2e4df","BuiType":"Individual","StructType":"Temporary","NameOwnRep":"2e4df","Contact":9908185300,"HNoPlotNo":null,"TPIN":null,"ColnyStrtN":"Officers colony","SyTsNo":"112","WardBlockN":null,"Use":"Resi","Extent":0,"PlinthArea":0,"Classifica":"Govt","Caste":"Minority","FinanDepen":"No","HHSize":0,"NoAdults":0,"NoChild":0,"Govtbenefi":"No","Borewell":"No","Courtcase":"No","NameStruct":"Rekula shad","ReliType":null,"Remarks":null,"CommStatus":"Others","Trees":"No","location":null,"Occupation":null,"SkilledOcc":null,"Craftsmen":null,"ReliStruct":null,"Cremetoriu":null,"Email":null,"Date":"1899-12-30T00:00:00","Time":null,"SurvyeorNa":null,"Survey_Dat":"2024/08/13 16:40:45.564","Survey_Loc":null,"UUID":null,"email_id":null,"Mandals":"Rajendra Nagar","Zone":"Buffer","Income":"BPL","AreaSqm":2.4684,"Areatext":"24.6848598571013","Duplicate":"0","Dist":"Ranga Reddy","PCs":"Chevella","Assembly_C":"Rajendra Nagar","Affeceted_":"1900-01-01T00:00:00","S_Number":279,"S_Fall":null,"Zone_1":"Z1A N","Affected_S":"Buffer","Area_SQF":339.389252737,"Zonewise":"Z1A","no_of_Floo":1,"gis_geometry_geojson":"{\"type\":\"Polygon\",\"coordinates\":[[[78.4045358,17.3533173],[78.4045061,17.3533861],[78.404543,17.3534011],[78.4045635,17.3533507],[78.4045516,17.3533463],[78.4045593,17.353325],[78.4045358,17.3533173]]]}"}},{"type":"Feature","id":"AS589-442","geometry":{"type":"Polygon","coordinates":[[[78.4045987,17.3534193],[78.4045061,17.3533861],[78.4044788,17.3534563],[78.4045714,17.3534895],[78.4045987,17.3534193]]]},"properties":{"household_id":"AS589-442","OBJECTID":67,"fid_1":66,"Area":937.057927887,"DSM":506.83188,"DTM":503,"HEIGHT":3.83188,"BuildingID":"3d233","BuiType":"Individual","StructType":"Temporary","NameOwnRep":"3d233","Contact":9908185300,"HNoPlotNo":"3-7-400/oc/open/44&45","TPIN":null,"ColnyStrtN":"Officers colony","SyTsNo":"111","WardBlockN":null,"Use":"Resi","Extent":0,"PlinthArea":0,"Classifica":"Govt","Caste":"Minority","FinanDepen":"No","HHSize":0,"NoAdults":0,"NoChild":0,"Govtbenefi":"No","Borewell":"No","Courtcase":"No","NameStruct":"House","ReliType":null,"Remarks":null,"CommStatus":null,"Trees":"No","location":null,"Occupation":"Buisness","SkilledOcc":null,"Craftsmen":null,"ReliStruct":null,"Cremetoriu":null,"Email":null,"Date":"1899-12-30T00:00:00","Time":null,"SurvyeorNa":null,"Survey_Dat":"2024/08/13 16:40:46.167","Survey_Loc":null,"UUID":null,"email_id":null,"Mandals":"Rajendra Nagar","Zone":"Buffer","Income":"BPL","AreaSqm":8.7055,"Areatext":"87.0558783802422","Duplicate":"0","Dist":"Ranga Reddy","PCs":"Chevella","Assembly_C":"Rajendra Nagar","Affeceted_":"1900-01-01T00:00:00","S_Number":280,"S_Fall":null,"Zone_1":"Z1A N","Affected_S":"Buffer","Area_SQF":937.057927887,"Zonewise":"Z1A","no_of_Floo":1,"gis_geometry_geojson":"{\"type\":\"Polygon\",\"coordinates\":[[[78.4045987,17.3534193],[78.4045061,17.3533861],[78.4044788,17.3534563],[78.4045714,17.3534895],[78.4045987,17.3534193]]]}"}},{"type":"Feature","id":"AS589-443","geometry":{"type":"Polygon","coordinates":[[[78.40438,17.3532905],[78.4045245,17.3533392],[78.4045318,17.3533192],[78.4045256,17.3533171],[78.4045337,17.353295],[78.4045398,17.353297],[78.4045496,17.3532701],[78.4044021,17.3532204],[78.40438,17.3532905]]]},"properties":{"household_id":"AS589-443","OBJECTID":23,"fid_1":22,"Area":1413.28824338,"DSM":514.9621,"DTM":504,"HEIGHT":3.65403333333,"BuildingID":"247e7","BuiType":"Individual","StructType":"Permanent","NameOwnRep":"247e7","Contact":8008011165,"HNoPlotNo":"58","TPIN":null,"ColnyStrtN":"Officers colony","SyTsNo":"111","WardBlockN":"Ward 60","Use":"Resi","Extent":140,"PlinthArea":1500,"Classifica":"Patta","Caste":"Minority","FinanDepen":"No","HHSize":0,"NoAdults":0,"NoChild":0,"Govtbenefi":"No","Borewell":"Yes","Courtcase":"No","NameStruct":"Accha building","ReliType":null,"Remarks":null,"CommStatus":null,"Trees":"No","location":null,"Occupation":"Retired","SkilledOcc":null,"Craftsmen":null,"ReliStruct":null,"Cremetoriu":null,"Email":null,"Date":"1899-12-30T00:00:00","Time":null,"SurvyeorNa":null,"Survey_Dat":"2024/08/07 21:17:25.340","Survey_Loc":null,"UUID":null,"email_id":null,"Mandals":"Rajendra Nagar","Zone":"Buffer","Income":null,"AreaSqm":1.3129,"Areatext":"131.299299403755","Duplicate":"0","Dist":"Ranga Reddy","PCs":"Chevella","Assembly_C":"Rajendra Nagar","Affeceted_":"1900-01-01T00:00:00","S_Number":276,"S_Fall":null,"Zone_1":"Z1A N","Affected_S":"Buffer","Area_SQF":1413.28824338,"Zonewise":"Z1A","no_of_Floo":1,"gis_geometry_geojson":"{\"type\":\"Polygon\",\"coordinates\":[[[78.40438,17.3532905],[78.4045245,17.3533392],[78.4045318,17.3533192],[78.4045256,17.3533171],[78.4045337,17.353295],[78.4045398,17.353297],[78.4045496,17.3532701],[78.4044021,17.3532204],[78.40438,17.3532905]]]}"}},{"type":"Feature","id":"AS589-444","geometry":{"type":"Polygon","coordinates":[[[78.4044259,17.3535956],[78.404291,17.3535509],[78.404274,17.3535965],[78.4044007,17.3536384],[78.404411,17.3536097],[78.4044198,17.3536126],[78.4044259,17.3535956]]]},"properties":{"household_id":"AS589-444","OBJECTID":520,"fid_1":519,"Area":841.367277861,"DSM":515.42596,"DTM":504,"HEIGHT":11.42596,"BuildingID":null,"BuiType":null,"StructType":"Permanent","NameOwnRep":null,"Contact":0,"HNoPlotNo":null,"TPIN":null,"ColnyStrtN":null,"SyTsNo":null,"WardBlockN":null,"Use":"Resi","Extent":0,"PlinthArea":0,"Classifica":null,"Caste":null,"FinanDepen":null,"HHSize":0,"NoAdults":0,"NoChild":0,"Govtbenefi":null,"Borewell":null,"Courtcase":null,"NameStruct":null,"ReliType":null,"Remarks":null,"CommStatus":null,"Trees":null,"location":null,"Occupation":null,"SkilledOcc":null,"Craftsmen":null,"ReliStruct":null,"Cremetoriu":null,"Email":null,"Date":"1899-12-30T00:00:00","Time":null,"SurvyeorNa":null,"Survey_Dat":null,"Survey_Loc":null,"UUID":null,"email_id":null,"Mandals":null,"Zone":"Zone 1","Income":null,"AreaSqm":0,"Areatext":null,"Duplicate":null,"Dist":null,"PCs":null,"Assembly_C":null,"Affeceted_":"1900-01-01T00:00:00","S_Number":285,"S_Fall":null,"Zone_1":"Z1A N","Affected_S":"Buffer","Area_SQF":3365.46911144,"Zonewise":"Z1A","no_of_Floo":4,"gis_geometry_geojson":"{\"type\":\"Polygon\",\"coordinates\":[[[78.4044259,17.3535956],[78.404291,17.3535509],[78.404274,17.3535965],[78.4044007,17.3536384],[78.404411,17.3536097],[78.4044198,17.3536126],[78.4044259,17.3535956]]]}"}},{"type":"Feature","id":"AS589-445","geometry":{"type":"Polygon","coordinates":[[[78.4044254,17.3535954],[78.4044327,17.3535768],[78.4044222,17.3535733],[78.4044337,17.3535455],[78.4043088,17.3535031],[78.404291,17.3535508],[78.4044254,17.3535954]]]},"properties":{"household_id":"AS589-445","OBJECTID":521,"fid_1":520,"Area":865.840233072,"DSM":513.92328,"DTM":504,"HEIGHT":9.92328,"BuildingID":null,"BuiType":null,"StructType":"Permanent","NameOwnRep":null,"Contact":0,"HNoPlotNo":null,"TPIN":null,"ColnyStrtN":null,"SyTsNo":null,"WardBlockN":null,"Use":"Resi","Extent":0,"PlinthArea":0,"Classifica":null,"Caste":null,"FinanDepen":null,"HHSize":0,"NoAdults":0,"NoChild":0,"Govtbenefi":null,"Borewell":null,"Courtcase":null,"NameStruct":null,"ReliType":null,"Remarks":null,"CommStatus":null,"Trees":null,"location":null,"Occupation":null,"SkilledOcc":null,"Craftsmen":null,"ReliStruct":null,"Cremetoriu":null,"Email":null,"Date":"1899-12-30T00:00:00","Time":null,"SurvyeorNa":null,"Survey_Dat":null,"Survey_Loc":null,"UUID":null,"email_id":null,"Mandals":null,"Zone":"Zone 1","Income":null,"AreaSqm":0,"Areatext":null,"Duplicate":null,"Dist":null,"PCs":null,"Assembly_C":null,"Affeceted_":"1900-01-01T00:00:00","S_Number":284,"S_Fall":null,"Zone_1":"Z1A N","Affected_S":"Buffer","Area_SQF":2597.52069922,"Zonewise":"Z1A","no_of_Floo":3,"gis_geometry_geojson":"{\"type\":\"Polygon\",\"coordinates\":[[[78.4044254,17.3535954],[78.4044327,17.3535768],[78.4044222,17.3535733],[78.4044337,17.3535455],[78.4043088,17.3535031],[78.404291,17.3535508],[78.4044254,17.3535954]]]}"}},{"type":"Feature","id":"AS589-446","geometry":{"type":"Polygon","coordinates":[[[78.4028699,17.3520782],[78.4028938,17.3521065],[78.4028879,17.3521107],[78.4029402,17.3521777],[78.4029816,17.3521479],[78.4029776,17.3521428],[78.4030052,17.352123],[78.4030094,17.3521284],[78.4030497,17.3520995],[78.4030207,17.3520623],[78.4030127,17.3520681],[78.4029905,17.3520395],[78.4029847,17.3520437],[78.402958,17.3520095],[78.4028699,17.3520782]]]},"properties":{"household_id":"AS589-446","OBJECTID":231,"fid_1":230,"Area":1923.03568795,"DSM":518.505,"DTM":504,"HEIGHT":4.835,"BuildingID":"11e1c","BuiType":"Individual","StructType":"Permanent","NameOwnRep":"11e1c","Contact":9393011674,"HNoPlotNo":null,"TPIN":null,"ColnyStrtN":"Vishwash Nagar colony","SyTsNo":"111","WardBlockN":null,"Use":"Resi","Extent":200,"PlinthArea":0,"Classifica":"Patta","Caste":"Minority","FinanDepen":"No","HHSize":0,"NoAdults":0,"NoChild":0,"Govtbenefi":"No","Borewell":"Yes","Courtcase":"No","NameStruct":"Building","ReliType":null,"Remarks":null,"CommStatus":null,"Trees":"No","location":null,"Occupation":"Others","SkilledOcc":null,"Craftsmen":null,"ReliStruct":null,"Cremetoriu":null,"Email":null,"Date":"1899-12-30T00:00:00","Time":null,"SurvyeorNa":null,"Survey_Dat":"2024/08/07 21:06:04.196","Survey_Loc":null,"UUID":null,"email_id":null,"Mandals":"Rajendra Nagar","Zone":"River","Income":null,"AreaSqm":1.7865,"Areatext":"178.656576065735","Duplicate":"0","Dist":"Ranga Reddy","PCs":"Chevella","Assembly_C":"Rajendra Nagar","Affeceted_":"1900-01-01T00:00:00","S_Number":249,"S_Fall":null,"Zone_1":"Z1A N","Affected_S":"Buffer","Area_SQF":3846.0713759,"Zonewise":"Z1A","no_of_Floo":2,"gis_geometry_geojson":"{\"type\":\"Polygon\",\"coordinates\":[[[78.4028699,17.3520782],[78.4028938,17.3521065],[78.4028879,17.3521107],[78.4029402,17.3521777],[78.4029816,17.3521479],[78.4029776,17.3521428],[78.4030052,17.352123],[78.4030094,17.3521284],[78.4030497,17.3520995],[78.4030207,17.3520623],[78.4030127,17.3520681],[78.4029905,17.3520395],[78.4029847,17.3520437],[78.402958,17.3520095],[78.4028699,17.3520782]]]}"}},{"type":"Feature","id":"AS589-447","geometry":{"type":"Polygon","coordinates":[[[78.4014903,17.3508577],[78.4014617,17.3508768],[78.4014923,17.3509191],[78.4015209,17.3509],[78.4014903,17.3508577]]]},"properties":{"household_id":"AS589-447","OBJECTID":278,"fid_1":277,"Area":227.239192804,"DSM":509.70395,"DTM":508,"HEIGHT":1.70395,"BuildingID":"9abd4","BuiType":"Individual","StructType":"Temporary","NameOwnRep":"9abd4","Contact":9550749398,"HNoPlotNo":null,"TPIN":null,"ColnyStrtN":"Vishwash Nagar colony","SyTsNo":"97","WardBlockN":null,"Use":"Resi","Extent":0,"PlinthArea":0,"Classifica":"Govt","Caste":"ST","FinanDepen":"No","HHSize":0,"NoAdults":2,"NoChild":2,"Govtbenefi":"No","Borewell":"No","Courtcase":"No","NameStruct":"Tean shead","ReliType":null,"Remarks":null,"CommStatus":null,"Trees":"No","location":null,"Occupation":"Others","SkilledOcc":null,"Craftsmen":null,"ReliStruct":null,"Cremetoriu":null,"Email":null,"Date":"1899-12-30T00:00:00","Time":null,"SurvyeorNa":null,"Survey_Dat":"2024/08/13 16:40:51.741","Survey_Loc":null,"UUID":null,"email_id":null,"Mandals":"Rajendra Nagar","Zone":"Buffer","Income":"BPL","AreaSqm":2.1111,"Areatext":"21.1112962598549","Duplicate":"0","Dist":"Ranga Reddy","PCs":"Chevella","Assembly_C":"Rajendra Nagar","Affeceted_":"1900-01-01T00:00:00","S_Number":207,"S_Fall":null,"Zone_1":"Z1A N","Affected_S":"Buffer","Area_SQF":227.239192804,"Zonewise":"Z1A","no_of_Floo":1,"gis_geometry_geojson":"{\"type\":\"Polygon\",\"coordinates\":[[[78.4014903,17.3508577],[78.4014617,17.3508768],[78.4014923,17.3509191],[78.4015209,17.3509],[78.4014903,17.3508577]]]}"}},{"type":"Feature","id":"AS589-448","geometry":{"type":"Polygon","coordinates":[[[78.4012975,17.3506795],[78.4013362,17.3507187],[78.401387,17.3506724],[78.4013484,17.3506332],[78.4012975,17.3506795]]]},"properties":{"household_id":"AS589-448","OBJECTID":293,"fid_1":292,"Area":478.941201466,"DSM":509.33969,"DTM":508,"HEIGHT":1.33969,"BuildingID":"83c56","BuiType":"Individual","StructType":"Temporary","NameOwnRep":"83c56","Contact":9505145250,"HNoPlotNo":null,"TPIN":null,"ColnyStrtN":"Vishwash Nagar colony","SyTsNo":"97","WardBlockN":null,"Use":"Resi","Extent":0,"PlinthArea":0,"Classifica":"Govt","Caste":"SC","FinanDepen":"No","HHSize":5,"NoAdults":2,"NoChild":3,"Govtbenefi":"No","Borewell":"No","Courtcase":"No","NameStruct":"Tean shead","ReliType":null,"Remarks":null,"CommStatus":null,"Trees":"No","location":null,"Occupation":"Others","SkilledOcc":null,"Craftsmen":null,"ReliStruct":null,"Cremetoriu":null,"Email":null,"Date":"1899-12-30T00:00:00","Time":null,"SurvyeorNa":null,"Survey_Dat":"2024/08/13 16:40:52.627","Survey_Loc":null,"UUID":null,"email_id":null,"Mandals":"Rajendra Nagar","Zone":"Buffer","Income":"BPL","AreaSqm":4.4495,"Areatext":"44.4952715867558","Duplicate":"0","Dist":"Ranga Reddy","PCs":"Chevella","Assembly_C":"Rajendra Nagar","Affeceted_":"1900-01-01T00:00:00","S_Number":203,"S_Fall":null,"Zone_1":"Z1A N","Affected_S":"Buffer","Area_SQF":478.941201466,"Zonewise":"Z1A","no_of_Floo":1,"gis_geometry_geojson":"{\"type\":\"Polygon\",\"coordinates\":[[[78.4012975,17.3506795],[78.4013362,17.3507187],[78.401387,17.3506724],[78.4013484,17.3506332],[78.4012975,17.3506795]]]}"}},{"type":"Feature","id":"AS589-449","geometry":{"type":"Polygon","coordinates":[[[78.40123,17.3505981],[78.4012636,17.3506322],[78.4013058,17.3505939],[78.4012722,17.3505598],[78.40123,17.3505981]]]},"properties":{"household_id":"AS589-449","OBJECTID":295,"fid_1":294,"Area":345.717412071,"DSM":509.33969,"DTM":508,"HEIGHT":1.33969,"BuildingID":"a2a4b","BuiType":"Individual","StructType":"Temporary","NameOwnRep":"a2a4b","Contact":6302524892,"HNoPlotNo":"97","TPIN":null,"ColnyStrtN":"Mahfell town","SyTsNo":"97","WardBlockN":null,"Use":"Resi","Extent":0,"PlinthArea":0,"Classifica":"Govt","Caste":"SC","FinanDepen":"No","HHSize":0,"NoAdults":0,"NoChild":0,"Govtbenefi":"No","Borewell":"No","Courtcase":"No","NameStruct":"Rekula shad","ReliType":null,"Remarks":null,"CommStatus":null,"Trees":"No","location":null,"Occupation":"UnSkilled Worker","SkilledOcc":null,"Craftsmen":null,"ReliStruct":null,"Cremetoriu":null,"Email":null,"Date":"1899-12-30T00:00:00","Time":null,"SurvyeorNa":null,"Survey_Dat":"2024/08/13 16:40:52.763","Survey_Loc":null,"UUID":null,"email_id":null,"Mandals":"Rajendra Nagar","Zone":"Buffer","Income":"BPL","AreaSqm":3.2118,"Areatext":"32.1183270370154","Duplicate":"0","Dist":"Ranga Reddy","PCs":"Chevella","Assembly_C":"Rajendra Nagar","Affeceted_":"1900-01-01T00:00:00","S_Number":201,"S_Fall":null,"Zone_1":"Z1A N","Affected_S":"Buffer","Area_SQF":345.717412071,"Zonewise":"Z1A","no_of_Floo":1,"gis_geometry_geojson":"{\"type\":\"Polygon\",\"coordinates\":[[[78.40123,17.3505981],[78.4012636,17.3506322],[78.4013058,17.3505939],[78.4012722,17.3505598],[78.40123,17.3505981]]]}"}},{"type":"Feature","id":"AS589-450","geometry":{"type":"Polygon","coordinates":[[[78.4012115,17.3505604],[78.401244,17.3505431],[78.4012108,17.3504854],[78.4011782,17.3505028],[78.4012115,17.3505604]]]},"properties":{"household_id":"AS589-450","OBJECTID":281,"fid_1":280,"Area":311.034278497,"DSM":509.54266,"DTM":508,"HEIGHT":1.54266,"BuildingID":"c26b5","BuiType":"Individual","StructType":"Temporary","NameOwnRep":"c26b5","Contact":9182288020,"HNoPlotNo":"97","TPIN":null,"ColnyStrtN":"Mahfell town","SyTsNo":"97","WardBlockN":null,"Use":"Resi","Extent":0,"PlinthArea":0,"Classifica":"Govt","Caste":"SC","FinanDepen":"No","HHSize":0,"NoAdults":0,"NoChild":0,"Govtbenefi":"No","Borewell":"No","Courtcase":"No","NameStruct":"Rekula shad","ReliType":null,"Remarks":null,"CommStatus":null,"Trees":"No","location":null,"Occupation":"Skilled Worker","SkilledOcc":null,"Craftsmen":null,"ReliStruct":null,"Cremetoriu":null,"Email":null,"Date":"1899-12-30T00:00:00","Time":null,"SurvyeorNa":null,"Survey_Dat":"2024/08/13 16:40:51.877","Survey_Loc":null,"UUID":null,"email_id":null,"Mandals":"Rajendra Nagar","Zone":"Buffer","Income":"BPL","AreaSqm":2.8896,"Areatext":"28.896145597143","Duplicate":"0","Dist":"Ranga Reddy","PCs":"Chevella","Assembly_C":"Rajendra Nagar","Affeceted_":"1900-01-01T00:00:00","S_Number":198,"S_Fall":null,"Zone_1":"Z1A N","Affected_S":"Buffer","Area_SQF":311.034278497,"Zonewise":"Z1A","no_of_Floo":1,"gis_geometry_geojson":"{\"type\":\"Polygon\",\"coordinates\":[[[78.4012115,17.3505604],[78.401244,17.3505431],[78.4012108,17.3504854],[78.4011782,17.3505028],[78.4012115,17.3505604]]]}"}},{"type":"Feature","id":"AS589-451","geometry":{"type":"Polygon","coordinates":[[[78.4010887,17.3503028],[78.4011292,17.3502829],[78.401106,17.3502394],[78.4010655,17.3502594],[78.4010887,17.3503028]]]},"properties":{"household_id":"AS589-451","OBJECTID":116,"fid_1":115,"Area":282.146336661,"DSM":509.42377,"DTM":508,"HEIGHT":1.42377,"BuildingID":"9060f","BuiType":"Individual","StructType":"Temporary","NameOwnRep":"9060f","Contact":9390258179,"HNoPlotNo":"97","TPIN":null,"ColnyStrtN":"Mahfell town","SyTsNo":"97","WardBlockN":null,"Use":"Resi","Extent":0,"PlinthArea":0,"Classifica":"Govt","Caste":"BC","FinanDepen":"No","HHSize":0,"NoAdults":0,"NoChild":0,"Govtbenefi":"No","Borewell":"No","Courtcase":"No","NameStruct":"Rekula shad","ReliType":null,"Remarks":null,"CommStatus":null,"Trees":"No","location":null,"Occupation":"UnSkilled Worker","SkilledOcc":null,"Craftsmen":null,"ReliStruct":null,"Cremetoriu":null,"Email":null,"Date":"1899-12-30T00:00:00","Time":null,"SurvyeorNa":null,"Survey_Dat":"2024/08/13 16:40:47.569","Survey_Loc":null,"UUID":null,"email_id":null,"Mandals":"Rajendra Nagar","Zone":"Buffer","Income":"BPL","AreaSqm":2.6212,"Areatext":"26.2123572499738","Duplicate":"0","Dist":"Ranga Reddy","PCs":"Chevella","Assembly_C":"Rajendra Nagar","Affeceted_":"1900-01-01T00:00:00","S_Number":183,"S_Fall":null,"Zone_1":"Z1A N","Affected_S":"Buffer","Area_SQF":282.146336661,"Zonewise":"Z1A","no_of_Floo":1,"gis_geometry_geojson":"{\"type\":\"Polygon\",\"coordinates\":[[[78.4010887,17.3503028],[78.4011292,17.3502829],[78.401106,17.3502394],[78.4010655,17.3502594],[78.4010887,17.3503028]]]}"}},{"type":"Feature","id":"AS589-452","geometry":{"type":"Polygon","coordinates":[[[78.4009895,17.3501434],[78.4010292,17.3501242],[78.401013,17.3500933],[78.4009733,17.3501124],[78.4009895,17.3501434]]]},"properties":{"household_id":"AS589-452","OBJECTID":144,"fid_1":143,"Area":194.922788612,"DSM":510.10922,"DTM":509,"HEIGHT":1.10922,"BuildingID":"d5dee","BuiType":"Individual","StructType":"Temporary","NameOwnRep":"d5dee","Contact":7000260740,"HNoPlotNo":"97","TPIN":null,"ColnyStrtN":"Mahfell town","SyTsNo":"97","WardBlockN":null,"Use":"Resi","Extent":0,"PlinthArea":0,"Classifica":"Govt","Caste":"BC","FinanDepen":"No","HHSize":0,"NoAdults":0,"NoChild":0,"Govtbenefi":"No","Borewell":"No","Courtcase":"No","NameStruct":"Rekula shad","ReliType":null,"Remarks":null,"CommStatus":null,"Trees":"No","location":null,"Occupation":"Skilled Worker","SkilledOcc":null,"Craftsmen":null,"ReliStruct":null,"Cremetoriu":null,"Email":null,"Date":"1899-12-30T00:00:00","Time":null,"SurvyeorNa":null,"Survey_Dat":"2024/08/13 16:40:48.368","Survey_Loc":null,"UUID":null,"email_id":null,"Mandals":"Rajendra Nagar","Zone":"Buffer","Income":"BPL","AreaSqm":1.8108,"Areatext":"18.108992060093","Duplicate":"0","Dist":"Ranga Reddy","PCs":"Chevella","Assembly_C":"Rajendra Nagar","Affeceted_":"1900-01-01T00:00:00","S_Number":178,"S_Fall":null,"Zone_1":"Z1A N","Affected_S":"Buffer","Area_SQF":194.922788612,"Zonewise":"Z1A","no_of_Floo":1,"gis_geometry_geojson":"{\"type\":\"Polygon\",\"coordinates\":[[[78.4009895,17.3501434],[78.4010292,17.3501242],[78.401013,17.3500933],[78.4009733,17.3501124],[78.4009895,17.3501434]]]}"}},{"type":"Feature","id":"AS589-453","geometry":{"type":"Polygon","coordinates":[[[78.4010089,17.3501684],[78.4010436,17.3501516],[78.4010292,17.3501242],[78.4009945,17.350141],[78.4010089,17.3501684]]]},"properties":{"household_id":"AS589-453","OBJECTID":153,"fid_1":152,"Area":151.506371905,"DSM":509.33969,"DTM":508,"HEIGHT":1.33969,"BuildingID":"a5452","BuiType":"Individual","StructType":"Temporary","NameOwnRep":"a5452","Contact":9177988535,"HNoPlotNo":"97","TPIN":null,"ColnyStrtN":"Mahfell town","SyTsNo":"97","WardBlockN":null,"Use":"Resi","Extent":0,"PlinthArea":0,"Classifica":"Govt","Caste":"BC","FinanDepen":"No","HHSize":0,"NoAdults":0,"NoChild":0,"Govtbenefi":"No","Borewell":"No","Courtcase":"No","NameStruct":"Rekula shad","ReliType":null,"Remarks":null,"CommStatus":null,"Trees":"No","location":null,"Occupation":"Skilled Worker","SkilledOcc":null,"Craftsmen":null,"ReliStruct":null,"Cremetoriu":null,"Email":null,"Date":"1899-12-30T00:00:00","Time":null,"SurvyeorNa":null,"Survey_Dat":"2024/08/13 16:40:48.636","Survey_Loc":null,"UUID":null,"email_id":null,"Mandals":"Rajendra Nagar","Zone":"Buffer","Income":"BPL","AreaSqm":1.4075,"Areatext":"14.0754588285031","Duplicate":"0","Dist":"Ranga Reddy","PCs":"Chevella","Assembly_C":"Rajendra Nagar","Affeceted_":"1900-01-01T00:00:00","S_Number":179,"S_Fall":null,"Zone_1":"Z1A N","Affected_S":"Buffer","Area_SQF":151.506371905,"Zonewise":"Z1A","no_of_Floo":1,"gis_geometry_geojson":"{\"type\":\"Polygon\",\"coordinates\":[[[78.4010089,17.3501684],[78.4010436,17.3501516],[78.4010292,17.3501242],[78.4009945,17.350141],[78.4010089,17.3501684]]]}"}},{"type":"Feature","id":"AS589-454","geometry":{"type":"Polygon","coordinates":[[[78.4010371,17.3500297],[78.4010748,17.3501055],[78.4011473,17.3500672],[78.4011224,17.3500238],[78.4011032,17.3500339],[78.4010865,17.3500036],[78.4010371,17.3500297]]]},"properties":{"household_id":"AS589-454","OBJECTID":147,"fid_1":146,"Area":774.933659084,"DSM":509.65662,"DTM":507,"HEIGHT":2.65662,"BuildingID":"4670f","BuiType":"Individual","StructType":"Temporary","NameOwnRep":"4670f","Contact":6305273658,"HNoPlotNo":"97","TPIN":null,"ColnyStrtN":"Mahfell town","SyTsNo":"97","WardBlockN":null,"Use":"Resi","Extent":0,"PlinthArea":0,"Classifica":"Govt","Caste":"BC","FinanDepen":"No","HHSize":0,"NoAdults":0,"NoChild":0,"Govtbenefi":"No","Borewell":"No","Courtcase":"No","NameStruct":"Rekula shad","ReliType":null,"Remarks":null,"CommStatus":null,"Trees":"No","location":null,"Occupation":"Skilled Worker","SkilledOcc":null,"Craftsmen":null,"ReliStruct":null,"Cremetoriu":null,"Email":null,"Date":"1899-12-30T00:00:00","Time":null,"SurvyeorNa":null,"Survey_Dat":"2024/08/13 16:40:48.503","Survey_Loc":null,"UUID":null,"email_id":null,"Mandals":"Rajendra Nagar","Zone":"Buffer","Income":"BPL","AreaSqm":7.1993,"Areatext":"71.9939807071467","Duplicate":"0","Dist":"Ranga Reddy","PCs":"Chevella","Assembly_C":"Rajendra Nagar","Affeceted_":"1900-01-01T00:00:00","S_Number":176,"S_Fall":null,"Zone_1":"Z1A N","Affected_S":"Buffer","Area_SQF":774.933659084,"Zonewise":"Z1A","no_of_Floo":1,"gis_geometry_geojson":"{\"type\":\"Polygon\",\"coordinates\":[[[78.4010371,17.3500297],[78.4010748,17.3501055],[78.4011473,17.3500672],[78.4011224,17.3500238],[78.4011032,17.3500339],[78.4010865,17.3500036],[78.4010371,17.3500297]]]}"}},{"type":"Feature","id":"AS589-455","geometry":{"type":"Polygon","coordinates":[[[78.4012254,17.3503236],[78.4012533,17.350304],[78.4012363,17.3502817],[78.4012084,17.3503014],[78.4012254,17.3503236]]]},"properties":{"household_id":"AS589-455","OBJECTID":285,"fid_1":284,"Area":121.096006061,"DSM":508.51559,"DTM":507,"HEIGHT":1.51559,"BuildingID":"be15b","BuiType":"Individual","StructType":"Temporary","NameOwnRep":"be15b","Contact":8125551954,"HNoPlotNo":"97","TPIN":null,"ColnyStrtN":"Mahfell town","SyTsNo":"97","WardBlockN":null,"Use":"Resi","Extent":0,"PlinthArea":0,"Classifica":"Govt","Caste":"SC","FinanDepen":"No","HHSize":0,"NoAdults":0,"NoChild":0,"Govtbenefi":"No","Borewell":"No","Courtcase":"No","NameStruct":"Rekula shad","ReliType":null,"Remarks":null,"CommStatus":null,"Trees":"No","location":null,"Occupation":"UnSkilled Worker","SkilledOcc":null,"Craftsmen":null,"ReliStruct":null,"Cremetoriu":null,"Email":null,"Date":"1899-12-30T00:00:00","Time":null,"SurvyeorNa":null,"Survey_Dat":"2024/08/13 16:40:52.150","Survey_Loc":null,"UUID":null,"email_id":null,"Mandals":"Rajendra Nagar","Zone":"Buffer","Income":"BPL","AreaSqm":1.125,"Areatext":"11.2502320980867","Duplicate":"0","Dist":"Ranga Reddy","PCs":"Chevella","Assembly_C":"Rajendra Nagar","Affeceted_":"1900-01-01T00:00:00","S_Number":187,"S_Fall":null,"Zone_1":"Z1A N","Affected_S":"Buffer","Area_SQF":121.096006061,"Zonewise":"Z1A","no_of_Floo":1,"gis_geometry_geojson":"{\"type\":\"Polygon\",\"coordinates\":[[[78.4012254,17.3503236],[78.4012533,17.350304],[78.4012363,17.3502817],[78.4012084,17.3503014],[78.4012254,17.3503236]]]}"}},{"type":"Feature","id":"AS589-456","geometry":{"type":"Polygon","coordinates":[[[78.4012922,17.3505172],[78.4013142,17.3505537],[78.4013906,17.3505114],[78.4013687,17.3504748],[78.4012922,17.3505172]]]},"properties":{"household_id":"AS589-456","OBJECTID":290,"fid_1":289,"Area":472.259866404,"DSM":509.75919,"DTM":507,"HEIGHT":2.75919,"BuildingID":"92fca","BuiType":null,"StructType":"Temporary","NameOwnRep":"92fca","Contact":0,"HNoPlotNo":null,"TPIN":null,"ColnyStrtN":null,"SyTsNo":null,"WardBlockN":null,"Use":"Temp","Extent":0,"PlinthArea":0,"Classifica":null,"Caste":null,"FinanDepen":null,"HHSize":0,"NoAdults":0,"NoChild":0,"Govtbenefi":null,"Borewell":null,"Courtcase":null,"NameStruct":null,"ReliType":null,"Remarks":null,"CommStatus":null,"Trees":null,"location":null,"Occupation":null,"SkilledOcc":null,"Craftsmen":null,"ReliStruct":null,"Cremetoriu":null,"Email":null,"Date":"1899-12-30T00:00:00","Time":null,"SurvyeorNa":null,"Survey_Dat":"2024/08/07 21:17:45.140","Survey_Loc":null,"UUID":null,"email_id":null,"Mandals":"Rajendra Nagar","Zone":"Buffer","Income":null,"AreaSqm":4.3874,"Areatext":"43.8745527584886","Duplicate":"0","Dist":"Ranga Reddy","PCs":"Chevella","Assembly_C":"Rajendra Nagar","Affeceted_":"1900-01-01T00:00:00","S_Number":199,"S_Fall":null,"Zone_1":"Z1A N","Affected_S":"Buffer","Area_SQF":472.259866404,"Zonewise":"Z1A","no_of_Floo":1,"gis_geometry_geojson":"{\"type\":\"Polygon\",\"coordinates\":[[[78.4012922,17.3505172],[78.4013142,17.3505537],[78.4013906,17.3505114],[78.4013687,17.3504748],[78.4012922,17.3505172]]]}"}},{"type":"Feature","id":"AS589-457","geometry":{"type":"Polygon","coordinates":[[[78.401944,17.3513536],[78.4019712,17.3513803],[78.4020163,17.3513465],[78.4019885,17.3513161],[78.401944,17.3513536]]]},"properties":{"household_id":"AS589-457","OBJECTID":268,"fid_1":267,"Area":289.936976578,"DSM":508.88477,"DTM":506,"HEIGHT":2.88477,"BuildingID":"491f5","BuiType":"Individual","StructType":"Temporary","NameOwnRep":"491f5","Contact":8421577427,"HNoPlotNo":"Tin shed","TPIN":null,"ColnyStrtN":"Vishwas Nagar Colony","SyTsNo":"97","WardBlockN":"60","Use":"Resi","Extent":30,"PlinthArea":0,"Classifica":"Govt","Caste":"ST","FinanDepen":"No","HHSize":30,"NoAdults":4,"NoChild":1,"Govtbenefi":"No","Borewell":"No","Courtcase":"No","NameStruct":"Tin shed","ReliType":null,"Remarks":"Labour Tin shed","CommStatus":null,"Trees":"No","location":null,"Occupation":"Others","SkilledOcc":null,"Craftsmen":null,"ReliStruct":null,"Cremetoriu":null,"Email":null,"Date":"1899-12-30T00:00:00","Time":null,"SurvyeorNa":null,"Survey_Dat":"2024/08/13 16:40:51.062","Survey_Loc":null,"UUID":null,"email_id":null,"Mandals":"Rajendra Nagar","Zone":"Buffer","Income":"BPL","AreaSqm":2.6936,"Areatext":"26.9361342812054","Duplicate":"0","Dist":"Ranga Reddy","PCs":"Chevella","Assembly_C":"Rajendra Nagar","Affeceted_":"1900-01-01T00:00:00","S_Number":221,"S_Fall":null,"Zone_1":"Z1A N","Affected_S":"Buffer","Area_SQF":289.936976578,"Zonewise":"Z1A","no_of_Floo":1,"gis_geometry_geojson":"{\"type\":\"Polygon\",\"coordinates\":[[[78.401944,17.3513536],[78.4019712,17.3513803],[78.4020163,17.3513465],[78.4019885,17.3513161],[78.401944,17.3513536]]]}"}},{"type":"Feature","id":"AS589-458","geometry":{"type":"Polygon","coordinates":[[[78.4018433,17.3512318],[78.4018735,17.3512654],[78.4019021,17.3512417],[78.4018719,17.3512081],[78.4018433,17.3512318]]]},"properties":{"household_id":"AS589-458","OBJECTID":291,"fid_1":290,"Area":212.429570541,"DSM":508.81769,"DTM":506,"HEIGHT":2.81769,"BuildingID":"2a474","BuiType":"Individual","StructType":"Temporary","NameOwnRep":"2a474","Contact":9347792192,"HNoPlotNo":"Tin shed","TPIN":null,"ColnyStrtN":"Vishwas Nagar Colony","SyTsNo":"97","WardBlockN":"60","Use":"Resi","Extent":30,"PlinthArea":0,"Classifica":"Govt","Caste":"ST","FinanDepen":"No","HHSize":30,"NoAdults":2,"NoChild":2,"Govtbenefi":"No","Borewell":"No","Courtcase":"No","NameStruct":"Tin shed","ReliType":null,"Remarks":"Labour Tin shed","CommStatus":null,"Trees":"No","location":null,"Occupation":"Others","SkilledOcc":null,"Craftsmen":null,"ReliStruct":null,"Cremetoriu":null,"Email":null,"Date":"1899-12-30T00:00:00","Time":null,"SurvyeorNa":null,"Survey_Dat":"2024/08/13 16:40:52.490","Survey_Loc":null,"UUID":null,"email_id":null,"Mandals":"Rajendra Nagar","Zone":"Buffer","Income":"BPL","AreaSqm":1.9735,"Areatext":"19.7354318331933","Duplicate":"0","Dist":"Ranga Reddy","PCs":"Chevella","Assembly_C":"Rajendra Nagar","Affeceted_":"1900-01-01T00:00:00","S_Number":217,"S_Fall":null,"Zone_1":"Z1A N","Affected_S":"Buffer","Area_SQF":212.429570541,"Zonewise":"Z1A","no_of_Floo":1,"gis_geometry_geojson":"{\"type\":\"Polygon\",\"coordinates\":[[[78.4018433,17.3512318],[78.4018735,17.3512654],[78.4019021,17.3512417],[78.4018719,17.3512081],[78.4018433,17.3512318]]]}"}},{"type":"Feature","id":"AS589-459","geometry":{"type":"Polygon","coordinates":[[[78.4017702,17.3510627],[78.4017261,17.3510978],[78.4017559,17.3511323],[78.4018,17.3510971],[78.4017702,17.3510627]]]},"properties":{"household_id":"AS589-459","OBJECTID":262,"fid_1":261,"Area":325.323345076,"DSM":509.77466,"DTM":506,"HEIGHT":3.77466,"BuildingID":"f4ce5","BuiType":"Individual","StructType":"Temporary","NameOwnRep":"f4ce5","Contact":9967997179,"HNoPlotNo":"Tin shed","TPIN":null,"ColnyStrtN":"Vishwas Nagar Colony","SyTsNo":"97","WardBlockN":"60","Use":"Resi","Extent":30,"PlinthArea":0,"Classifica":"Govt","Caste":"ST","FinanDepen":"No","HHSize":0,"NoAdults":2,"NoChild":4,"Govtbenefi":"No","Borewell":"No","Courtcase":"No","NameStruct":"Tin shed","ReliType":null,"Remarks":"Labour Tin shed","CommStatus":null,"Trees":"No","location":null,"Occupation":"Others","SkilledOcc":null,"Craftsmen":null,"ReliStruct":null,"Cremetoriu":null,"Email":null,"Date":"1899-12-30T00:00:00","Time":null,"SurvyeorNa":null,"Survey_Dat":"2024/08/13 16:40:50.791","Survey_Loc":null,"UUID":null,"email_id":null,"Mandals":"Rajendra Nagar","Zone":"Buffer","Income":"BPL","AreaSqm":3.0223,"Areatext":"30.2236486388648","Duplicate":"0","Dist":"Ranga Reddy","PCs":"Chevella","Assembly_C":"Rajendra Nagar","Affeceted_":"1900-01-01T00:00:00","S_Number":212,"S_Fall":null,"Zone_1":"Z1A N","Affected_S":"Buffer","Area_SQF":325.323345076,"Zonewise":"Z1A","no_of_Floo":1,"gis_geometry_geojson":"{\"type\":\"Polygon\",\"coordinates\":[[[78.4017702,17.3510627],[78.4017261,17.3510978],[78.4017559,17.3511323],[78.4018,17.3510971],[78.4017702,17.3510627]]]}"}},{"type":"Feature","id":"AS589-460","geometry":{"type":"Polygon","coordinates":[[[78.4016451,17.3509713],[78.4016053,17.3510043],[78.4016414,17.3510425],[78.4016667,17.3510205],[78.4016492,17.3510019],[78.4016628,17.35099],[78.4016451,17.3509713]]]},"properties":{"household_id":"AS589-460","OBJECTID":265,"fid_1":264,"Area":285.510999655,"DSM":509.36362,"DTM":507,"HEIGHT":2.36362,"BuildingID":"623db","BuiType":"Individual","StructType":"Permanent","NameOwnRep":"623db","Contact":9967997179,"HNoPlotNo":null,"TPIN":null,"ColnyStrtN":null,"SyTsNo":"30","WardBlockN":null,"Use":"Resi","Extent":0,"PlinthArea":0,"Classifica":null,"Caste":null,"FinanDepen":null,"HHSize":0,"NoAdults":0,"NoChild":0,"Govtbenefi":null,"Borewell":"Yes","Courtcase":null,"NameStruct":null,"ReliType":null,"Remarks":null,"CommStatus":null,"Trees":"No","location":null,"Occupation":null,"SkilledOcc":null,"Craftsmen":null,"ReliStruct":null,"Cremetoriu":null,"Email":null,"Date":"1899-12-30T00:00:00","Time":null,"SurvyeorNa":"prudhviraju003","Survey_Dat":"2024/08/21 13:49:46.735","Survey_Loc":null,"UUID":null,"email_id":"prudhviraju003@gmail.com","Mandals":"Rajendra Nagar","Zone":"Buffer","Income":null,"AreaSqm":5.7622,"Areatext":"5.76222151401933","Duplicate":"0","Dist":"Ranga Reddy","PCs":"Chevella","Assembly_C":"Rajendra Nagar","Affeceted_":"1900-01-01T00:00:00","S_Number":209,"S_Fall":null,"Zone_1":"Z1A N","Affected_S":"Buffer","Area_SQF":285.510999655,"Zonewise":"Z1A","no_of_Floo":1,"gis_geometry_geojson":"{\"type\":\"Polygon\",\"coordinates\":[[[78.4016451,17.3509713],[78.4016053,17.3510043],[78.4016414,17.3510425],[78.4016667,17.3510205],[78.4016492,17.3510019],[78.4016628,17.35099],[78.4016451,17.3509713]]]}"}},{"type":"Feature","id":"AS589-461","geometry":{"type":"Polygon","coordinates":[[[78.401381,17.3506096],[78.4013989,17.3506312],[78.4014227,17.350613],[78.4014048,17.3505914],[78.401381,17.3506096]]]},"properties":{"household_id":"AS589-461","OBJECTID":280,"fid_1":279,"Area":106.316051159,"DSM":509.16043,"DTM":507,"HEIGHT":2.16043,"BuildingID":"e4ba2","BuiType":"Individual","StructType":"Permanent","NameOwnRep":"e4ba2","Contact":7661843410,"HNoPlotNo":null,"TPIN":null,"ColnyStrtN":null,"SyTsNo":"97","WardBlockN":null,"Use":"Resi","Extent":0,"PlinthArea":0,"Classifica":null,"Caste":null,"FinanDepen":null,"HHSize":0,"NoAdults":0,"NoChild":0,"Govtbenefi":null,"Borewell":"Yes","Courtcase":null,"NameStruct":null,"ReliType":null,"Remarks":null,"CommStatus":null,"Trees":"No","location":null,"Occupation":null,"SkilledOcc":null,"Craftsmen":null,"ReliStruct":null,"Cremetoriu":null,"Email":null,"Date":"1899-12-30T00:00:00","Time":null,"SurvyeorNa":"prudhviraju003","Survey_Dat":"2024/08/21 13:45:20.551","Survey_Loc":null,"UUID":null,"email_id":"prudhviraju003@gmail.com","Mandals":"Rajendra Nagar","Zone":"Buffer","Income":null,"AreaSqm":9.8771,"Areatext":"9.87712386261838","Duplicate":"0","Dist":"Ranga Reddy","PCs":"Chevella","Assembly_C":"Rajendra Nagar","Affeceted_":"1900-01-01T00:00:00","S_Number":206,"S_Fall":null,"Zone_1":"Z1A N","Affected_S":"Buffer","Area_SQF":106.316051159,"Zonewise":"Z1A","no_of_Floo":1,"gis_geometry_geojson":"{\"type\":\"Polygon\",\"coordinates\":[[[78.401381,17.3506096],[78.4013989,17.3506312],[78.4014227,17.350613],[78.4014048,17.3505914],[78.401381,17.3506096]]]}"}},{"type":"Feature","id":"AS589-462","geometry":{"type":"Polygon","coordinates":[[[78.4011647,17.3503419],[78.4011844,17.3503351],[78.4011701,17.3502969],[78.4011504,17.3503036],[78.4011647,17.3503419]]]},"properties":{"household_id":"AS589-462","OBJECTID":115,"fid_1":114,"Area":107.683660356,"DSM":509.00903,"DTM":508,"HEIGHT":1.00903,"BuildingID":"0d874","BuiType":"Individual","StructType":"Temporary","NameOwnRep":"0d874","Contact":7095466636,"HNoPlotNo":"97","TPIN":null,"ColnyStrtN":"Mahfell town","SyTsNo":"97","WardBlockN":null,"Use":"Resi","Extent":0,"PlinthArea":0,"Classifica":"Govt","Caste":"BC","FinanDepen":"No","HHSize":0,"NoAdults":0,"NoChild":0,"Govtbenefi":"No","Borewell":"No","Courtcase":"No","NameStruct":"Rekula shad","ReliType":null,"Remarks":null,"CommStatus":null,"Trees":"No","location":null,"Occupation":"UnSkilled Worker","SkilledOcc":null,"Craftsmen":null,"ReliStruct":null,"Cremetoriu":null,"Email":null,"Date":"1899-12-30T00:00:00","Time":null,"SurvyeorNa":null,"Survey_Dat":"2024/08/13 16:40:47.502","Survey_Loc":null,"UUID":null,"email_id":null,"Mandals":"Rajendra Nagar","Zone":"Buffer","Income":"BPL","AreaSqm":1.0004,"Areatext":"10.0041794282276","Duplicate":"0","Dist":"Ranga Reddy","PCs":"Chevella","Assembly_C":"Rajendra Nagar","Affeceted_":"1900-01-01T00:00:00","S_Number":186,"S_Fall":null,"Zone_1":"Z1A N","Affected_S":"Buffer","Area_SQF":107.683660356,"Zonewise":"Z1A","no_of_Floo":1,"gis_geometry_geojson":"{\"type\":\"Polygon\",\"coordinates\":[[[78.4011647,17.3503419],[78.4011844,17.3503351],[78.4011701,17.3502969],[78.4011504,17.3503036],[78.4011647,17.3503419]]]}"}},{"type":"Feature","id":"AS589-463","geometry":{"type":"Polygon","coordinates":[[[78.401119,17.3503855],[78.4011713,17.3503614],[78.4011625,17.3503438],[78.4011102,17.3503679],[78.401119,17.3503855]]]},"properties":{"household_id":"AS589-463","OBJECTID":114,"fid_1":113,"Area":143.219971988,"DSM":509.77951,"DTM":508,"HEIGHT":1.77951,"BuildingID":"d54c7","BuiType":"Individual","StructType":"Temporary","NameOwnRep":"d54c7","Contact":7893561609,"HNoPlotNo":"97","TPIN":null,"ColnyStrtN":"Mahfell town","SyTsNo":"97","WardBlockN":null,"Use":"Resi","Extent":0,"PlinthArea":0,"Classifica":"Govt","Caste":"BC","FinanDepen":"No","HHSize":0,"NoAdults":0,"NoChild":0,"Govtbenefi":"No","Borewell":"No","Courtcase":"No","NameStruct":"Rekula shad","ReliType":null,"Remarks":null,"CommStatus":null,"Trees":"No","location":null,"Occupation":"Skilled Worker","SkilledOcc":null,"Craftsmen":null,"ReliStruct":null,"Cremetoriu":null,"Email":null,"Date":"1899-12-30T00:00:00","Time":null,"SurvyeorNa":null,"Survey_Dat":"2024/08/13 16:40:47.435","Survey_Loc":null,"UUID":null,"email_id":null,"Mandals":"Rajendra Nagar","Zone":"Buffer","Income":"BPL","AreaSqm":1.3305,"Areatext":"13.3056240096457","Duplicate":"0","Dist":"Ranga Reddy","PCs":"Chevella","Assembly_C":"Rajendra Nagar","Affeceted_":"1900-01-01T00:00:00","S_Number":190,"S_Fall":null,"Zone_1":"Z1A N","Affected_S":"Buffer","Area_SQF":143.219971988,"Zonewise":"Z1A","no_of_Floo":1,"gis_geometry_geojson":"{\"type\":\"Polygon\",\"coordinates\":[[[78.401119,17.3503855],[78.4011713,17.3503614],[78.4011625,17.3503438],[78.4011102,17.3503679],[78.401119,17.3503855]]]}"}},{"type":"Feature","id":"AS589-464","geometry":{"type":"Polygon","coordinates":[[[78.401133,17.3504207],[78.401182,17.350396],[78.4011658,17.3503662],[78.4011167,17.3503909],[78.401133,17.3504207]]]},"properties":{"household_id":"AS589-464","OBJECTID":219,"fid_1":218,"Area":236.033945155,"DSM":509.33969,"DTM":508,"HEIGHT":1.33969,"BuildingID":"c5bb6","BuiType":"Individual","StructType":"Temporary","NameOwnRep":"c5bb6","Contact":7893561609,"HNoPlotNo":"97","TPIN":null,"ColnyStrtN":"Mahfell town","SyTsNo":"97","WardBlockN":null,"Use":"Resi","Extent":0,"PlinthArea":0,"Classifica":"Govt","Caste":"BC","FinanDepen":"No","HHSize":0,"NoAdults":0,"NoChild":0,"Govtbenefi":"No","Borewell":"No","Courtcase":"No","NameStruct":"Rekula shad","ReliType":null,"Remarks":null,"CommStatus":null,"Trees":"No","location":null,"Occupation":"UnSkilled Worker","SkilledOcc":null,"Craftsmen":null,"ReliStruct":null,"Cremetoriu":null,"Email":null,"Date":"1899-12-30T00:00:00","Time":null,"SurvyeorNa":null,"Survey_Dat":"2024/08/13 16:40:49.709","Survey_Loc":null,"UUID":null,"email_id":null,"Mandals":"Rajendra Nagar","Zone":"Buffer","Income":"BPL","AreaSqm":2.1928,"Areatext":"21.9283587602475","Duplicate":"0","Dist":"Ranga Reddy","PCs":"Chevella","Assembly_C":"Rajendra Nagar","Affeceted_":"1900-01-01T00:00:00","S_Number":191,"S_Fall":null,"Zone_1":"Z1A N","Affected_S":"Buffer","Area_SQF":236.033945155,"Zonewise":"Z1A","no_of_Floo":1,"gis_geometry_geojson":"{\"type\":\"Polygon\",\"coordinates\":[[[78.401133,17.3504207],[78.401182,17.350396],[78.4011658,17.3503662],[78.4011167,17.3503909],[78.401133,17.3504207]]]}"}},{"type":"Feature","id":"AS589-465","geometry":{"type":"Polygon","coordinates":[[[78.4009339,17.3499735],[78.4009586,17.3499656],[78.4009455,17.3499275],[78.4009208,17.3499353],[78.4009339,17.3499735]]]},"properties":{"household_id":"AS589-465","OBJECTID":146,"fid_1":145,"Area":132.528286545,"DSM":515.8576,"DTM":509,"HEIGHT":6.8576,"BuildingID":"3e256","BuiType":"Individual","StructType":"Temporary","NameOwnRep":"3e256","Contact":9398710624,"HNoPlotNo":"Sur no 97","TPIN":null,"ColnyStrtN":"Mahfell town","SyTsNo":"97","WardBlockN":null,"Use":"Resi","Extent":0,"PlinthArea":0,"Classifica":null,"Caste":"BC","FinanDepen":"No","HHSize":0,"NoAdults":0,"NoChild":0,"Govtbenefi":"No","Borewell":"No","Courtcase":"No","NameStruct":"Rekula shad","ReliType":null,"Remarks":null,"CommStatus":null,"Trees":"No","location":null,"Occupation":"Skilled Worker","SkilledOcc":null,"Craftsmen":null,"ReliStruct":null,"Cremetoriu":null,"Email":null,"Date":"1899-12-30T00:00:00","Time":null,"SurvyeorNa":null,"Survey_Dat":"2024/08/13 16:40:48.435","Survey_Loc":null,"UUID":null,"email_id":null,"Mandals":"Rajendra Nagar","Zone":"Buffer","Income":"BPL","AreaSqm":1.2312,"Areatext":"12.3123299610773","Duplicate":"0","Dist":"Ranga Reddy","PCs":"Chevella","Assembly_C":"Rajendra Nagar","Affeceted_":"1900-01-01T00:00:00","S_Number":173,"S_Fall":null,"Zone_1":"Z1A N","Affected_S":"Buffer","Area_SQF":265.05657309,"Zonewise":"Z1A","no_of_Floo":2,"gis_geometry_geojson":"{\"type\":\"Polygon\",\"coordinates\":[[[78.4009339,17.3499735],[78.4009586,17.3499656],[78.4009455,17.3499275],[78.4009208,17.3499353],[78.4009339,17.3499735]]]}"}},{"type":"Feature","id":"AS589-466","geometry":{"type":"Polygon","coordinates":[[[78.4009363,17.3499762],[78.4009504,17.3500106],[78.4009824,17.3499985],[78.4009682,17.3499641],[78.4009363,17.3499762]]]},"properties":{"household_id":"AS589-466","OBJECTID":148,"fid_1":147,"Area":161.470935472,"DSM":509.43515,"DTM":508,"HEIGHT":1.43515,"BuildingID":"0f49a","BuiType":"Individual","StructType":"Temporary","NameOwnRep":"0f49a","Contact":8462031421,"HNoPlotNo":"Sy no 97","TPIN":null,"ColnyStrtN":"Mahfeel town","SyTsNo":"97","WardBlockN":null,"Use":"Resi","Extent":0,"PlinthArea":0,"Classifica":"Govt","Caste":"OC","FinanDepen":"No","HHSize":0,"NoAdults":0,"NoChild":0,"Govtbenefi":"No","Borewell":"No","Courtcase":"No","NameStruct":"Rekula shad","ReliType":null,"Remarks":null,"CommStatus":null,"Trees":"No","location":null,"Occupation":"Skilled Worker","SkilledOcc":null,"Craftsmen":null,"ReliStruct":null,"Cremetoriu":null,"Email":null,"Date":"1899-12-30T00:00:00","Time":null,"SurvyeorNa":null,"Survey_Dat":"2024/08/13 16:40:48.570","Survey_Loc":null,"UUID":null,"email_id":null,"Mandals":"Rajendra Nagar","Zone":"Buffer","Income":"BPL","AreaSqm":1.5001,"Areatext":"15.0012007846732","Duplicate":"0","Dist":"Ranga Reddy","PCs":"Chevella","Assembly_C":"Rajendra Nagar","Affeceted_":"1900-01-01T00:00:00","S_Number":174,"S_Fall":null,"Zone_1":"Z1A N","Affected_S":"Buffer","Area_SQF":161.470935472,"Zonewise":"Z1A","no_of_Floo":1,"gis_geometry_geojson":"{\"type\":\"Polygon\",\"coordinates\":[[[78.4009363,17.3499762],[78.4009504,17.3500106],[78.4009824,17.3499985],[78.4009682,17.3499641],[78.4009363,17.3499762]]]}"}},{"type":"Feature","id":"AS589-467","geometry":{"type":"Polygon","coordinates":[[[78.4020375,17.3513332],[78.4019846,17.3513798],[78.4019921,17.3513874],[78.4019782,17.3514001],[78.4020002,17.3514223],[78.4020662,17.3513622],[78.4020375,17.3513332]]]},"properties":{"household_id":"AS589-467","OBJECTID":269,"fid_1":268,"Area":449.161299029,"DSM":508.74454,"DTM":506,"HEIGHT":2.74454,"BuildingID":"86efb","BuiType":"Individual","StructType":"Temporary","NameOwnRep":"86efb","Contact":8885202541,"HNoPlotNo":"Tin shed","TPIN":null,"ColnyStrtN":"Vishwas Nagar","SyTsNo":"97","WardBlockN":"60","Use":"Resi","Extent":30,"PlinthArea":0,"Classifica":"Govt","Caste":"ST","FinanDepen":"No","HHSize":30,"NoAdults":2,"NoChild":3,"Govtbenefi":"No","Borewell":"No","Courtcase":"No","NameStruct":"Tin shed","ReliType":null,"Remarks":"Labour Tin shed","CommStatus":null,"Trees":"No","location":null,"Occupation":"Others","SkilledOcc":null,"Craftsmen":null,"ReliStruct":null,"Cremetoriu":null,"Email":null,"Date":"1899-12-30T00:00:00","Time":null,"SurvyeorNa":null,"Survey_Dat":"2024/08/13 16:40:51.130","Survey_Loc":null,"UUID":null,"email_id":null,"Mandals":"Rajendra Nagar","Zone":"Buffer","Income":"BPL","AreaSqm":3.4806,"Areatext":"34.8066898691026","Duplicate":"0","Dist":"Ranga Reddy","PCs":"Chevella","Assembly_C":"Rajendra Nagar","Affeceted_":"1900-01-01T00:00:00","S_Number":222,"S_Fall":null,"Zone_1":"Z1A N","Affected_S":"Buffer","Area_SQF":449.161299029,"Zonewise":"Z1A","no_of_Floo":1,"gis_geometry_geojson":"{\"type\":\"Polygon\",\"coordinates\":[[[78.4020375,17.3513332],[78.4019846,17.3513798],[78.4019921,17.3513874],[78.4019782,17.3514001],[78.4020002,17.3514223],[78.4020662,17.3513622],[78.4020375,17.3513332]]]}"}},{"type":"Feature","id":"AS589-468","geometry":{"type":"Polygon","coordinates":[[[78.402161,17.3514515],[78.4022036,17.3514159],[78.4021705,17.3513792],[78.4021278,17.3514148],[78.402161,17.3514515]]]},"properties":{"household_id":"AS589-468","OBJECTID":273,"fid_1":272,"Area":347.818889877,"DSM":508.05634,"DTM":506,"HEIGHT":2.05634,"BuildingID":"b5bfb","BuiType":"Individual","StructType":"Temporary","NameOwnRep":"b5bfb","Contact":8885202514,"HNoPlotNo":"Tin shed","TPIN":null,"ColnyStrtN":"Vishwas Nagar","SyTsNo":"97","WardBlockN":"60","Use":"Resi","Extent":0,"PlinthArea":0,"Classifica":"Govt","Caste":"ST","FinanDepen":"No","HHSize":0,"NoAdults":2,"NoChild":3,"Govtbenefi":"No","Borewell":"No","Courtcase":"No","NameStruct":"Tin shed","ReliType":null,"Remarks":"Labour","CommStatus":null,"Trees":"Yes","location":null,"Occupation":"Others","SkilledOcc":null,"Craftsmen":null,"ReliStruct":null,"Cremetoriu":null,"Email":null,"Date":"1899-12-30T00:00:00","Time":null,"SurvyeorNa":null,"Survey_Dat":"2024/08/13 17:26:58.716","Survey_Loc":null,"UUID":null,"email_id":null,"Mandals":"Rajendra Nagar","Zone":"River","Income":"BPL","AreaSqm":3.2313,"Areatext":"32.3135614810597","Duplicate":"0","Dist":"Ranga Reddy","PCs":"Chevella","Assembly_C":"Rajendra Nagar","Affeceted_":"1900-01-01T00:00:00","S_Number":228,"S_Fall":null,"Zone_1":"Z1A N","Affected_S":"Buffer","Area_SQF":347.818889877,"Zonewise":"Z1A","no_of_Floo":1,"gis_geometry_geojson":"{\"type\":\"Polygon\",\"coordinates\":[[[78.402161,17.3514515],[78.4022036,17.3514159],[78.4021705,17.3513792],[78.4021278,17.3514148],[78.402161,17.3514515]]]}"}},{"type":"Feature","id":"AS589-469","geometry":{"type":"Polygon","coordinates":[[[78.4010388,17.3502191],[78.4010859,17.3501958],[78.401063,17.3501532],[78.4010159,17.3501765],[78.4010388,17.3502191]]]},"properties":{"household_id":"AS589-469","OBJECTID":118,"fid_1":117,"Area":322.225111763,"DSM":509.71286,"DTM":508.2326,"HEIGHT":0.49342,"BuildingID":"7676c","BuiType":"Individual","StructType":"Temporary","NameOwnRep":"7676c","Contact":7000260740,"HNoPlotNo":"97","TPIN":null,"ColnyStrtN":"Mahfell town","SyTsNo":"97","WardBlockN":null,"Use":"Resi","Extent":0,"PlinthArea":0,"Classifica":"Govt","Caste":"BC","FinanDepen":"No","HHSize":0,"NoAdults":0,"NoChild":0,"Govtbenefi":"No","Borewell":"No","Courtcase":"No","NameStruct":"Rekula shad","ReliType":null,"Remarks":null,"CommStatus":null,"Trees":"No","location":null,"Occupation":"Skilled Worker","SkilledOcc":null,"Craftsmen":null,"ReliStruct":null,"Cremetoriu":null,"Email":null,"Date":"1899-12-30T00:00:00","Time":null,"SurvyeorNa":null,"Survey_Dat":"2024/08/13 16:40:47.702","Survey_Loc":null,"UUID":null,"email_id":null,"Mandals":"Rajendra Nagar","Zone":"Buffer","Income":"BPL","AreaSqm":2.9935,"Areatext":"29.9358121849349","Duplicate":"0","Dist":"Ranga Reddy","PCs":"Chevella","Assembly_C":"Rajendra Nagar","Affeceted_":"1900-01-01T00:00:00","S_Number":180,"S_Fall":null,"Zone_1":"Z1A N","Affected_S":"Buffer","Area_SQF":322.225111763,"Zonewise":"Z1A","no_of_Floo":1,"gis_geometry_geojson":"{\"type\":\"Polygon\",\"coordinates\":[[[78.4010388,17.3502191],[78.4010859,17.3501958],[78.401063,17.3501532],[78.4010159,17.3501765],[78.4010388,17.3502191]]]}"}},{"type":"Feature","id":"AS589-470","geometry":{"type":"Polygon","coordinates":[[[78.4011435,17.3502202],[78.4012111,17.3501834],[78.4012077,17.3501775],[78.401214,17.350174],[78.4011915,17.3501359],[78.4011175,17.3501762],[78.4011435,17.3502202]]]},"properties":{"household_id":"AS589-470","OBJECTID":119,"fid_1":118,"Area":539.118797983,"DSM":509.67877,"DTM":507,"HEIGHT":0.892923333333,"BuildingID":"2db82","BuiType":"Individual","StructType":"Temporary","NameOwnRep":"2db82","Contact":9550593840,"HNoPlotNo":"97","TPIN":null,"ColnyStrtN":null,"SyTsNo":"97","WardBlockN":null,"Use":"Resi","Extent":0,"PlinthArea":0,"Classifica":"Govt","Caste":"SC","FinanDepen":"No","HHSize":0,"NoAdults":0,"NoChild":0,"Govtbenefi":"No","Borewell":"No","Courtcase":"No","NameStruct":"Rekula shad","ReliType":null,"Remarks":null,"CommStatus":null,"Trees":"No","location":null,"Occupation":"Skilled Worker","SkilledOcc":null,"Craftsmen":null,"ReliStruct":null,"Cremetoriu":null,"Email":null,"Date":"1899-12-30T00:00:00","Time":null,"SurvyeorNa":null,"Survey_Dat":"2024/08/13 16:40:47.768","Survey_Loc":null,"UUID":null,"email_id":null,"Mandals":"Rajendra Nagar","Zone":"Buffer","Income":"BPL","AreaSqm":5.0085,"Areatext":"50.0859755948656","Duplicate":"0","Dist":"Ranga Reddy","PCs":"Chevella","Assembly_C":"Rajendra Nagar","Affeceted_":"1900-01-01T00:00:00","S_Number":181,"S_Fall":null,"Zone_1":"Z1A N","Affected_S":"Buffer","Area_SQF":539.118797983,"Zonewise":"Z1A","no_of_Floo":1,"gis_geometry_geojson":"{\"type\":\"Polygon\",\"coordinates\":[[[78.4011435,17.3502202],[78.4012111,17.3501834],[78.4012077,17.3501775],[78.401214,17.350174],[78.4011915,17.3501359],[78.4011175,17.3501762],[78.4011435,17.3502202]]]}"}},{"type":"Feature","id":"AS589-471","geometry":{"type":"Polygon","coordinates":[[[78.4010202,17.3500898],[78.4010122,17.3500746],[78.4010192,17.3500715],[78.4010097,17.3500517],[78.4010179,17.350048],[78.4009986,17.3500079],[78.400949,17.3500332],[78.4009766,17.3500904],[78.4009867,17.3500859],[78.4009951,17.3501019],[78.4010202,17.3500898]]]},"properties":{"household_id":"AS589-471","OBJECTID":145,"fid_1":144,"Area":488.815220357,"DSM":509.68109,"DTM":508,"HEIGHT":0.560363333333,"BuildingID":"ba588","BuiType":"Individual","StructType":"Permanent","NameOwnRep":"ba588","Contact":8688416907,"HNoPlotNo":"97","TPIN":null,"ColnyStrtN":"Mahfel towe","SyTsNo":"97","WardBlockN":null,"Use":"Resi","Extent":0,"PlinthArea":0,"Classifica":"Govt","Caste":"BC","FinanDepen":"No","HHSize":0,"NoAdults":0,"NoChild":0,"Govtbenefi":"No","Borewell":"No","Courtcase":"No","NameStruct":"Rekula shad","ReliType":null,"Remarks":null,"CommStatus":null,"Trees":"No","location":null,"Occupation":"Skilled Worker","SkilledOcc":null,"Craftsmen":null,"ReliStruct":null,"Cremetoriu":null,"Email":null,"Date":"1899-12-30T00:00:00","Time":null,"SurvyeorNa":null,"Survey_Dat":"2024/08/15 19:46:28.004","Survey_Loc":null,"UUID":null,"email_id":null,"Mandals":"Rajendra Nagar","Zone":"Buffer","Income":"APL","AreaSqm":3.9637,"Areatext":"39.6378178232292","Duplicate":"0","Dist":"Ranga Reddy","PCs":"Chevella","Assembly_C":"Rajendra Nagar","Affeceted_":"1900-01-01T00:00:00","S_Number":175,"S_Fall":null,"Zone_1":"Z1A N","Affected_S":"Buffer","Area_SQF":488.815220357,"Zonewise":"Z1A","no_of_Floo":1,"gis_geometry_geojson":"{\"type\":\"Polygon\",\"coordinates\":[[[78.4010202,17.3500898],[78.4010122,17.3500746],[78.4010192,17.3500715],[78.4010097,17.3500517],[78.4010179,17.350048],[78.4009986,17.3500079],[78.400949,17.3500332],[78.4009766,17.3500904],[78.4009867,17.3500859],[78.4009951,17.3501019],[78.4010202,17.3500898]]]}"}},{"type":"Feature","id":"AS589-472","geometry":{"type":"Polygon","coordinates":[[[78.4015654,17.3509554],[78.4015918,17.3509891],[78.4016278,17.350963],[78.4016014,17.3509293],[78.4015654,17.3509554]]]},"properties":{"household_id":"AS589-472","OBJECTID":266,"fid_1":265,"Area":241.233764855,"DSM":509.48947,"DTM":507,"HEIGHT":0.829823333333,"BuildingID":"b55ad","BuiType":"Individual","StructType":"Temporary","NameOwnRep":"b55ad","Contact":9550749398,"HNoPlotNo":null,"TPIN":null,"ColnyStrtN":null,"SyTsNo":"97","WardBlockN":null,"Use":"Resi","Extent":0,"PlinthArea":0,"Classifica":null,"Caste":null,"FinanDepen":null,"HHSize":0,"NoAdults":0,"NoChild":0,"Govtbenefi":null,"Borewell":"No","Courtcase":null,"NameStruct":null,"ReliType":null,"Remarks":null,"CommStatus":null,"Trees":"Yes","location":null,"Occupation":null,"SkilledOcc":null,"Craftsmen":null,"ReliStruct":null,"Cremetoriu":null,"Email":null,"Date":"1899-12-30T00:00:00","Time":null,"SurvyeorNa":"prudhviraju003","Survey_Dat":"2024/08/21 13:48:02.766","Survey_Loc":null,"UUID":null,"email_id":"prudhviraju003@gmail.com","Mandals":"Rajendra Nagar","Zone":"Buffer","Income":null,"AreaSqm":2.2411,"Areatext":"22.4114397577148","Duplicate":"0","Dist":"Ranga Reddy","PCs":"Chevella","Assembly_C":"Rajendra Nagar","Affeceted_":"1900-01-01T00:00:00","S_Number":208,"S_Fall":null,"Zone_1":"Z1A N","Affected_S":"Buffer","Area_SQF":241.233764855,"Zonewise":"Z1A","no_of_Floo":1,"gis_geometry_geojson":"{\"type\":\"Polygon\",\"coordinates\":[[[78.4015654,17.3509554],[78.4015918,17.3509891],[78.4016278,17.350963],[78.4016014,17.3509293],[78.4015654,17.3509554]]]}"}},{"type":"Feature","id":"AS589-473","geometry":{"type":"Polygon","coordinates":[[[78.4018964,17.3513039],[78.4019277,17.3513443],[78.4019526,17.3513235],[78.4019484,17.3513176],[78.4019647,17.3513036],[78.4019379,17.3512717],[78.4018964,17.3513039]]]},"properties":{"household_id":"AS589-473","OBJECTID":267,"fid_1":266,"Area":315.851500612,"DSM":508.67117,"DTM":506.1983,"HEIGHT":0.82429,"BuildingID":"7a1f1","BuiType":"Individual","StructType":"Temporary","NameOwnRep":"7a1f1","Contact":6301737675,"HNoPlotNo":"Tin shed labour","TPIN":null,"ColnyStrtN":"Vishwas Nagar","SyTsNo":"97","WardBlockN":"60","Use":"Resi","Extent":30,"PlinthArea":0,"Classifica":"Govt","Caste":"ST","FinanDepen":"No","HHSize":30,"NoAdults":4,"NoChild":0,"Govtbenefi":"No","Borewell":"No","Courtcase":"No","NameStruct":"Tin shed","ReliType":null,"Remarks":"Tin shed labour","CommStatus":null,"Trees":"No","location":null,"Occupation":"Others","SkilledOcc":null,"Craftsmen":null,"ReliStruct":null,"Cremetoriu":null,"Email":null,"Date":"1899-12-30T00:00:00","Time":null,"SurvyeorNa":null,"Survey_Dat":"2024/08/13 16:40:50.994","Survey_Loc":null,"UUID":null,"email_id":null,"Mandals":"Rajendra Nagar","Zone":"Buffer","Income":"BPL","AreaSqm":2.9343,"Areatext":"29.3436819709534","Duplicate":"0","Dist":"Ranga Reddy","PCs":"Chevella","Assembly_C":"Rajendra Nagar","Affeceted_":"1900-01-01T00:00:00","S_Number":220,"S_Fall":null,"Zone_1":"Z1A N","Affected_S":"Buffer","Area_SQF":315.851500612,"Zonewise":"Z1A","no_of_Floo":1,"gis_geometry_geojson":"{\"type\":\"Polygon\",\"coordinates\":[[[78.4018964,17.3513039],[78.4019277,17.3513443],[78.4019526,17.3513235],[78.4019484,17.3513176],[78.4019647,17.3513036],[78.4019379,17.3512717],[78.4018964,17.3513039]]]}"}},{"type":"Feature","id":"AS589-474","geometry":{"type":"Polygon","coordinates":[[[78.4011832,17.3503989],[78.4012022,17.3504317],[78.4012236,17.3504202],[78.4012045,17.3503874],[78.4011832,17.3503989]]]},"properties":{"household_id":"AS589-474","OBJECTID":283,"fid_1":282,"Area":116.662483258,"DSM":509.37411,"DTM":508,"HEIGHT":0.458036666667,"BuildingID":"a1f5d","BuiType":"Individual","StructType":"Temporary","NameOwnRep":"a1f5d","Contact":8106577506,"HNoPlotNo":"97","TPIN":null,"ColnyStrtN":"Mahfell town","SyTsNo":"97","WardBlockN":null,"Use":"Resi","Extent":0,"PlinthArea":0,"Classifica":"Govt","Caste":"SC","FinanDepen":"No","HHSize":0,"NoAdults":0,"NoChild":0,"Govtbenefi":"No","Borewell":"No","Courtcase":"No","NameStruct":"Rekula shad","ReliType":null,"Remarks":null,"CommStatus":null,"Trees":"No","location":null,"Occupation":"UnSkilled Worker","SkilledOcc":null,"Craftsmen":null,"ReliStruct":null,"Cremetoriu":null,"Email":null,"Date":"1899-12-30T00:00:00","Time":null,"SurvyeorNa":null,"Survey_Dat":"2024/08/13 16:40:52.013","Survey_Loc":null,"UUID":null,"email_id":null,"Mandals":"Rajendra Nagar","Zone":"Buffer","Income":"BPL","AreaSqm":1.0838,"Areatext":"10.8383427031073","Duplicate":"0","Dist":"Ranga Reddy","PCs":"Chevella","Assembly_C":"Rajendra Nagar","Affeceted_":"1900-01-01T00:00:00","S_Number":192,"S_Fall":null,"Zone_1":"Z1A N","Affected_S":"Buffer","Area_SQF":116.662483258,"Zonewise":"Z1A","no_of_Floo":1,"gis_geometry_geojson":"{\"type\":\"Polygon\",\"coordinates\":[[[78.4011832,17.3503989],[78.4012022,17.3504317],[78.4012236,17.3504202],[78.4012045,17.3503874],[78.4011832,17.3503989]]]}"}},{"type":"Feature","id":"AS589-475","geometry":{"type":"Polygon","coordinates":[[[78.4012082,17.3501849],[78.4011672,17.3502073],[78.4012159,17.3502867],[78.4012554,17.3502622],[78.4012082,17.3501849]]]},"properties":{"household_id":"AS589-475","OBJECTID":284,"fid_1":283,"Area":547.25866529,"DSM":509.30103,"DTM":506,"HEIGHT":1.10034333333,"BuildingID":"9e422","BuiType":"Individual","StructType":"Temporary","NameOwnRep":"9e422","Contact":8125551954,"HNoPlotNo":"97","TPIN":null,"ColnyStrtN":"Mahfell town","SyTsNo":"97","WardBlockN":null,"Use":"Resi","Extent":0,"PlinthArea":0,"Classifica":"Govt","Caste":"SC","FinanDepen":"No","HHSize":0,"NoAdults":0,"NoChild":0,"Govtbenefi":"No","Borewell":"No","Courtcase":"No","NameStruct":"Rekula shad","ReliType":null,"Remarks":null,"CommStatus":null,"Trees":"No","location":null,"Occupation":"Others","SkilledOcc":null,"Craftsmen":null,"ReliStruct":null,"Cremetoriu":null,"Email":null,"Date":"1899-12-30T00:00:00","Time":null,"SurvyeorNa":null,"Survey_Dat":"2024/08/13 16:40:52.081","Survey_Loc":null,"UUID":null,"email_id":null,"Mandals":"Rajendra Nagar","Zone":"Buffer","Income":"BPL","AreaSqm":5.0842,"Areatext":"50.8421970412902","Duplicate":"0","Dist":"Ranga Reddy","PCs":"Chevella","Assembly_C":"Rajendra Nagar","Affeceted_":"1900-01-01T00:00:00","S_Number":185,"S_Fall":null,"Zone_1":"Z1A N","Affected_S":"Buffer","Area_SQF":547.25866529,"Zonewise":"Z1A","no_of_Floo":1,"gis_geometry_geojson":"{\"type\":\"Polygon\",\"coordinates\":[[[78.4012082,17.3501849],[78.4011672,17.3502073],[78.4012159,17.3502867],[78.4012554,17.3502622],[78.4012082,17.3501849]]]}"}},{"type":"Feature","id":"AS589-476","geometry":{"type":"Polygon","coordinates":[[[78.4012614,17.3504386],[78.4013313,17.3504113],[78.4013135,17.3503693],[78.4012435,17.3503966],[78.4012614,17.3504386]]]},"properties":{"household_id":"AS589-476","OBJECTID":288,"fid_1":287,"Area":434.79593964,"DSM":509.51599,"DTM":507,"HEIGHT":0.838663333333,"BuildingID":"dd916","BuiType":"Individual","StructType":"Temporary","NameOwnRep":"dd916","Contact":7569787769,"HNoPlotNo":"97","TPIN":null,"ColnyStrtN":"Mahfell town","SyTsNo":"97","WardBlockN":null,"Use":"Resi","Extent":0,"PlinthArea":0,"Classifica":"Govt","Caste":"SC","FinanDepen":"No","HHSize":0,"NoAdults":0,"NoChild":0,"Govtbenefi":"No","Borewell":"No","Courtcase":"No","NameStruct":"Rekula shad","ReliType":null,"Remarks":null,"CommStatus":null,"Trees":"No","location":null,"Occupation":"UnSkilled Worker","SkilledOcc":null,"Craftsmen":null,"ReliStruct":null,"Cremetoriu":null,"Email":null,"Date":"1899-12-30T00:00:00","Time":null,"SurvyeorNa":null,"Survey_Dat":"2024/08/13 16:40:52.354","Survey_Loc":null,"UUID":null,"email_id":null,"Mandals":"Rajendra Nagar","Zone":"Buffer","Income":"BPL","AreaSqm":4.0394,"Areatext":"40.3940261576038","Duplicate":"0","Dist":"Ranga Reddy","PCs":"Chevella","Assembly_C":"Rajendra Nagar","Affeceted_":"1900-01-01T00:00:00","S_Number":193,"S_Fall":null,"Zone_1":"Z1A N","Affected_S":"Buffer","Area_SQF":434.79593964,"Zonewise":"Z1A","no_of_Floo":1,"gis_geometry_geojson":"{\"type\":\"Polygon\",\"coordinates\":[[[78.4012614,17.3504386],[78.4013313,17.3504113],[78.4013135,17.3503693],[78.4012435,17.3503966],[78.4012614,17.3504386]]]}"}},{"type":"Feature","id":"AS589-477","geometry":{"type":"Polygon","coordinates":[[[78.4013819,17.3507335],[78.401396,17.3507465],[78.4014266,17.3507196],[78.4014134,17.3507057],[78.401421,17.3506991],[78.401395,17.3506718],[78.4013351,17.3507245],[78.4013611,17.3507517],[78.4013819,17.3507335]]]},"properties":{"household_id":"AS589-477","OBJECTID":292,"fid_1":291,"Area":478.942904617,"DSM":509.33969,"DTM":508,"HEIGHT":0.446563333333,"BuildingID":"6b334","BuiType":"Individual","StructType":"Temporary","NameOwnRep":"6b334","Contact":7013989850,"HNoPlotNo":null,"TPIN":null,"ColnyStrtN":"Vishwash Nagar colony","SyTsNo":"97","WardBlockN":null,"Use":"Resi","Extent":0,"PlinthArea":0,"Classifica":"Govt","Caste":"SC","FinanDepen":"No","HHSize":4,"NoAdults":2,"NoChild":2,"Govtbenefi":"No","Borewell":"No","Courtcase":"No","NameStruct":"Tean shead","ReliType":null,"Remarks":null,"CommStatus":null,"Trees":"No","location":null,"Occupation":"Others","SkilledOcc":null,"Craftsmen":null,"ReliStruct":null,"Cremetoriu":null,"Email":null,"Date":"1899-12-30T00:00:00","Time":null,"SurvyeorNa":null,"Survey_Dat":"2024/08/13 16:40:52.559","Survey_Loc":null,"UUID":null,"email_id":null,"Mandals":"Rajendra Nagar","Zone":"Buffer","Income":"BPL","AreaSqm":3.5326,"Areatext":"35.3269065759511","Duplicate":"0","Dist":"Ranga Reddy","PCs":"Chevella","Assembly_C":"Rajendra Nagar","Affeceted_":"1900-01-01T00:00:00","S_Number":204,"S_Fall":null,"Zone_1":"Z1A N","Affected_S":"Buffer","Area_SQF":478.942904617,"Zonewise":"Z1A","no_of_Floo":1,"gis_geometry_geojson":"{\"type\":\"Polygon\",\"coordinates\":[[[78.4013819,17.3507335],[78.401396,17.3507465],[78.4014266,17.3507196],[78.4014134,17.3507057],[78.401421,17.3506991],[78.401395,17.3506718],[78.4013351,17.3507245],[78.4013611,17.3507517],[78.4013819,17.3507335]]]}"}},{"type":"Feature","id":"AS589-478","geometry":{"type":"Polygon","coordinates":[[[78.4012945,17.3506777],[78.4013466,17.3506311],[78.4013115,17.3505949],[78.4012594,17.3506416],[78.4012945,17.3506777]]]},"properties":{"household_id":"AS589-478","OBJECTID":294,"fid_1":293,"Area":446.509511916,"DSM":509.33969,"DTM":508,"HEIGHT":0.446563333333,"BuildingID":"009e4","BuiType":"Individual","StructType":"Temporary","NameOwnRep":"009e4","Contact":9701812264,"HNoPlotNo":null,"TPIN":null,"ColnyStrtN":"Vishwash Nagar colony","SyTsNo":"97","WardBlockN":null,"Use":"Resi","Extent":0,"PlinthArea":0,"Classifica":"Govt","Caste":"SC","FinanDepen":"No","HHSize":5,"NoAdults":2,"NoChild":3,"Govtbenefi":"No","Borewell":"No","Courtcase":"No","NameStruct":"Tean shead","ReliType":null,"Remarks":null,"CommStatus":null,"Trees":"No","location":null,"Occupation":"Others","SkilledOcc":null,"Craftsmen":null,"ReliStruct":null,"Cremetoriu":null,"Email":null,"Date":"1899-12-30T00:00:00","Time":null,"SurvyeorNa":null,"Survey_Dat":"2024/08/13 16:40:52.695","Survey_Loc":null,"UUID":null,"email_id":null,"Mandals":"Rajendra Nagar","Zone":"Buffer","Income":"BPL","AreaSqm":4.1482,"Areatext":"41.4822569743342","Duplicate":"0","Dist":"Ranga Reddy","PCs":"Chevella","Assembly_C":"Rajendra Nagar","Affeceted_":"1900-01-01T00:00:00","S_Number":202,"S_Fall":null,"Zone_1":"Z1A N","Affected_S":"Buffer","Area_SQF":446.509511916,"Zonewise":"Z1A","no_of_Floo":1,"gis_geometry_geojson":"{\"type\":\"Polygon\",\"coordinates\":[[[78.4012945,17.3506777],[78.4013466,17.3506311],[78.4013115,17.3505949],[78.4012594,17.3506416],[78.4012945,17.3506777]]]}"}},{"type":"Feature","id":"AS589-479","geometry":{"type":"Polygon","coordinates":[[[78.3986529,17.3315803],[78.3986269,17.3314943],[78.3985942,17.3315035],[78.3986236,17.3315884],[78.3986529,17.3315803]]]},"properties":{"household_id":"AS589-479","OBJECTID":585,"fid_1":584,"Area":366.549127688,"DSM":521.92902,"DTM":518,"HEIGHT":3.92902,"BuildingID":null,"BuiType":null,"StructType":"Temporary","NameOwnRep":null,"Contact":0,"HNoPlotNo":null,"TPIN":null,"ColnyStrtN":null,"SyTsNo":null,"WardBlockN":null,"Use":"Industria","Extent":0,"PlinthArea":0,"Classifica":null,"Caste":null,"FinanDepen":null,"HHSize":0,"NoAdults":0,"NoChild":0,"Govtbenefi":null,"Borewell":null,"Courtcase":null,"NameStruct":null,"ReliType":null,"Remarks":null,"CommStatus":null,"Trees":null,"location":null,"Occupation":null,"SkilledOcc":null,"Craftsmen":null,"ReliStruct":null,"Cremetoriu":null,"Email":null,"Date":"1899-12-30T00:00:00","Time":null,"SurvyeorNa":null,"Survey_Dat":null,"Survey_Loc":null,"UUID":null,"email_id":null,"Mandals":null,"Zone":"Zone 1","Income":null,"AreaSqm":0,"Areatext":null,"Duplicate":null,"Dist":null,"PCs":null,"Assembly_C":null,"Affeceted_":"1900-01-01T00:00:00","S_Number":55,"S_Fall":null,"Zone_1":"Z1A S","Affected_S":"Buffer","Area_SQF":366.549127688,"Zonewise":"Z1A","no_of_Floo":1,"gis_geometry_geojson":"{\"type\":\"Polygon\",\"coordinates\":[[[78.3986529,17.3315803],[78.3986269,17.3314943],[78.3985942,17.3315035],[78.3986236,17.3315884],[78.3986529,17.3315803]]]}"}},{"type":"Feature","id":"AS589-480","geometry":{"type":"Polygon","coordinates":[[[78.3983083,17.3316131],[78.3983093,17.3316168],[78.3982311,17.3316415],[78.3982704,17.3318975],[78.3983822,17.3318832],[78.3983424,17.3316113],[78.3983387,17.3316118],[78.3983373,17.3316025],[78.3983083,17.3316131]]]},"properties":{"household_id":"AS589-480","OBJECTID":389,"fid_1":388,"Area":3892.64507491,"DSM":519.08594,"DTM":514,"HEIGHT":5.08594,"BuildingID":"e7df1","BuiType":null,"StructType":"Permanent","NameOwnRep":"e7df1","Contact":9246805959,"HNoPlotNo":"Sy no 456","TPIN":null,"ColnyStrtN":null,"SyTsNo":"456","WardBlockN":null,"Use":"Comm","Extent":0,"PlinthArea":0,"Classifica":"ULC","Caste":"OC","FinanDepen":"No","HHSize":0,"NoAdults":0,"NoChild":0,"Govtbenefi":"No","Borewell":"No","Courtcase":"No","NameStruct":"Rekula shad","ReliType":null,"Remarks":null,"CommStatus":"Scrap","Trees":"No","location":null,"Occupation":null,"SkilledOcc":null,"Craftsmen":null,"ReliStruct":null,"Cremetoriu":null,"Email":null,"Date":"1899-12-30T00:00:00","Time":null,"SurvyeorNa":null,"Survey_Dat":"2024/08/07 21:17:52.596","Survey_Loc":null,"UUID":null,"email_id":null,"Mandals":"Rajendra Nagar","Zone":"Buffer","Income":null,"AreaSqm":3.6164,"Areatext":"361.64000765813","Duplicate":"0","Dist":"Ranga Reddy","PCs":"Chevella","Assembly_C":"Rajendra Nagar","Affeceted_":"1900-01-01T00:00:00","S_Number":56,"S_Fall":null,"Zone_1":"Z1A S","Affected_S":"Buffer","Area_SQF":7785.29014982,"Zonewise":"Z1A","no_of_Floo":2,"gis_geometry_geojson":"{\"type\":\"Polygon\",\"coordinates\":[[[78.3983083,17.3316131],[78.3983093,17.3316168],[78.3982311,17.3316415],[78.3982704,17.3318975],[78.3983822,17.3318832],[78.3983424,17.3316113],[78.3983387,17.3316118],[78.3983373,17.3316025],[78.3983083,17.3316131]]]}"}},{"type":"Feature","id":"AS589-481","geometry":{"type":"Polygon","coordinates":[[[78.394368,17.3292958],[78.394431,17.3292988],[78.3944291,17.3293356],[78.3944936,17.3293387],[78.3944953,17.3293049],[78.3945631,17.3293082],[78.3945695,17.3291856],[78.3944995,17.3291823],[78.3945008,17.3291584],[78.3944416,17.3291555],[78.3944404,17.3291791],[78.3943743,17.3291759],[78.394368,17.3292958]]]},"properties":{"household_id":"AS589-481","OBJECTID":296,"fid_1":295,"Area":3474.65962528,"DSM":519.45349,"DTM":512,"HEIGHT":7.45349,"BuildingID":"26695","BuiType":null,"StructType":"Permanent","NameOwnRep":"26695","Contact":0,"HNoPlotNo":null,"TPIN":null,"ColnyStrtN":"Ari","SyTsNo":"418","WardBlockN":"Budwel","Use":"Govt","Extent":0,"PlinthArea":0,"Classifica":"Govt","Caste":null,"FinanDepen":null,"HHSize":0,"NoAdults":0,"NoChild":0,"Govtbenefi":null,"Borewell":"No","Courtcase":"No","NameStruct":"New kidwai cottars","ReliType":null,"Remarks":null,"CommStatus":null,"Trees":"No","location":null,"Occupation":null,"SkilledOcc":null,"Craftsmen":null,"ReliStruct":null,"Cremetoriu":null,"Email":null,"Date":"1899-12-30T00:00:00","Time":null,"SurvyeorNa":null,"Survey_Dat":"2024/08/07 21:17:45.595","Survey_Loc":null,"UUID":null,"email_id":null,"Mandals":"Gandipet","Zone":"Buffer","Income":null,"AreaSqm":3.228,"Areatext":"322.80773337991","Duplicate":"0","Dist":"Ranga Reddy","PCs":"Chevella","Assembly_C":"Rajendra Nagar","Affeceted_":"1900-01-01T00:00:00","S_Number":52,"S_Fall":null,"Zone_1":"Z1A S","Affected_S":"Buffer","Area_SQF":6949.31925056,"Zonewise":"Z1A","no_of_Floo":2,"gis_geometry_geojson":"{\"type\":\"Polygon\",\"coordinates\":[[[78.394368,17.3292958],[78.394431,17.3292988],[78.3944291,17.3293356],[78.3944936,17.3293387],[78.3944953,17.3293049],[78.3945631,17.3293082],[78.3945695,17.3291856],[78.3944995,17.3291823],[78.3945008,17.3291584],[78.3944416,17.3291555],[78.3944404,17.3291791],[78.3943743,17.3291759],[78.394368,17.3292958]]]}"}},{"type":"Feature","id":"AS589-482","geometry":{"type":"Polygon","coordinates":[[[78.400738,17.371214],[78.400596,17.3712001],[78.400587,17.371282],[78.4007319,17.3712924],[78.400738,17.371214]]]},"properties":{"household_id":"AS589-482","OBJECTID":67,"fid_1":710,"Area":1468.96005196,"DSM":501.353,"DTM":498,"HEIGHT":3.353,"BuildingID":null,"BuiType":null,"StructType":"Temporary","NameOwnRep":null,"Contact":0,"HNoPlotNo":null,"TPIN":null,"ColnyStrtN":null,"SyTsNo":null,"WardBlockN":null,"Use":"Resi","Extent":0,"PlinthArea":0,"Classifica":null,"Caste":null,"FinanDepen":null,"HHSize":0,"NoAdults":0,"NoChild":0,"Govtbenefi":null,"Borewell":null,"Courtcase":null,"NameStruct":null,"ReliType":null,"Remarks":null,"CommStatus":null,"Trees":null,"location":null,"Occupation":null,"SkilledOcc":null,"Craftsmen":null,"ReliStruct":null,"Cremetoriu":null,"Email":null,"Date":"1899-12-30T00:00:00","Time":null,"SurvyeorNa":null,"Survey_Dat":null,"Survey_Loc":null,"UUID":null,"email_id":null,"Mandals":null,"Zone":"Zone 1","Income":null,"AreaSqm":0,"Areatext":null,"Duplicate":null,"Dist":"As per new Alignment","PCs":null,"Assembly_C":null,"Affeceted_":"1899-12-30T00:00:00","S_Number":0,"S_Fall":null,"Zone_1":"Z1B S","Affected_S":"Buffer","Area_SQF":1468.96005196,"Zonewise":"Z1B","no_of_Floo":1,"gis_geometry_geojson":"{\"type\":\"Polygon\",\"coordinates\":[[[78.400738,17.371214],[78.400596,17.3712001],[78.400587,17.371282],[78.4007319,17.3712924],[78.400738,17.371214]]]}"}},{"type":"Feature","id":"AS589-483","geometry":{"type":"Polygon","coordinates":[[[78.4002915,17.3711856],[78.4002288,17.3711783],[78.4002171,17.3712225],[78.4002851,17.3712362],[78.4002915,17.3711856]]]},"properties":{"household_id":"AS589-483","OBJECTID":93,"fid_1":736,"Area":403.994335571,"DSM":499.83148,"DTM":497,"HEIGHT":2.83148,"BuildingID":null,"BuiType":null,"StructType":"Permanent","NameOwnRep":null,"Contact":0,"HNoPlotNo":null,"TPIN":null,"ColnyStrtN":null,"SyTsNo":null,"WardBlockN":null,"Use":"Recr","Extent":0,"PlinthArea":0,"Classifica":null,"Caste":null,"FinanDepen":null,"HHSize":0,"NoAdults":0,"NoChild":0,"Govtbenefi":null,"Borewell":null,"Courtcase":null,"NameStruct":null,"ReliType":null,"Remarks":null,"CommStatus":null,"Trees":null,"location":null,"Occupation":null,"SkilledOcc":null,"Craftsmen":null,"ReliStruct":null,"Cremetoriu":null,"Email":null,"Date":"1899-12-30T00:00:00","Time":null,"SurvyeorNa":null,"Survey_Dat":null,"Survey_Loc":null,"UUID":null,"email_id":null,"Mandals":null,"Zone":"Zone 1","Income":null,"AreaSqm":0,"Areatext":null,"Duplicate":null,"Dist":"As per new Alignment","PCs":null,"Assembly_C":null,"Affeceted_":"1899-12-30T00:00:00","S_Number":0,"S_Fall":null,"Zone_1":"Z1B S","Affected_S":"Buffer","Area_SQF":403.994335571,"Zonewise":"Z1B","no_of_Floo":1,"gis_geometry_geojson":"{\"type\":\"Polygon\",\"coordinates\":[[[78.4002915,17.3711856],[78.4002288,17.3711783],[78.4002171,17.3712225],[78.4002851,17.3712362],[78.4002915,17.3711856]]]}"}},{"type":"Feature","id":"AS589-484","geometry":{"type":"Polygon","coordinates":[[[78.4007258,17.371496],[78.4007657,17.3714999],[78.4007751,17.3714022],[78.4007352,17.3713987],[78.4007258,17.371496]]]},"properties":{"household_id":"AS589-484","OBJECTID":513,"fid_1":1156,"Area":497.855044374,"DSM":507.76559,"DTM":499,"HEIGHT":8.76559,"BuildingID":"55192","BuiType":"Individual","StructType":"Permanent","NameOwnRep":"55192","Contact":9989271410,"HNoPlotNo":"6-228/P","TPIN":null,"ColnyStrtN":"Sai Ram Nagar colony","SyTsNo":"126","WardBlockN":"Hydershakote","Use":"Resi","Extent":0,"PlinthArea":0,"Classifica":"Patta","Caste":"BC","FinanDepen":"No","HHSize":0,"NoAdults":0,"NoChild":0,"Govtbenefi":null,"Borewell":"Yes","Courtcase":"No","NameStruct":"G+2 residential building","ReliType":null,"Remarks":"There is a G+2 residential building and the owner is a Govt emp.","CommStatus":null,"Trees":"No","location":null,"Occupation":"Retired","SkilledOcc":null,"Craftsmen":null,"ReliStruct":null,"Cremetoriu":null,"Email":null,"Date":"1899-12-30T00:00:00","Time":null,"SurvyeorNa":null,"Survey_Dat":null,"Survey_Loc":null,"UUID":null,"email_id":null,"Mandals":"Gandipet","Zone":"Buffer","Income":null,"AreaSqm":4.6252,"Areatext":"46.2524321104319","Duplicate":"0","Dist":"Ranga Reddy","PCs":"Chevella","Assembly_C":"Rajendra Nagar","Affeceted_":"1899-12-30T00:00:00","S_Number":0,"S_Fall":null,"Zone_1":"Z1B S","Affected_S":"Buffer","Area_SQF":1493.56513312,"Zonewise":"Z1B","no_of_Floo":3,"gis_geometry_geojson":"{\"type\":\"Polygon\",\"coordinates\":[[[78.4007258,17.371496],[78.4007657,17.3714999],[78.4007751,17.3714022],[78.4007352,17.3713987],[78.4007258,17.371496]]]}"}},{"type":"Feature","id":"AS589-485","geometry":{"type":"Polygon","coordinates":[[[78.4007788,17.3714925],[78.4008713,17.3715],[78.400876,17.3714462],[78.4008644,17.3714453],[78.4008662,17.3714251],[78.4008582,17.3714244],[78.4008596,17.3714078],[78.4007877,17.3714019],[78.4007788,17.3714925]]]},"properties":{"household_id":"AS589-485","OBJECTID":514,"fid_1":1157,"Area":993.111208667,"DSM":507.37457,"DTM":499,"HEIGHT":8.37457,"BuildingID":"4a610","BuiType":"Individual","StructType":"Permanent","NameOwnRep":"4a610","Contact":9550003789,"HNoPlotNo":"6-1-56","TPIN":null,"ColnyStrtN":"Sai ram nagar colony","SyTsNo":"126","WardBlockN":"Bandlaguda Jagir","Use":"Resi","Extent":0,"PlinthArea":0,"Classifica":"Patta","Caste":"OC","FinanDepen":null,"HHSize":2,"NoAdults":2,"NoChild":0,"Govtbenefi":null,"Borewell":"Yes","Courtcase":"No","NameStruct":"Residential house","ReliType":null,"Remarks":null,"CommStatus":null,"Trees":"No","location":null,"Occupation":"Skilled Worker","SkilledOcc":null,"Craftsmen":null,"ReliStruct":null,"Cremetoriu":null,"Email":null,"Date":"1899-12-30T00:00:00","Time":null,"SurvyeorNa":null,"Survey_Dat":null,"Survey_Loc":null,"UUID":null,"email_id":null,"Mandals":"Gandipet","Zone":"Buffer","Income":"APL","AreaSqm":9.2263,"Areatext":"92.2634193946407","Duplicate":"0","Dist":"Ranga Reddy","PCs":"Chevella","Assembly_C":"Rajendra Nagar","Affeceted_":"1899-12-30T00:00:00","S_Number":0,"S_Fall":null,"Zone_1":"Z1B S","Affected_S":"Buffer","Area_SQF":2979.333626,"Zonewise":"Z1B","no_of_Floo":3,"gis_geometry_geojson":"{\"type\":\"Polygon\",\"coordinates\":[[[78.4007788,17.3714925],[78.4008713,17.3715],[78.400876,17.3714462],[78.4008644,17.3714453],[78.4008662,17.3714251],[78.4008582,17.3714244],[78.4008596,17.3714078],[78.4007877,17.3714019],[78.4007788,17.3714925]]]}"}},{"type":"Feature","id":"AS589-486","geometry":{"type":"Polygon","coordinates":[[[78.4005731,17.3714719],[78.4006999,17.3714853],[78.4007055,17.3714333],[78.4006962,17.3714324],[78.4006976,17.3714188],[78.4006886,17.3714179],[78.400691,17.3713962],[78.4005824,17.3713854],[78.4005731,17.3714719]]]},"properties":{"household_id":"AS589-486","OBJECTID":512,"fid_1":1155,"Area":1344.53992895,"DSM":505.0062,"DTM":498,"HEIGHT":7.0062,"BuildingID":"1e13f","BuiType":"Individual","StructType":"Permanent","NameOwnRep":"1e13f","Contact":8019576564,"HNoPlotNo":"112","TPIN":null,"ColnyStrtN":"Sai ram nagar colony","SyTsNo":"126","WardBlockN":"Bandlaguda Jagir","Use":"Resi","Extent":200,"PlinthArea":0,"Classifica":"Patta","Caste":"OC","FinanDepen":"No","HHSize":2,"NoAdults":2,"NoChild":0,"Govtbenefi":"No","Borewell":"Yes","Courtcase":"No","NameStruct":"Sri vatssa  nilayam  residential house","ReliType":null,"Remarks":"Bandlaguda Jagir","CommStatus":null,"Trees":"No","location":null,"Occupation":"Retired","SkilledOcc":null,"Craftsmen":null,"ReliStruct":null,"Cremetoriu":null,"Email":null,"Date":"1899-12-30T00:00:00","Time":null,"SurvyeorNa":null,"Survey_Dat":null,"Survey_Loc":null,"UUID":null,"email_id":null,"Mandals":"Gandipet","Zone":"Buffer","Income":null,"AreaSqm":1.2491,"Areatext":"124.912346448627","Duplicate":"0","Dist":"Ranga Reddy","PCs":"Chevella","Assembly_C":"Rajendra Nagar","Affeceted_":"1899-12-30T00:00:00","S_Number":0,"S_Fall":null,"Zone_1":"Z1B S","Affected_S":"Buffer","Area_SQF":2689.0798579,"Zonewise":"Z1B","no_of_Floo":2,"gis_geometry_geojson":"{\"type\":\"Polygon\",\"coordinates\":[[[78.4005731,17.3714719],[78.4006999,17.3714853],[78.4007055,17.3714333],[78.4006962,17.3714324],[78.4006976,17.3714188],[78.4006886,17.3714179],[78.400691,17.3713962],[78.4005824,17.3713854],[78.4005731,17.3714719]]]}"}},{"type":"Feature","id":"AS589-487","geometry":{"type":"Polygon","coordinates":[[[78.4007559,17.37131],[78.4007497,17.3713905],[78.4008606,17.3714005],[78.400869,17.371315],[78.4008507,17.3713134],[78.4008502,17.3713185],[78.4007559,17.37131]]]},"properties":{"household_id":"AS589-487","OBJECTID":515,"fid_1":1158,"Area":1159.18165233,"DSM":508.61539,"DTM":499,"HEIGHT":9.61539,"BuildingID":"12558","BuiType":null,"StructType":"Permanent","NameOwnRep":"12558","Contact":9248383053,"HNoPlotNo":"6-1-30","TPIN":null,"ColnyStrtN":"Sriram Nagar colony","SyTsNo":"126","WardBlockN":null,"Use":"Comm","Extent":220,"PlinthArea":0,"Classifica":"Patta","Caste":null,"FinanDepen":"No","HHSize":0,"NoAdults":0,"NoChild":0,"Govtbenefi":"No","Borewell":"Yes","Courtcase":"No","NameStruct":"Permanent residence structure","ReliType":null,"Remarks":"There is a permanent residence structure","CommStatus":"Others","Trees":"No","location":null,"Occupation":null,"SkilledOcc":null,"Craftsmen":null,"ReliStruct":null,"Cremetoriu":null,"Email":null,"Date":"1899-12-30T00:00:00","Time":null,"SurvyeorNa":null,"Survey_Dat":null,"Survey_Loc":null,"UUID":null,"email_id":null,"Mandals":"Gandipet","Zone":"Buffer","Income":null,"AreaSqm":1.0769,"Areatext":"107.691930177894","Duplicate":"0","Dist":"Ranga Reddy","PCs":"Chevella","Assembly_C":"Rajendra Nagar","Affeceted_":"1899-12-30T00:00:00","S_Number":0,"S_Fall":null,"Zone_1":"Z1B S","Affected_S":"Buffer","Area_SQF":3477.54495699,"Zonewise":"Z1B","no_of_Floo":3,"gis_geometry_geojson":"{\"type\":\"Polygon\",\"coordinates\":[[[78.4007559,17.37131],[78.4007497,17.3713905],[78.4008606,17.3714005],[78.400869,17.371315],[78.4008507,17.3713134],[78.4008502,17.3713185],[78.4007559,17.37131]]]}"}},{"type":"Feature","id":"AS589-488","geometry":{"type":"Polygon","coordinates":[[[78.4002607,17.3714696],[78.4002589,17.3715761],[78.4004844,17.3715805],[78.4004867,17.371474],[78.4002607,17.3714696]]]},"properties":{"household_id":"AS589-488","OBJECTID":506,"fid_1":1149,"Area":3058.24374756,"DSM":502.41199,"DTM":498,"HEIGHT":4.41199,"BuildingID":"febae","BuiType":null,"StructType":"Permanent","NameOwnRep":"febae","Contact":9441353535,"HNoPlotNo":null,"TPIN":null,"ColnyStrtN":"Sai Ram Nagar colony","SyTsNo":"126","WardBlockN":"Hydershakote","Use":"Reli","Extent":0,"PlinthArea":0,"Classifica":"Patta","Caste":null,"FinanDepen":null,"HHSize":0,"NoAdults":0,"NoChild":0,"Govtbenefi":null,"Borewell":"Yes","Courtcase":"No","NameStruct":"Sai Baba Temple","ReliType":"Hindu","Remarks":"There is a Sai Baba Temple and building belong temple people","CommStatus":null,"Trees":"No","location":null,"Occupation":null,"SkilledOcc":null,"Craftsmen":null,"ReliStruct":"Religious","Cremetoriu":null,"Email":null,"Date":"1899-12-30T00:00:00","Time":null,"SurvyeorNa":null,"Survey_Dat":null,"Survey_Loc":null,"UUID":null,"email_id":null,"Mandals":"Gandipet","Zone":"Buffer","Income":null,"AreaSqm":1.926,"Areatext":"192.601862891816","Duplicate":"0","Dist":"Ranga Reddy","PCs":"Chevella","Assembly_C":"Rajendra Nagar","Affeceted_":"1899-12-30T00:00:00","S_Number":0,"S_Fall":null,"Zone_1":"Z1B S","Affected_S":"Buffer","Area_SQF":3058.24374756,"Zonewise":"Z1B","no_of_Floo":1,"gis_geometry_geojson":"{\"type\":\"Polygon\",\"coordinates\":[[[78.4002607,17.3714696],[78.4002589,17.3715761],[78.4004844,17.3715805],[78.4004867,17.371474],[78.4002607,17.3714696]]]}"}},{"type":"Feature","id":"AS589-489","geometry":{"type":"MultiPolygon","coordinates":[[[[78.4004722,17.3712924],[78.4004598,17.3712961],[78.4004533,17.3713091],[78.4004572,17.3713201],[78.4004707,17.3713263],[78.4004829,17.3713218],[78.4004887,17.3713096],[78.4004847,17.3712986],[78.4004722,17.3712924]]],[[[78.4002606,17.3712859],[78.4002593,17.3713309],[78.4004514,17.3713339],[78.4004521,17.3712889],[78.4002606,17.3712859]]]]},"properties":{"household_id":"AS589-489","OBJECTID":509,"fid_1":1152,"Area":1218.30708276,"DSM":501.80673,"DTM":498,"HEIGHT":3.80673,"BuildingID":"586da","BuiType":null,"StructType":"Permanent","NameOwnRep":"586da","Contact":9441353535,"HNoPlotNo":null,"TPIN":null,"ColnyStrtN":"Sairam nagar colony","SyTsNo":"126","WardBlockN":null,"Use":"Comm","Extent":300,"PlinthArea":0,"Classifica":"Patta","Caste":"OC","FinanDepen":"No","HHSize":0,"NoAdults":0,"NoChild":0,"Govtbenefi":"No","Borewell":"Yes","Courtcase":"No","NameStruct":"Permanent residence structure","ReliType":null,"Remarks":"There is a permanent residence structure of temple","CommStatus":"Others","Trees":"No","location":null,"Occupation":null,"SkilledOcc":null,"Craftsmen":null,"ReliStruct":null,"Cremetoriu":null,"Email":null,"Date":"1899-12-30T00:00:00","Time":null,"SurvyeorNa":null,"Survey_Dat":null,"Survey_Loc":null,"UUID":null,"email_id":null,"Mandals":"Gandipet","Zone":"Buffer","Income":null,"AreaSqm":1.0208,"Areatext":"102.08193085375","Duplicate":"0","Dist":"Ranga Reddy","PCs":"Chevella","Assembly_C":"Rajendra Nagar","Affeceted_":"1899-12-30T00:00:00","S_Number":0,"S_Fall":null,"Zone_1":"Z1B S","Affected_S":"Buffer","Area_SQF":1218.30708276,"Zonewise":"Z1B","no_of_Floo":1,"gis_geometry_geojson":"{\"type\":\"MultiPolygon\",\"coordinates\":[[[[78.4004722,17.3712924],[78.4004598,17.3712961],[78.4004533,17.3713091],[78.4004572,17.3713201],[78.4004707,17.3713263],[78.4004829,17.3713218],[78.4004887,17.3713096],[78.4004847,17.3712986],[78.4004722,17.3712924]]],[[[78.4002606,17.3712859],[78.4002593,17.3713309],[78.4004514,17.3713339],[78.4004521,17.3712889],[78.4002606,17.3712859]]]]}"}},{"type":"Feature","id":"AS589-490","geometry":{"type":"Polygon","coordinates":[[[78.4002804,17.3714388],[78.400443,17.371442],[78.4004652,17.3714183],[78.4004801,17.3714185],[78.4004807,17.3713702],[78.4004645,17.37137],[78.4004441,17.3713447],[78.4002793,17.3713409],[78.4002804,17.3714388]]]},"properties":{"household_id":"AS589-490","OBJECTID":507,"fid_1":1150,"Area":2316.56028736,"DSM":502.55057,"DTM":499,"HEIGHT":3.55057,"BuildingID":"ef5e6","BuiType":null,"StructType":"Permanent","NameOwnRep":"ef5e6","Contact":9441353535,"HNoPlotNo":null,"TPIN":null,"ColnyStrtN":"Sai Ram Nagar colony","SyTsNo":"126","WardBlockN":"Hydershakote","Use":"Reli","Extent":0,"PlinthArea":0,"Classifica":"Patta","Caste":null,"FinanDepen":null,"HHSize":0,"NoAdults":0,"NoChild":0,"Govtbenefi":null,"Borewell":"Yes","Courtcase":"No","NameStruct":"Sai Baba Temple","ReliType":"Hindu","Remarks":"Sai baba Temple","CommStatus":null,"Trees":"No","location":null,"Occupation":null,"SkilledOcc":null,"Craftsmen":null,"ReliStruct":"Religious","Cremetoriu":null,"Email":null,"Date":"1899-12-30T00:00:00","Time":null,"SurvyeorNa":null,"Survey_Dat":null,"Survey_Loc":null,"UUID":null,"email_id":null,"Mandals":"Gandipet","Zone":"Buffer","Income":null,"AreaSqm":2.1521,"Areatext":"215.216353903479","Duplicate":"0","Dist":"Ranga Reddy","PCs":"Chevella","Assembly_C":"Rajendra Nagar","Affeceted_":"1899-12-30T00:00:00","S_Number":0,"S_Fall":null,"Zone_1":"Z1B S","Affected_S":"Buffer","Area_SQF":2316.56028736,"Zonewise":"Z1B","no_of_Floo":1,"gis_geometry_geojson":"{\"type\":\"Polygon\",\"coordinates\":[[[78.4002804,17.3714388],[78.400443,17.371442],[78.4004652,17.3714183],[78.4004801,17.3714185],[78.4004807,17.3713702],[78.4004645,17.37137],[78.4004441,17.3713447],[78.4002793,17.3713409],[78.4002804,17.3714388]]]}"}},{"type":"Feature","id":"AS589-491","geometry":{"type":"Polygon","coordinates":[[[78.4002862,17.3711199],[78.4003181,17.3711093],[78.400333,17.3710894],[78.4003362,17.3710732],[78.4003335,17.371057],[78.4003217,17.3710393],[78.4003044,17.3710283],[78.4002876,17.3710253],[78.4002557,17.3710359],[78.4002408,17.3710558],[78.4002376,17.371072],[78.4002404,17.3710882],[78.4002513,17.3711051],[78.4002694,17.3711169],[78.4002862,17.3711199]]]},"properties":{"household_id":"AS589-491","OBJECTID":523,"fid_1":1166,"Area":924.434033591,"DSM":499.78482,"DTM":498,"HEIGHT":1.78482,"BuildingID":"f24e9","BuiType":"Individual","StructType":"Permanent","NameOwnRep":"f24e9","Contact":8079576564,"HNoPlotNo":"Water tank","TPIN":null,"ColnyStrtN":"Sai ram nagar colony","SyTsNo":"126","WardBlockN":"Bandlaguda Jagir","Use":"Resi","Extent":50,"PlinthArea":0,"Classifica":"Patta","Caste":"OC","FinanDepen":null,"HHSize":0,"NoAdults":0,"NoChild":0,"Govtbenefi":null,"Borewell":"Yes","Courtcase":"No","NameStruct":"Water tank","ReliType":null,"Remarks":null,"CommStatus":null,"Trees":"Yes","location":null,"Occupation":null,"SkilledOcc":null,"Craftsmen":null,"ReliStruct":null,"Cremetoriu":null,"Email":null,"Date":"1899-12-30T00:00:00","Time":null,"SurvyeorNa":null,"Survey_Dat":null,"Survey_Loc":null,"UUID":null,"email_id":null,"Mandals":"Gandipet","Zone":"Buffer","Income":null,"AreaSqm":8.5883,"Areatext":"85.8830755354359","Duplicate":"0","Dist":"Ranga Reddy","PCs":"Chevella","Assembly_C":"Rajendra Nagar","Affeceted_":"1899-12-30T00:00:00","S_Number":0,"S_Fall":null,"Zone_1":"Z1B S","Affected_S":"Buffer","Area_SQF":924.434033591,"Zonewise":"Z1B","no_of_Floo":1,"gis_geometry_geojson":"{\"type\":\"Polygon\",\"coordinates\":[[[78.4002862,17.3711199],[78.4003181,17.3711093],[78.400333,17.3710894],[78.4003362,17.3710732],[78.4003335,17.371057],[78.4003217,17.3710393],[78.4003044,17.3710283],[78.4002876,17.3710253],[78.4002557,17.3710359],[78.4002408,17.3710558],[78.4002376,17.371072],[78.4002404,17.3710882],[78.4002513,17.3711051],[78.4002694,17.3711169],[78.4002862,17.3711199]]]}"}},{"type":"Feature","id":"AS589-492","geometry":{"type":"Polygon","coordinates":[[[78.4003086,17.3716715],[78.4003452,17.3716715],[78.4003456,17.3716221],[78.400318,17.3716218],[78.4003178,17.371645],[78.4003089,17.3716449],[78.4003086,17.3716715]]]},"properties":{"household_id":"AS589-492","OBJECTID":511,"fid_1":1154,"Area":203.7828222,"DSM":499.83148,"DTM":497,"HEIGHT":2.83148,"BuildingID":"abf56","BuiType":"Individual","StructType":"Permanent","NameOwnRep":"abf56","Contact":9441353535,"HNoPlotNo":"6-1–100","TPIN":null,"ColnyStrtN":"Sai ram nagar colony","SyTsNo":"126","WardBlockN":"Bandlaguda Jagir","Use":"Resi","Extent":50,"PlinthArea":0,"Classifica":"Patta","Caste":"OC","FinanDepen":"No","HHSize":3,"NoAdults":3,"NoChild":0,"Govtbenefi":"No","Borewell":"No","Courtcase":"No","NameStruct":"Residential house","ReliType":null,"Remarks":"Temple watchmen residents","CommStatus":null,"Trees":"No","location":null,"Occupation":"Others","SkilledOcc":null,"Craftsmen":null,"ReliStruct":null,"Cremetoriu":null,"Email":null,"Date":"1899-12-30T00:00:00","Time":null,"SurvyeorNa":null,"Survey_Dat":null,"Survey_Loc":null,"UUID":null,"email_id":null,"Mandals":"Gandipet","Zone":"Buffer","Income":null,"AreaSqm":1.8932,"Areatext":"18.9321194096439","Duplicate":"0","Dist":"Ranga Reddy","PCs":"Chevella","Assembly_C":"Rajendra Nagar","Affeceted_":"1899-12-30T00:00:00","S_Number":0,"S_Fall":null,"Zone_1":"Z1B S","Affected_S":"Buffer","Area_SQF":203.7828222,"Zonewise":"Z1B","no_of_Floo":1,"gis_geometry_geojson":"{\"type\":\"Polygon\",\"coordinates\":[[[78.4003086,17.3716715],[78.4003452,17.3716715],[78.4003456,17.3716221],[78.400318,17.3716218],[78.4003178,17.371645],[78.4003089,17.3716449],[78.4003086,17.3716715]]]}"}},{"type":"Feature","id":"AS589-493","geometry":{"type":"Polygon","coordinates":[[[78.40058,17.3712934],[78.4005707,17.3713732],[78.4007149,17.3713876],[78.4007235,17.3713077],[78.40058,17.3712934]]]},"properties":{"household_id":"AS589-493","OBJECTID":516,"fid_1":1159,"Area":1472.23848318,"DSM":508.76947,"DTM":498,"HEIGHT":3.58982333333,"BuildingID":"f2f4c","BuiType":"Individual","StructType":"Permanent","NameOwnRep":"f2f4c","Contact":9989673933,"HNoPlotNo":"111","TPIN":null,"ColnyStrtN":"Sai ram nagar colony","SyTsNo":"126","WardBlockN":"Bandlaguda Jagir","Use":"Resi","Extent":200,"PlinthArea":0,"Classifica":"Patta","Caste":"OC","FinanDepen":"No","HHSize":3,"NoAdults":3,"NoChild":0,"Govtbenefi":"No","Borewell":"Yes","Courtcase":"No","NameStruct":"Residential house","ReliType":null,"Remarks":null,"CommStatus":null,"Trees":"No","location":null,"Occupation":"Skilled Worker","SkilledOcc":null,"Craftsmen":null,"ReliStruct":null,"Cremetoriu":null,"Email":null,"Date":"1899-12-30T00:00:00","Time":null,"SurvyeorNa":null,"Survey_Dat":null,"Survey_Loc":null,"UUID":null,"email_id":null,"Mandals":"Gandipet","Zone":"Buffer","Income":"APL","AreaSqm":1.3677,"Areatext":"136.77597779607","Duplicate":"0","Dist":"Ranga Reddy","PCs":"Chevella","Assembly_C":"Rajendra Nagar","Affeceted_":"1899-12-30T00:00:00","S_Number":0,"S_Fall":null,"Zone_1":"Z1B S","Affected_S":"Buffer","Area_SQF":1472.23848318,"Zonewise":"Z1B","no_of_Floo":1,"gis_geometry_geojson":"{\"type\":\"Polygon\",\"coordinates\":[[[78.40058,17.3712934],[78.4005707,17.3713732],[78.4007149,17.3713876],[78.4007235,17.3713077],[78.40058,17.3712934]]]}"}},{"type":"Feature","id":"AS589-494","geometry":{"type":"Polygon","coordinates":[[[78.4011012,17.371313],[78.401089,17.3714214],[78.4012269,17.3714389],[78.4012334,17.3713813],[78.4012213,17.37138],[78.4012241,17.3713557],[78.4012007,17.3713533],[78.4012042,17.3713226],[78.4011012,17.371313]]]},"properties":{"household_id":"AS589-494","OBJECTID":517,"fid_1":1160,"Area":1794.21506973,"DSM":506.50739,"DTM":500,"HEIGHT":2.16913,"BuildingID":"3e485","BuiType":"Individual","StructType":"Permanent","NameOwnRep":"3e485","Contact":7995251690,"HNoPlotNo":"6-1-28 G+1","TPIN":null,"ColnyStrtN":"Sai ram nagar colony","SyTsNo":"10","WardBlockN":"Hydershakote","Use":"Resi","Extent":250,"PlinthArea":0,"Classifica":"Patta","Caste":"OC","FinanDepen":null,"HHSize":2,"NoAdults":2,"NoChild":0,"Govtbenefi":null,"Borewell":"Yes","Courtcase":"No","NameStruct":"Residential house","ReliType":null,"Remarks":null,"CommStatus":null,"Trees":"No","location":null,"Occupation":"Retired","SkilledOcc":null,"Craftsmen":null,"ReliStruct":null,"Cremetoriu":null,"Email":null,"Date":"1899-12-30T00:00:00","Time":null,"SurvyeorNa":null,"Survey_Dat":null,"Survey_Loc":null,"UUID":null,"email_id":null,"Mandals":"Gandipet","Zone":"Buffer","Income":null,"AreaSqm":1.6668,"Areatext":"166.688701142042","Duplicate":"0","Dist":"Ranga Reddy","PCs":"Chevella","Assembly_C":"Rajendra Nagar","Affeceted_":"1899-12-30T00:00:00","S_Number":0,"S_Fall":null,"Zone_1":"Z1B S","Affected_S":"Buffer","Area_SQF":1794.21506973,"Zonewise":"Z1B","no_of_Floo":1,"gis_geometry_geojson":"{\"type\":\"Polygon\",\"coordinates\":[[[78.4011012,17.371313],[78.401089,17.3714214],[78.4012269,17.3714389],[78.4012334,17.3713813],[78.4012213,17.37138],[78.4012241,17.3713557],[78.4012007,17.3713533],[78.4012042,17.3713226],[78.4011012,17.371313]]]}"}},{"type":"Feature","id":"AS589-495","geometry":{"type":"Polygon","coordinates":[[[78.4009664,17.3713023],[78.4009586,17.371384],[78.4010815,17.3713962],[78.40109,17.3713179],[78.4009664,17.3713023]]]},"properties":{"household_id":"AS589-495","OBJECTID":518,"fid_1":1161,"Area":1248.10975341,"DSM":509.11084,"DTM":499,"HEIGHT":3.37028,"BuildingID":"5b234","BuiType":"Individual","StructType":"Permanent","NameOwnRep":"5b234","Contact":8019576564,"HNoPlotNo":"1-11","TPIN":null,"ColnyStrtN":"Bandlaguda Jagir","SyTsNo":"126","WardBlockN":"Hydershakote","Use":"Resi","Extent":200,"PlinthArea":0,"Classifica":"Patta","Caste":"OC","FinanDepen":"No","HHSize":3,"NoAdults":3,"NoChild":0,"Govtbenefi":"No","Borewell":"Yes","Courtcase":"No","NameStruct":"Residential house","ReliType":null,"Remarks":null,"CommStatus":null,"Trees":"No","location":null,"Occupation":"Skilled Worker","SkilledOcc":null,"Craftsmen":null,"ReliStruct":null,"Cremetoriu":null,"Email":null,"Date":"1899-12-30T00:00:00","Time":null,"SurvyeorNa":null,"Survey_Dat":null,"Survey_Loc":null,"UUID":null,"email_id":null,"Mandals":"Gandipet","Zone":"Buffer","Income":"APL","AreaSqm":1.1595,"Areatext":"115.953654157851","Duplicate":"0","Dist":"Ranga Reddy","PCs":"Chevella","Assembly_C":"Rajendra Nagar","Affeceted_":"1899-12-30T00:00:00","S_Number":0,"S_Fall":null,"Zone_1":"Z1B S","Affected_S":"Buffer","Area_SQF":1248.10975341,"Zonewise":"Z1B","no_of_Floo":1,"gis_geometry_geojson":"{\"type\":\"Polygon\",\"coordinates\":[[[78.4009664,17.3713023],[78.4009586,17.371384],[78.4010815,17.3713962],[78.40109,17.3713179],[78.4009664,17.3713023]]]}"}},{"type":"Feature","id":"AS589-496","geometry":{"type":"Polygon","coordinates":[[[78.4009637,17.3713976],[78.4009554,17.3715244],[78.4010688,17.3715346],[78.4010811,17.3714082],[78.4009637,17.3713976]]]},"properties":{"household_id":"AS589-496","OBJECTID":519,"fid_1":1162,"Area":1864.06546081,"DSM":502.44775,"DTM":499,"HEIGHT":1.14925,"BuildingID":"65e3e","BuiType":"Individual","StructType":"Permanent","NameOwnRep":"65e3e","Contact":9849013352,"HNoPlotNo":"121","TPIN":null,"ColnyStrtN":"Sai Ram Nagar colony","SyTsNo":"126","WardBlockN":"Hydershakote","Use":"Resi","Extent":0,"PlinthArea":0,"Classifica":"Patta","Caste":"BC","FinanDepen":"No","HHSize":0,"NoAdults":0,"NoChild":0,"Govtbenefi":"No","Borewell":"Yes","Courtcase":"No","NameStruct":"Residential building","ReliType":null,"Remarks":"This is a residential building and the owner resides somewhere. The building given to tenants . Owner is a retired RBI employee","CommStatus":null,"Trees":"No","location":null,"Occupation":"Retired","SkilledOcc":null,"Craftsmen":null,"ReliStruct":null,"Cremetoriu":null,"Email":null,"Date":"1899-12-30T00:00:00","Time":null,"SurvyeorNa":null,"Survey_Dat":null,"Survey_Loc":null,"UUID":null,"email_id":null,"Mandals":"Gandipet","Zone":"Buffer","Income":null,"AreaSqm":1.7317,"Areatext":"173.178040777481","Duplicate":"0","Dist":"Ranga Reddy","PCs":"Chevella","Assembly_C":"Rajendra Nagar","Affeceted_":"1899-12-30T00:00:00","S_Number":0,"S_Fall":null,"Zone_1":"Z1B S","Affected_S":"Buffer","Area_SQF":1864.06546081,"Zonewise":"Z1B","no_of_Floo":1,"gis_geometry_geojson":"{\"type\":\"Polygon\",\"coordinates\":[[[78.4009637,17.3713976],[78.4009554,17.3715244],[78.4010688,17.3715346],[78.4010811,17.3714082],[78.4009637,17.3713976]]]}"}},{"type":"Feature","id":"AS589-497","geometry":{"type":"MultiPolygon","coordinates":[[[[78.4010992,17.3714346],[78.4010942,17.3714831],[78.4011311,17.3714869],[78.4011348,17.3714371],[78.4010992,17.3714346]]],[[[78.4011439,17.3714623],[78.4011404,17.3714906],[78.4011869,17.3714955],[78.4011892,17.3714655],[78.4011439,17.3714623]]],[[[78.4010816,17.3714889],[78.4010679,17.3716264],[78.4011934,17.3716386],[78.4012079,17.3715012],[78.4010816,17.3714889]]]]},"properties":{"household_id":"AS589-497","OBJECTID":520,"fid_1":1163,"Area":2631.08440865,"DSM":502.79657,"DTM":499,"HEIGHT":1.26552333333,"BuildingID":"206df","BuiType":"Individual","StructType":"Permanent","NameOwnRep":"206df","Contact":8985418572,"HNoPlotNo":"122","TPIN":null,"ColnyStrtN":"Sai Ram Nagar colony","SyTsNo":"88","WardBlockN":"Bandlaguda Jagir","Use":"Resi","Extent":0,"PlinthArea":0,"Classifica":"Patta","Caste":"BC","FinanDepen":"No","HHSize":0,"NoAdults":0,"NoChild":0,"Govtbenefi":"No","Borewell":"Yes","Courtcase":"No","NameStruct":"Residential building","ReliType":null,"Remarks":"There is a residential building and the owners given to rent","CommStatus":null,"Trees":"Yes","location":null,"Occupation":"Retired","SkilledOcc":null,"Craftsmen":null,"ReliStruct":null,"Cremetoriu":null,"Email":null,"Date":"1899-12-30T00:00:00","Time":null,"SurvyeorNa":null,"Survey_Dat":null,"Survey_Loc":null,"UUID":null,"email_id":null,"Mandals":"Gandipet","Zone":"Buffer","Income":null,"AreaSqm":2.0685,"Areatext":"206.851532667743","Duplicate":"0","Dist":"Ranga Reddy","PCs":"Chevella","Assembly_C":"Rajendra Nagar","Affeceted_":"1899-12-30T00:00:00","S_Number":0,"S_Fall":null,"Zone_1":"Z1B S","Affected_S":"Buffer","Area_SQF":2631.08440865,"Zonewise":"Z1B","no_of_Floo":1,"gis_geometry_geojson":"{\"type\":\"MultiPolygon\",\"coordinates\":[[[[78.4010992,17.3714346],[78.4010942,17.3714831],[78.4011311,17.3714869],[78.4011348,17.3714371],[78.4010992,17.3714346]]],[[[78.4011439,17.3714623],[78.4011404,17.3714906],[78.4011869,17.3714955],[78.4011892,17.3714655],[78.4011439,17.3714623]]],[[[78.4010816,17.3714889],[78.4010679,17.3716264],[78.4011934,17.3716386],[78.4012079,17.3715012],[78.4010816,17.3714889]]]]}"}},{"type":"Feature","id":"AS589-498","geometry":{"type":"Polygon","coordinates":[[[78.4003439,17.3709133],[78.4003202,17.370985],[78.4004978,17.3710437],[78.4005233,17.3709726],[78.4003439,17.3709133]]]},"properties":{"household_id":"AS589-498","OBJECTID":522,"fid_1":1165,"Area":1797.98516425,"DSM":505.14182,"DTM":499,"HEIGHT":2.04727333333,"BuildingID":"db950","BuiType":"Individual","StructType":"Permanent","NameOwnRep":"db950","Contact":8019576564,"HNoPlotNo":null,"TPIN":null,"ColnyStrtN":"Sai Ram Nagar colony","SyTsNo":"126","WardBlockN":"Hydershakote","Use":"Resi","Extent":0,"PlinthArea":0,"Classifica":"Patta","Caste":"OC","FinanDepen":"No","HHSize":0,"NoAdults":0,"NoChild":0,"Govtbenefi":"No","Borewell":"Yes","Courtcase":"No","NameStruct":"Community Hall Sai Ram Nagar","ReliType":null,"Remarks":"There is a Community Hall of Sai Ram Nagar colony . The contact of General Secretary is given","CommStatus":null,"Trees":"No","location":null,"Occupation":"Retired","SkilledOcc":null,"Craftsmen":null,"ReliStruct":null,"Cremetoriu":null,"Email":null,"Date":"1899-12-30T00:00:00","Time":null,"SurvyeorNa":null,"Survey_Dat":null,"Survey_Loc":null,"UUID":null,"email_id":null,"Mandals":"Gandipet","Zone":"Buffer","Income":null,"AreaSqm":1.6703,"Areatext":"167.038955791058","Duplicate":"0","Dist":"Ranga Reddy","PCs":"Chevella","Assembly_C":"Rajendra Nagar","Affeceted_":"1899-12-30T00:00:00","S_Number":0,"S_Fall":null,"Zone_1":"Z1B S","Affected_S":"Buffer","Area_SQF":1797.98516425,"Zonewise":"Z1B","no_of_Floo":1,"gis_geometry_geojson":"{\"type\":\"Polygon\",\"coordinates\":[[[78.4003439,17.3709133],[78.4003202,17.370985],[78.4004978,17.3710437],[78.4005233,17.3709726],[78.4003439,17.3709133]]]}"}},{"type":"Feature","id":"AS589-499","geometry":{"type":"Polygon","coordinates":[[[78.4013216,17.3715528],[78.4013227,17.3715194],[78.4012799,17.3715155],[78.401277,17.3715453],[78.4012551,17.3715433],[78.4012492,17.3716036],[78.4012712,17.3716053],[78.401258,17.3717402],[78.4013495,17.3717464],[78.4013577,17.3716626],[78.4013472,17.3716616],[78.4013494,17.3716385],[78.4013381,17.3716375],[78.4013368,17.3715921],[78.4013279,17.3715913],[78.4013316,17.3715537],[78.4013216,17.3715528]]]},"properties":{"household_id":"AS589-499","OBJECTID":524,"fid_1":1167,"Area":2230.47404087,"DSM":507.71481,"DTM":499,"HEIGHT":2.90493666667,"BuildingID":"80e28","BuiType":"Individual","StructType":"Permanent","NameOwnRep":"80e28","Contact":9247445640,"HNoPlotNo":"6-1-29","TPIN":null,"ColnyStrtN":"Sai Rami Nagar colony","SyTsNo":"88","WardBlockN":"Bandlaguda Jagir","Use":"Resi","Extent":0,"PlinthArea":0,"Classifica":"Patta","Caste":"BC","FinanDepen":"Yes","HHSize":0,"NoAdults":0,"NoChild":0,"Govtbenefi":"No","Borewell":"Yes","Courtcase":"No","NameStruct":"Saraswathi Nilayam G+1 residential building","ReliType":null,"Remarks":"This is a residential building G+1 structure . The owner resides and given for tenants . Owner is a Govt employee","CommStatus":null,"Trees":"No","location":null,"Occupation":"Others","SkilledOcc":null,"Craftsmen":null,"ReliStruct":null,"Cremetoriu":null,"Email":null,"Date":"1899-12-30T00:00:00","Time":null,"SurvyeorNa":null,"Survey_Dat":null,"Survey_Loc":null,"UUID":null,"email_id":null,"Mandals":"Gandipet","Zone":"Buffer","Income":null,"AreaSqm":1.9154,"Areatext":"191.543429334966","Duplicate":"0","Dist":"Ranga Reddy","PCs":"Chevella","Assembly_C":"Rajendra Nagar","Affeceted_":"1899-12-30T00:00:00","S_Number":0,"S_Fall":null,"Zone_1":"Z1B S","Affected_S":"Buffer","Area_SQF":2230.47404087,"Zonewise":"Z1B","no_of_Floo":1,"gis_geometry_geojson":"{\"type\":\"Polygon\",\"coordinates\":[[[78.4013216,17.3715528],[78.4013227,17.3715194],[78.4012799,17.3715155],[78.401277,17.3715453],[78.4012551,17.3715433],[78.4012492,17.3716036],[78.4012712,17.3716053],[78.401258,17.3717402],[78.4013495,17.3717464],[78.4013577,17.3716626],[78.4013472,17.3716616],[78.4013494,17.3716385],[78.4013381,17.3716375],[78.4013368,17.3715921],[78.4013279,17.3715913],[78.4013316,17.3715537],[78.4013216,17.3715528]]]}"}},{"type":"Feature","id":"AS589-500","geometry":{"type":"Polygon","coordinates":[[[78.3979726,17.3703294],[78.3979751,17.3702417],[78.3978325,17.3702316],[78.3978271,17.3703266],[78.3979043,17.3703281],[78.3979048,17.3703206],[78.3979439,17.3703227],[78.3979436,17.3703289],[78.3979726,17.3703294]]]},"properties":{"household_id":"AS589-500","OBJECTID":742,"fid_1":1385,"Area":1636.12181888,"DSM":502.9587,"DTM":499.7967,"HEIGHT":1.054,"BuildingID":"3dcab","BuiType":"Individual","StructType":"Permanent","NameOwnRep":"3dcab","Contact":9885216632,"HNoPlotNo":"6-100","TPIN":null,"ColnyStrtN":"Vishal nagar colony","SyTsNo":"85","WardBlockN":"Hydershakote Bandlaguda Jagir","Use":"Resi","Extent":200,"PlinthArea":0,"Classifica":"Patta","Caste":"Minority","FinanDepen":null,"HHSize":2,"NoAdults":2,"NoChild":0,"Govtbenefi":null,"Borewell":"Yes","Courtcase":"Yes","NameStruct":"Residential house","ReliType":null,"Remarks":null,"CommStatus":null,"Trees":"Yes","location":null,"Occupation":"Others","SkilledOcc":null,"Craftsmen":null,"ReliStruct":null,"Cremetoriu":null,"Email":null,"Date":"1899-12-30T00:00:00","Time":null,"SurvyeorNa":null,"Survey_Dat":null,"Survey_Loc":null,"UUID":"B233011734","email_id":null,"Mandals":"Gandipet","Zone":"Buffer","Income":null,"AreaSqm":1.5516,"Areatext":"155.161250410496","Duplicate":"0","Dist":"Ranga Reddy","PCs":"Chevella","Assembly_C":"Rajendra Nagar","Affeceted_":"1899-12-30T00:00:00","S_Number":0,"S_Fall":null,"Zone_1":"Z1B S","Affected_S":"Buffer","Area_SQF":1636.12181888,"Zonewise":"Z1B","no_of_Floo":1,"gis_geometry_geojson":"{\"type\":\"Polygon\",\"coordinates\":[[[78.3979726,17.3703294],[78.3979751,17.3702417],[78.3978325,17.3702316],[78.3978271,17.3703266],[78.3979043,17.3703281],[78.3979048,17.3703206],[78.3979439,17.3703227],[78.3979436,17.3703289],[78.3979726,17.3703294]]]}"}},{"type":"Feature","id":"AS589-501","geometry":{"type":"Polygon","coordinates":[[[78.3976385,17.3703208],[78.3975939,17.3703194],[78.3975953,17.3703572],[78.3976819,17.37036],[78.3976827,17.3703365],[78.397638,17.3703351],[78.3976385,17.3703208]]]},"properties":{"household_id":"AS589-501","OBJECTID":16,"fid_1":659,"Area":339.49202031,"DSM":503.65155,"DTM":500,"HEIGHT":3.65155,"BuildingID":null,"BuiType":null,"StructType":"Temporary","NameOwnRep":null,"Contact":0,"HNoPlotNo":null,"TPIN":null,"ColnyStrtN":null,"SyTsNo":null,"WardBlockN":null,"Use":"Resi","Extent":0,"PlinthArea":0,"Classifica":null,"Caste":null,"FinanDepen":null,"HHSize":0,"NoAdults":0,"NoChild":0,"Govtbenefi":null,"Borewell":null,"Courtcase":null,"NameStruct":null,"ReliType":null,"Remarks":null,"CommStatus":null,"Trees":null,"location":null,"Occupation":null,"SkilledOcc":null,"Craftsmen":null,"ReliStruct":null,"Cremetoriu":null,"Email":null,"Date":"1899-12-30T00:00:00","Time":null,"SurvyeorNa":null,"Survey_Dat":null,"Survey_Loc":null,"UUID":null,"email_id":null,"Mandals":null,"Zone":"Zone 1","Income":null,"AreaSqm":0,"Areatext":null,"Duplicate":null,"Dist":"As per new Alignment","PCs":null,"Assembly_C":null,"Affeceted_":"1899-12-30T00:00:00","S_Number":0,"S_Fall":null,"Zone_1":"Z1B S","Affected_S":"Buffer","Area_SQF":339.49202031,"Zonewise":"Z1B","no_of_Floo":1,"gis_geometry_geojson":"{\"type\":\"Polygon\",\"coordinates\":[[[78.3976385,17.3703208],[78.3975939,17.3703194],[78.3975953,17.3703572],[78.3976819,17.37036],[78.3976827,17.3703365],[78.397638,17.3703351],[78.3976385,17.3703208]]]}"}},{"type":"Feature","id":"AS589-502","geometry":{"type":"Polygon","coordinates":[[[78.3977824,17.3704117],[78.3977801,17.3704614],[78.3978195,17.3704631],[78.3978218,17.3704138],[78.3977824,17.3704117]]]},"properties":{"household_id":"AS589-502","OBJECTID":497,"fid_1":1140,"Area":247.876154363,"DSM":502.74127,"DTM":500,"HEIGHT":0.913756666667,"BuildingID":"4ab0a","BuiType":"Individual","StructType":"Permanent","NameOwnRep":"4ab0a","Contact":0,"HNoPlotNo":null,"TPIN":null,"ColnyStrtN":null,"SyTsNo":"9","WardBlockN":"Hydershakote","Use":"Resi","Extent":0,"PlinthArea":0,"Classifica":"Patta","Caste":null,"FinanDepen":null,"HHSize":0,"NoAdults":0,"NoChild":0,"Govtbenefi":null,"Borewell":"No","Courtcase":"No","NameStruct":"Small room","ReliType":null,"Remarks":"There is a single room and with compound wall","CommStatus":null,"Trees":"No","location":null,"Occupation":null,"SkilledOcc":null,"Craftsmen":null,"ReliStruct":null,"Cremetoriu":null,"Email":null,"Date":"1899-12-30T00:00:00","Time":null,"SurvyeorNa":null,"Survey_Dat":null,"Survey_Loc":null,"UUID":null,"email_id":null,"Mandals":"Gandipet","Zone":"River","Income":null,"AreaSqm":2.3028,"Areatext":"23.028540399162","Duplicate":"0","Dist":"Ranga Reddy","PCs":"Chevella","Assembly_C":"Rajendra Nagar","Affeceted_":"1899-12-30T00:00:00","S_Number":0,"S_Fall":null,"Zone_1":"Z1B S","Affected_S":"Buffer","Area_SQF":247.876154363,"Zonewise":"Z1B","no_of_Floo":1,"gis_geometry_geojson":"{\"type\":\"Polygon\",\"coordinates\":[[[78.3977824,17.3704117],[78.3977801,17.3704614],[78.3978195,17.3704631],[78.3978218,17.3704138],[78.3977824,17.3704117]]]}"}},{"type":"Feature","id":"AS589-503","geometry":{"type":"Polygon","coordinates":[[[78.3944052,17.3705867],[78.3944739,17.3705876],[78.3944748,17.3705249],[78.3944054,17.370524],[78.3944052,17.3705867]]]},"properties":{"household_id":"AS589-503","OBJECTID":538,"fid_1":1181,"Area":548.890301779,"DSM":506.38644,"DTM":502,"HEIGHT":4.38644,"BuildingID":"2d4d6","BuiType":null,"StructType":"Permanent","NameOwnRep":"2d4d6","Contact":9705966008,"HNoPlotNo":null,"TPIN":null,"ColnyStrtN":null,"SyTsNo":"6","WardBlockN":"Hydershakote","Use":"Reli","Extent":0,"PlinthArea":0,"Classifica":"Govt","Caste":null,"FinanDepen":null,"HHSize":0,"NoAdults":0,"NoChild":0,"Govtbenefi":null,"Borewell":"Yes","Courtcase":"No","NameStruct":"TIN shed","ReliType":"Hindu","Remarks":"There is a Hindu Graveyard with washrooms, crematarian and other temporary sheds","CommStatus":null,"Trees":"No","location":null,"Occupation":null,"SkilledOcc":null,"Craftsmen":null,"ReliStruct":"Graveyard","Cremetoriu":"Yes","Email":null,"Date":"1899-12-30T00:00:00","Time":null,"SurvyeorNa":null,"Survey_Dat":null,"Survey_Loc":null,"UUID":null,"email_id":null,"Mandals":"Gandipet","Zone":"Buffer","Income":null,"AreaSqm":5.0993,"Areatext":"50.9937816540945","Duplicate":"0","Dist":"Ranga Reddy","PCs":"Chevella","Assembly_C":"Rajendra Nagar","Affeceted_":"1899-12-30T00:00:00","S_Number":0,"S_Fall":null,"Zone_1":"Z1B S","Affected_S":"Buffer","Area_SQF":548.890301779,"Zonewise":"Z1B","no_of_Floo":1,"gis_geometry_geojson":"{\"type\":\"Polygon\",\"coordinates\":[[[78.3944052,17.3705867],[78.3944739,17.3705876],[78.3944748,17.3705249],[78.3944054,17.370524],[78.3944052,17.3705867]]]}"}},{"type":"Feature","id":"AS589-504","geometry":{"type":"Polygon","coordinates":[[[78.3943047,17.3717343],[78.3943141,17.3718052],[78.3943656,17.3717986],[78.3943566,17.3717326],[78.3943175,17.3717375],[78.3943169,17.3717327],[78.3943047,17.3717343]]]},"properties":{"household_id":"AS589-504","OBJECTID":438,"fid_1":1081,"Area":445.418152975,"DSM":506.04288,"DTM":503,"HEIGHT":3.04288,"BuildingID":"80e0f","BuiType":"Individual","StructType":"Permanent","NameOwnRep":"80e0f","Contact":6266330071,"HNoPlotNo":"9-5-113/1/62/1","TPIN":"1079920713","ColnyStrtN":"Ramdevguda","SyTsNo":"9/H/14","WardBlockN":"H/14","Use":"Resi","Extent":100,"PlinthArea":450,"Classifica":"Patta","Caste":"BC","FinanDepen":"No","HHSize":2,"NoAdults":2,"NoChild":0,"Govtbenefi":"No","Borewell":"No","Courtcase":"No","NameStruct":"Malvi Uma","ReliType":null,"Remarks":null,"CommStatus":null,"Trees":"No","location":null,"Occupation":"Others","SkilledOcc":null,"Craftsmen":null,"ReliStruct":null,"Cremetoriu":null,"Email":null,"Date":"1899-12-30T00:00:00","Time":null,"SurvyeorNa":null,"Survey_Dat":null,"Survey_Loc":null,"UUID":null,"email_id":null,"Mandals":"Golconda","Zone":"Buffer","Income":"BPL","AreaSqm":4.138,"Areatext":"41.3808660053984","Duplicate":"0","Dist":"Hyderabad","PCs":"Hyderabad","Assembly_C":"Karwan","Affeceted_":"1899-12-30T00:00:00","S_Number":0,"S_Fall":null,"Zone_1":"Z1B N","Affected_S":"Buffer","Area_SQF":445.418152975,"Zonewise":"Z1B","no_of_Floo":1,"gis_geometry_geojson":"{\"type\":\"Polygon\",\"coordinates\":[[[78.3943047,17.3717343],[78.3943141,17.3718052],[78.3943656,17.3717986],[78.3943566,17.3717326],[78.3943175,17.3717375],[78.3943169,17.3717327],[78.3943047,17.3717343]]]}"}},{"type":"Feature","id":"AS589-505","geometry":{"type":"Polygon","coordinates":[[[78.3944779,17.3717167],[78.3944931,17.3718383],[78.3946056,17.371823],[78.3945889,17.3717016],[78.3944779,17.3717167]]]},"properties":{"household_id":"AS589-505","OBJECTID":441,"fid_1":1084,"Area":1750.38252344,"DSM":516.33105,"DTM":502,"HEIGHT":14.33105,"BuildingID":"c714e","BuiType":"Individual","StructType":"Permanent","NameOwnRep":"c714e","Contact":8121633863,"HNoPlotNo":"9-5-113/1/64/P","TPIN":"113609268","ColnyStrtN":"Padmanagar","SyTsNo":"9","WardBlockN":"14/H","Use":"Resi","Extent":200,"PlinthArea":5400,"Classifica":"Patta","Caste":null,"FinanDepen":"No","HHSize":12,"NoAdults":12,"NoChild":0,"Govtbenefi":"No","Borewell":"No","Courtcase":"No","NameStruct":"Nil","ReliType":null,"Remarks":null,"CommStatus":null,"Trees":"No","location":null,"Occupation":"Others","SkilledOcc":null,"Craftsmen":null,"ReliStruct":null,"Cremetoriu":null,"Email":null,"Date":"1899-12-30T00:00:00","Time":null,"SurvyeorNa":null,"Survey_Dat":null,"Survey_Loc":null,"UUID":null,"email_id":null,"Mandals":"Golconda","Zone":"River","Income":"BPL","AreaSqm":1.6261,"Areatext":"162.61650805528","Duplicate":"0","Dist":"Hyderabad","PCs":"Hyderabad","Assembly_C":"Karwan","Affeceted_":"1899-12-30T00:00:00","S_Number":0,"S_Fall":null,"Zone_1":"Z1B N","Affected_S":"Buffer","Area_SQF":8751.9126172,"Zonewise":"Z1B","no_of_Floo":5,"gis_geometry_geojson":"{\"type\":\"Polygon\",\"coordinates\":[[[78.3944779,17.3717167],[78.3944931,17.3718383],[78.3946056,17.371823],[78.3945889,17.3717016],[78.3944779,17.3717167]]]}"}},{"type":"Feature","id":"AS589-506","geometry":{"type":"Polygon","coordinates":[[[78.3946465,17.3716966],[78.3946649,17.3718197],[78.3947247,17.3718124],[78.3947083,17.3716898],[78.3946465,17.3716966]]]},"properties":{"household_id":"AS589-506","OBJECTID":442,"fid_1":1085,"Area":962.335020647,"DSM":504.66562,"DTM":501,"HEIGHT":3.66562,"BuildingID":"8055a","BuiType":"Individual","StructType":"Permanent","NameOwnRep":"8055a","Contact":9440370190,"HNoPlotNo":"9-5-113/1/65","TPIN":"322601262","ColnyStrtN":"Ramdevguda","SyTsNo":"34/l/14","WardBlockN":"I/14","Use":"Resi","Extent":100,"PlinthArea":900,"Classifica":"Other","Caste":"ST","FinanDepen":"No","HHSize":5,"NoAdults":3,"NoChild":2,"Govtbenefi":"No","Borewell":"No","Courtcase":"No","NameStruct":"R Srinivas","ReliType":null,"Remarks":null,"CommStatus":null,"Trees":"No","location":null,"Occupation":"Others","SkilledOcc":null,"Craftsmen":null,"ReliStruct":null,"Cremetoriu":null,"Email":null,"Date":"1899-12-30T00:00:00","Time":null,"SurvyeorNa":null,"Survey_Dat":null,"Survey_Loc":null,"UUID":null,"email_id":null,"Mandals":"Golconda","Zone":"River","Income":"BPL","AreaSqm":8.9404,"Areatext":"89.4042065327905","Duplicate":"0","Dist":"Hyderabad","PCs":"Hyderabad","Assembly_C":"Karwan","Affeceted_":"1899-12-30T00:00:00","S_Number":0,"S_Fall":null,"Zone_1":"Z1B N","Affected_S":"Buffer","Area_SQF":962.335020647,"Zonewise":"Z1B","no_of_Floo":1,"gis_geometry_geojson":"{\"type\":\"Polygon\",\"coordinates\":[[[78.3946465,17.3716966],[78.3946649,17.3718197],[78.3947247,17.3718124],[78.3947083,17.3716898],[78.3946465,17.3716966]]]}"}},{"type":"Feature","id":"AS589-507","geometry":{"type":"Polygon","coordinates":[[[78.3944326,17.3717201],[78.3944464,17.3718192],[78.3944876,17.371814],[78.394474,17.3717156],[78.3944326,17.3717201]]]},"properties":{"household_id":"AS589-507","OBJECTID":440,"fid_1":1083,"Area":525.605610094,"DSM":505.53647,"DTM":502,"HEIGHT":3.53647,"BuildingID":"f4184","BuiType":"Individual","StructType":"Permanent","NameOwnRep":"f4184","Contact":8341338383,"HNoPlotNo":"9-5-113/1/63","TPIN":"113351343","ColnyStrtN":"Ramdevguda","SyTsNo":"9","WardBlockN":"14/H","Use":"Resi","Extent":70,"PlinthArea":0,"Classifica":"Patta","Caste":null,"FinanDepen":"No","HHSize":0,"NoAdults":0,"NoChild":0,"Govtbenefi":"No","Borewell":"No","Courtcase":"No","NameStruct":"9-5-113/1/63","ReliType":null,"Remarks":"Asbestos house with two different portions, given on rent, tenants residing","CommStatus":null,"Trees":"No","location":null,"Occupation":"Others","SkilledOcc":null,"Craftsmen":null,"ReliStruct":null,"Cremetoriu":null,"Email":null,"Date":"1899-12-30T00:00:00","Time":null,"SurvyeorNa":null,"Survey_Dat":null,"Survey_Loc":null,"UUID":null,"email_id":null,"Mandals":"Golconda","Zone":"Buffer","Income":"BPL","AreaSqm":4.883,"Areatext":"48.8305543369618","Duplicate":"0","Dist":"Hyderabad","PCs":"Hyderabad","Assembly_C":"Karwan","Affeceted_":"1899-12-30T00:00:00","S_Number":0,"S_Fall":null,"Zone_1":"Z1B N","Affected_S":"Buffer","Area_SQF":525.605610094,"Zonewise":"Z1B","no_of_Floo":1,"gis_geometry_geojson":"{\"type\":\"Polygon\",\"coordinates\":[[[78.3944326,17.3717201],[78.3944464,17.3718192],[78.3944876,17.371814],[78.394474,17.3717156],[78.3944326,17.3717201]]]}"}},{"type":"Feature","id":"AS589-508","geometry":{"type":"Polygon","coordinates":[[[78.3943628,17.3717297],[78.3943802,17.3718502],[78.3944442,17.3718416],[78.3944331,17.3717652],[78.3943794,17.3717724],[78.3943787,17.3717677],[78.3944334,17.3717604],[78.3944277,17.3717207],[78.3943628,17.3717297]]]},"properties":{"household_id":"AS589-508","OBJECTID":439,"fid_1":1082,"Area":969.048911163,"DSM":505.62454,"DTM":503,"HEIGHT":2.62454,"BuildingID":"478b8","BuiType":"Individual","StructType":"Permanent","NameOwnRep":"478b8","Contact":8341338383,"HNoPlotNo":"9-5-113/1/63","TPIN":"107740590","ColnyStrtN":"Ramdevguda","SyTsNo":"9","WardBlockN":"14/H","Use":"Resi","Extent":100,"PlinthArea":0,"Classifica":"Patta","Caste":null,"FinanDepen":"No","HHSize":0,"NoAdults":0,"NoChild":0,"Govtbenefi":"No","Borewell":"Yes","Courtcase":"No","NameStruct":"9-5-113/1/63","ReliType":null,"Remarks":"Asbestos house with three portions givenon rent. Tenants residing","CommStatus":null,"Trees":"No","location":null,"Occupation":"Others","SkilledOcc":null,"Craftsmen":null,"ReliStruct":null,"Cremetoriu":null,"Email":null,"Date":"1899-12-30T00:00:00","Time":null,"SurvyeorNa":null,"Survey_Dat":null,"Survey_Loc":null,"UUID":null,"email_id":null,"Mandals":"Golconda","Zone":"Buffer","Income":"BPL","AreaSqm":9.0027,"Areatext":"90.0279498684009","Duplicate":"0","Dist":"Hyderabad","PCs":"Hyderabad","Assembly_C":"Karwan","Affeceted_":"1899-12-30T00:00:00","S_Number":0,"S_Fall":null,"Zone_1":"Z1B N","Affected_S":"Buffer","Area_SQF":969.048911163,"Zonewise":"Z1B","no_of_Floo":1,"gis_geometry_geojson":"{\"type\":\"Polygon\",\"coordinates\":[[[78.3943628,17.3717297],[78.3943802,17.3718502],[78.3944442,17.3718416],[78.3944331,17.3717652],[78.3943794,17.3717724],[78.3943787,17.3717677],[78.3944334,17.3717604],[78.3944277,17.3717207],[78.3943628,17.3717297]]]}"}},{"type":"Feature","id":"AS589-509","geometry":{"type":"Polygon","coordinates":[[[78.3921527,17.3716353],[78.3922707,17.3716312],[78.3922697,17.3715921],[78.3922515,17.3715926],[78.3922507,17.3715611],[78.392151,17.3715632],[78.3921527,17.3716353]]]},"properties":{"household_id":"AS589-509","OBJECTID":365,"fid_1":1008,"Area":991.409951016,"DSM":511.91879,"DTM":505,"HEIGHT":6.91879,"BuildingID":"50602","BuiType":"Individual","StructType":"Permanent","NameOwnRep":"50602","Contact":0,"HNoPlotNo":"9-5-115/23/1/81","TPIN":"0","ColnyStrtN":"Padma Nagar colony","SyTsNo":"TS No 7 Block H Ward 14","WardBlockN":"14/H","Use":"Resi","Extent":200,"PlinthArea":1800,"Classifica":"Patta","Caste":"OC","FinanDepen":"No","HHSize":4,"NoAdults":4,"NoChild":0,"Govtbenefi":"No","Borewell":"Yes","Courtcase":"No","NameStruct":"B Chandra kanth","ReliType":null,"Remarks":"Nil","CommStatus":null,"Trees":"No","location":null,"Occupation":"Others","SkilledOcc":null,"Craftsmen":null,"ReliStruct":null,"Cremetoriu":null,"Email":null,"Date":"1899-12-30T00:00:00","Time":null,"SurvyeorNa":null,"Survey_Dat":null,"Survey_Loc":null,"UUID":null,"email_id":null,"Mandals":"Golconda","Zone":"Buffer","Income":"BPL","AreaSqm":9.2105,"Areatext":"92.1053667613407","Duplicate":"0","Dist":"Hyderabad","PCs":"Hyderabad","Assembly_C":"Karwan","Affeceted_":"1899-12-30T00:00:00","S_Number":0,"S_Fall":null,"Zone_1":"Z1B N","Affected_S":"Buffer","Area_SQF":1982.81990203,"Zonewise":"Z1B","no_of_Floo":2,"gis_geometry_geojson":"{\"type\":\"Polygon\",\"coordinates\":[[[78.3921527,17.3716353],[78.3922707,17.3716312],[78.3922697,17.3715921],[78.3922515,17.3715926],[78.3922507,17.3715611],[78.392151,17.3715632],[78.3921527,17.3716353]]]}"}},{"type":"Feature","id":"AS589-510","geometry":{"type":"Polygon","coordinates":[[[78.3916987,17.3715926],[78.3917392,17.3715907],[78.3917373,17.3715525],[78.3916968,17.3715543],[78.3916987,17.3715926]]]},"properties":{"household_id":"AS589-510","OBJECTID":352,"fid_1":995,"Area":196.669758237,"DSM":506.73141,"DTM":505,"HEIGHT":1.73141,"BuildingID":"c41f3","BuiType":"Individual","StructType":"Temporary","NameOwnRep":"c41f3","Contact":8328282361,"HNoPlotNo":null,"TPIN":null,"ColnyStrtN":"Padma Nagar Colony","SyTsNo":"7","WardBlockN":"14/H","Use":"Resi","Extent":100,"PlinthArea":120,"Classifica":"Patta","Caste":null,"FinanDepen":"No","HHSize":0,"NoAdults":0,"NoChild":0,"Govtbenefi":"No","Borewell":"No","Courtcase":"No","NameStruct":null,"ReliType":null,"Remarks":"Small room within compound wall","CommStatus":null,"Trees":"No","location":null,"Occupation":null,"SkilledOcc":null,"Craftsmen":null,"ReliStruct":null,"Cremetoriu":null,"Email":null,"Date":"1899-12-30T00:00:00","Time":null,"SurvyeorNa":null,"Survey_Dat":null,"Survey_Loc":null,"UUID":null,"email_id":null,"Mandals":"Golconda","Zone":"Buffer","Income":"BPL","AreaSqm":1.8271,"Areatext":"18.271291500908","Duplicate":"0","Dist":"Hyderabad","PCs":"Hyderabad","Assembly_C":"Karwan","Affeceted_":"1899-12-30T00:00:00","S_Number":0,"S_Fall":null,"Zone_1":"Z1B N","Affected_S":"Buffer","Area_SQF":196.669758237,"Zonewise":"Z1B","no_of_Floo":1,"gis_geometry_geojson":"{\"type\":\"Polygon\",\"coordinates\":[[[78.3916987,17.3715926],[78.3917392,17.3715907],[78.3917373,17.3715525],[78.3916968,17.3715543],[78.3916987,17.3715926]]]}"}},{"type":"Feature","id":"AS589-511","geometry":{"type":"Polygon","coordinates":[[[78.3919055,17.3717028],[78.3919057,17.3716775],[78.3918907,17.3716729],[78.3918902,17.3716408],[78.3917929,17.3716422],[78.3917939,17.3717044],[78.3919055,17.3717028]]]},"properties":{"household_id":"AS589-511","OBJECTID":357,"fid_1":1000,"Area":819.052637536,"DSM":508.11472,"DTM":505,"HEIGHT":3.11472,"BuildingID":"3d7e6","BuiType":"Individual","StructType":"Permanent","NameOwnRep":"3d7e6","Contact":9030500890,"HNoPlotNo":"9-5-115/23/1/42","TPIN":"114078804","ColnyStrtN":"Padma Nagar Colony","SyTsNo":"7","WardBlockN":"14/H","Use":"Resi","Extent":100,"PlinthArea":900,"Classifica":"Patta","Caste":"OC","FinanDepen":"No","HHSize":3,"NoAdults":2,"NoChild":1,"Govtbenefi":"Yes","Borewell":"Yes","Courtcase":"Yes","NameStruct":"9-5-115/23/1/42","ReliType":null,"Remarks":null,"CommStatus":null,"Trees":"Yes","location":null,"Occupation":"UnSkilled Worker","SkilledOcc":null,"Craftsmen":null,"ReliStruct":null,"Cremetoriu":null,"Email":null,"Date":"1899-12-30T00:00:00","Time":null,"SurvyeorNa":null,"Survey_Dat":null,"Survey_Loc":null,"UUID":null,"email_id":null,"Mandals":"Golconda","Zone":"Buffer","Income":"BPL","AreaSqm":7.6092,"Areatext":"76.0927843189808","Duplicate":"0","Dist":"Hyderabad","PCs":"Hyderabad","Assembly_C":"Karwan","Affeceted_":"1899-12-30T00:00:00","S_Number":0,"S_Fall":null,"Zone_1":"Z1B N","Affected_S":"Buffer","Area_SQF":819.052637536,"Zonewise":"Z1B","no_of_Floo":1,"gis_geometry_geojson":"{\"type\":\"Polygon\",\"coordinates\":[[[78.3919055,17.3717028],[78.3919057,17.3716775],[78.3918907,17.3716729],[78.3918902,17.3716408],[78.3917929,17.3716422],[78.3917939,17.3717044],[78.3919055,17.3717028]]]}"}},{"type":"Feature","id":"AS589-512","geometry":{"type":"Polygon","coordinates":[[[78.3919052,17.3716425],[78.3919055,17.3717028],[78.3920111,17.3717012],[78.3920106,17.3716672],[78.3919907,17.3716621],[78.3919914,17.3716412],[78.3919052,17.3716425]]]},"properties":{"household_id":"AS589-512","OBJECTID":358,"fid_1":1001,"Area":746.660629039,"DSM":508.46277,"DTM":504,"HEIGHT":4.46277,"BuildingID":"d9877","BuiType":"Individual","StructType":"Permanent","NameOwnRep":"d9877","Contact":9397879438,"HNoPlotNo":"9-","TPIN":"1070906943","ColnyStrtN":"Ramdev guda","SyTsNo":"7/H/14","WardBlockN":"H/14","Use":"Resi","Extent":100,"PlinthArea":100,"Classifica":"Patta","Caste":"BC","FinanDepen":"Yes","HHSize":0,"NoAdults":2,"NoChild":0,"Govtbenefi":"Yes","Borewell":"Yes","Courtcase":"Yes","NameStruct":"B Yadamma","ReliType":null,"Remarks":"No","CommStatus":null,"Trees":"No","location":null,"Occupation":"Others","SkilledOcc":null,"Craftsmen":null,"ReliStruct":null,"Cremetoriu":null,"Email":null,"Date":"1899-12-30T00:00:00","Time":null,"SurvyeorNa":null,"Survey_Dat":null,"Survey_Loc":null,"UUID":null,"email_id":null,"Mandals":"Golconda","Zone":"Buffer","Income":"BPL","AreaSqm":6.9367,"Areatext":"69.3673197602505","Duplicate":"0","Dist":"Hyderabad","PCs":"Hyderabad","Assembly_C":"Karwan","Affeceted_":"1899-12-30T00:00:00","S_Number":0,"S_Fall":null,"Zone_1":"Z1B N","Affected_S":"Buffer","Area_SQF":746.660629039,"Zonewise":"Z1B","no_of_Floo":1,"gis_geometry_geojson":"{\"type\":\"Polygon\",\"coordinates\":[[[78.3919052,17.3716425],[78.3919055,17.3717028],[78.3920111,17.3717012],[78.3920106,17.3716672],[78.3919907,17.3716621],[78.3919914,17.3716412],[78.3919052,17.3716425]]]}"}},{"type":"Feature","id":"AS589-513","geometry":{"type":"Polygon","coordinates":[[[78.3918928,17.3715249],[78.3917873,17.3715316],[78.3917905,17.3715782],[78.3918804,17.3715726],[78.3918794,17.3715576],[78.3918932,17.3715567],[78.3918928,17.3715249]]]},"properties":{"household_id":"AS589-513","OBJECTID":353,"fid_1":996,"Area":593.159235999,"DSM":507.11758,"DTM":504,"HEIGHT":3.11758,"BuildingID":"a1750","BuiType":"Individual","StructType":"Permanent","NameOwnRep":"a1750","Contact":8790638507,"HNoPlotNo":"9-5-115/23/1/41","TPIN":"1130902809","ColnyStrtN":"Padma Nagar Colony","SyTsNo":"7","WardBlockN":"14/H","Use":"Resi","Extent":70,"PlinthArea":648,"Classifica":"Patta","Caste":"OC","FinanDepen":"No","HHSize":4,"NoAdults":3,"NoChild":1,"Govtbenefi":"No","Borewell":"Yes","Courtcase":"No","NameStruct":"9-5-115/23/1/41","ReliType":null,"Remarks":"Nil","CommStatus":null,"Trees":"No","location":null,"Occupation":"Skilled Worker","SkilledOcc":null,"Craftsmen":null,"ReliStruct":null,"Cremetoriu":null,"Email":null,"Date":"1899-12-30T00:00:00","Time":null,"SurvyeorNa":null,"Survey_Dat":null,"Survey_Loc":null,"UUID":null,"email_id":null,"Mandals":"Golconda","Zone":"Buffer","Income":"BPL","AreaSqm":5.5106,"Areatext":"55.106516652056","Duplicate":"0","Dist":"Hyderabad","PCs":"Hyderabad","Assembly_C":"Karwan","Affeceted_":"1899-12-30T00:00:00","S_Number":0,"S_Fall":null,"Zone_1":"Z1B N","Affected_S":"Buffer","Area_SQF":593.159235999,"Zonewise":"Z1B","no_of_Floo":1,"gis_geometry_geojson":"{\"type\":\"Polygon\",\"coordinates\":[[[78.3918928,17.3715249],[78.3917873,17.3715316],[78.3917905,17.3715782],[78.3918804,17.3715726],[78.3918794,17.3715576],[78.3918932,17.3715567],[78.3918928,17.3715249]]]}"}},{"type":"Feature","id":"AS589-514","geometry":{"type":"Polygon","coordinates":[[[78.3921678,17.3716348],[78.392169,17.3717033],[78.3922465,17.3717006],[78.3922449,17.3716318],[78.3921678,17.3716348]]]},"properties":{"household_id":"AS589-514","OBJECTID":366,"fid_1":1009,"Area":674.455794787,"DSM":508.05981,"DTM":505,"HEIGHT":3.05981,"BuildingID":"b8c33","BuiType":"Individual","StructType":"Permanent","NameOwnRep":"b8c33","Contact":0,"HNoPlotNo":"9-5-115/23/1/80","TPIN":null,"ColnyStrtN":"Padma Nagar colony","SyTsNo":"7/H/14","WardBlockN":"14/H","Use":"Resi","Extent":100,"PlinthArea":0,"Classifica":"Patta","Caste":null,"FinanDepen":"No","HHSize":100,"NoAdults":0,"NoChild":0,"Govtbenefi":"No","Borewell":"No","Courtcase":"No","NameStruct":"N.K.Narshimulu","ReliType":null,"Remarks":null,"CommStatus":null,"Trees":"No","location":null,"Occupation":"Others","SkilledOcc":null,"Craftsmen":null,"ReliStruct":null,"Cremetoriu":null,"Email":null,"Date":"1899-12-30T00:00:00","Time":null,"SurvyeorNa":null,"Survey_Dat":null,"Survey_Loc":null,"UUID":null,"email_id":null,"Mandals":"Golconda","Zone":"Buffer","Income":"BPL","AreaSqm":6.2659,"Areatext":"62.659244318528","Duplicate":"0","Dist":"Hyderabad","PCs":"Hyderabad","Assembly_C":"Karwan","Affeceted_":"1899-12-30T00:00:00","S_Number":0,"S_Fall":null,"Zone_1":"Z1B N","Affected_S":"Buffer","Area_SQF":674.455794787,"Zonewise":"Z1B","no_of_Floo":1,"gis_geometry_geojson":"{\"type\":\"Polygon\",\"coordinates\":[[[78.3921678,17.3716348],[78.392169,17.3717033],[78.3922465,17.3717006],[78.3922449,17.3716318],[78.3921678,17.3716348]]]}"}},{"type":"Feature","id":"AS589-515","geometry":{"type":"Polygon","coordinates":[[[78.3924289,17.3715792],[78.3924984,17.3715776],[78.3924969,17.3715243],[78.392529,17.3715235],[78.3925284,17.3715088],[78.3924243,17.3715108],[78.3924289,17.3715792]]]},"properties":{"household_id":"AS589-515","OBJECTID":332,"fid_1":975,"Area":683.307536419,"DSM":507.71182,"DTM":505,"HEIGHT":2.71182,"BuildingID":"1216e","BuiType":"Individual","StructType":"Permanent","NameOwnRep":"1216e","Contact":0,"HNoPlotNo":"Not given","TPIN":"0","ColnyStrtN":"Padma Nagar colony","SyTsNo":"7/H/14","WardBlockN":"14/H","Use":"Resi","Extent":100,"PlinthArea":500,"Classifica":"Patta","Caste":"OC","FinanDepen":"Yes","HHSize":2,"NoAdults":2,"NoChild":0,"Govtbenefi":"No","Borewell":"No","Courtcase":"No","NameStruct":"T Naresh","ReliType":null,"Remarks":"Nil","CommStatus":null,"Trees":"No","location":null,"Occupation":"Others","SkilledOcc":null,"Craftsmen":null,"ReliStruct":null,"Cremetoriu":null,"Email":null,"Date":"1899-12-30T00:00:00","Time":null,"SurvyeorNa":null,"Survey_Dat":null,"Survey_Loc":null,"UUID":null,"email_id":null,"Mandals":"Golconda","Zone":"Buffer","Income":"BPL","AreaSqm":6.3481,"Areatext":"63.4816013148165","Duplicate":"0","Dist":"Hyderabad","PCs":"Hyderabad","Assembly_C":"Karwan","Affeceted_":"1899-12-30T00:00:00","S_Number":0,"S_Fall":null,"Zone_1":"Z1B N","Affected_S":"Buffer","Area_SQF":683.307536419,"Zonewise":"Z1B","no_of_Floo":1,"gis_geometry_geojson":"{\"type\":\"Polygon\",\"coordinates\":[[[78.3924289,17.3715792],[78.3924984,17.3715776],[78.3924969,17.3715243],[78.392529,17.3715235],[78.3925284,17.3715088],[78.3924243,17.3715108],[78.3924289,17.3715792]]]}"}},{"type":"Feature","id":"AS589-516","geometry":{"type":"Polygon","coordinates":[[[78.392533,17.3715768],[78.3924289,17.3715792],[78.3924307,17.371646],[78.3924665,17.3716452],[78.3924654,17.3716051],[78.3925109,17.371604],[78.3925107,17.3715958],[78.3925335,17.3715953],[78.392533,17.3715768]]]},"properties":{"household_id":"AS589-516","OBJECTID":333,"fid_1":976,"Area":511.250190416,"DSM":507.56464,"DTM":505,"HEIGHT":2.56464,"BuildingID":"88dea","BuiType":"Individual","StructType":"Permanent","NameOwnRep":"88dea","Contact":9849135,"HNoPlotNo":"9-5-113/23/1/83/1","TPIN":"1130903820","ColnyStrtN":"Padma Nagar colony","SyTsNo":"7/H/14","WardBlockN":"14/H","Use":"Resi","Extent":100,"PlinthArea":500,"Classifica":"Patta","Caste":"OC","FinanDepen":"Yes","HHSize":4,"NoAdults":4,"NoChild":0,"Govtbenefi":"No","Borewell":"No","Courtcase":"No","NameStruct":"T Muthaiah Raju","ReliType":null,"Remarks":"Nil","CommStatus":null,"Trees":"No","location":null,"Occupation":"Others","SkilledOcc":null,"Craftsmen":null,"ReliStruct":null,"Cremetoriu":null,"Email":null,"Date":"1899-12-30T00:00:00","Time":null,"SurvyeorNa":null,"Survey_Dat":null,"Survey_Loc":null,"UUID":null,"email_id":null,"Mandals":"Golconda","Zone":"Buffer","Income":"BPL","AreaSqm":4.7496,"Areatext":"47.4968868795163","Duplicate":"0","Dist":"Hyderabad","PCs":"Hyderabad","Assembly_C":"Karwan","Affeceted_":"1899-12-30T00:00:00","S_Number":0,"S_Fall":null,"Zone_1":"Z1B N","Affected_S":"Buffer","Area_SQF":511.250190416,"Zonewise":"Z1B","no_of_Floo":1,"gis_geometry_geojson":"{\"type\":\"Polygon\",\"coordinates\":[[[78.392533,17.3715768],[78.3924289,17.3715792],[78.3924307,17.371646],[78.3924665,17.3716452],[78.3924654,17.3716051],[78.3925109,17.371604],[78.3925107,17.3715958],[78.3925335,17.3715953],[78.392533,17.3715768]]]}"}},{"type":"Feature","id":"AS589-517","geometry":{"type":"Polygon","coordinates":[[[78.3924645,17.3716823],[78.3924642,17.3716742],[78.3925357,17.3716716],[78.3925346,17.3716446],[78.3924319,17.3716483],[78.3924331,17.371683],[78.3924645,17.3716823]]]},"properties":{"household_id":"AS589-517","OBJECTID":329,"fid_1":972,"Area":383.370846349,"DSM":507.70361,"DTM":505,"HEIGHT":2.70361,"BuildingID":"bb0b0","BuiType":"Individual","StructType":"Permanent","NameOwnRep":"bb0b0","Contact":939916398,"HNoPlotNo":"9-5-115/23/1/92","TPIN":"1135501447","ColnyStrtN":"Padma Nagar colony","SyTsNo":"7/H/14","WardBlockN":"14/H","Use":"Resi","Extent":50,"PlinthArea":450,"Classifica":"Patta","Caste":null,"FinanDepen":"No","HHSize":50,"NoAdults":1,"NoChild":0,"Govtbenefi":"No","Borewell":"No","Courtcase":"No","NameStruct":"Anuradha","ReliType":null,"Remarks":null,"CommStatus":null,"Trees":"No","location":null,"Occupation":"Others","SkilledOcc":null,"Craftsmen":null,"ReliStruct":null,"Cremetoriu":null,"Email":null,"Date":"1899-12-30T00:00:00","Time":null,"SurvyeorNa":null,"Survey_Dat":null,"Survey_Loc":null,"UUID":null,"email_id":null,"Mandals":"Golconda","Zone":"Buffer","Income":"BPL","AreaSqm":3.5616,"Areatext":"35.6164595409276","Duplicate":"0","Dist":"Hyderabad","PCs":"Hyderabad","Assembly_C":"Karwan","Affeceted_":"1899-12-30T00:00:00","S_Number":0,"S_Fall":null,"Zone_1":"Z1B N","Affected_S":"Buffer","Area_SQF":383.370846349,"Zonewise":"Z1B","no_of_Floo":1,"gis_geometry_geojson":"{\"type\":\"Polygon\",\"coordinates\":[[[78.3924645,17.3716823],[78.3924642,17.3716742],[78.3925357,17.3716716],[78.3925346,17.3716446],[78.3924319,17.3716483],[78.3924331,17.371683],[78.3924645,17.3716823]]]}"}},{"type":"Feature","id":"AS589-518","geometry":{"type":"Polygon","coordinates":[[[78.3923158,17.3715814],[78.3924268,17.3715792],[78.3924243,17.3715108],[78.3923134,17.3715129],[78.3923158,17.3715814]]]},"properties":{"household_id":"AS589-518","OBJECTID":331,"fid_1":974,"Area":963.638237784,"DSM":508.18683,"DTM":504,"HEIGHT":1.39561,"BuildingID":"55412","BuiType":"Individual","StructType":"Permanent","NameOwnRep":"55412","Contact":9182815069,"HNoPlotNo":"9-5-115/23/1/82/A","TPIN":"113612376","ColnyStrtN":"Padma Nagar Colony","SyTsNo":"7","WardBlockN":"14/H","Use":"Resi","Extent":100,"PlinthArea":1000,"Classifica":"Patta","Caste":"Minority","FinanDepen":"No","HHSize":0,"NoAdults":0,"NoChild":0,"Govtbenefi":"No","Borewell":"Yes","Courtcase":"No","NameStruct":null,"ReliType":null,"Remarks":null,"CommStatus":null,"Trees":"No","location":null,"Occupation":"Others","SkilledOcc":null,"Craftsmen":null,"ReliStruct":null,"Cremetoriu":null,"Email":null,"Date":"1899-12-30T00:00:00","Time":null,"SurvyeorNa":null,"Survey_Dat":null,"Survey_Loc":null,"UUID":null,"email_id":null,"Mandals":"Golconda","Zone":"Buffer","Income":"BPL","AreaSqm":8.9525,"Areatext":"89.525279853249","Duplicate":"0","Dist":"Hyderabad","PCs":"Hyderabad","Assembly_C":"Karwan","Affeceted_":"1899-12-30T00:00:00","S_Number":0,"S_Fall":null,"Zone_1":"Z1B N","Affected_S":"Buffer","Area_SQF":963.638237784,"Zonewise":"Z1B","no_of_Floo":1,"gis_geometry_geojson":"{\"type\":\"Polygon\",\"coordinates\":[[[78.3923158,17.3715814],[78.3924268,17.3715792],[78.3924243,17.3715108],[78.3923134,17.3715129],[78.3923158,17.3715814]]]}"}},{"type":"Feature","id":"AS589-519","geometry":{"type":"Polygon","coordinates":[[[78.3924275,17.371607],[78.3924086,17.3716069],[78.3924084,17.3715796],[78.3923196,17.3715813],[78.3923219,17.3716472],[78.3924285,17.3716446],[78.3924275,17.371607]]]},"properties":{"household_id":"AS589-519","OBJECTID":334,"fid_1":977,"Area":825.232711639,"DSM":514.63324,"DTM":504,"HEIGHT":3.54441333333,"BuildingID":"aafd9","BuiType":"Individual","StructType":"Permanent","NameOwnRep":"aafd9","Contact":0,"HNoPlotNo":"9-5-115/23/1/82","TPIN":"1130903222","ColnyStrtN":"Padma Nagar colony","SyTsNo":"7/H/14","WardBlockN":"14/H","Use":"Resi","Extent":150,"PlinthArea":4050,"Classifica":"Patta","Caste":"OC","FinanDepen":"No","HHSize":10,"NoAdults":7,"NoChild":3,"Govtbenefi":"No","Borewell":"Yes","Courtcase":"No","NameStruct":"Kenche Balraj Kenche Shivram Kenche Suresh","ReliType":null,"Remarks":"Nil","CommStatus":null,"Trees":"No","location":null,"Occupation":"Others","SkilledOcc":null,"Craftsmen":null,"ReliStruct":null,"Cremetoriu":null,"Email":null,"Date":"1899-12-30T00:00:00","Time":null,"SurvyeorNa":null,"Survey_Dat":null,"Survey_Loc":null,"UUID":null,"email_id":null,"Mandals":"Golconda","Zone":"Buffer","Income":"BPL","AreaSqm":7.6666,"Areatext":"76.666934287794","Duplicate":"0","Dist":"Hyderabad","PCs":"Hyderabad","Assembly_C":"Karwan","Affeceted_":"1899-12-30T00:00:00","S_Number":0,"S_Fall":null,"Zone_1":"Z1B N","Affected_S":"Buffer","Area_SQF":825.232711639,"Zonewise":"Z1B","no_of_Floo":1,"gis_geometry_geojson":"{\"type\":\"Polygon\",\"coordinates\":[[[78.3924275,17.371607],[78.3924086,17.3716069],[78.3924084,17.3715796],[78.3923196,17.3715813],[78.3923219,17.3716472],[78.3924285,17.3716446],[78.3924275,17.371607]]]}"}},{"type":"Feature","id":"AS589-520","geometry":{"type":"Polygon","coordinates":[[[78.392018,17.37158],[78.3919996,17.37158],[78.3919991,17.3715971],[78.3919693,17.3715964],[78.3919689,17.3715798],[78.3918796,17.3715794],[78.3918799,17.3716078],[78.3920186,17.3716096],[78.392018,17.37158]]]},"properties":{"household_id":"AS589-520","OBJECTID":354,"fid_1":997,"Area":445.293396811,"DSM":508.44247,"DTM":504,"HEIGHT":1.48082333333,"BuildingID":"22a8f","BuiType":"Individual","StructType":"Permanent","NameOwnRep":"22a8f","Contact":8247763131,"HNoPlotNo":"9-5-115/23/1/60","TPIN":"1135501446","ColnyStrtN":"Padma Nagar","SyTsNo":"7/H/14","WardBlockN":"14/H","Use":"Resi","Extent":53,"PlinthArea":450,"Classifica":"Patta","Caste":"BC","FinanDepen":"No","HHSize":3,"NoAdults":3,"NoChild":0,"Govtbenefi":"No","Borewell":"No","Courtcase":"No","NameStruct":"B yadamma","ReliType":null,"Remarks":"Nil","CommStatus":null,"Trees":"No","location":null,"Occupation":"Others","SkilledOcc":null,"Craftsmen":null,"ReliStruct":null,"Cremetoriu":null,"Email":null,"Date":"1899-12-30T00:00:00","Time":null,"SurvyeorNa":null,"Survey_Dat":null,"Survey_Loc":null,"UUID":null,"email_id":null,"Mandals":"Golconda","Zone":"Buffer","Income":"BPL","AreaSqm":4.1369,"Areatext":"41.369275724677","Duplicate":"0","Dist":"Hyderabad","PCs":"Hyderabad","Assembly_C":"Karwan","Affeceted_":"1899-12-30T00:00:00","S_Number":0,"S_Fall":null,"Zone_1":"Z1B N","Affected_S":"Buffer","Area_SQF":445.293396811,"Zonewise":"Z1B","no_of_Floo":1,"gis_geometry_geojson":"{\"type\":\"Polygon\",\"coordinates\":[[[78.392018,17.37158],[78.3919996,17.37158],[78.3919991,17.3715971],[78.3919693,17.3715964],[78.3919689,17.3715798],[78.3918796,17.3715794],[78.3918799,17.3716078],[78.3920186,17.3716096],[78.392018,17.37158]]]}"}},{"type":"Feature","id":"AS589-521","geometry":{"type":"Polygon","coordinates":[[[78.3918934,17.3715793],[78.3920146,17.3715801],[78.3920133,17.3715199],[78.3920049,17.3715201],[78.3920056,17.3715533],[78.3919969,17.3715534],[78.3919968,17.3715459],[78.3919884,17.3715461],[78.3919878,17.371519],[78.3918924,17.3715209],[78.3918934,17.3715793]]]},"properties":{"household_id":"AS589-521","OBJECTID":355,"fid_1":998,"Area":850.637449901,"DSM":508.31033,"DTM":503,"HEIGHT":1.77011,"BuildingID":"b06c2","BuiType":"Individual","StructType":"Permanent","NameOwnRep":"b06c2","Contact":7735534084,"HNoPlotNo":"9-5-115/23/1/61","TPIN":"1130901305","ColnyStrtN":"Padma Nagar","SyTsNo":"7/H/14","WardBlockN":"14/H","Use":"Resi","Extent":100,"PlinthArea":900,"Classifica":"Patta","Caste":"OC","FinanDepen":"No","HHSize":4,"NoAdults":2,"NoChild":2,"Govtbenefi":"No","Borewell":"Yes","Courtcase":"No","NameStruct":"Babina Mallick","ReliType":null,"Remarks":"Nil","CommStatus":null,"Trees":"No","location":null,"Occupation":"Skilled Worker","SkilledOcc":null,"Craftsmen":null,"ReliStruct":null,"Cremetoriu":null,"Email":null,"Date":"1899-12-30T00:00:00","Time":null,"SurvyeorNa":null,"Survey_Dat":null,"Survey_Loc":null,"UUID":null,"email_id":null,"Mandals":"Golconda","Zone":"Buffer","Income":"BPL","AreaSqm":7.9027,"Areatext":"79.0271211432857","Duplicate":"0","Dist":"Hyderabad","PCs":"Hyderabad","Assembly_C":"Karwan","Affeceted_":"1899-12-30T00:00:00","S_Number":0,"S_Fall":null,"Zone_1":"Z1B N","Affected_S":"Buffer","Area_SQF":850.637449901,"Zonewise":"Z1B","no_of_Floo":1,"gis_geometry_geojson":"{\"type\":\"Polygon\",\"coordinates\":[[[78.3918934,17.3715793],[78.3920146,17.3715801],[78.3920133,17.3715199],[78.3920049,17.3715201],[78.3920056,17.3715533],[78.3919969,17.3715534],[78.3919968,17.3715459],[78.3919884,17.3715461],[78.3919878,17.371519],[78.3918924,17.3715209],[78.3918934,17.3715793]]]}"}},{"type":"Feature","id":"AS589-522","geometry":{"type":"Polygon","coordinates":[[[78.3920075,17.3716095],[78.3920072,17.3716177],[78.3919999,17.3716174],[78.3919996,17.371625],[78.3919782,17.3716243],[78.3919787,17.3716091],[78.3918799,17.3716078],[78.3918802,17.3716371],[78.3920192,17.3716358],[78.3920186,17.3716096],[78.3920075,17.3716095]]]},"properties":{"household_id":"AS589-522","OBJECTID":356,"fid_1":999,"Area":438.968202834,"DSM":511.49319,"DTM":504,"HEIGHT":2.49773,"BuildingID":"587c4","BuiType":"Individual","StructType":"Permanent","NameOwnRep":"587c4","Contact":9059112942,"HNoPlotNo":"9-5-155/23/1/60/1","TPIN":"102763395","ColnyStrtN":"Padma Nagar colony","SyTsNo":"7/H/14","WardBlockN":"14/H","Use":"Resi","Extent":50,"PlinthArea":50,"Classifica":"Patta","Caste":"BC","FinanDepen":"No","HHSize":50,"NoAdults":0,"NoChild":2,"Govtbenefi":"No","Borewell":"No","Courtcase":"No","NameStruct":"K Manga","ReliType":null,"Remarks":"No","CommStatus":null,"Trees":"No","location":null,"Occupation":"Others","SkilledOcc":null,"Craftsmen":null,"ReliStruct":null,"Cremetoriu":null,"Email":null,"Date":"1899-12-30T00:00:00","Time":null,"SurvyeorNa":null,"Survey_Dat":null,"Survey_Loc":null,"UUID":null,"email_id":null,"Mandals":"Golconda","Zone":"Buffer","Income":"BPL","AreaSqm":4.0781,"Areatext":"40.7816436411472","Duplicate":"0","Dist":"Hyderabad","PCs":"Hyderabad","Assembly_C":"Karwan","Affeceted_":"1899-12-30T00:00:00","S_Number":0,"S_Fall":null,"Zone_1":"Z1B N","Affected_S":"Buffer","Area_SQF":438.968202834,"Zonewise":"Z1B","no_of_Floo":1,"gis_geometry_geojson":"{\"type\":\"Polygon\",\"coordinates\":[[[78.3920075,17.3716095],[78.3920072,17.3716177],[78.3919999,17.3716174],[78.3919996,17.371625],[78.3919782,17.3716243],[78.3919787,17.3716091],[78.3918799,17.3716078],[78.3918802,17.3716371],[78.3920192,17.3716358],[78.3920186,17.3716096],[78.3920075,17.3716095]]]}"}},{"type":"Feature","id":"AS589-523","geometry":{"type":"Polygon","coordinates":[[[78.3921198,17.3715567],[78.3921307,17.3715554],[78.3921307,17.3715471],[78.3921492,17.3715471],[78.3921497,17.3715054],[78.3920554,17.3715053],[78.3920554,17.3715548],[78.3920674,17.3715548],[78.3920674,17.3715832],[78.3921198,17.3715832],[78.3921198,17.3715567]]]},"properties":{"household_id":"AS589-523","OBJECTID":362,"fid_1":1005,"Area":760.555116724,"DSM":508.5502,"DTM":504,"HEIGHT":1.51673333333,"BuildingID":"5220c","BuiType":"Individual","StructType":"Permanent","NameOwnRep":"5220c","Contact":7032532608,"HNoPlotNo":"9-5-115/23/1/62/A","TPIN":"102763554","ColnyStrtN":"Padma nagar colony","SyTsNo":"07","WardBlockN":"14/H","Use":"Resi","Extent":100,"PlinthArea":50,"Classifica":"Patta","Caste":"ST","FinanDepen":"No","HHSize":5,"NoAdults":5,"NoChild":2,"Govtbenefi":"No","Borewell":"No","Courtcase":"No","NameStruct":"Nil","ReliType":null,"Remarks":null,"CommStatus":null,"Trees":"No","location":null,"Occupation":"Others","SkilledOcc":null,"Craftsmen":null,"ReliStruct":null,"Cremetoriu":null,"Email":null,"Date":"1899-12-30T00:00:00","Time":null,"SurvyeorNa":null,"Survey_Dat":null,"Survey_Loc":null,"UUID":null,"email_id":null,"Mandals":"Golconda","Zone":"Buffer","Income":"BPL","AreaSqm":5.3323,"Areatext":"53.3238555030257","Duplicate":"0","Dist":"Hyderabad","PCs":"Hyderabad","Assembly_C":"Karwan","Affeceted_":"1899-12-30T00:00:00","S_Number":0,"S_Fall":null,"Zone_1":"Z1B N","Affected_S":"Buffer","Area_SQF":760.555116724,"Zonewise":"Z1B","no_of_Floo":1,"gis_geometry_geojson":"{\"type\":\"Polygon\",\"coordinates\":[[[78.3921198,17.3715567],[78.3921307,17.3715554],[78.3921307,17.3715471],[78.3921492,17.3715471],[78.3921497,17.3715054],[78.3920554,17.3715053],[78.3920554,17.3715548],[78.3920674,17.3715548],[78.3920674,17.3715832],[78.3921198,17.3715832],[78.3921198,17.3715567]]]}"}},{"type":"Feature","id":"AS589-524","geometry":{"type":"Polygon","coordinates":[[[78.3921302,17.3715924],[78.3920563,17.3715928],[78.3920565,17.371632],[78.3921464,17.3716316],[78.3921463,17.3716216],[78.3921299,17.3716217],[78.3921302,17.3715924]]]},"properties":{"household_id":"AS589-524","OBJECTID":364,"fid_1":1007,"Area":386.223238357,"DSM":511.73941,"DTM":504,"HEIGHT":2.57980333333,"BuildingID":"7a01a","BuiType":"Individual","StructType":"Permanent","NameOwnRep":"7a01a","Contact":9392001587,"HNoPlotNo":"9-5-115/23/1/63","TPIN":"114188689","ColnyStrtN":"Padma nagar colony","SyTsNo":"07","WardBlockN":"14/H","Use":"Resi","Extent":100,"PlinthArea":2700,"Classifica":"Patta","Caste":"OC","FinanDepen":"No","HHSize":7,"NoAdults":7,"NoChild":0,"Govtbenefi":"No","Borewell":"Yes","Courtcase":"No","NameStruct":"Surabhi Nilayam","ReliType":null,"Remarks":null,"CommStatus":null,"Trees":"No","location":null,"Occupation":"Others","SkilledOcc":null,"Craftsmen":null,"ReliStruct":null,"Cremetoriu":null,"Email":null,"Date":"1899-12-30T00:00:00","Time":null,"SurvyeorNa":null,"Survey_Dat":null,"Survey_Loc":null,"UUID":null,"email_id":null,"Mandals":"Golconda","Zone":"Buffer","Income":"BPL","AreaSqm":3.5881,"Areatext":"35.8814564878464","Duplicate":"0","Dist":"Hyderabad","PCs":"Hyderabad","Assembly_C":"Karwan","Affeceted_":"1899-12-30T00:00:00","S_Number":0,"S_Fall":null,"Zone_1":"Z1B N","Affected_S":"Buffer","Area_SQF":386.223238357,"Zonewise":"Z1B","no_of_Floo":1,"gis_geometry_geojson":"{\"type\":\"Polygon\",\"coordinates\":[[[78.3921302,17.3715924],[78.3920563,17.3715928],[78.3920565,17.371632],[78.3921464,17.3716316],[78.3921463,17.3716216],[78.3921299,17.3716217],[78.3921302,17.3715924]]]}"}},{"type":"Feature","id":"AS589-525","geometry":{"type":"Polygon","coordinates":[[[78.3921689,17.3717005],[78.3921681,17.3716625],[78.3921515,17.3716628],[78.392151,17.3716351],[78.3920567,17.3716356],[78.3920572,17.3717012],[78.3921689,17.3717005]]]},"properties":{"household_id":"AS589-525","OBJECTID":764,"fid_1":1407,"Area":867.505563084,"DSM":514.8764,"DTM":505,"HEIGHT":3.29213333333,"BuildingID":"9b1bb","BuiType":null,"StructType":"Permanent","NameOwnRep":"9b1bb","Contact":0,"HNoPlotNo":null,"TPIN":null,"ColnyStrtN":"Padmanagar","SyTsNo":"7","WardBlockN":"14/H","Use":"Resi","Extent":0,"PlinthArea":0,"Classifica":"Patta","Caste":null,"FinanDepen":null,"HHSize":0,"NoAdults":0,"NoChild":0,"Govtbenefi":null,"Borewell":"No","Courtcase":"No","NameStruct":"Nil","ReliType":null,"Remarks":"Same as I'd 0fa86","CommStatus":null,"Trees":"No","location":null,"Occupation":null,"SkilledOcc":null,"Craftsmen":null,"ReliStruct":null,"Cremetoriu":null,"Email":null,"Date":"1899-12-30T00:00:00","Time":null,"SurvyeorNa":null,"Survey_Dat":null,"Survey_Loc":null,"UUID":"B050310949","email_id":null,"Mandals":"Golconda","Zone":"Buffer","Income":"BPL","AreaSqm":8.0594,"Areatext":"80.5942264067618","Duplicate":"0","Dist":"Hyderabad","PCs":"Hyderabad","Assembly_C":"Karwan","Affeceted_":"1899-12-30T00:00:00","S_Number":0,"S_Fall":null,"Zone_1":"Z1B N","Affected_S":"Buffer","Area_SQF":867.505563084,"Zonewise":"Z1B","no_of_Floo":1,"gis_geometry_geojson":"{\"type\":\"Polygon\",\"coordinates\":[[[78.3921689,17.3717005],[78.3921681,17.3716625],[78.3921515,17.3716628],[78.392151,17.3716351],[78.3920567,17.3716356],[78.3920572,17.3717012],[78.3921689,17.3717005]]]}"}},{"type":"Feature","id":"AS589-526","geometry":{"type":"Polygon","coordinates":[[[78.3925375,17.3716796],[78.3924331,17.371683],[78.3924343,17.371717],[78.3924665,17.3717172],[78.3924662,17.3717089],[78.3925195,17.3717069],[78.3925194,17.3717023],[78.3925384,17.3717017],[78.3925375,17.3716796]]]},"properties":{"household_id":"AS589-526","OBJECTID":330,"fid_1":973,"Area":374.055159153,"DSM":507.49579,"DTM":505,"HEIGHT":2.49579,"BuildingID":"ce310","BuiType":"Individual","StructType":"Permanent","NameOwnRep":"ce310","Contact":0,"HNoPlotNo":"Not mentioned","TPIN":null,"ColnyStrtN":"Padma Nagar Colony","SyTsNo":"7","WardBlockN":"14/H","Use":"Resi","Extent":60,"PlinthArea":0,"Classifica":"Patta","Caste":null,"FinanDepen":"No","HHSize":4,"NoAdults":4,"NoChild":0,"Govtbenefi":"Yes","Borewell":"Yes","Courtcase":"No","NameStruct":"Refuse to inform","ReliType":null,"Remarks":null,"CommStatus":null,"Trees":"No","location":null,"Occupation":"Others","SkilledOcc":null,"Craftsmen":null,"ReliStruct":null,"Cremetoriu":null,"Email":null,"Date":"1899-12-30T00:00:00","Time":null,"SurvyeorNa":null,"Survey_Dat":null,"Survey_Loc":null,"UUID":null,"email_id":null,"Mandals":"Golconda","Zone":"Buffer","Income":"BPL","AreaSqm":3.4751,"Areatext":"34.7510004169613","Duplicate":"0","Dist":"Hyderabad","PCs":"Hyderabad","Assembly_C":"Karwan","Affeceted_":"1899-12-30T00:00:00","S_Number":0,"S_Fall":null,"Zone_1":"Z1B N","Affected_S":"Buffer","Area_SQF":374.055159153,"Zonewise":"Z1B","no_of_Floo":1,"gis_geometry_geojson":"{\"type\":\"Polygon\",\"coordinates\":[[[78.3925375,17.3716796],[78.3924331,17.371683],[78.3924343,17.371717],[78.3924665,17.3717172],[78.3924662,17.3717089],[78.3925195,17.3717069],[78.3925194,17.3717023],[78.3925384,17.3717017],[78.3925375,17.3716796]]]}"}},{"type":"Feature","id":"AS589-527","geometry":{"type":"Polygon","coordinates":[[[78.3926974,17.3715328],[78.3925875,17.3715356],[78.3925905,17.3716439],[78.3926736,17.3716418],[78.3926734,17.3716323],[78.392691,17.3716318],[78.3926899,17.3715929],[78.3926965,17.3715927],[78.3926974,17.3715328]]]},"properties":{"household_id":"AS589-527","OBJECTID":335,"fid_1":978,"Area":1422.33790073,"DSM":507.59482,"DTM":505,"HEIGHT":2.59482,"BuildingID":"04036","BuiType":"Apartment","StructType":"Permanent","NameOwnRep":"04036","Contact":0,"HNoPlotNo":"9-5-115/23/1/95","TPIN":"102763282","ColnyStrtN":"Padma Nagar colony","SyTsNo":"7","WardBlockN":"14/H","Use":"Resi","Extent":150,"PlinthArea":1800,"Classifica":"Patta","Caste":null,"FinanDepen":"No","HHSize":10,"NoAdults":6,"NoChild":4,"Govtbenefi":"No","Borewell":"No","Courtcase":"No","NameStruct":"Sai","ReliType":null,"Remarks":null,"CommStatus":null,"Trees":"No","location":null,"Occupation":"Others","SkilledOcc":null,"Craftsmen":null,"ReliStruct":null,"Cremetoriu":null,"Email":null,"Date":"1899-12-30T00:00:00","Time":null,"SurvyeorNa":null,"Survey_Dat":null,"Survey_Loc":null,"UUID":null,"email_id":null,"Mandals":"Golconda","Zone":"Buffer","Income":"BPL","AreaSqm":1.3214,"Areatext":"132.140043443288","Duplicate":"0","Dist":"Hyderabad","PCs":"Hyderabad","Assembly_C":"Karwan","Affeceted_":"1899-12-30T00:00:00","S_Number":0,"S_Fall":null,"Zone_1":"Z1B N","Affected_S":"Buffer","Area_SQF":1422.33790073,"Zonewise":"Z1B","no_of_Floo":1,"gis_geometry_geojson":"{\"type\":\"Polygon\",\"coordinates\":[[[78.3926974,17.3715328],[78.3925875,17.3715356],[78.3925905,17.3716439],[78.3926736,17.3716418],[78.3926734,17.3716323],[78.392691,17.3716318],[78.3926899,17.3715929],[78.3926965,17.3715927],[78.3926974,17.3715328]]]}"}},{"type":"Feature","id":"AS589-528","geometry":{"type":"Polygon","coordinates":[[[78.3926948,17.3716466],[78.3925853,17.3716493],[78.3925871,17.371714],[78.3925956,17.3717138],[78.3925955,17.3717092],[78.3926974,17.3717106],[78.3926948,17.3716466]]]},"properties":{"household_id":"AS589-528","OBJECTID":337,"fid_1":980,"Area":872.61069455,"DSM":515.42786,"DTM":505,"HEIGHT":10.42786,"BuildingID":"5a222","BuiType":"Individual","StructType":"Permanent","NameOwnRep":"5a222","Contact":8686375991,"HNoPlotNo":"9-5-115/96","TPIN":"114237791","ColnyStrtN":"Padma Nagar colony","SyTsNo":"7/H/14","WardBlockN":"14/H","Use":"Comm","Extent":110,"PlinthArea":3500,"Classifica":"Patta","Caste":"ST","FinanDepen":"No","HHSize":0,"NoAdults":0,"NoChild":0,"Govtbenefi":"No","Borewell":"Yes","Courtcase":"No","NameStruct":"Sree Lalitha nilayam","ReliType":null,"Remarks":"Nil","CommStatus":"Others","Trees":"No","location":null,"Occupation":"Buisness","SkilledOcc":null,"Craftsmen":null,"ReliStruct":null,"Cremetoriu":null,"Email":null,"Date":"1899-12-30T00:00:00","Time":null,"SurvyeorNa":null,"Survey_Dat":null,"Survey_Loc":null,"UUID":null,"email_id":null,"Mandals":"Golconda","Zone":"Buffer","Income":"BPL","AreaSqm":8.1068,"Areatext":"81.068510529695","Duplicate":"0","Dist":"Hyderabad","PCs":"Hyderabad","Assembly_C":"Karwan","Affeceted_":"1899-12-30T00:00:00","S_Number":0,"S_Fall":null,"Zone_1":"Z1B N","Affected_S":"Buffer","Area_SQF":2617.83208365,"Zonewise":"Z1B","no_of_Floo":3,"gis_geometry_geojson":"{\"type\":\"Polygon\",\"coordinates\":[[[78.3926948,17.3716466],[78.3925853,17.3716493],[78.3925871,17.371714],[78.3925956,17.3717138],[78.3925955,17.3717092],[78.3926974,17.3717106],[78.3926948,17.3716466]]]}"}},{"type":"Feature","id":"AS589-529","geometry":{"type":"Polygon","coordinates":[[[78.3928927,17.3716434],[78.3928926,17.3716781],[78.3929482,17.3716772],[78.3929474,17.3716435],[78.3928927,17.3716434]]]},"properties":{"household_id":"AS589-529","OBJECTID":341,"fid_1":984,"Area":239.160847214,"DSM":508.25281,"DTM":504,"HEIGHT":4.25281,"BuildingID":"776ef","BuiType":"Individual","StructType":"Permanent","NameOwnRep":"776ef","Contact":9705086918,"HNoPlotNo":"9-5-115/25/1/18","TPIN":"102763398","ColnyStrtN":"Padma Nagar colony","SyTsNo":"7","WardBlockN":"14/H","Use":"Resi","Extent":150,"PlinthArea":1300,"Classifica":"Patta","Caste":null,"FinanDepen":"Yes","HHSize":0,"NoAdults":0,"NoChild":0,"Govtbenefi":"No","Borewell":"No","Courtcase":"No","NameStruct":"Bala Swami","ReliType":null,"Remarks":null,"CommStatus":null,"Trees":"Yes","location":null,"Occupation":"Others","SkilledOcc":null,"Craftsmen":null,"ReliStruct":null,"Cremetoriu":null,"Email":null,"Date":"1899-12-30T00:00:00","Time":null,"SurvyeorNa":null,"Survey_Dat":null,"Survey_Loc":null,"UUID":null,"email_id":null,"Mandals":"Golconda","Zone":"Buffer","Income":"BPL","AreaSqm":2.2218,"Areatext":"22.2188586289429","Duplicate":"0","Dist":"Hyderabad","PCs":"Hyderabad","Assembly_C":"Karwan","Affeceted_":"1899-12-30T00:00:00","S_Number":0,"S_Fall":null,"Zone_1":"Z1B N","Affected_S":"Buffer","Area_SQF":239.160847214,"Zonewise":"Z1B","no_of_Floo":1,"gis_geometry_geojson":"{\"type\":\"Polygon\",\"coordinates\":[[[78.3928927,17.3716434],[78.3928926,17.3716781],[78.3929482,17.3716772],[78.3929474,17.3716435],[78.3928927,17.3716434]]]}"}},{"type":"Feature","id":"AS589-530","geometry":{"type":"Polygon","coordinates":[[[78.3930646,17.371562],[78.3929619,17.3715639],[78.3929631,17.3716217],[78.3929879,17.3716213],[78.3929881,17.3716324],[78.3929958,17.3716322],[78.392996,17.3716394],[78.3930657,17.371638],[78.3930646,17.371562]]]},"properties":{"household_id":"AS589-530","OBJECTID":404,"fid_1":1047,"Area":923.427868968,"DSM":508.53104,"DTM":503,"HEIGHT":5.53104,"BuildingID":"6f89f","BuiType":"Individual","StructType":"Permanent","NameOwnRep":"6f89f","Contact":9581249636,"HNoPlotNo":"Not available","TPIN":null,"ColnyStrtN":"Padma Nagar colony","SyTsNo":"7","WardBlockN":"14/H","Use":"Resi","Extent":100,"PlinthArea":900,"Classifica":"Patta","Caste":"OC","FinanDepen":"No","HHSize":5,"NoAdults":2,"NoChild":3,"Govtbenefi":"No","Borewell":"Yes","Courtcase":"No","NameStruct":"Ajai Prasad tiwari","ReliType":null,"Remarks":null,"CommStatus":null,"Trees":"No","location":null,"Occupation":"Others","SkilledOcc":null,"Craftsmen":null,"ReliStruct":null,"Cremetoriu":null,"Email":null,"Date":"1899-12-30T00:00:00","Time":null,"SurvyeorNa":null,"Survey_Dat":null,"Survey_Loc":null,"UUID":null,"email_id":null,"Mandals":"Golconda","Zone":"Buffer","Income":"BPL","AreaSqm":8.5789,"Areatext":"85.7895994054785","Duplicate":"0","Dist":"Hyderabad","PCs":"Hyderabad","Assembly_C":"Karwan","Affeceted_":"1899-12-30T00:00:00","S_Number":0,"S_Fall":null,"Zone_1":"Z1B N","Affected_S":"Buffer","Area_SQF":1846.85573794,"Zonewise":"Z1B","no_of_Floo":2,"gis_geometry_geojson":"{\"type\":\"Polygon\",\"coordinates\":[[[78.3930646,17.371562],[78.3929619,17.3715639],[78.3929631,17.3716217],[78.3929879,17.3716213],[78.3929881,17.3716324],[78.3929958,17.3716322],[78.392996,17.3716394],[78.3930657,17.371638],[78.3930646,17.371562]]]}"}},{"type":"Feature","id":"AS589-531","geometry":{"type":"MultiPolygon","coordinates":[[[[78.3927797,17.3716137],[78.3927778,17.3716284],[78.3927941,17.3716289],[78.3927946,17.3716142],[78.3927797,17.3716137]]],[[[78.3927392,17.371614],[78.3926974,17.3716135],[78.3926981,17.3716431],[78.3927396,17.371643],[78.3927392,17.371614]]]]},"properties":{"household_id":"AS589-531","OBJECTID":346,"fid_1":989,"Area":188.618348066,"DSM":508.05719,"DTM":505,"HEIGHT":3.05719,"BuildingID":"28ccd","BuiType":"Individual","StructType":"Permanent","NameOwnRep":"28ccd","Contact":7989035516,"HNoPlotNo":"106","TPIN":"109622134","ColnyStrtN":"Padmanagar","SyTsNo":"07","WardBlockN":"14/H","Use":"Resi","Extent":70,"PlinthArea":200,"Classifica":"Patta","Caste":"BC","FinanDepen":"No","HHSize":2,"NoAdults":2,"NoChild":0,"Govtbenefi":"No","Borewell":"No","Courtcase":"No","NameStruct":"Nil","ReliType":null,"Remarks":null,"CommStatus":null,"Trees":"No","location":null,"Occupation":"Others","SkilledOcc":null,"Craftsmen":null,"ReliStruct":null,"Cremetoriu":null,"Email":null,"Date":"1899-12-30T00:00:00","Time":null,"SurvyeorNa":null,"Survey_Dat":null,"Survey_Loc":null,"UUID":null,"email_id":null,"Mandals":"Golconda","Zone":"Buffer","Income":"BPL","AreaSqm":1.4696,"Areatext":"14.696443091117","Duplicate":"0","Dist":"Hyderabad","PCs":"Hyderabad","Assembly_C":"Karwan","Affeceted_":"1899-12-30T00:00:00","S_Number":0,"S_Fall":null,"Zone_1":"Z1B N","Affected_S":"Buffer","Area_SQF":188.618348066,"Zonewise":"Z1B","no_of_Floo":1,"gis_geometry_geojson":"{\"type\":\"MultiPolygon\",\"coordinates\":[[[[78.3927797,17.3716137],[78.3927778,17.3716284],[78.3927941,17.3716289],[78.3927946,17.3716142],[78.3927797,17.3716137]]],[[[78.3927392,17.371614],[78.3926974,17.3716135],[78.3926981,17.3716431],[78.3927396,17.371643],[78.3927392,17.371614]]]]}"}},{"type":"Feature","id":"AS589-532","geometry":{"type":"Polygon","coordinates":[[[78.3927846,17.3716421],[78.3926981,17.3716431],[78.3926989,17.371679],[78.3928128,17.3716766],[78.3928125,17.3716644],[78.3927852,17.371665],[78.3927846,17.3716421]]]},"properties":{"household_id":"AS589-532","OBJECTID":336,"fid_1":979,"Area":428.736418408,"DSM":511.53366,"DTM":505,"HEIGHT":2.17788666667,"BuildingID":"efa5b","BuiType":"Individual","StructType":"Permanent","NameOwnRep":"efa5b","Contact":9966428639,"HNoPlotNo":"9-5-115/23/1/105","TPIN":"102763387","ColnyStrtN":"Padma Nagar Colony","SyTsNo":"7","WardBlockN":"14/H","Use":"Resi","Extent":70,"PlinthArea":0,"Classifica":"Patta","Caste":null,"FinanDepen":"No","HHSize":0,"NoAdults":0,"NoChild":0,"Govtbenefi":"Yes","Borewell":"Yes","Courtcase":"No","NameStruct":"9-5-115/23/1/105","ReliType":null,"Remarks":null,"CommStatus":null,"Trees":"No","location":null,"Occupation":null,"SkilledOcc":null,"Craftsmen":null,"ReliStruct":null,"Cremetoriu":null,"Email":null,"Date":"1899-12-30T00:00:00","Time":null,"SurvyeorNa":null,"Survey_Dat":null,"Survey_Loc":null,"UUID":null,"email_id":null,"Mandals":"Golconda","Zone":"Buffer","Income":"BPL","AreaSqm":3.9831,"Areatext":"39.8310759535731","Duplicate":"0","Dist":"Hyderabad","PCs":"Hyderabad","Assembly_C":"Karwan","Affeceted_":"1899-12-30T00:00:00","S_Number":0,"S_Fall":null,"Zone_1":"Z1B N","Affected_S":"Buffer","Area_SQF":428.736418408,"Zonewise":"Z1B","no_of_Floo":1,"gis_geometry_geojson":"{\"type\":\"Polygon\",\"coordinates\":[[[78.3927846,17.3716421],[78.3926981,17.3716431],[78.3926989,17.371679],[78.3928128,17.3716766],[78.3928125,17.3716644],[78.3927852,17.371665],[78.3927846,17.3716421]]]}"}},{"type":"Feature","id":"AS589-533","geometry":{"type":"Polygon","coordinates":[[[78.3928488,17.3715544],[78.3928492,17.3716395],[78.392959,17.3716404],[78.392959,17.3716317],[78.3929423,17.3716315],[78.3929425,17.3716037],[78.3929576,17.3716038],[78.392958,17.3715543],[78.3928488,17.3715544]]]},"properties":{"household_id":"AS589-533","OBJECTID":340,"fid_1":983,"Area":1127.34317605,"DSM":511.86383,"DTM":504,"HEIGHT":2.62127666667,"BuildingID":"46fdb","BuiType":"Apartment","StructType":"Permanent","NameOwnRep":"46fdb","Contact":9688557360,"HNoPlotNo":"9-5-115/23/1/1","TPIN":null,"ColnyStrtN":"Padma Nagar colony","SyTsNo":"7/H/14","WardBlockN":"14/H","Use":"Resi","Extent":77,"PlinthArea":0,"Classifica":"Patta","Caste":null,"FinanDepen":null,"HHSize":0,"NoAdults":0,"NoChild":0,"Govtbenefi":null,"Borewell":"Yes","Courtcase":"No","NameStruct":"Sali bai","ReliType":null,"Remarks":"Nil","CommStatus":null,"Trees":"No","location":null,"Occupation":null,"SkilledOcc":null,"Craftsmen":null,"ReliStruct":null,"Cremetoriu":null,"Email":null,"Date":"1899-12-30T00:00:00","Time":null,"SurvyeorNa":null,"Survey_Dat":null,"Survey_Loc":null,"UUID":null,"email_id":null,"Mandals":"Golconda","Zone":"Buffer","Income":"APL","AreaSqm":1.0473,"Areatext":"104.734027117279","Duplicate":"0","Dist":"Hyderabad","PCs":"Hyderabad","Assembly_C":"Karwan","Affeceted_":"1899-12-30T00:00:00","S_Number":0,"S_Fall":null,"Zone_1":"Z1B N","Affected_S":"Buffer","Area_SQF":1127.34317605,"Zonewise":"Z1B","no_of_Floo":1,"gis_geometry_geojson":"{\"type\":\"Polygon\",\"coordinates\":[[[78.3928488,17.3715544],[78.3928492,17.3716395],[78.392959,17.3716404],[78.392959,17.3716317],[78.3929423,17.3716315],[78.3929425,17.3716037],[78.3929576,17.3716038],[78.392958,17.3715543],[78.3928488,17.3715544]]]}"}},{"type":"Feature","id":"AS589-534","geometry":{"type":"Polygon","coordinates":[[[78.392965,17.3717079],[78.3930775,17.3717066],[78.3930784,17.3716446],[78.3929648,17.3716449],[78.392965,17.3717079]]]},"properties":{"household_id":"AS589-534","OBJECTID":406,"fid_1":1049,"Area":894.36869435,"DSM":515.16986,"DTM":503,"HEIGHT":4.05662,"BuildingID":"0fc58","BuiType":"Individual","StructType":"Permanent","NameOwnRep":"0fc58","Contact":8143329644,"HNoPlotNo":"9-5-115/23/1/117","TPIN":"322601072","ColnyStrtN":"Padma Nagar colony","SyTsNo":"7/H/14","WardBlockN":"14/H","Use":"Resi","Extent":100,"PlinthArea":800,"Classifica":"Patta","Caste":"BC","FinanDepen":"No","HHSize":6,"NoAdults":5,"NoChild":1,"Govtbenefi":"No","Borewell":"Yes","Courtcase":"No","NameStruct":"Narender","ReliType":null,"Remarks":"Nil","CommStatus":null,"Trees":"No","location":null,"Occupation":"Others","SkilledOcc":null,"Craftsmen":null,"ReliStruct":null,"Cremetoriu":null,"Email":null,"Date":"1899-12-30T00:00:00","Time":null,"SurvyeorNa":null,"Survey_Dat":null,"Survey_Loc":null,"UUID":null,"email_id":null,"Mandals":"Golconda","Zone":"Buffer","Income":"BPL","AreaSqm":8.3089,"Areatext":"83.0899029447669","Duplicate":"0","Dist":"Hyderabad","PCs":"Hyderabad","Assembly_C":"Karwan","Affeceted_":"1899-12-30T00:00:00","S_Number":0,"S_Fall":null,"Zone_1":"Z1B N","Affected_S":"Buffer","Area_SQF":894.36869435,"Zonewise":"Z1B","no_of_Floo":1,"gis_geometry_geojson":"{\"type\":\"Polygon\",\"coordinates\":[[[78.392965,17.3717079],[78.3930775,17.3717066],[78.3930784,17.3716446],[78.3929648,17.3716449],[78.392965,17.3717079]]]}"}},{"type":"Feature","id":"AS589-535","geometry":{"type":"Polygon","coordinates":[[[78.393312,17.3716457],[78.3932271,17.3716461],[78.3932265,17.3716855],[78.3933114,17.3716843],[78.393312,17.3716457]]]},"properties":{"household_id":"AS589-535","OBJECTID":413,"fid_1":1056,"Area":418.281428774,"DSM":507.76218,"DTM":504,"HEIGHT":3.76218,"BuildingID":"868a1","BuiType":"Individual","StructType":"Permanent","NameOwnRep":"868a1","Contact":0,"HNoPlotNo":"9-5-115/23/1/148","TPIN":"0","ColnyStrtN":"Padma Nagar colony","SyTsNo":"7/H/14","WardBlockN":"14/H","Use":"Resi","Extent":50,"PlinthArea":300,"Classifica":"Patta","Caste":"OC","FinanDepen":"Yes","HHSize":3,"NoAdults":2,"NoChild":1,"Govtbenefi":"No","Borewell":"No","Courtcase":"No","NameStruct":"Door lock","ReliType":null,"Remarks":"Nil","CommStatus":null,"Trees":"No","location":null,"Occupation":"Others","SkilledOcc":null,"Craftsmen":null,"ReliStruct":null,"Cremetoriu":null,"Email":null,"Date":"1899-12-30T00:00:00","Time":null,"SurvyeorNa":null,"Survey_Dat":null,"Survey_Loc":null,"UUID":null,"email_id":null,"Mandals":"Golconda","Zone":"Buffer","Income":"BPL","AreaSqm":3.8859,"Areatext":"38.8597717419758","Duplicate":"0","Dist":"Hyderabad","PCs":"Hyderabad","Assembly_C":"Karwan","Affeceted_":"1899-12-30T00:00:00","S_Number":0,"S_Fall":null,"Zone_1":"Z1B N","Affected_S":"Buffer","Area_SQF":418.281428774,"Zonewise":"Z1B","no_of_Floo":1,"gis_geometry_geojson":"{\"type\":\"Polygon\",\"coordinates\":[[[78.393312,17.3716457],[78.3932271,17.3716461],[78.3932265,17.3716855],[78.3933114,17.3716843],[78.393312,17.3716457]]]}"}},{"type":"Feature","id":"AS589-536","geometry":{"type":"Polygon","coordinates":[[[78.3932939,17.3716455],[78.3932943,17.3716183],[78.3932579,17.3716179],[78.3932575,17.3716465],[78.3932939,17.3716455]]]},"properties":{"household_id":"AS589-536","OBJECTID":414,"fid_1":1057,"Area":128.796721725,"DSM":506.93091,"DTM":504,"HEIGHT":2.93091,"BuildingID":"d752a","BuiType":null,"StructType":"Temporary","NameOwnRep":"d752a","Contact":9866596596,"HNoPlotNo":null,"TPIN":null,"ColnyStrtN":"Padma Nagar colony","SyTsNo":"7/H/14","WardBlockN":"14/H","Use":"Reli","Extent":10,"PlinthArea":0,"Classifica":"Patta","Caste":null,"FinanDepen":null,"HHSize":0,"NoAdults":0,"NoChild":0,"Govtbenefi":null,"Borewell":"No","Courtcase":"No","NameStruct":"Sri Sri Sri katta Maisamna Temple","ReliType":"Hindu","Remarks":"Nil","CommStatus":null,"Trees":"Yes","location":null,"Occupation":null,"SkilledOcc":null,"Craftsmen":null,"ReliStruct":"Religious","Cremetoriu":null,"Email":null,"Date":"1899-12-30T00:00:00","Time":null,"SurvyeorNa":null,"Survey_Dat":null,"Survey_Loc":null,"UUID":null,"email_id":null,"Mandals":"Golconda","Zone":"Buffer","Income":"BPL","AreaSqm":1.1965,"Areatext":"11.9656548524159","Duplicate":"0","Dist":"Hyderabad","PCs":"Hyderabad","Assembly_C":"Karwan","Affeceted_":"1899-12-30T00:00:00","S_Number":0,"S_Fall":null,"Zone_1":"Z1B N","Affected_S":"Buffer","Area_SQF":128.796721725,"Zonewise":"Z1B","no_of_Floo":1,"gis_geometry_geojson":"{\"type\":\"Polygon\",\"coordinates\":[[[78.3932939,17.3716455],[78.3932943,17.3716183],[78.3932579,17.3716179],[78.3932575,17.3716465],[78.3932939,17.3716455]]]}"}},{"type":"Feature","id":"AS589-537","geometry":{"type":"Polygon","coordinates":[[[78.3931595,17.3716084],[78.3931223,17.3716093],[78.3931231,17.3716432],[78.3931596,17.3716424],[78.3931595,17.3716084]]]},"properties":{"household_id":"AS589-537","OBJECTID":422,"fid_1":1065,"Area":158.530362627,"DSM":507.7056,"DTM":504,"HEIGHT":1.2352,"BuildingID":"710bd","BuiType":"Individual","StructType":"Permanent","NameOwnRep":"710bd","Contact":9849090622,"HNoPlotNo":"9-5-115/23/1/131","TPIN":"102763278","ColnyStrtN":"Padma Nagar colony","SyTsNo":"7","WardBlockN":"14/H","Use":"Resi","Extent":100,"PlinthArea":0,"Classifica":"Patta","Caste":"OC","FinanDepen":"No","HHSize":0,"NoAdults":0,"NoChild":0,"Govtbenefi":"No","Borewell":"No","Courtcase":"No","NameStruct":"R Satyanarayana","ReliType":null,"Remarks":null,"CommStatus":null,"Trees":"No","location":null,"Occupation":"Others","SkilledOcc":null,"Craftsmen":null,"ReliStruct":null,"Cremetoriu":null,"Email":null,"Date":"1899-12-30T00:00:00","Time":null,"SurvyeorNa":null,"Survey_Dat":null,"Survey_Loc":null,"UUID":null,"email_id":null,"Mandals":"Golconda","Zone":"Buffer","Income":"BPL","AreaSqm":1.4728,"Areatext":"14.7280115345851","Duplicate":"0","Dist":"Hyderabad","PCs":"Hyderabad","Assembly_C":"Karwan","Affeceted_":"1899-12-30T00:00:00","S_Number":0,"S_Fall":null,"Zone_1":"Z1B N","Affected_S":"Buffer","Area_SQF":158.530362627,"Zonewise":"Z1B","no_of_Floo":1,"gis_geometry_geojson":"{\"type\":\"Polygon\",\"coordinates\":[[[78.3931595,17.3716084],[78.3931223,17.3716093],[78.3931231,17.3716432],[78.3931596,17.3716424],[78.3931595,17.3716084]]]}"}},{"type":"Feature","id":"AS589-538","geometry":{"type":"Polygon","coordinates":[[[78.3934662,17.3716474],[78.3933888,17.3716461],[78.3933856,17.3716959],[78.393482,17.3716972],[78.3934822,17.3716829],[78.3934732,17.3716827],[78.3934733,17.371675],[78.3934649,17.3716749],[78.3934662,17.3716474]]]},"properties":{"household_id":"AS589-538","OBJECTID":423,"fid_1":1066,"Area":531.656051992,"DSM":507.9194,"DTM":503,"HEIGHT":1.6398,"BuildingID":"115a2","BuiType":"Individual","StructType":"Permanent","NameOwnRep":"115a2","Contact":7993884346,"HNoPlotNo":"9-5-115/1/23/149","TPIN":"108575374","ColnyStrtN":"Padma Nagar colony","SyTsNo":"7/H/14","WardBlockN":"14/H","Use":"Resi","Extent":80,"PlinthArea":650,"Classifica":"Patta","Caste":"SC","FinanDepen":"Yes","HHSize":3,"NoAdults":3,"NoChild":0,"Govtbenefi":null,"Borewell":"Yes","Courtcase":"No","NameStruct":"Venkatesh","ReliType":null,"Remarks":"Nil","CommStatus":null,"Trees":"No","location":null,"Occupation":"Others","SkilledOcc":null,"Craftsmen":null,"ReliStruct":null,"Cremetoriu":null,"Email":null,"Date":"1899-12-30T00:00:00","Time":null,"SurvyeorNa":null,"Survey_Dat":null,"Survey_Loc":null,"UUID":null,"email_id":null,"Mandals":"Golconda","Zone":"Buffer","Income":"BPL","AreaSqm":4.9392,"Areatext":"49.3926610261735","Duplicate":"0","Dist":"Hyderabad","PCs":"Hyderabad","Assembly_C":"Karwan","Affeceted_":"1899-12-30T00:00:00","S_Number":0,"S_Fall":null,"Zone_1":"Z1B N","Affected_S":"Buffer","Area_SQF":531.656051992,"Zonewise":"Z1B","no_of_Floo":1,"gis_geometry_geojson":"{\"type\":\"Polygon\",\"coordinates\":[[[78.3934662,17.3716474],[78.3933888,17.3716461],[78.3933856,17.3716959],[78.393482,17.3716972],[78.3934822,17.3716829],[78.3934732,17.3716827],[78.3934733,17.371675],[78.3934649,17.3716749],[78.3934662,17.3716474]]]}"}},{"type":"Feature","id":"AS589-539","geometry":{"type":"Polygon","coordinates":[[[78.3931773,17.3717533],[78.3933282,17.3717514],[78.3933288,17.3717135],[78.393311,17.3717132],[78.3933114,17.3716843],[78.3931764,17.3716852],[78.3931773,17.3717533]]]},"properties":{"household_id":"AS589-539","OBJECTID":411,"fid_1":1054,"Area":1215.06351058,"DSM":508.07297,"DTM":504,"HEIGHT":4.07297,"BuildingID":"7710a","BuiType":"Individual","StructType":"Permanent","NameOwnRep":"7710a","Contact":0,"HNoPlotNo":"9-5-11523/1/147","TPIN":"0","ColnyStrtN":"Padma Nagar colony","SyTsNo":"7H/14","WardBlockN":"14/H","Use":"Resi","Extent":150,"PlinthArea":1200,"Classifica":"Patta","Caste":"BC","FinanDepen":"Yes","HHSize":7,"NoAdults":4,"NoChild":3,"Govtbenefi":"No","Borewell":"Yes","Courtcase":"No","NameStruct":"Venkatesh","ReliType":null,"Remarks":"Nil","CommStatus":null,"Trees":"No","location":null,"Occupation":"Others","SkilledOcc":null,"Craftsmen":null,"ReliStruct":null,"Cremetoriu":null,"Email":null,"Date":"1899-12-30T00:00:00","Time":null,"SurvyeorNa":null,"Survey_Dat":null,"Survey_Loc":null,"UUID":null,"email_id":null,"Mandals":"Golconda","Zone":"Buffer","Income":"BPL","AreaSqm":1.1288,"Areatext":"112.883545473944","Duplicate":"0","Dist":"Hyderabad","PCs":"Hyderabad","Assembly_C":"Karwan","Affeceted_":"1899-12-30T00:00:00","S_Number":0,"S_Fall":null,"Zone_1":"Z1B N","Affected_S":"Buffer","Area_SQF":1215.06351058,"Zonewise":"Z1B","no_of_Floo":1,"gis_geometry_geojson":"{\"type\":\"Polygon\",\"coordinates\":[[[78.3931773,17.3717533],[78.3933282,17.3717514],[78.3933288,17.3717135],[78.393311,17.3717132],[78.3933114,17.3716843],[78.3931764,17.3716852],[78.3931773,17.3717533]]]}"}},{"type":"Feature","id":"AS589-540","geometry":{"type":"Polygon","coordinates":[[[78.3933837,17.3717509],[78.3934908,17.3717525],[78.3934911,17.3717302],[78.3934716,17.37173],[78.3934714,17.3717003],[78.3933843,17.3716995],[78.3933837,17.3717509]]]},"properties":{"household_id":"AS589-540","OBJECTID":425,"fid_1":1068,"Area":628.120735216,"DSM":517.15155,"DTM":504,"HEIGHT":4.38385,"BuildingID":"362f9","BuiType":"Individual","StructType":"Permanent","NameOwnRep":"362f9","Contact":9398225339,"HNoPlotNo":"9-5-115/23/1/149/1","TPIN":null,"ColnyStrtN":"Padma Nagar colony","SyTsNo":"7","WardBlockN":"14/H","Use":"Resi","Extent":100,"PlinthArea":800,"Classifica":"Patta","Caste":"OC","FinanDepen":"No","HHSize":0,"NoAdults":0,"NoChild":0,"Govtbenefi":"No","Borewell":"Yes","Courtcase":"No","NameStruct":"Ritesh Singh kachwah","ReliType":null,"Remarks":null,"CommStatus":null,"Trees":"No","location":null,"Occupation":"Others","SkilledOcc":null,"Craftsmen":null,"ReliStruct":null,"Cremetoriu":null,"Email":null,"Date":"1899-12-30T00:00:00","Time":null,"SurvyeorNa":null,"Survey_Dat":null,"Survey_Loc":null,"UUID":null,"email_id":null,"Mandals":"Golconda","Zone":"Buffer","Income":"BPL","AreaSqm":5.8354,"Areatext":"58.3545592040295","Duplicate":"0","Dist":"Hyderabad","PCs":"Hyderabad","Assembly_C":"Karwan","Affeceted_":"1899-12-30T00:00:00","S_Number":0,"S_Fall":null,"Zone_1":"Z1B N","Affected_S":"Buffer","Area_SQF":628.120735216,"Zonewise":"Z1B","no_of_Floo":1,"gis_geometry_geojson":"{\"type\":\"Polygon\",\"coordinates\":[[[78.3933837,17.3717509],[78.3934908,17.3717525],[78.3934911,17.3717302],[78.3934716,17.37173],[78.3934714,17.3717003],[78.3933843,17.3716995],[78.3933837,17.3717509]]]}"}},{"type":"Feature","id":"AS589-541","geometry":{"type":"Polygon","coordinates":[[[78.3935914,17.3716598],[78.3934971,17.3716636],[78.3934998,17.3717372],[78.3935393,17.3717358],[78.3935379,17.3716984],[78.3935779,17.3716971],[78.3935775,17.3716848],[78.3935926,17.3716843],[78.3935914,17.3716598]]]},"properties":{"household_id":"AS589-541","OBJECTID":426,"fid_1":1069,"Area":601.209377834,"DSM":507.03714,"DTM":504,"HEIGHT":1.01238,"BuildingID":"af88e","BuiType":"Individual","StructType":"Permanent","NameOwnRep":"af88e","Contact":9177300264,"HNoPlotNo":"9-5-115/23/1/64","TPIN":"102763240","ColnyStrtN":"Padmanagar","SyTsNo":"07","WardBlockN":"14/H","Use":"Resi","Extent":100,"PlinthArea":500,"Classifica":"Patta","Caste":"OC","FinanDepen":"No","HHSize":5,"NoAdults":3,"NoChild":2,"Govtbenefi":"No","Borewell":"No","Courtcase":"No","NameStruct":"Nil","ReliType":null,"Remarks":null,"CommStatus":null,"Trees":"No","location":null,"Occupation":"Others","SkilledOcc":null,"Craftsmen":null,"ReliStruct":null,"Cremetoriu":null,"Email":null,"Date":"1899-12-30T00:00:00","Time":null,"SurvyeorNa":null,"Survey_Dat":null,"Survey_Loc":null,"UUID":null,"email_id":null,"Mandals":"Golconda","Zone":"Buffer","Income":"BPL","AreaSqm":5.5854,"Areatext":"55.8544022936006","Duplicate":"0","Dist":"Hyderabad","PCs":"Hyderabad","Assembly_C":"Karwan","Affeceted_":"1899-12-30T00:00:00","S_Number":0,"S_Fall":null,"Zone_1":"Z1B N","Affected_S":"Buffer","Area_SQF":601.209377834,"Zonewise":"Z1B","no_of_Floo":1,"gis_geometry_geojson":"{\"type\":\"Polygon\",\"coordinates\":[[[78.3935914,17.3716598],[78.3934971,17.3716636],[78.3934998,17.3717372],[78.3935393,17.3717358],[78.3935379,17.3716984],[78.3935779,17.3716971],[78.3935775,17.3716848],[78.3935926,17.3716843],[78.3935914,17.3716598]]]}"}},{"type":"Feature","id":"AS589-542","geometry":{"type":"Polygon","coordinates":[[[78.3937484,17.3716133],[78.3937493,17.3716526],[78.3937854,17.3716517],[78.3937857,17.3716124],[78.3937484,17.3716133]]]},"properties":{"household_id":"AS589-542","OBJECTID":388,"fid_1":1031,"Area":183.171949116,"DSM":507.09943,"DTM":503,"HEIGHT":4.09943,"BuildingID":"422df","BuiType":"Individual","StructType":"Permanent","NameOwnRep":"422df","Contact":9030581001,"HNoPlotNo":"9-5-115/23/1/178","TPIN":"1130901965","ColnyStrtN":"Padma Nagar Colony","SyTsNo":"7","WardBlockN":"14/H","Use":"Comm","Extent":100,"PlinthArea":0,"Classifica":"Patta","Caste":null,"FinanDepen":null,"HHSize":0,"NoAdults":0,"NoChild":0,"Govtbenefi":null,"Borewell":"No","Courtcase":"No","NameStruct":"9-5-115/23/1/178","ReliType":null,"Remarks":"Godown- Small room with asbestos sheets remaining vacant within compound wall","CommStatus":null,"Trees":"No","location":null,"Occupation":null,"SkilledOcc":null,"Craftsmen":null,"ReliStruct":null,"Cremetoriu":null,"Email":null,"Date":"1899-12-30T00:00:00","Time":null,"SurvyeorNa":null,"Survey_Dat":null,"Survey_Loc":null,"UUID":null,"email_id":null,"Mandals":"Golconda","Zone":"Buffer","Income":"BPL","AreaSqm":1.7017,"Areatext":"17.0172989858203","Duplicate":"0","Dist":"Hyderabad","PCs":"Hyderabad","Assembly_C":"Karwan","Affeceted_":"1899-12-30T00:00:00","S_Number":0,"S_Fall":null,"Zone_1":"Z1B N","Affected_S":"Buffer","Area_SQF":183.171949116,"Zonewise":"Z1B","no_of_Floo":1,"gis_geometry_geojson":"{\"type\":\"Polygon\",\"coordinates\":[[[78.3937484,17.3716133],[78.3937493,17.3716526],[78.3937854,17.3716517],[78.3937857,17.3716124],[78.3937484,17.3716133]]]}"}},{"type":"Feature","id":"AS589-543","geometry":{"type":"Polygon","coordinates":[[[78.393749,17.3716388],[78.3937484,17.3716133],[78.3936476,17.3716157],[78.3936487,17.3716592],[78.3937257,17.3716574],[78.3937252,17.3716394],[78.393749,17.3716388]]]},"properties":{"household_id":"AS589-543","OBJECTID":387,"fid_1":1030,"Area":502.050191083,"DSM":507.20404,"DTM":504,"HEIGHT":1.06801333333,"BuildingID":"6c64e","BuiType":"Individual","StructType":"Permanent","NameOwnRep":"6c64e","Contact":9177836136,"HNoPlotNo":"9-5-115/23/1/178","TPIN":"112612394","ColnyStrtN":"Padma Nagar Colony","SyTsNo":"7","WardBlockN":"14/H","Use":"Resi","Extent":100,"PlinthArea":0,"Classifica":"Patta","Caste":null,"FinanDepen":"No","HHSize":0,"NoAdults":0,"NoChild":0,"Govtbenefi":"Yes","Borewell":"No","Courtcase":"No","NameStruct":"9-5-115/23/1/178p","ReliType":null,"Remarks":"Tenants residing","CommStatus":null,"Trees":"No","location":null,"Occupation":null,"SkilledOcc":null,"Craftsmen":null,"ReliStruct":null,"Cremetoriu":null,"Email":null,"Date":"1899-12-30T00:00:00","Time":null,"SurvyeorNa":null,"Survey_Dat":null,"Survey_Loc":null,"UUID":null,"email_id":null,"Mandals":"Golconda","Zone":"Buffer","Income":"BPL","AreaSqm":4.6642,"Areatext":"46.6421755524511","Duplicate":"0","Dist":"Hyderabad","PCs":"Hyderabad","Assembly_C":"Karwan","Affeceted_":"1899-12-30T00:00:00","S_Number":0,"S_Fall":null,"Zone_1":"Z1B N","Affected_S":"Buffer","Area_SQF":502.050191083,"Zonewise":"Z1B","no_of_Floo":1,"gis_geometry_geojson":"{\"type\":\"Polygon\",\"coordinates\":[[[78.393749,17.3716388],[78.3937484,17.3716133],[78.3936476,17.3716157],[78.3936487,17.3716592],[78.3937257,17.3716574],[78.3937252,17.3716394],[78.393749,17.3716388]]]}"}},{"type":"Feature","id":"AS589-544","geometry":{"type":"Polygon","coordinates":[[[78.3941277,17.3717557],[78.3940948,17.3717596],[78.3940974,17.3717803],[78.3941299,17.3717765],[78.3941277,17.3717557]]]},"properties":{"household_id":"AS589-544","OBJECTID":396,"fid_1":1039,"Area":87.3547366008,"DSM":505.17062,"DTM":503,"HEIGHT":2.17062,"BuildingID":"8df6f","BuiType":null,"StructType":"Permanent","NameOwnRep":"8df6f","Contact":9395531234,"HNoPlotNo":"9-5-113/1/60","TPIN":null,"ColnyStrtN":"Padma Nagar","SyTsNo":"9","WardBlockN":"14/H","Use":"Comm","Extent":220,"PlinthArea":1980,"Classifica":"Patta","Caste":"BC","FinanDepen":"No","HHSize":0,"NoAdults":0,"NoChild":0,"Govtbenefi":"No","Borewell":"Yes","Courtcase":"No","NameStruct":"M sampath","ReliType":null,"Remarks":"Part of 0f06d","CommStatus":"Others","Trees":"No","location":null,"Occupation":null,"SkilledOcc":null,"Craftsmen":null,"ReliStruct":null,"Cremetoriu":null,"Email":null,"Date":"1899-12-30T00:00:00","Time":null,"SurvyeorNa":null,"Survey_Dat":null,"Survey_Loc":null,"UUID":null,"email_id":null,"Mandals":"Golconda","Zone":"Buffer","Income":"BPL","AreaSqm":8.1156,"Areatext":"8.11555305075444","Duplicate":"0","Dist":"Hyderabad","PCs":"Hyderabad","Assembly_C":"Karwan","Affeceted_":"1899-12-30T00:00:00","S_Number":0,"S_Fall":null,"Zone_1":"Z1B N","Affected_S":"Buffer","Area_SQF":87.3547366008,"Zonewise":"Z1B","no_of_Floo":1,"gis_geometry_geojson":"{\"type\":\"Polygon\",\"coordinates\":[[[78.3941277,17.3717557],[78.3940948,17.3717596],[78.3940974,17.3717803],[78.3941299,17.3717765],[78.3941277,17.3717557]]]}"}},{"type":"Feature","id":"AS589-545","geometry":{"type":"Polygon","coordinates":[[[78.3662253,17.3783972],[78.3659216,17.3784932],[78.3659578,17.3786008],[78.366263,17.3785074],[78.3662253,17.3783972]]]},"properties":{"household_id":"AS589-545","OBJECTID":300,"fid_1":943,"Area":4645.57307973,"DSM":522.42535,"DTM":510,"HEIGHT":12.42535,"BuildingID":"0ed71","BuiType":null,"StructType":"Permanent","NameOwnRep":"0ed71","Contact":9000738678,"HNoPlotNo":null,"TPIN":null,"ColnyStrtN":"Manchirevula- Bairagiguda road","SyTsNo":"340","WardBlockN":null,"Use":"Comm","Extent":0,"PlinthArea":0,"Classifica":"Patta","Caste":"OC","FinanDepen":"No","HHSize":0,"NoAdults":0,"NoChild":0,"Govtbenefi":"No","Borewell":"Yes","Courtcase":"No","NameStruct":"Under contraction building","ReliType":null,"Remarks":"Under contractions building","CommStatus":"Others","Trees":"No","location":null,"Occupation":null,"SkilledOcc":null,"Craftsmen":null,"ReliStruct":null,"Cremetoriu":null,"Email":null,"Date":"1899-12-30T00:00:00","Time":null,"SurvyeorNa":null,"Survey_Dat":null,"Survey_Loc":null,"UUID":null,"email_id":null,"Mandals":"Gandipet","Zone":"Buffer","Income":null,"AreaSqm":4.3158,"Areatext":"431.589588005988","Duplicate":"0","Dist":"Ranga Reddy","PCs":"Hyderabad","Assembly_C":"Karwan","Affeceted_":"1899-12-30T00:00:00","S_Number":0,"S_Fall":null,"Zone_1":"Z1B N","Affected_S":"Buffer","Area_SQF":18582.2923189,"Zonewise":"Z1B","no_of_Floo":4,"gis_geometry_geojson":"{\"type\":\"Polygon\",\"coordinates\":[[[78.3662253,17.3783972],[78.3659216,17.3784932],[78.3659578,17.3786008],[78.366263,17.3785074],[78.3662253,17.3783972]]]}"}},{"type":"Feature","id":"AS589-546","geometry":{"type":"Polygon","coordinates":[[[78.3607592,17.3812381],[78.3607414,17.3811873],[78.3607057,17.3811989],[78.3606965,17.3811727],[78.3606576,17.3811858],[78.3606844,17.3812622],[78.3607592,17.3812381]]]},"properties":{"household_id":"AS589-546","OBJECTID":117,"fid_1":760,"Area":678.413613156,"DSM":518.62415,"DTM":515,"HEIGHT":3.62415,"BuildingID":null,"BuiType":null,"StructType":"Temporary","NameOwnRep":null,"Contact":0,"HNoPlotNo":null,"TPIN":null,"ColnyStrtN":null,"SyTsNo":null,"WardBlockN":null,"Use":"Temp","Extent":0,"PlinthArea":0,"Classifica":null,"Caste":null,"FinanDepen":null,"HHSize":0,"NoAdults":0,"NoChild":0,"Govtbenefi":null,"Borewell":null,"Courtcase":null,"NameStruct":null,"ReliType":null,"Remarks":null,"CommStatus":null,"Trees":null,"location":null,"Occupation":null,"SkilledOcc":null,"Craftsmen":null,"ReliStruct":null,"Cremetoriu":null,"Email":null,"Date":"1899-12-30T00:00:00","Time":null,"SurvyeorNa":null,"Survey_Dat":null,"Survey_Loc":null,"UUID":null,"email_id":null,"Mandals":null,"Zone":"Zone 1","Income":null,"AreaSqm":0,"Areatext":null,"Duplicate":null,"Dist":"As per new Alignment","PCs":null,"Assembly_C":null,"Affeceted_":"1899-12-30T00:00:00","S_Number":0,"S_Fall":null,"Zone_1":"Z1B N","Affected_S":"Buffer","Area_SQF":678.413613156,"Zonewise":"Z1B","no_of_Floo":1,"gis_geometry_geojson":"{\"type\":\"Polygon\",\"coordinates\":[[[78.3607592,17.3812381],[78.3607414,17.3811873],[78.3607057,17.3811989],[78.3606965,17.3811727],[78.3606576,17.3811858],[78.3606844,17.3812622],[78.3607592,17.3812381]]]}"}},{"type":"Feature","id":"AS589-547","geometry":{"type":"Polygon","coordinates":[[[78.3981625,17.3398662],[78.3982154,17.3398581],[78.3982084,17.3398157],[78.3981556,17.3398237],[78.3981625,17.3398662]]]},"properties":{"household_id":"AS589-547","OBJECTID":131,"fid_1":130,"Area":291.415780534,"DSM":518.61298,"DTM":516,"HEIGHT":2.61298,"BuildingID":"84d97","BuiType":null,"StructType":"Temporary","NameOwnRep":"84d97","Contact":0,"HNoPlotNo":null,"TPIN":null,"ColnyStrtN":null,"SyTsNo":"21","WardBlockN":null,"Use":"Govt","Extent":0,"PlinthArea":0,"Classifica":null,"Caste":null,"FinanDepen":null,"HHSize":0,"NoAdults":0,"NoChild":0,"Govtbenefi":null,"Borewell":"No","Courtcase":"No","NameStruct":"Temporary teen seacts","ReliType":null,"Remarks":"This a Government land in nature and regularised in favour of vide GO 59 at present of ground labour sheds exists of object construction labour","CommStatus":null,"Trees":"Yes","location":null,"Occupation":null,"SkilledOcc":null,"Craftsmen":null,"ReliStruct":null,"Cremetoriu":null,"Email":null,"Date":"1899-12-30T00:00:00","Time":null,"SurvyeorNa":null,"Survey_Dat":"2024/08/15 11:32:22.404","Survey_Loc":null,"UUID":null,"email_id":null,"Mandals":"Gandipet","Zone":"Buffer","Income":"BPL","AreaSqm":2.7073,"Areatext":"27.0735201997295","Duplicate":"0","Dist":"Ranga Reddy","PCs":"Chevella","Assembly_C":"Rajendra Nagar","Affeceted_":"1900-01-01T00:00:00","S_Number":88,"S_Fall":null,"Zone_1":"Z1A N","Affected_S":"Buffer","Area_SQF":291.415780534,"Zonewise":"Z1A","no_of_Floo":1,"gis_geometry_geojson":"{\"type\":\"Polygon\",\"coordinates\":[[[78.3981625,17.3398662],[78.3982154,17.3398581],[78.3982084,17.3398157],[78.3981556,17.3398237],[78.3981625,17.3398662]]]}"}},{"type":"Feature","id":"AS589-548","geometry":{"type":"Polygon","coordinates":[[[78.3982214,17.34006],[78.3982171,17.3400035],[78.3981782,17.3400063],[78.3981825,17.3400628],[78.3982214,17.34006]]]},"properties":{"household_id":"AS589-548","OBJECTID":128,"fid_1":127,"Area":280.028682375,"DSM":518.50684,"DTM":516,"HEIGHT":2.50684,"BuildingID":"fb78f","BuiType":"Individual","StructType":"Temporary","NameOwnRep":"fb78f","Contact":9959175999,"HNoPlotNo":null,"TPIN":null,"ColnyStrtN":null,"SyTsNo":"21","WardBlockN":null,"Use":"Resi","Extent":100,"PlinthArea":900,"Classifica":"Govt","Caste":"OC","FinanDepen":"No","HHSize":0,"NoAdults":0,"NoChild":0,"Govtbenefi":"No","Borewell":"No","Courtcase":"No","NameStruct":"Temporary TIN sheds","ReliType":null,"Remarks":"This is a Government land . The area is regularised under GO mS no 59 in favour of.   There are temporary sheds exits for construction labour residence. They will be removed once the adjacent construction complete","CommStatus":null,"Trees":"No","location":null,"Occupation":"Buisness","SkilledOcc":null,"Craftsmen":null,"ReliStruct":null,"Cremetoriu":null,"Email":null,"Date":"1899-12-30T00:00:00","Time":null,"SurvyeorNa":null,"Survey_Dat":"2024/08/13 16:40:48.034","Survey_Loc":null,"UUID":null,"email_id":null,"Mandals":"Gandipet","Zone":"Buffer","Income":"BPL","AreaSqm":2.6015,"Areatext":"26.0156199372144","Duplicate":"0","Dist":"Ranga Reddy","PCs":"Chevella","Assembly_C":"Rajendra Nagar","Affeceted_":"1900-01-01T00:00:00","S_Number":92,"S_Fall":null,"Zone_1":"Z1A N","Affected_S":"Buffer","Area_SQF":280.028682375,"Zonewise":"Z1A","no_of_Floo":1,"gis_geometry_geojson":"{\"type\":\"Polygon\",\"coordinates\":[[[78.3982214,17.34006],[78.3982171,17.3400035],[78.3981782,17.3400063],[78.3981825,17.3400628],[78.3982214,17.34006]]]}"}},{"type":"Feature","id":"AS589-549","geometry":{"type":"Polygon","coordinates":[[[78.3983514,17.339966],[78.3983427,17.3399124],[78.398294,17.3399197],[78.3983043,17.3399724],[78.3983514,17.339966]]]},"properties":{"household_id":"AS589-549","OBJECTID":130,"fid_1":129,"Area":330.85145593,"DSM":518.47351,"DTM":515,"HEIGHT":3.47351,"BuildingID":"fe89c","BuiType":"Individual","StructType":"Temporary","NameOwnRep":"fe89c","Contact":8499909090,"HNoPlotNo":null,"TPIN":null,"ColnyStrtN":null,"SyTsNo":"21","WardBlockN":null,"Use":"Resi","Extent":0,"PlinthArea":0,"Classifica":null,"Caste":"OC","FinanDepen":"No","HHSize":0,"NoAdults":0,"NoChild":0,"Govtbenefi":"No","Borewell":"No","Courtcase":"No","NameStruct":"Temporary teen seacts","ReliType":null,"Remarks":"This is Government land in nature and regularised in favour of vide GO 59 at present of ground labour sheds exists for adjacent construction labour","CommStatus":null,"Trees":"No","location":null,"Occupation":"Buisness","SkilledOcc":null,"Craftsmen":null,"ReliStruct":null,"Cremetoriu":null,"Email":null,"Date":"1899-12-30T00:00:00","Time":null,"SurvyeorNa":null,"Survey_Dat":"2024/08/13 16:40:48.167","Survey_Loc":null,"UUID":null,"email_id":null,"Mandals":"Gandipet","Zone":"Buffer","Income":"BPL","AreaSqm":3.0737,"Areatext":"30.7372289846625","Duplicate":"0","Dist":"Ranga Reddy","PCs":"Chevella","Assembly_C":"Rajendra Nagar","Affeceted_":"1900-01-01T00:00:00","S_Number":90,"S_Fall":null,"Zone_1":"Z1A N","Affected_S":"Buffer","Area_SQF":330.85145593,"Zonewise":"Z1A","no_of_Floo":1,"gis_geometry_geojson":"{\"type\":\"Polygon\",\"coordinates\":[[[78.3983514,17.339966],[78.3983427,17.3399124],[78.398294,17.3399197],[78.3983043,17.3399724],[78.3983514,17.339966]]]}"}},{"type":"Feature","id":"AS589-550","geometry":{"type":"Polygon","coordinates":[[[78.3983651,17.3402039],[78.3984065,17.3401948],[78.398394,17.3401421],[78.3983526,17.3401512],[78.3983651,17.3402039]]]},"properties":{"household_id":"AS589-550","OBJECTID":129,"fid_1":128,"Area":291.106712433,"DSM":518.34412,"DTM":516,"HEIGHT":2.34412,"BuildingID":"2400d","BuiType":"Individual","StructType":"Temporary","NameOwnRep":"2400d","Contact":9440927539,"HNoPlotNo":null,"TPIN":null,"ColnyStrtN":null,"SyTsNo":"21","WardBlockN":null,"Use":"Resi","Extent":21,"PlinthArea":0,"Classifica":"Govt","Caste":"OC","FinanDepen":"No","HHSize":0,"NoAdults":0,"NoChild":0,"Govtbenefi":"No","Borewell":"No","Courtcase":"No","NameStruct":"Temporary teen seacts","ReliType":null,"Remarks":"This is a Government land in nature and regularised in favour of vide GO 59 at lea present of ground of sead exists for adjacent construction labour","CommStatus":null,"Trees":"No","location":null,"Occupation":"Buisness","SkilledOcc":null,"Craftsmen":null,"ReliStruct":null,"Cremetoriu":null,"Email":null,"Date":"1899-12-30T00:00:00","Time":null,"SurvyeorNa":null,"Survey_Dat":"2024/08/13 16:40:48.101","Survey_Loc":null,"UUID":null,"email_id":null,"Mandals":"Gandipet","Zone":"Buffer","Income":"BPL","AreaSqm":2.7044,"Areatext":"27.0448067283922","Duplicate":"0","Dist":"Ranga Reddy","PCs":"Chevella","Assembly_C":"Rajendra Nagar","Affeceted_":"1900-01-01T00:00:00","S_Number":98,"S_Fall":null,"Zone_1":"Z1A N","Affected_S":"Buffer","Area_SQF":291.106712433,"Zonewise":"Z1A","no_of_Floo":1,"gis_geometry_geojson":"{\"type\":\"Polygon\",\"coordinates\":[[[78.3983651,17.3402039],[78.3984065,17.3401948],[78.398394,17.3401421],[78.3983526,17.3401512],[78.3983651,17.3402039]]]}"}},{"type":"Feature","id":"AS589-551","geometry":{"type":"Polygon","coordinates":[[[78.3982681,17.3402794],[78.3983424,17.3402682],[78.3982958,17.3399829],[78.3982215,17.339994],[78.3982681,17.3402794]]]},"properties":{"household_id":"AS589-551","OBJECTID":125,"fid_1":124,"Area":2752.93991397,"DSM":519.19391,"DTM":516,"HEIGHT":3.19391,"BuildingID":"86a23","BuiType":"Individual","StructType":"Temporary","NameOwnRep":"86a23","Contact":8499909090,"HNoPlotNo":null,"TPIN":null,"ColnyStrtN":null,"SyTsNo":"21","WardBlockN":null,"Use":"Resi","Extent":200,"PlinthArea":1800,"Classifica":"Govt","Caste":"OC","FinanDepen":"No","HHSize":0,"NoAdults":0,"NoChild":0,"Govtbenefi":"No","Borewell":"No","Courtcase":"No","NameStruct":"Temporary TIN sheds","ReliType":null,"Remarks":"This is a Government land . The area is regularised under GO mS no 59 in favour of L Malla Reddy .    There are temporary sheds exits for construction labour residence. They will be removed once the adjacent construction complete","CommStatus":null,"Trees":"No","location":null,"Occupation":"Buisness","SkilledOcc":null,"Craftsmen":null,"ReliStruct":null,"Cremetoriu":null,"Email":null,"Date":"1899-12-30T00:00:00","Time":null,"SurvyeorNa":null,"Survey_Dat":"2024/08/15 11:32:22.265","Survey_Loc":null,"UUID":null,"email_id":null,"Mandals":"Gandipet","Zone":"Buffer","Income":"BPL","AreaSqm":2.5575,"Areatext":"255.75750998386","Duplicate":"0","Dist":"Ranga Reddy","PCs":"Chevella","Assembly_C":"Rajendra Nagar","Affeceted_":"1900-01-01T00:00:00","S_Number":91,"S_Fall":null,"Zone_1":"Z1A N","Affected_S":"Buffer","Area_SQF":2752.93991397,"Zonewise":"Z1A","no_of_Floo":1,"gis_geometry_geojson":"{\"type\":\"Polygon\",\"coordinates\":[[[78.3982681,17.3402794],[78.3983424,17.3402682],[78.3982958,17.3399829],[78.3982215,17.339994],[78.3982681,17.3402794]]]}"}},{"type":"Feature","id":"AS589-552","geometry":{"type":"Polygon","coordinates":[[[78.3983742,17.3404268],[78.3984232,17.3404126],[78.3984065,17.3403592],[78.3983575,17.3403733],[78.3983742,17.3404268]]]},"properties":{"household_id":"AS589-552","OBJECTID":124,"fid_1":123,"Area":361.92369397,"DSM":518.36005,"DTM":515,"HEIGHT":3.36005,"BuildingID":"662bb","BuiType":"Individual","StructType":"Temporary","NameOwnRep":"662bb","Contact":9440927539,"HNoPlotNo":null,"TPIN":null,"ColnyStrtN":null,"SyTsNo":"21","WardBlockN":null,"Use":"Resi","Extent":100,"PlinthArea":900,"Classifica":"Govt","Caste":"OC","FinanDepen":"No","HHSize":0,"NoAdults":0,"NoChild":0,"Govtbenefi":"No","Borewell":"No","Courtcase":"No","NameStruct":"Temporary TIN sheds","ReliType":null,"Remarks":"This is a Government land . The area is regularised under GO mS no 59 in favour of.   There are temporary sheds exits for construction labour residence. They will be removed once the adjacent construction complete","CommStatus":null,"Trees":"No","location":null,"Occupation":"Buisness","SkilledOcc":null,"Craftsmen":null,"ReliStruct":null,"Cremetoriu":null,"Email":null,"Date":"1899-12-30T00:00:00","Time":null,"SurvyeorNa":null,"Survey_Dat":"2024/08/13 16:40:47.901","Survey_Loc":null,"UUID":null,"email_id":null,"Mandals":"Gandipet","Zone":"Buffer","Income":"BPL","AreaSqm":3.3623,"Areatext":"33.623945912775","Duplicate":"0","Dist":"Ranga Reddy","PCs":"Chevella","Assembly_C":"Rajendra Nagar","Affeceted_":"1900-01-01T00:00:00","S_Number":96,"S_Fall":null,"Zone_1":"Z1A N","Affected_S":"Buffer","Area_SQF":361.92369397,"Zonewise":"Z1A","no_of_Floo":1,"gis_geometry_geojson":"{\"type\":\"Polygon\",\"coordinates\":[[[78.3983742,17.3404268],[78.3984232,17.3404126],[78.3984065,17.3403592],[78.3983575,17.3403733],[78.3983742,17.3404268]]]}"}},{"type":"Feature","id":"AS589-553","geometry":{"type":"Polygon","coordinates":[[[78.3985265,17.3403459],[78.3985479,17.3403403],[78.3985387,17.3403073],[78.3985172,17.3403128],[78.3985265,17.3403459]]]},"properties":{"household_id":"AS589-553","OBJECTID":136,"fid_1":135,"Area":96.4508997512,"DSM":518.28479,"DTM":515,"HEIGHT":3.28479,"BuildingID":"db969","BuiType":"Individual","StructType":"Temporary","NameOwnRep":"db969","Contact":9440927539,"HNoPlotNo":null,"TPIN":null,"ColnyStrtN":null,"SyTsNo":"21","WardBlockN":null,"Use":"Resi","Extent":50,"PlinthArea":450,"Classifica":"Govt","Caste":"OC","FinanDepen":"No","HHSize":0,"NoAdults":0,"NoChild":0,"Govtbenefi":"No","Borewell":"No","Courtcase":"No","NameStruct":"Temporary TIN shed","ReliType":null,"Remarks":"This is a Government land . The area is regularised under GO mS no 59 in favour of.   There are temporary sheds exits for construction labour residence. They will be removed once the adjacent construction complete","CommStatus":null,"Trees":"No","location":null,"Occupation":"Buisness","SkilledOcc":null,"Craftsmen":null,"ReliStruct":null,"Cremetoriu":null,"Email":null,"Date":"1899-12-30T00:00:00","Time":null,"SurvyeorNa":null,"Survey_Dat":"2024/08/13 17:26:58.649","Survey_Loc":null,"UUID":null,"email_id":null,"Mandals":"Gandipet","Zone":"River","Income":"BPL","AreaSqm":8.9606,"Areatext":"8.96061764186986","Duplicate":"0","Dist":"Ranga Reddy","PCs":"Chevella","Assembly_C":"Rajendra Nagar","Affeceted_":"1900-01-01T00:00:00","S_Number":97,"S_Fall":null,"Zone_1":"Z1A N","Affected_S":"Buffer","Area_SQF":96.4508997512,"Zonewise":"Z1A","no_of_Floo":1,"gis_geometry_geojson":"{\"type\":\"Polygon\",\"coordinates\":[[[78.3985265,17.3403459],[78.3985479,17.3403403],[78.3985387,17.3403073],[78.3985172,17.3403128],[78.3985265,17.3403459]]]}"}},{"type":"Feature","id":"AS589-554","geometry":{"type":"Polygon","coordinates":[[[78.3940189,17.329047],[78.3940127,17.3290673],[78.3940255,17.3290677],[78.3940243,17.3291028],[78.3940874,17.3291048],[78.3940889,17.3290606],[78.3940758,17.3290602],[78.3940762,17.3290488],[78.3940189,17.329047]]]},"properties":{"household_id":"AS589-554","OBJECTID":299,"fid_1":298,"Area":453.167382467,"DSM":515.07794,"DTM":513,"HEIGHT":2.07794,"BuildingID":"7d571","BuiType":null,"StructType":"Permanent","NameOwnRep":"7d571","Contact":0,"HNoPlotNo":null,"TPIN":null,"ColnyStrtN":null,"SyTsNo":"418","WardBlockN":null,"Use":"Govt","Extent":0,"PlinthArea":0,"Classifica":"Govt","Caste":null,"FinanDepen":null,"HHSize":0,"NoAdults":0,"NoChild":0,"Govtbenefi":null,"Borewell":"No","Courtcase":"No","NameStruct":"Water tank","ReliType":null,"Remarks":null,"CommStatus":null,"Trees":"No","location":null,"Occupation":null,"SkilledOcc":null,"Craftsmen":null,"ReliStruct":null,"Cremetoriu":null,"Email":null,"Date":"1899-12-30T00:00:00","Time":null,"SurvyeorNa":null,"Survey_Dat":"2024/08/07 21:17:45.826","Survey_Loc":null,"UUID":null,"email_id":null,"Mandals":"Gandipet","Zone":"Buffer","Income":null,"AreaSqm":4.21,"Areatext":"42.1007958410942","Duplicate":"0","Dist":"Ranga Reddy","PCs":"Chevella","Assembly_C":"Rajendra Nagar","Affeceted_":"1900-01-01T00:00:00","S_Number":51,"S_Fall":null,"Zone_1":"Z1A S","Affected_S":"Buffer","Area_SQF":453.167382467,"Zonewise":"Z1A","no_of_Floo":1,"gis_geometry_geojson":"{\"type\":\"Polygon\",\"coordinates\":[[[78.3940189,17.329047],[78.3940127,17.3290673],[78.3940255,17.3290677],[78.3940243,17.3291028],[78.3940874,17.3291048],[78.3940889,17.3290606],[78.3940758,17.3290602],[78.3940762,17.3290488],[78.3940189,17.329047]]]}"}},{"type":"Feature","id":"AS589-555","geometry":{"type":"Polygon","coordinates":[[[78.3990203,17.3312766],[78.3989552,17.331274],[78.3989491,17.3314204],[78.3990181,17.3314217],[78.3990203,17.3312766]]]},"properties":{"household_id":"AS589-555","OBJECTID":0,"fid_1":0,"Area":1240.7169987,"DSM":518.7229,"DTM":515,"HEIGHT":3.7229,"BuildingID":null,"BuiType":null,"StructType":"Temporary","NameOwnRep":"Private","Contact":0,"HNoPlotNo":null,"TPIN":null,"ColnyStrtN":null,"SyTsNo":null,"WardBlockN":null,"Use":"Industria","Extent":0,"PlinthArea":0,"Classifica":"Patta","Caste":null,"FinanDepen":null,"HHSize":0,"NoAdults":0,"NoChild":0,"Govtbenefi":null,"Borewell":null,"Courtcase":null,"NameStruct":null,"ReliType":null,"Remarks":"NA","CommStatus":null,"Trees":null,"location":null,"Occupation":null,"SkilledOcc":null,"Craftsmen":null,"ReliStruct":null,"Cremetoriu":null,"Email":null,"Date":"1899-12-30T00:00:00","Time":null,"SurvyeorNa":null,"Survey_Dat":null,"Survey_Loc":null,"UUID":null,"email_id":null,"Mandals":null,"Zone":"Zone 1","Income":null,"AreaSqm":0,"Areatext":null,"Duplicate":null,"Dist":null,"PCs":null,"Assembly_C":null,"Affeceted_":"1899-12-30T00:00:00","S_Number":0,"S_Fall":"Roads","Zone_1":"Z1A S","Affected_S":"Outside","Area_SQF":1240.7169987,"Zonewise":"Z1A","no_of_Floo":1,"gis_geometry_geojson":"{\"type\":\"Polygon\",\"coordinates\":[[[78.3990203,17.3312766],[78.3989552,17.331274],[78.3989491,17.3314204],[78.3990181,17.3314217],[78.3990203,17.3312766]]]}"}},{"type":"Feature","id":"AS589-556","geometry":{"type":"Polygon","coordinates":[[[78.3989377,17.3314113],[78.3987612,17.3314037],[78.3987531,17.3315749],[78.3991041,17.3315901],[78.3991056,17.3315582],[78.3990855,17.3315574],[78.3990867,17.3315328],[78.3989329,17.3315261],[78.3989377,17.3314113]]]},"properties":{"household_id":"AS589-556","OBJECTID":0,"fid_1":0,"Area":5032.10509301,"DSM":520.05328,"DTM":515,"HEIGHT":5.05328,"BuildingID":null,"BuiType":null,"StructType":"Temporary","NameOwnRep":"Private","Contact":0,"HNoPlotNo":null,"TPIN":null,"ColnyStrtN":null,"SyTsNo":null,"WardBlockN":null,"Use":"Industria","Extent":0,"PlinthArea":0,"Classifica":"Patta","Caste":null,"FinanDepen":null,"HHSize":0,"NoAdults":0,"NoChild":0,"Govtbenefi":null,"Borewell":null,"Courtcase":null,"NameStruct":null,"ReliType":null,"Remarks":"NA","CommStatus":null,"Trees":null,"location":null,"Occupation":null,"SkilledOcc":null,"Craftsmen":null,"ReliStruct":null,"Cremetoriu":null,"Email":null,"Date":"1899-12-30T00:00:00","Time":null,"SurvyeorNa":null,"Survey_Dat":null,"Survey_Loc":null,"UUID":null,"email_id":null,"Mandals":null,"Zone":"Zone 1","Income":null,"AreaSqm":0,"Areatext":null,"Duplicate":null,"Dist":null,"PCs":null,"Assembly_C":null,"Affeceted_":"1899-12-30T00:00:00","S_Number":0,"S_Fall":"Roads","Zone_1":"Z1A S","Affected_S":"Outside","Area_SQF":10064.210186,"Zonewise":"Z1A","no_of_Floo":2,"gis_geometry_geojson":"{\"type\":\"Polygon\",\"coordinates\":[[[78.3989377,17.3314113],[78.3987612,17.3314037],[78.3987531,17.3315749],[78.3991041,17.3315901],[78.3991056,17.3315582],[78.3990855,17.3315574],[78.3990867,17.3315328],[78.3989329,17.3315261],[78.3989377,17.3314113]]]}"}},{"type":"Feature","id":"AS589-557","geometry":{"type":"Polygon","coordinates":[[[78.4090416,17.3629882],[78.4090171,17.3629766],[78.4089948,17.3630235],[78.4090197,17.3630344],[78.4090416,17.3629882]]]},"properties":{"household_id":"AS589-557","OBJECTID":416,"fid_1":415,"Area":176.720803073,"DSM":506,"DTM":504,"HEIGHT":2,"BuildingID":"c7331","BuiType":"Individual","StructType":"Temporary","NameOwnRep":"c7331","Contact":9676443065,"HNoPlotNo":null,"TPIN":null,"ColnyStrtN":null,"SyTsNo":"130","WardBlockN":null,"Use":"Resi","Extent":0,"PlinthArea":0,"Classifica":"Govt","Caste":null,"FinanDepen":null,"HHSize":0,"NoAdults":0,"NoChild":0,"Govtbenefi":null,"Borewell":"No","Courtcase":null,"NameStruct":null,"ReliType":null,"Remarks":null,"CommStatus":null,"Trees":"No","location":null,"Occupation":null,"SkilledOcc":null,"Craftsmen":null,"ReliStruct":null,"Cremetoriu":null,"Email":null,"Date":"1899-12-30T00:00:00","Time":null,"SurvyeorNa":null,"Survey_Dat":"2024/08/13 16:40:53.992","Survey_Loc":null,"UUID":null,"email_id":null,"Mandals":"Rajendra Nagar","Zone":"Buffer","Income":"BPL","AreaSqm":1.6417,"Areatext":"16.417965507399","Duplicate":"0","Dist":"Ranga Reddy","PCs":"Chevella","Assembly_C":"Rajendra Nagar","Affeceted_":"1900-01-01T00:00:00","S_Number":547,"S_Fall":null,"Zone_1":"Z1A S","Affected_S":"RIVER","Area_SQF":176.720803073,"Zonewise":"Z1A","no_of_Floo":1,"gis_geometry_geojson":"{\"type\":\"Polygon\",\"coordinates\":[[[78.4090416,17.3629882],[78.4090171,17.3629766],[78.4089948,17.3630235],[78.4090197,17.3630344],[78.4090416,17.3629882]]]}"}},{"type":"Feature","id":"AS589-558","geometry":{"type":"Polygon","coordinates":[[[78.4089955,17.3630916],[78.4090007,17.3630934],[78.4089937,17.363118],[78.4090106,17.3631223],[78.4090215,17.3630852],[78.4089999,17.3630781],[78.4089955,17.3630916]]]},"properties":{"household_id":"AS589-558","OBJECTID":414,"fid_1":413,"Area":97.4563194839,"DSM":505,"DTM":504,"HEIGHT":1,"BuildingID":"a9149","BuiType":"Individual","StructType":"Temporary","NameOwnRep":"a9149","Contact":9676443065,"HNoPlotNo":null,"TPIN":null,"ColnyStrtN":null,"SyTsNo":"130","WardBlockN":null,"Use":"Resi","Extent":0,"PlinthArea":0,"Classifica":"Govt","Caste":null,"FinanDepen":null,"HHSize":0,"NoAdults":0,"NoChild":0,"Govtbenefi":null,"Borewell":"No","Courtcase":null,"NameStruct":null,"ReliType":null,"Remarks":null,"CommStatus":null,"Trees":"No","location":null,"Occupation":null,"SkilledOcc":null,"Craftsmen":null,"ReliStruct":null,"Cremetoriu":null,"Email":null,"Date":"1899-12-30T00:00:00","Time":null,"SurvyeorNa":null,"Survey_Dat":"2024/08/13 16:40:53.924","Survey_Loc":null,"UUID":null,"email_id":null,"Mandals":"Rajendra Nagar","Zone":"Buffer","Income":"BPL","AreaSqm":9.054,"Areatext":"9.05402455912265","Duplicate":"0","Dist":"Ranga Reddy","PCs":"Chevella","Assembly_C":"Rajendra Nagar","Affeceted_":"1900-01-01T00:00:00","S_Number":545,"S_Fall":null,"Zone_1":"Z1A S","Affected_S":"RIVER","Area_SQF":97.4563194839,"Zonewise":"Z1A","no_of_Floo":1,"gis_geometry_geojson":"{\"type\":\"Polygon\",\"coordinates\":[[[78.4089955,17.3630916],[78.4090007,17.3630934],[78.4089937,17.363118],[78.4090106,17.3631223],[78.4090215,17.3630852],[78.4089999,17.3630781],[78.4089955,17.3630916]]]}"}},{"type":"Feature","id":"AS589-559","geometry":{"type":"Polygon","coordinates":[[[78.4089012,17.3632887],[78.4088887,17.3633365],[78.4089122,17.3633422],[78.4089069,17.3633626],[78.408935,17.3633693],[78.4089467,17.3633247],[78.4089279,17.3633208],[78.408933,17.3632959],[78.4089012,17.3632887]]]},"properties":{"household_id":"AS589-559","OBJECTID":425,"fid_1":424,"Area":348.783385145,"DSM":506,"DTM":503,"HEIGHT":3,"BuildingID":"7f6c5","BuiType":"Individual","StructType":"Temporary","NameOwnRep":"7f6c5","Contact":9676443065,"HNoPlotNo":null,"TPIN":null,"ColnyStrtN":null,"SyTsNo":"159","WardBlockN":null,"Use":"Resi","Extent":0,"PlinthArea":0,"Classifica":"Govt","Caste":null,"FinanDepen":null,"HHSize":0,"NoAdults":0,"NoChild":0,"Govtbenefi":null,"Borewell":"No","Courtcase":null,"NameStruct":null,"ReliType":null,"Remarks":null,"CommStatus":null,"Trees":"No","location":null,"Occupation":null,"SkilledOcc":null,"Craftsmen":null,"ReliStruct":null,"Cremetoriu":null,"Email":null,"Date":"1899-12-30T00:00:00","Time":null,"SurvyeorNa":null,"Survey_Dat":"2024/08/13 16:40:54.539","Survey_Loc":null,"UUID":null,"email_id":null,"Mandals":"Rajendra Nagar","Zone":"Buffer","Income":"BPL","AreaSqm":3.2403,"Areatext":"32.4031663901369","Duplicate":"0","Dist":"Ranga Reddy","PCs":"Chevella","Assembly_C":"Rajendra Nagar","Affeceted_":"1900-01-01T00:00:00","S_Number":541,"S_Fall":null,"Zone_1":"Z1A S","Affected_S":"RIVER","Area_SQF":348.783385145,"Zonewise":"Z1A","no_of_Floo":1,"gis_geometry_geojson":"{\"type\":\"Polygon\",\"coordinates\":[[[78.4089012,17.3632887],[78.4088887,17.3633365],[78.4089122,17.3633422],[78.4089069,17.3633626],[78.408935,17.3633693],[78.4089467,17.3633247],[78.4089279,17.3633208],[78.408933,17.3632959],[78.4089012,17.3632887]]]}"}},{"type":"Feature","id":"AS589-560","geometry":{"type":"Polygon","coordinates":[[[78.4089597,17.3631014],[78.4089869,17.3631102],[78.4089965,17.3630829],[78.4089692,17.3630741],[78.4089597,17.3631014]]]},"properties":{"household_id":"AS589-560","OBJECTID":436,"fid_1":435,"Area":104.960648624,"DSM":514,"DTM":511,"HEIGHT":3,"BuildingID":"51855","BuiType":"Individual","StructType":"Temporary","NameOwnRep":"51855","Contact":9676443065,"HNoPlotNo":null,"TPIN":null,"ColnyStrtN":null,"SyTsNo":"130","WardBlockN":null,"Use":"Resi","Extent":0,"PlinthArea":0,"Classifica":"Govt","Caste":null,"FinanDepen":null,"HHSize":0,"NoAdults":0,"NoChild":0,"Govtbenefi":null,"Borewell":"No","Courtcase":null,"NameStruct":null,"ReliType":null,"Remarks":null,"CommStatus":null,"Trees":"No","location":null,"Occupation":null,"SkilledOcc":null,"Craftsmen":null,"ReliStruct":null,"Cremetoriu":null,"Email":null,"Date":"1899-12-30T00:00:00","Time":null,"SurvyeorNa":null,"Survey_Dat":"2024/08/13 16:40:55.292","Survey_Loc":null,"UUID":null,"email_id":null,"Mandals":"Rajendra Nagar","Zone":"Buffer","Income":"BPL","AreaSqm":9.7512,"Areatext":"9.75120234067662","Duplicate":"0","Dist":"Ranga Reddy","PCs":"Chevella","Assembly_C":"Rajendra Nagar","Affeceted_":"1900-01-01T00:00:00","S_Number":546,"S_Fall":null,"Zone_1":"Z1A S","Affected_S":"RIVER","Area_SQF":104.960648624,"Zonewise":"Z1A","no_of_Floo":1,"gis_geometry_geojson":"{\"type\":\"Polygon\",\"coordinates\":[[[78.4089597,17.3631014],[78.4089869,17.3631102],[78.4089965,17.3630829],[78.4089692,17.3630741],[78.4089597,17.3631014]]]}"}},{"type":"Feature","id":"AS589-561","geometry":{"type":"Polygon","coordinates":[[[78.4080006,17.3563232],[78.4080425,17.356267],[78.4079973,17.3562359],[78.4079553,17.3562921],[78.4080006,17.3563232]]]},"properties":{"household_id":"AS589-561","OBJECTID":96,"fid_1":95,"Area":487.943397297,"DSM":501,"DTM":500,"HEIGHT":1,"BuildingID":"92e6e","BuiType":null,"StructType":"Temporary","NameOwnRep":"92e6e","Contact":0,"HNoPlotNo":null,"TPIN":null,"ColnyStrtN":"Hyder enclave","SyTsNo":"112","WardBlockN":null,"Use":"Resi","Extent":0,"PlinthArea":0,"Classifica":"Patta","Caste":null,"FinanDepen":null,"HHSize":0,"NoAdults":0,"NoChild":0,"Govtbenefi":null,"Borewell":"No","Courtcase":"No","NameStruct":"House","ReliType":null,"Remarks":null,"CommStatus":null,"Trees":"No","location":null,"Occupation":null,"SkilledOcc":null,"Craftsmen":null,"ReliStruct":null,"Cremetoriu":null,"Email":null,"Date":"1899-12-30T00:00:00","Time":null,"SurvyeorNa":null,"Survey_Dat":"2024/08/13 17:26:58.450","Survey_Loc":null,"UUID":null,"email_id":null,"Mandals":"Rajendra Nagar","Zone":"River","Income":"BPL","AreaSqm":4.5331,"Areatext":"45.3316062823893","Duplicate":"0","Dist":"Ranga Reddy","PCs":"Chevella","Assembly_C":"Rajendra Nagar","Affeceted_":"1900-01-01T00:00:00","S_Number":423,"S_Fall":null,"Zone_1":"Z1A N","Affected_S":"RIVER","Area_SQF":487.943397297,"Zonewise":"Z1A","no_of_Floo":1,"gis_geometry_geojson":"{\"type\":\"Polygon\",\"coordinates\":[[[78.4080006,17.3563232],[78.4080425,17.356267],[78.4079973,17.3562359],[78.4079553,17.3562921],[78.4080006,17.3563232]]]}"}},{"type":"Feature","id":"AS589-562","geometry":{"type":"MultiPolygon","coordinates":[[[[78.4044961,17.3530893],[78.404476,17.3531365],[78.4045444,17.3531615],[78.4045633,17.3531139],[78.4044961,17.3530893]]],[[[78.4045641,17.3531344],[78.4045504,17.3531657],[78.4045839,17.3531778],[78.4045964,17.3531462],[78.4045641,17.3531344]]]]},"properties":{"household_id":"AS589-562","OBJECTID":84,"fid_1":83,"Area":626.281382225,"DSM":505.93124,"DTM":503,"HEIGHT":2.93124,"BuildingID":"9d259","BuiType":"Individual","StructType":"Temporary","NameOwnRep":"9d259","Contact":9177777297,"HNoPlotNo":"3-7-400/oc/open/60","TPIN":"1060338293","ColnyStrtN":"Officers colony","SyTsNo":"111","WardBlockN":"Ward 60","Use":"Resi","Extent":200,"PlinthArea":50,"Classifica":"Patta","Caste":"Minority","FinanDepen":"No","HHSize":0,"NoAdults":0,"NoChild":0,"Govtbenefi":"No","Borewell":"No","Courtcase":"No","NameStruct":"Tin shed","ReliType":null,"Remarks":null,"CommStatus":null,"Trees":"Yes","location":null,"Occupation":"Others","SkilledOcc":null,"Craftsmen":null,"ReliStruct":null,"Cremetoriu":null,"Email":null,"Date":"1899-12-30T00:00:00","Time":null,"SurvyeorNa":null,"Survey_Dat":"2024/08/13 16:40:46.570","Survey_Loc":null,"UUID":null,"email_id":null,"Mandals":"Rajendra Nagar","Zone":"Buffer","Income":"BPL","AreaSqm":4.3897,"Areatext":"43.8973075990698","Duplicate":"0","Dist":"Ranga Reddy","PCs":"Chevella","Assembly_C":"Rajendra Nagar","Affeceted_":"1900-01-01T00:00:00","S_Number":275,"S_Fall":null,"Zone_1":"Z1A N","Affected_S":"RIVER","Area_SQF":626.281382225,"Zonewise":"Z1A","no_of_Floo":1,"gis_geometry_geojson":"{\"type\":\"MultiPolygon\",\"coordinates\":[[[[78.4044961,17.3530893],[78.404476,17.3531365],[78.4045444,17.3531615],[78.4045633,17.3531139],[78.4044961,17.3530893]]],[[[78.4045641,17.3531344],[78.4045504,17.3531657],[78.4045839,17.3531778],[78.4045964,17.3531462],[78.4045641,17.3531344]]]]}"}},{"type":"Feature","id":"AS589-563","geometry":{"type":"Polygon","coordinates":[[[78.4052132,17.3536044],[78.4052454,17.3535209],[78.4051115,17.3534723],[78.4050777,17.3535581],[78.4051256,17.3535743],[78.4051282,17.3535675],[78.4051857,17.3535876],[78.4051825,17.3535941],[78.4052132,17.3536044]]]},"properties":{"household_id":"AS589-563","OBJECTID":34,"fid_1":33,"Area":1588.88122505,"DSM":504.72641,"DTM":501,"HEIGHT":3.72641,"BuildingID":"87017","BuiType":"Individual","StructType":"Permanent","NameOwnRep":"87017","Contact":8555942923,"HNoPlotNo":"Plot no 23","TPIN":null,"ColnyStrtN":"Officers colony","SyTsNo":"112","WardBlockN":null,"Use":"Resi","Extent":200,"PlinthArea":0,"Classifica":"Patta","Caste":"Minority","FinanDepen":"No","HHSize":0,"NoAdults":0,"NoChild":0,"Govtbenefi":"No","Borewell":"Yes","Courtcase":"No","NameStruct":"House","ReliType":null,"Remarks":null,"CommStatus":null,"Trees":"No","location":null,"Occupation":"Others","SkilledOcc":null,"Craftsmen":null,"ReliStruct":null,"Cremetoriu":null,"Email":null,"Date":"1899-12-30T00:00:00","Time":null,"SurvyeorNa":null,"Survey_Dat":"2024/08/07 21:17:26.067","Survey_Loc":null,"UUID":null,"email_id":null,"Mandals":"Rajendra Nagar","Zone":"Buffer","Income":null,"AreaSqm":1.4761,"Areatext":"147.61248645777","Duplicate":"0","Dist":"Ranga Reddy","PCs":"Chevella","Assembly_C":"Rajendra Nagar","Affeceted_":"1900-01-01T00:00:00","S_Number":301,"S_Fall":null,"Zone_1":"Z1A N","Affected_S":"RIVER","Area_SQF":1588.88122505,"Zonewise":"Z1A","no_of_Floo":1,"gis_geometry_geojson":"{\"type\":\"Polygon\",\"coordinates\":[[[78.4052132,17.3536044],[78.4052454,17.3535209],[78.4051115,17.3534723],[78.4050777,17.3535581],[78.4051256,17.3535743],[78.4051282,17.3535675],[78.4051857,17.3535876],[78.4051825,17.3535941],[78.4052132,17.3536044]]]}"}},{"type":"Feature","id":"AS589-564","geometry":{"type":"Polygon","coordinates":[[[78.4051151,17.353465],[78.4051594,17.3534808],[78.4051625,17.353473],[78.4052533,17.3535054],[78.4052781,17.3534412],[78.4052685,17.3534378],[78.4052721,17.3534286],[78.4052467,17.3534195],[78.4052434,17.3534281],[78.405183,17.3534066],[78.4051861,17.3533986],[78.4051535,17.353387],[78.4051378,17.3534277],[78.4051305,17.3534251],[78.4051151,17.353465]]]},"properties":{"household_id":"AS589-564","OBJECTID":33,"fid_1":32,"Area":1347.01520618,"DSM":512.12201,"DTM":500,"HEIGHT":12.12201,"BuildingID":"e4775","BuiType":"Individual","StructType":"Permanent","NameOwnRep":"e4775","Contact":9700582454,"HNoPlotNo":"Plot No. 24 Street No. 2","TPIN":"322810284","ColnyStrtN":"Officers colony","SyTsNo":"112","WardBlockN":null,"Use":"Resi","Extent":155,"PlinthArea":0,"Classifica":"Patta","Caste":"Minority","FinanDepen":"No","HHSize":155,"NoAdults":6,"NoChild":4,"Govtbenefi":"No","Borewell":"Yes","Courtcase":"No","NameStruct":"Building","ReliType":null,"Remarks":"SOFTWARE EMPLOYEE","CommStatus":null,"Trees":"No","location":null,"Occupation":"Others","SkilledOcc":null,"Craftsmen":null,"ReliStruct":null,"Cremetoriu":null,"Email":null,"Date":"1899-12-30T00:00:00","Time":null,"SurvyeorNa":null,"Survey_Dat":"2024/08/07 21:06:03.726","Survey_Loc":null,"UUID":null,"email_id":null,"Mandals":"Rajendra Nagar","Zone":"River","Income":null,"AreaSqm":1.2514,"Areatext":"125.142308155096","Duplicate":"0","Dist":"Ranga Reddy","PCs":"Chevella","Assembly_C":"Rajendra Nagar","Affeceted_":"1900-01-01T00:00:00","S_Number":300,"S_Fall":null,"Zone_1":"Z1A N","Affected_S":"RIVER","Area_SQF":5388.06082472,"Zonewise":"Z1A","no_of_Floo":4,"gis_geometry_geojson":"{\"type\":\"Polygon\",\"coordinates\":[[[78.4051151,17.353465],[78.4051594,17.3534808],[78.4051625,17.353473],[78.4052533,17.3535054],[78.4052781,17.3534412],[78.4052685,17.3534378],[78.4052721,17.3534286],[78.4052467,17.3534195],[78.4052434,17.3534281],[78.405183,17.3534066],[78.4051861,17.3533986],[78.4051535,17.353387],[78.4051378,17.3534277],[78.4051305,17.3534251],[78.4051151,17.353465]]]}"}},{"type":"Feature","id":"AS589-565","geometry":{"type":"Polygon","coordinates":[[[78.4054095,17.3537806],[78.4053823,17.353854],[78.4054972,17.3538932],[78.4055244,17.3538198],[78.4054095,17.3537806]]]},"properties":{"household_id":"AS589-565","OBJECTID":36,"fid_1":35,"Area":1204.63194548,"DSM":504.58716,"DTM":501,"HEIGHT":3.58716,"BuildingID":"ab7cd","BuiType":"Individual","StructType":"Permanent","NameOwnRep":"ab7cd","Contact":0,"HNoPlotNo":"5","TPIN":"9109","ColnyStrtN":null,"SyTsNo":"112","WardBlockN":null,"Use":"Resi","Extent":300,"PlinthArea":0,"Classifica":"Govt","Caste":"Minority","FinanDepen":"No","HHSize":0,"NoAdults":0,"NoChild":0,"Govtbenefi":"No","Borewell":"No","Courtcase":"No","NameStruct":"House","ReliType":null,"Remarks":null,"CommStatus":null,"Trees":"No","location":null,"Occupation":"Buisness","SkilledOcc":null,"Craftsmen":null,"ReliStruct":null,"Cremetoriu":null,"Email":null,"Date":"1899-12-30T00:00:00","Time":null,"SurvyeorNa":null,"Survey_Dat":"2024/08/15 19:42:57.376","Survey_Loc":null,"UUID":null,"email_id":null,"Mandals":"Rajendra Nagar","Zone":"Buffer","Income":"APL","AreaSqm":1.1191,"Areatext":"111.914417462386","Duplicate":"0","Dist":"Ranga Reddy","PCs":"Chevella","Assembly_C":"Rajendra Nagar","Affeceted_":"1900-01-01T00:00:00","S_Number":319,"S_Fall":null,"Zone_1":"Z1A N","Affected_S":"RIVER","Area_SQF":1204.63194548,"Zonewise":"Z1A","no_of_Floo":1,"gis_geometry_geojson":"{\"type\":\"Polygon\",\"coordinates\":[[[78.4054095,17.3537806],[78.4053823,17.353854],[78.4054972,17.3538932],[78.4055244,17.3538198],[78.4054095,17.3537806]]]}"}},{"type":"Feature","id":"AS589-566","geometry":{"type":"Polygon","coordinates":[[[78.4059432,17.3541341],[78.406041,17.3541789],[78.4060381,17.3541839],[78.4060443,17.3541872],[78.4060547,17.3541672],[78.4060788,17.3541802],[78.4060941,17.354152],[78.4060997,17.354155],[78.4061164,17.3541264],[78.4059841,17.3540477],[78.4059432,17.3541341]]]},"properties":{"household_id":"AS589-566","OBJECTID":42,"fid_1":41,"Area":1591.61208549,"DSM":502.96039,"DTM":499,"HEIGHT":3.96039,"BuildingID":"9a7b6","BuiType":"Individual","StructType":"Permanent","NameOwnRep":"9a7b6","Contact":0,"HNoPlotNo":"3-7-400/49/MR","TPIN":null,"ColnyStrtN":"Hyder Enclave","SyTsNo":"112","WardBlockN":null,"Use":"Resi","Extent":0,"PlinthArea":0,"Classifica":"Patta","Caste":"Minority","FinanDepen":"No","HHSize":0,"NoAdults":0,"NoChild":0,"Govtbenefi":"No","Borewell":"Yes","Courtcase":"No","NameStruct":"Building","ReliType":null,"Remarks":null,"CommStatus":null,"Trees":"No","location":null,"Occupation":"Buisness","SkilledOcc":null,"Craftsmen":null,"ReliStruct":null,"Cremetoriu":null,"Email":null,"Date":"1899-12-30T00:00:00","Time":null,"SurvyeorNa":null,"Survey_Dat":"2024/08/15 19:42:57.453","Survey_Loc":null,"UUID":null,"email_id":null,"Mandals":"Rajendra Nagar","Zone":"Buffer","Income":"APL","AreaSqm":1.4786,"Areatext":"147.866192704426","Duplicate":"0","Dist":"Ranga Reddy","PCs":"Chevella","Assembly_C":"Rajendra Nagar","Affeceted_":"1900-01-01T00:00:00","S_Number":325,"S_Fall":null,"Zone_1":"Z1A N","Affected_S":"RIVER","Area_SQF":1591.61208549,"Zonewise":"Z1A","no_of_Floo":1,"gis_geometry_geojson":"{\"type\":\"Polygon\",\"coordinates\":[[[78.4059432,17.3541341],[78.406041,17.3541789],[78.4060381,17.3541839],[78.4060443,17.3541872],[78.4060547,17.3541672],[78.4060788,17.3541802],[78.4060941,17.354152],[78.4060997,17.354155],[78.4061164,17.3541264],[78.4059841,17.3540477],[78.4059432,17.3541341]]]}"}},{"type":"Feature","id":"AS589-567","geometry":{"type":"Polygon","coordinates":[[[78.4061314,17.3542386],[78.4061219,17.3542547],[78.4061348,17.3542607],[78.4061281,17.3542738],[78.406189,17.3543024],[78.4062041,17.3542728],[78.4061314,17.3542386]]]},"properties":{"household_id":"AS589-567","OBJECTID":50,"fid_1":49,"Area":317.568804429,"DSM":501.63644,"DTM":499,"HEIGHT":2.63644,"BuildingID":"59169","BuiType":"Individual","StructType":"Permanent","NameOwnRep":"59169","Contact":9849932442,"HNoPlotNo":"3-7-400/mr/30/1/2","TPIN":null,"ColnyStrtN":"Hyder enclave","SyTsNo":"112","WardBlockN":null,"Use":"Resi","Extent":100,"PlinthArea":0,"Classifica":"Patta","Caste":"Minority","FinanDepen":"No","HHSize":0,"NoAdults":0,"NoChild":0,"Govtbenefi":"No","Borewell":"No","Courtcase":"No","NameStruct":"House","ReliType":null,"Remarks":null,"CommStatus":null,"Trees":"No","location":null,"Occupation":"Others","SkilledOcc":null,"Craftsmen":null,"ReliStruct":null,"Cremetoriu":null,"Email":null,"Date":"1899-12-30T00:00:00","Time":null,"SurvyeorNa":null,"Survey_Dat":"2024/08/07 21:17:27.247","Survey_Loc":null,"UUID":null,"email_id":null,"Mandals":"Rajendra Nagar","Zone":"Buffer","Income":null,"AreaSqm":2.6403,"Areatext":"26.4031983899071","Duplicate":"0","Dist":"Ranga Reddy","PCs":"Chevella","Assembly_C":"Rajendra Nagar","Affeceted_":"1900-01-01T00:00:00","S_Number":347,"S_Fall":null,"Zone_1":"Z1A N","Affected_S":"RIVER","Area_SQF":317.568804429,"Zonewise":"Z1A","no_of_Floo":1,"gis_geometry_geojson":"{\"type\":\"Polygon\",\"coordinates\":[[[78.4061314,17.3542386],[78.4061219,17.3542547],[78.4061348,17.3542607],[78.4061281,17.3542738],[78.406189,17.3543024],[78.4062041,17.3542728],[78.4061314,17.3542386]]]}"}},{"type":"Feature","id":"AS589-568","geometry":{"type":"Polygon","coordinates":[[[78.4062216,17.3543439],[78.4061734,17.3543226],[78.4061479,17.3543833],[78.4061956,17.3543976],[78.4062216,17.3543439]]]},"properties":{"household_id":"AS589-568","OBJECTID":69,"fid_1":68,"Area":405.621448916,"DSM":506.39386,"DTM":500,"HEIGHT":6.39386,"BuildingID":"9b855","BuiType":"Individual","StructType":"Permanent","NameOwnRep":"9b855","Contact":7893225243,"HNoPlotNo":"3-7-400/MR/30/1/1","TPIN":null,"ColnyStrtN":"Hyder enclave","SyTsNo":"112","WardBlockN":null,"Use":"Resi","Extent":30,"PlinthArea":0,"Classifica":"Patta","Caste":"Minority","FinanDepen":"No","HHSize":0,"NoAdults":0,"NoChild":0,"Govtbenefi":"No","Borewell":"Yes","Courtcase":"No","NameStruct":"House","ReliType":null,"Remarks":null,"CommStatus":null,"Trees":"No","location":null,"Occupation":"Retired","SkilledOcc":null,"Craftsmen":null,"ReliStruct":null,"Cremetoriu":null,"Email":null,"Date":"1899-12-30T00:00:00","Time":null,"SurvyeorNa":null,"Survey_Dat":"2024/08/07 21:17:28.645","Survey_Loc":null,"UUID":null,"email_id":null,"Mandals":"Rajendra Nagar","Zone":"Buffer","Income":null,"AreaSqm":3.7683,"Areatext":"37.683616425953","Duplicate":"0","Dist":"Ranga Reddy","PCs":"Chevella","Assembly_C":"Rajendra Nagar","Affeceted_":"1900-01-01T00:00:00","S_Number":348,"S_Fall":null,"Zone_1":"Z1A N","Affected_S":"RIVER","Area_SQF":811.242897832,"Zonewise":"Z1A","no_of_Floo":2,"gis_geometry_geojson":"{\"type\":\"Polygon\",\"coordinates\":[[[78.4062216,17.3543439],[78.4061734,17.3543226],[78.4061479,17.3543833],[78.4061956,17.3543976],[78.4062216,17.3543439]]]}"}},{"type":"Feature","id":"AS589-569","geometry":{"type":"Polygon","coordinates":[[[78.4063683,17.3545979],[78.4063593,17.3546347],[78.4063997,17.3546407],[78.4064153,17.3546108],[78.4063683,17.3545979]]]},"properties":{"household_id":"AS589-569","OBJECTID":72,"fid_1":71,"Area":199.330139054,"DSM":502.89362,"DTM":500,"HEIGHT":2.89362,"BuildingID":"57f6f","BuiType":"Individual","StructType":"Permanent","NameOwnRep":"57f6f","Contact":7032721022,"HNoPlotNo":null,"TPIN":null,"ColnyStrtN":"Hyder enclave","SyTsNo":"112","WardBlockN":null,"Use":"Resi","Extent":0,"PlinthArea":0,"Classifica":"Patta","Caste":"Minority","FinanDepen":null,"HHSize":0,"NoAdults":0,"NoChild":0,"Govtbenefi":null,"Borewell":"No","Courtcase":"No","NameStruct":"House","ReliType":null,"Remarks":null,"CommStatus":null,"Trees":"Yes","location":null,"Occupation":null,"SkilledOcc":null,"Craftsmen":null,"ReliStruct":null,"Cremetoriu":null,"Email":null,"Date":"1899-12-30T00:00:00","Time":null,"SurvyeorNa":null,"Survey_Dat":"2024/08/07 21:17:28.865","Survey_Loc":null,"UUID":null,"email_id":null,"Mandals":"Rajendra Nagar","Zone":"Buffer","Income":null,"AreaSqm":1.8518,"Areatext":"18.518449960303","Duplicate":"0","Dist":"Ranga Reddy","PCs":"Chevella","Assembly_C":"Rajendra Nagar","Affeceted_":"1900-01-01T00:00:00","S_Number":364,"S_Fall":null,"Zone_1":"Z1A N","Affected_S":"RIVER","Area_SQF":199.330139054,"Zonewise":"Z1A","no_of_Floo":1,"gis_geometry_geojson":"{\"type\":\"Polygon\",\"coordinates\":[[[78.4063683,17.3545979],[78.4063593,17.3546347],[78.4063997,17.3546407],[78.4064153,17.3546108],[78.4063683,17.3545979]]]}"}},{"type":"Feature","id":"AS589-570","geometry":{"type":"Polygon","coordinates":[[[78.406896,17.3550073],[78.4068803,17.3550386],[78.4069102,17.3550524],[78.4069173,17.3550384],[78.4069288,17.3550438],[78.4069375,17.3550265],[78.406896,17.3550073]]]},"properties":{"household_id":"AS589-570","OBJECTID":63,"fid_1":62,"Area":177.105787028,"DSM":501.56927,"DTM":499,"HEIGHT":2.56927,"BuildingID":"08857","BuiType":"Individual","StructType":"Temporary","NameOwnRep":"08857","Contact":9848144383,"HNoPlotNo":null,"TPIN":null,"ColnyStrtN":null,"SyTsNo":"112","WardBlockN":null,"Use":"Resi","Extent":0,"PlinthArea":0,"Classifica":"Patta","Caste":null,"FinanDepen":"No","HHSize":0,"NoAdults":0,"NoChild":0,"Govtbenefi":"No","Borewell":"No","Courtcase":"No","NameStruct":"Rcc","ReliType":null,"Remarks":null,"CommStatus":null,"Trees":"No","location":null,"Occupation":null,"SkilledOcc":null,"Craftsmen":null,"ReliStruct":null,"Cremetoriu":null,"Email":null,"Date":"1899-12-30T00:00:00","Time":null,"SurvyeorNa":null,"Survey_Dat":"2024/08/13 16:40:46.033","Survey_Loc":null,"UUID":null,"email_id":null,"Mandals":"Rajendra Nagar","Zone":"Buffer","Income":"BPL","AreaSqm":1.6453,"Areatext":"16.4537318260015","Duplicate":"0","Dist":"Ranga Reddy","PCs":"Chevella","Assembly_C":"Rajendra Nagar","Affeceted_":"1900-01-01T00:00:00","S_Number":385,"S_Fall":null,"Zone_1":"Z1A N","Affected_S":"RIVER","Area_SQF":177.105787028,"Zonewise":"Z1A","no_of_Floo":1,"gis_geometry_geojson":"{\"type\":\"Polygon\",\"coordinates\":[[[78.406896,17.3550073],[78.4068803,17.3550386],[78.4069102,17.3550524],[78.4069173,17.3550384],[78.4069288,17.3550438],[78.4069375,17.3550265],[78.406896,17.3550073]]]}"}},{"type":"Feature","id":"AS589-571","geometry":{"type":"Polygon","coordinates":[[[78.4053031,17.3535317],[78.4052821,17.3535911],[78.4053624,17.3536173],[78.4053835,17.3535579],[78.4053031,17.3535317]]]},"properties":{"household_id":"AS589-571","OBJECTID":35,"fid_1":34,"Area":675.316923984,"DSM":503.85773,"DTM":501,"HEIGHT":2.85773,"BuildingID":"53388","BuiType":"Individual","StructType":"Temporary","NameOwnRep":"53388","Contact":9849014902,"HNoPlotNo":"112","TPIN":null,"ColnyStrtN":"Officers colony","SyTsNo":"112","WardBlockN":null,"Use":"Resi","Extent":0,"PlinthArea":0,"Classifica":"Govt","Caste":"Minority","FinanDepen":"No","HHSize":0,"NoAdults":0,"NoChild":0,"Govtbenefi":"No","Borewell":"No","Courtcase":"No","NameStruct":"Rekula shad","ReliType":null,"Remarks":null,"CommStatus":null,"Trees":"No","location":null,"Occupation":"Buisness","SkilledOcc":null,"Craftsmen":null,"ReliStruct":null,"Cremetoriu":null,"Email":null,"Date":"1899-12-30T00:00:00","Time":null,"SurvyeorNa":null,"Survey_Dat":"2024/08/13 16:40:45.698","Survey_Loc":null,"UUID":null,"email_id":null,"Mandals":"Rajendra Nagar","Zone":"Buffer","Income":"BPL","AreaSqm":6.2739,"Areatext":"62.7392461613608","Duplicate":"0","Dist":"Ranga Reddy","PCs":"Chevella","Assembly_C":"Rajendra Nagar","Affeceted_":"1900-01-01T00:00:00","S_Number":302,"S_Fall":null,"Zone_1":"Z1A N","Affected_S":"RIVER","Area_SQF":675.316923984,"Zonewise":"Z1A","no_of_Floo":1,"gis_geometry_geojson":"{\"type\":\"Polygon\",\"coordinates\":[[[78.4053031,17.3535317],[78.4052821,17.3535911],[78.4053624,17.3536173],[78.4053835,17.3535579],[78.4053031,17.3535317]]]}"}},{"type":"Feature","id":"AS589-572","geometry":{"type":"Polygon","coordinates":[[[78.4038694,17.3527677],[78.4039926,17.3528258],[78.4040599,17.3526941],[78.4039367,17.352636],[78.4038694,17.3527677]]]},"properties":{"household_id":"AS589-572","OBJECTID":240,"fid_1":239,"Area":2551.35221294,"DSM":511.71671,"DTM":504,"HEIGHT":7.71671,"BuildingID":"a5136","BuiType":"Apartment","StructType":"Permanent","NameOwnRep":"a5136","Contact":8142471404,"HNoPlotNo":"111/A","TPIN":null,"ColnyStrtN":"Officers colony","SyTsNo":"111","WardBlockN":"Ward no 60","Use":"Resi","Extent":2440,"PlinthArea":0,"Classifica":"Patta","Caste":null,"FinanDepen":null,"HHSize":0,"NoAdults":0,"NoChild":0,"Govtbenefi":null,"Borewell":"Yes","Courtcase":"No","NameStruct":"Mohd. Nayeem home","ReliType":null,"Remarks":null,"CommStatus":null,"Trees":"No","location":null,"Occupation":null,"SkilledOcc":null,"Craftsmen":null,"ReliStruct":null,"Cremetoriu":null,"Email":null,"Date":"1899-12-30T00:00:00","Time":null,"SurvyeorNa":null,"Survey_Dat":"2024/08/13 16:47:16.456","Survey_Loc":null,"UUID":null,"email_id":null,"Mandals":"Rajendra Nagar","Zone":"Buffer","Income":"APL","AreaSqm":2.3702,"Areatext":"237.029324803791","Duplicate":"0","Dist":"Ranga Reddy","PCs":"Chevella","Assembly_C":"Rajendra Nagar","Affeceted_":"1900-01-01T00:00:00","S_Number":265,"S_Fall":null,"Zone_1":"Z1A N","Affected_S":"RIVER","Area_SQF":7654.05663882,"Zonewise":"Z1A","no_of_Floo":3,"gis_geometry_geojson":"{\"type\":\"Polygon\",\"coordinates\":[[[78.4038694,17.3527677],[78.4039926,17.3528258],[78.4040599,17.3526941],[78.4039367,17.352636],[78.4038694,17.3527677]]]}"}},{"type":"Feature","id":"AS589-573","geometry":{"type":"MultiPolygon","coordinates":[[[[78.4049058,17.3534219],[78.4048916,17.3534566],[78.4049563,17.3534787],[78.4049693,17.3534437],[78.4049058,17.3534219]]],[[[78.4050227,17.3534845],[78.4050309,17.353464],[78.4049727,17.3534427],[78.4049637,17.3534657],[78.4050227,17.3534845]]]]},"properties":{"household_id":"AS589-573","OBJECTID":28,"fid_1":27,"Area":504.881359506,"DSM":508.38559,"DTM":502,"HEIGHT":6.38559,"BuildingID":"ff35b","BuiType":"Individual","StructType":"Permanent","NameOwnRep":"ff35b","Contact":9908394798,"HNoPlotNo":"Plot no 26","TPIN":"322709083","ColnyStrtN":"Officers colony","SyTsNo":"112","WardBlockN":"60","Use":"Resi","Extent":150,"PlinthArea":0,"Classifica":"Patta","Caste":"Minority","FinanDepen":"No","HHSize":0,"NoAdults":6,"NoChild":4,"Govtbenefi":"No","Borewell":"No","Courtcase":"No","NameStruct":"Building","ReliType":null,"Remarks":null,"CommStatus":null,"Trees":"No","location":null,"Occupation":"Buisness","SkilledOcc":null,"Craftsmen":null,"ReliStruct":null,"Cremetoriu":null,"Email":null,"Date":"1899-12-30T00:00:00","Time":null,"SurvyeorNa":null,"Survey_Dat":"2024/08/15 19:42:57.222","Survey_Loc":null,"UUID":null,"email_id":null,"Mandals":"Rajendra Nagar","Zone":"Buffer","Income":"APL","AreaSqm":3.0127,"Areatext":"30.1279774166945","Duplicate":"0","Dist":"Ranga Reddy","PCs":"Chevella","Assembly_C":"Rajendra Nagar","Affeceted_":"1900-01-01T00:00:00","S_Number":305,"S_Fall":null,"Zone_1":"Z1A N","Affected_S":"RIVER","Area_SQF":1009.76271901,"Zonewise":"Z1A","no_of_Floo":2,"gis_geometry_geojson":"{\"type\":\"MultiPolygon\",\"coordinates\":[[[[78.4049058,17.3534219],[78.4048916,17.3534566],[78.4049563,17.3534787],[78.4049693,17.3534437],[78.4049058,17.3534219]]],[[[78.4050227,17.3534845],[78.4050309,17.353464],[78.4049727,17.3534427],[78.4049637,17.3534657],[78.4050227,17.3534845]]]]}"}},{"type":"Feature","id":"AS589-574","geometry":{"type":"Polygon","coordinates":[[[78.4048667,17.3534841],[78.4049696,17.353519],[78.4049813,17.3534872],[78.4048784,17.3534523],[78.4048667,17.3534841]]]},"properties":{"household_id":"AS589-574","OBJECTID":31,"fid_1":30,"Area":467.539664929,"DSM":507.9873,"DTM":502,"HEIGHT":5.9873,"BuildingID":"6b1b8","BuiType":"Individual","StructType":"Permanent","NameOwnRep":"6b1b8","Contact":9160034160,"HNoPlotNo":"Plot No. 26/P","TPIN":"322709064","ColnyStrtN":"Officers colony","SyTsNo":"112","WardBlockN":"60","Use":"Resi","Extent":150,"PlinthArea":0,"Classifica":"Patta","Caste":"Minority","FinanDepen":"No","HHSize":150,"NoAdults":8,"NoChild":6,"Govtbenefi":"No","Borewell":"Yes","Courtcase":"No","NameStruct":"Building","ReliType":null,"Remarks":"Electricity Retired Employee","CommStatus":null,"Trees":"No","location":null,"Occupation":"Retired","SkilledOcc":null,"Craftsmen":null,"ReliStruct":null,"Cremetoriu":null,"Email":null,"Date":"1899-12-30T00:00:00","Time":null,"SurvyeorNa":null,"Survey_Dat":"2024/08/07 21:17:25.925","Survey_Loc":null,"UUID":null,"email_id":null,"Mandals":"Rajendra Nagar","Zone":"Buffer","Income":null,"AreaSqm":4.3436,"Areatext":"43.4360299350744","Duplicate":"0","Dist":"Ranga Reddy","PCs":"Chevella","Assembly_C":"Rajendra Nagar","Affeceted_":"1900-01-01T00:00:00","S_Number":306,"S_Fall":null,"Zone_1":"Z1A N","Affected_S":"RIVER","Area_SQF":935.079329858,"Zonewise":"Z1A","no_of_Floo":2,"gis_geometry_geojson":"{\"type\":\"Polygon\",\"coordinates\":[[[78.4048667,17.3534841],[78.4049696,17.353519],[78.4049813,17.3534872],[78.4048784,17.3534523],[78.4048667,17.3534841]]]}"}},{"type":"Feature","id":"AS589-575","geometry":{"type":"Polygon","coordinates":[[[78.4055047,17.3539661],[78.4055229,17.353926],[78.4054965,17.3539149],[78.4054783,17.353955],[78.4055047,17.3539661]]]},"properties":{"household_id":"AS589-575","OBJECTID":37,"fid_1":36,"Area":159.7842596,"DSM":503.82568,"DTM":501,"HEIGHT":2.82568,"BuildingID":"2cb44","BuiType":"Individual","StructType":"Temporary","NameOwnRep":"2cb44","Contact":6303950586,"HNoPlotNo":null,"TPIN":null,"ColnyStrtN":"Hyder Enclave","SyTsNo":"112","WardBlockN":"60","Use":"Resi","Extent":0,"PlinthArea":0,"Classifica":"Other","Caste":"Minority","FinanDepen":"No","HHSize":0,"NoAdults":0,"NoChild":0,"Govtbenefi":"No","Borewell":"No","Courtcase":"No","NameStruct":"Tin shed","ReliType":null,"Remarks":null,"CommStatus":null,"Trees":"No","location":null,"Occupation":"Others","SkilledOcc":null,"Craftsmen":null,"ReliStruct":null,"Cremetoriu":null,"Email":null,"Date":"1899-12-30T00:00:00","Time":null,"SurvyeorNa":null,"Survey_Dat":"2024/08/13 16:40:45.765","Survey_Loc":null,"UUID":null,"email_id":null,"Mandals":"Rajendra Nagar","Zone":"Buffer","Income":"BPL","AreaSqm":1.4844,"Areatext":"14.8445028394502","Duplicate":"0","Dist":"Ranga Reddy","PCs":"Chevella","Assembly_C":"Rajendra Nagar","Affeceted_":"1900-01-01T00:00:00","S_Number":318,"S_Fall":null,"Zone_1":"Z1A N","Affected_S":"RIVER","Area_SQF":159.7842596,"Zonewise":"Z1A","no_of_Floo":1,"gis_geometry_geojson":"{\"type\":\"Polygon\",\"coordinates\":[[[78.4055047,17.3539661],[78.4055229,17.353926],[78.4054965,17.3539149],[78.4054783,17.353955],[78.4055047,17.3539661]]]}"}},{"type":"Feature","id":"AS589-576","geometry":{"type":"MultiPolygon","coordinates":[[[[78.4058709,17.3543144],[78.4058578,17.3543442],[78.4059176,17.3543658],[78.4059295,17.3543356],[78.4058709,17.3543144]]],[[[78.405982,17.3543495],[78.40597,17.3543743],[78.4059871,17.354381],[78.4059978,17.3543557],[78.405982,17.3543495]]]]},"properties":{"household_id":"AS589-576","OBJECTID":48,"fid_1":47,"Area":325.873375324,"DSM":503.27063,"DTM":502,"HEIGHT":1.27063,"BuildingID":"6d75e","BuiType":"Individual","StructType":"Temporary","NameOwnRep":"6d75e","Contact":0,"HNoPlotNo":null,"TPIN":null,"ColnyStrtN":"Hyder Enclave","SyTsNo":"112","WardBlockN":null,"Use":"Resi","Extent":0,"PlinthArea":0,"Classifica":"Patta","Caste":"Minority","FinanDepen":"No","HHSize":0,"NoAdults":0,"NoChild":0,"Govtbenefi":"No","Borewell":"No","Courtcase":"Yes","NameStruct":"Building","ReliType":null,"Remarks":null,"CommStatus":null,"Trees":"No","location":null,"Occupation":"Buisness","SkilledOcc":null,"Craftsmen":null,"ReliStruct":null,"Cremetoriu":null,"Email":null,"Date":"1899-12-30T00:00:00","Time":null,"SurvyeorNa":null,"Survey_Dat":"2024/08/13 16:40:45.899","Survey_Loc":null,"UUID":null,"email_id":null,"Mandals":"Rajendra Nagar","Zone":"Buffer","Income":"BPL","AreaSqm":1.4798,"Areatext":"14.7984541403974","Duplicate":"0","Dist":"Ranga Reddy","PCs":"Chevella","Assembly_C":"Rajendra Nagar","Affeceted_":"1900-01-01T00:00:00","S_Number":342,"S_Fall":null,"Zone_1":"Z1A N","Affected_S":"RIVER","Area_SQF":325.873375324,"Zonewise":"Z1A","no_of_Floo":1,"gis_geometry_geojson":"{\"type\":\"MultiPolygon\",\"coordinates\":[[[[78.4058709,17.3543144],[78.4058578,17.3543442],[78.4059176,17.3543658],[78.4059295,17.3543356],[78.4058709,17.3543144]]],[[[78.405982,17.3543495],[78.40597,17.3543743],[78.4059871,17.354381],[78.4059978,17.3543557],[78.405982,17.3543495]]]]}"}},{"type":"Feature","id":"AS589-577","geometry":{"type":"Polygon","coordinates":[[[78.40668,17.3548091],[78.4067216,17.3548289],[78.4067428,17.3547826],[78.4067042,17.3547638],[78.40668,17.3548091]]]},"properties":{"household_id":"AS589-577","OBJECTID":54,"fid_1":53,"Area":288.10819179,"DSM":505.56754,"DTM":499,"HEIGHT":6.56754,"BuildingID":"c4198","BuiType":"Individual","StructType":"Permanent","NameOwnRep":"c4198","Contact":9640398645,"HNoPlotNo":"3-7-400/MR/341/A","TPIN":null,"ColnyStrtN":"Hyder enclave","SyTsNo":"112","WardBlockN":null,"Use":"Resi","Extent":100,"PlinthArea":0,"Classifica":"Patta","Caste":"Minority","FinanDepen":"No","HHSize":0,"NoAdults":0,"NoChild":0,"Govtbenefi":"No","Borewell":"Yes","Courtcase":"No","NameStruct":"House","ReliType":null,"Remarks":null,"CommStatus":null,"Trees":"No","location":null,"Occupation":"Buisness","SkilledOcc":null,"Craftsmen":null,"ReliStruct":null,"Cremetoriu":null,"Email":null,"Date":"1899-12-30T00:00:00","Time":null,"SurvyeorNa":null,"Survey_Dat":"2024/08/15 19:42:57.762","Survey_Loc":null,"UUID":null,"email_id":null,"Mandals":"Rajendra Nagar","Zone":"Buffer","Income":"APL","AreaSqm":2.6766,"Areatext":"26.7662339417405","Duplicate":"0","Dist":"Ranga Reddy","PCs":"Chevella","Assembly_C":"Rajendra Nagar","Affeceted_":"1900-01-01T00:00:00","S_Number":375,"S_Fall":null,"Zone_1":"Z1A N","Affected_S":"RIVER","Area_SQF":576.21638358,"Zonewise":"Z1A","no_of_Floo":2,"gis_geometry_geojson":"{\"type\":\"Polygon\",\"coordinates\":[[[78.40668,17.3548091],[78.4067216,17.3548289],[78.4067428,17.3547826],[78.4067042,17.3547638],[78.40668,17.3548091]]]}"}},{"type":"Feature","id":"AS589-578","geometry":{"type":"Polygon","coordinates":[[[78.4049098,17.3533747],[78.4049173,17.3533777],[78.4049059,17.3534083],[78.4048976,17.3534054],[78.4048941,17.3534147],[78.4049334,17.3534282],[78.4049373,17.3534177],[78.4049722,17.3534298],[78.4049701,17.3534356],[78.4049903,17.3534425],[78.4049884,17.3534475],[78.405033,17.3534628],[78.4050373,17.3534586],[78.4050627,17.3533943],[78.4049217,17.3533457],[78.4049098,17.3533747]]]},"properties":{"household_id":"AS589-578","OBJECTID":27,"fid_1":26,"Area":1298.9502621,"DSM":511.30591,"DTM":501,"HEIGHT":3.43530333333,"BuildingID":"b79d5","BuiType":"Individual","StructType":"Permanent","NameOwnRep":"b79d5","Contact":9908394798,"HNoPlotNo":"Plot No. 26/P","TPIN":"322709083","ColnyStrtN":"Officers colony","SyTsNo":"112","WardBlockN":"60","Use":"Resi","Extent":150,"PlinthArea":0,"Classifica":"Patta","Caste":"Minority","FinanDepen":"No","HHSize":150,"NoAdults":6,"NoChild":4,"Govtbenefi":"No","Borewell":"Yes","Courtcase":"No","NameStruct":"Building","ReliType":null,"Remarks":null,"CommStatus":null,"Trees":"No","location":null,"Occupation":"Buisness","SkilledOcc":null,"Craftsmen":null,"ReliStruct":null,"Cremetoriu":null,"Email":null,"Date":"1899-12-30T00:00:00","Time":null,"SurvyeorNa":null,"Survey_Dat":"2024/08/15 19:42:57.146","Survey_Loc":null,"UUID":null,"email_id":null,"Mandals":"Rajendra Nagar","Zone":"Buffer","Income":"APL","AreaSqm":1.2067,"Areatext":"120.67691086371","Duplicate":"0","Dist":"Ranga Reddy","PCs":"Chevella","Assembly_C":"Rajendra Nagar","Affeceted_":"1900-01-01T00:00:00","S_Number":303,"S_Fall":null,"Zone_1":"Z1A N","Affected_S":"RIVER","Area_SQF":1298.9502621,"Zonewise":"Z1A","no_of_Floo":1,"gis_geometry_geojson":"{\"type\":\"Polygon\",\"coordinates\":[[[78.4049098,17.3533747],[78.4049173,17.3533777],[78.4049059,17.3534083],[78.4048976,17.3534054],[78.4048941,17.3534147],[78.4049334,17.3534282],[78.4049373,17.3534177],[78.4049722,17.3534298],[78.4049701,17.3534356],[78.4049903,17.3534425],[78.4049884,17.3534475],[78.405033,17.3534628],[78.4050373,17.3534586],[78.4050627,17.3533943],[78.4049217,17.3533457],[78.4049098,17.3533747]]]}"}},{"type":"Feature","id":"AS589-579","geometry":{"type":"Polygon","coordinates":[[[78.4057873,17.354147],[78.4059157,17.3542029],[78.4059223,17.3541888],[78.4059144,17.3541854],[78.405936,17.3541396],[78.4058998,17.3541238],[78.4058973,17.3541292],[78.4058855,17.3541241],[78.4058882,17.3541184],[78.4058584,17.3541055],[78.4058556,17.3541114],[78.4058184,17.3540953],[78.4058139,17.3541048],[78.4058346,17.3541138],[78.4058262,17.3541316],[78.4057971,17.3541189],[78.4057873,17.354147]]]},"properties":{"household_id":"AS589-579","OBJECTID":41,"fid_1":40,"Area":1005.6968332,"DSM":503.38412,"DTM":500,"HEIGHT":1.12804,"BuildingID":"e33a4","BuiType":"Individual","StructType":"Permanent","NameOwnRep":"e33a4","Contact":8186849662,"HNoPlotNo":"69/2","TPIN":null,"ColnyStrtN":"Hyder enclave","SyTsNo":"112","WardBlockN":"Ward 60","Use":"Resi","Extent":120,"PlinthArea":1000,"Classifica":"Patta","Caste":"Minority","FinanDepen":"No","HHSize":0,"NoAdults":0,"NoChild":0,"Govtbenefi":"No","Borewell":"Yes","Courtcase":"No","NameStruct":"Etukala ellu","ReliType":null,"Remarks":null,"CommStatus":null,"Trees":"No","location":null,"Occupation":"Retired","SkilledOcc":null,"Craftsmen":null,"ReliStruct":null,"Cremetoriu":null,"Email":null,"Date":"1899-12-30T00:00:00","Time":null,"SurvyeorNa":null,"Survey_Dat":"2024/08/07 21:17:26.589","Survey_Loc":null,"UUID":null,"email_id":null,"Mandals":"Rajendra Nagar","Zone":"Buffer","Income":null,"AreaSqm":9.3432,"Areatext":"93.4326668503989","Duplicate":"0","Dist":"Ranga Reddy","PCs":"Chevella","Assembly_C":"Rajendra Nagar","Affeceted_":"1900-01-01T00:00:00","S_Number":326,"S_Fall":null,"Zone_1":"Z1A N","Affected_S":"RIVER","Area_SQF":1005.6968332,"Zonewise":"Z1A","no_of_Floo":1,"gis_geometry_geojson":"{\"type\":\"Polygon\",\"coordinates\":[[[78.4057873,17.354147],[78.4059157,17.3542029],[78.4059223,17.3541888],[78.4059144,17.3541854],[78.405936,17.3541396],[78.4058998,17.3541238],[78.4058973,17.3541292],[78.4058855,17.3541241],[78.4058882,17.3541184],[78.4058584,17.3541055],[78.4058556,17.3541114],[78.4058184,17.3540953],[78.4058139,17.3541048],[78.4058346,17.3541138],[78.4058262,17.3541316],[78.4057971,17.3541189],[78.4057873,17.354147]]]}"}},{"type":"Feature","id":"AS589-580","geometry":{"type":"Polygon","coordinates":[[[78.4058732,17.3543111],[78.4059718,17.3543442],[78.4059792,17.3543239],[78.4060143,17.3543357],[78.4060263,17.3543028],[78.4058926,17.3542579],[78.4058732,17.3543111]]]},"properties":{"household_id":"AS589-580","OBJECTID":45,"fid_1":44,"Area":910.190864539,"DSM":507.61932,"DTM":501,"HEIGHT":2.20644,"BuildingID":"62cd6","BuiType":"Individual","StructType":"Permanent","NameOwnRep":"62cd6","Contact":0,"HNoPlotNo":null,"TPIN":null,"ColnyStrtN":"Hyder enclave","SyTsNo":"112","WardBlockN":"60","Use":"Resi","Extent":0,"PlinthArea":0,"Classifica":"Patta","Caste":"Minority","FinanDepen":null,"HHSize":0,"NoAdults":0,"NoChild":0,"Govtbenefi":null,"Borewell":"No","Courtcase":"No","NameStruct":"Building","ReliType":null,"Remarks":null,"CommStatus":null,"Trees":"No","location":null,"Occupation":null,"SkilledOcc":null,"Craftsmen":null,"ReliStruct":null,"Cremetoriu":null,"Email":null,"Date":"1899-12-30T00:00:00","Time":null,"SurvyeorNa":null,"Survey_Dat":"2024/08/07 21:17:26.881","Survey_Loc":null,"UUID":null,"email_id":null,"Mandals":"Rajendra Nagar","Zone":"Buffer","Income":null,"AreaSqm":8.4559,"Areatext":"84.5598365463109","Duplicate":"0","Dist":"Ranga Reddy","PCs":"Chevella","Assembly_C":"Rajendra Nagar","Affeceted_":"1900-01-01T00:00:00","S_Number":341,"S_Fall":null,"Zone_1":"Z1A N","Affected_S":"RIVER","Area_SQF":910.190864539,"Zonewise":"Z1A","no_of_Floo":1,"gis_geometry_geojson":"{\"type\":\"Polygon\",\"coordinates\":[[[78.4058732,17.3543111],[78.4059718,17.3543442],[78.4059792,17.3543239],[78.4060143,17.3543357],[78.4060263,17.3543028],[78.4058926,17.3542579],[78.4058732,17.3543111]]]}"}},{"type":"Feature","id":"AS589-581","geometry":{"type":"Polygon","coordinates":[[[78.4061734,17.3543226],[78.4061009,17.3542906],[78.4060694,17.3543542],[78.4061479,17.3543833],[78.4061734,17.3543226]]]},"properties":{"household_id":"AS589-581","OBJECTID":51,"fid_1":50,"Area":705.48041645,"DSM":505.28833,"DTM":500,"HEIGHT":1.76277666667,"BuildingID":"d0310","BuiType":"Individual","StructType":"Permanent","NameOwnRep":"d0310","Contact":7893225243,"HNoPlotNo":"3-7-400/MR/30/1/1","TPIN":null,"ColnyStrtN":"Hyder enclave","SyTsNo":"112","WardBlockN":null,"Use":"Resi","Extent":0,"PlinthArea":0,"Classifica":"Patta","Caste":"Minority","FinanDepen":"No","HHSize":0,"NoAdults":5,"NoChild":1,"Govtbenefi":"No","Borewell":"Yes","Courtcase":"No","NameStruct":"House","ReliType":null,"Remarks":null,"CommStatus":null,"Trees":"Yes","location":null,"Occupation":"Retired","SkilledOcc":null,"Craftsmen":null,"ReliStruct":null,"Cremetoriu":null,"Email":null,"Date":"1899-12-30T00:00:00","Time":null,"SurvyeorNa":null,"Survey_Dat":"2024/08/07 21:17:27.321","Survey_Loc":null,"UUID":null,"email_id":null,"Mandals":"Rajendra Nagar","Zone":"Buffer","Income":null,"AreaSqm":6.5541,"Areatext":"65.54153752279","Duplicate":"0","Dist":"Ranga Reddy","PCs":"Chevella","Assembly_C":"Rajendra Nagar","Affeceted_":"1900-01-01T00:00:00","S_Number":345,"S_Fall":null,"Zone_1":"Z1A N","Affected_S":"RIVER","Area_SQF":705.48041645,"Zonewise":"Z1A","no_of_Floo":1,"gis_geometry_geojson":"{\"type\":\"Polygon\",\"coordinates\":[[[78.4061734,17.3543226],[78.4061009,17.3542906],[78.4060694,17.3543542],[78.4061479,17.3543833],[78.4061734,17.3543226]]]}"}},{"type":"Feature","id":"AS589-582","geometry":{"type":"Polygon","coordinates":[[[78.4066408,17.3547911],[78.4066637,17.354743],[78.4066053,17.3547186],[78.4065843,17.3547651],[78.4066408,17.3547911]]]},"properties":{"household_id":"AS589-582","OBJECTID":52,"fid_1":51,"Area":409.889729302,"DSM":505.60052,"DTM":499,"HEIGHT":2.20017333333,"BuildingID":"faa49","BuiType":"Individual","StructType":"Permanent","NameOwnRep":"faa49","Contact":9640398645,"HNoPlotNo":"3-7-400/MR/341/A","TPIN":null,"ColnyStrtN":"Hyder enclave","SyTsNo":"112","WardBlockN":null,"Use":"Resi","Extent":100,"PlinthArea":0,"Classifica":"Patta","Caste":"Minority","FinanDepen":"No","HHSize":0,"NoAdults":7,"NoChild":11,"Govtbenefi":"No","Borewell":"Yes","Courtcase":"No","NameStruct":"House","ReliType":null,"Remarks":null,"CommStatus":null,"Trees":"No","location":null,"Occupation":"Buisness","SkilledOcc":null,"Craftsmen":null,"ReliStruct":null,"Cremetoriu":null,"Email":null,"Date":"1899-12-30T00:00:00","Time":null,"SurvyeorNa":null,"Survey_Dat":"2024/08/15 19:42:57.607","Survey_Loc":null,"UUID":null,"email_id":null,"Mandals":"Rajendra Nagar","Zone":"Buffer","Income":"APL","AreaSqm":3.808,"Areatext":"38.0801542313279","Duplicate":"0","Dist":"Ranga Reddy","PCs":"Chevella","Assembly_C":"Rajendra Nagar","Affeceted_":"1900-01-01T00:00:00","S_Number":374,"S_Fall":null,"Zone_1":"Z1A N","Affected_S":"RIVER","Area_SQF":409.889729302,"Zonewise":"Z1A","no_of_Floo":1,"gis_geometry_geojson":"{\"type\":\"Polygon\",\"coordinates\":[[[78.4066408,17.3547911],[78.4066637,17.354743],[78.4066053,17.3547186],[78.4065843,17.3547651],[78.4066408,17.3547911]]]}"}},{"type":"Feature","id":"AS589-583","geometry":{"type":"Polygon","coordinates":[[[78.4067216,17.3548289],[78.4065868,17.3547664],[78.4065601,17.3548309],[78.406694,17.3548917],[78.4067216,17.3548289]]]},"properties":{"household_id":"AS589-583","OBJECTID":53,"fid_1":52,"Area":1301.00831363,"DSM":506.69626,"DTM":499,"HEIGHT":2.56542,"BuildingID":"bd3a9","BuiType":"Individual","StructType":"Permanent","NameOwnRep":"bd3a9","Contact":9700107827,"HNoPlotNo":"Plot no 341 part c","TPIN":null,"ColnyStrtN":"Hyder enclave","SyTsNo":"112","WardBlockN":null,"Use":"Resi","Extent":141,"PlinthArea":0,"Classifica":"Patta","Caste":"Minority","FinanDepen":"No","HHSize":0,"NoAdults":2,"NoChild":2,"Govtbenefi":"No","Borewell":"Yes","Courtcase":"No","NameStruct":"House","ReliType":null,"Remarks":null,"CommStatus":null,"Trees":"No","location":null,"Occupation":"UnSkilled Worker","SkilledOcc":null,"Craftsmen":null,"ReliStruct":null,"Cremetoriu":null,"Email":null,"Date":"1899-12-30T00:00:00","Time":null,"SurvyeorNa":null,"Survey_Dat":"2024/08/15 19:42:57.684","Survey_Loc":null,"UUID":null,"email_id":null,"Mandals":"Rajendra Nagar","Zone":"Buffer","Income":"APL","AreaSqm":1.2086,"Areatext":"120.868110883322","Duplicate":"0","Dist":"Ranga Reddy","PCs":"Chevella","Assembly_C":"Rajendra Nagar","Affeceted_":"1900-01-01T00:00:00","S_Number":373,"S_Fall":null,"Zone_1":"Z1A N","Affected_S":"RIVER","Area_SQF":1301.00831363,"Zonewise":"Z1A","no_of_Floo":1,"gis_geometry_geojson":"{\"type\":\"Polygon\",\"coordinates\":[[[78.4067216,17.3548289],[78.4065868,17.3547664],[78.4065601,17.3548309],[78.406694,17.3548917],[78.4067216,17.3548289]]]}"}},{"type":"Feature","id":"AS589-584","geometry":{"type":"Polygon","coordinates":[[[78.4063444,17.3543749],[78.4062898,17.3543534],[78.4062973,17.3543329],[78.4062379,17.3543104],[78.4062304,17.3543336],[78.4062276,17.3543319],[78.4061956,17.3543976],[78.4063188,17.354437],[78.4063444,17.3543749]]]},"properties":{"household_id":"AS589-584","OBJECTID":70,"fid_1":69,"Area":1320.19983396,"DSM":503.33591,"DTM":500,"HEIGHT":1.11197,"BuildingID":"4c7a3","BuiType":"Individual","StructType":"Permanent","NameOwnRep":"4c7a3","Contact":9885670320,"HNoPlotNo":null,"TPIN":null,"ColnyStrtN":"Hyder enclave","SyTsNo":"112","WardBlockN":null,"Use":"Resi","Extent":150,"PlinthArea":0,"Classifica":"Patta","Caste":"Minority","FinanDepen":"No","HHSize":0,"NoAdults":0,"NoChild":0,"Govtbenefi":"No","Borewell":"Yes","Courtcase":"No","NameStruct":"House","ReliType":null,"Remarks":null,"CommStatus":null,"Trees":"No","location":null,"Occupation":"Buisness","SkilledOcc":null,"Craftsmen":null,"ReliStruct":null,"Cremetoriu":null,"Email":null,"Date":"1899-12-30T00:00:00","Time":null,"SurvyeorNa":null,"Survey_Dat":"2024/08/15 19:42:58.070","Survey_Loc":null,"UUID":null,"email_id":null,"Mandals":"Rajendra Nagar","Zone":"Buffer","Income":"APL","AreaSqm":1.2265,"Areatext":"122.651068593799","Duplicate":"0","Dist":"Ranga Reddy","PCs":"Chevella","Assembly_C":"Rajendra Nagar","Affeceted_":"1900-01-01T00:00:00","S_Number":349,"S_Fall":null,"Zone_1":"Z1A N","Affected_S":"RIVER","Area_SQF":1320.19983396,"Zonewise":"Z1A","no_of_Floo":1,"gis_geometry_geojson":"{\"type\":\"Polygon\",\"coordinates\":[[[78.4063444,17.3543749],[78.4062898,17.3543534],[78.4062973,17.3543329],[78.4062379,17.3543104],[78.4062304,17.3543336],[78.4062276,17.3543319],[78.4061956,17.3543976],[78.4063188,17.354437],[78.4063444,17.3543749]]]}"}},{"type":"Feature","id":"AS589-585","geometry":{"type":"Polygon","coordinates":[[[78.3805859,17.3280441],[78.3806324,17.3280491],[78.3806364,17.3280145],[78.3805899,17.3280095],[78.3805859,17.3280441]]]},"properties":{"household_id":"AS589-585","OBJECTID":373,"fid_1":372,"Area":206.22404227,"DSM":516.14935,"DTM":512,"HEIGHT":4.14935,"BuildingID":"88d04","BuiType":null,"StructType":"Temporary","NameOwnRep":"88d04","Contact":0,"HNoPlotNo":null,"TPIN":null,"ColnyStrtN":null,"SyTsNo":"394","WardBlockN":null,"Use":"Govt","Extent":0,"PlinthArea":0,"Classifica":"Govt","Caste":null,"FinanDepen":null,"HHSize":0,"NoAdults":0,"NoChild":0,"Govtbenefi":null,"Borewell":"No","Courtcase":"No","NameStruct":"Dilapidated shed WALAMTARI","ReliType":null,"Remarks":null,"CommStatus":null,"Trees":"No","location":null,"Occupation":null,"SkilledOcc":null,"Craftsmen":null,"ReliStruct":null,"Cremetoriu":null,"Email":null,"Date":"1899-12-30T00:00:00","Time":null,"SurvyeorNa":null,"Survey_Dat":"2024/08/13 17:26:59.318","Survey_Loc":null,"UUID":null,"email_id":null,"Mandals":"Gandipet","Zone":"River","Income":"BPL","AreaSqm":1.9158,"Areatext":"19.158917085375","Duplicate":"0","Dist":"Ranga Reddy","PCs":"Chevella","Assembly_C":"Rajendra Nagar","Affeceted_":"1900-01-01T00:00:00","S_Number":31,"S_Fall":null,"Zone_1":"Z1A S","Affected_S":"RIVER","Area_SQF":206.22404227,"Zonewise":"Z1A","no_of_Floo":1,"gis_geometry_geojson":"{\"type\":\"Polygon\",\"coordinates\":[[[78.3805859,17.3280441],[78.3806324,17.3280491],[78.3806364,17.3280145],[78.3805899,17.3280095],[78.3805859,17.3280441]]]}"}},{"type":"Feature","id":"AS589-586","geometry":{"type":"Polygon","coordinates":[[[78.3833336,17.3285481],[78.3833593,17.3285554],[78.3833661,17.3285335],[78.3833404,17.3285261],[78.3833336,17.3285481]]]},"properties":{"household_id":"AS589-586","OBJECTID":371,"fid_1":370,"Area":77.6729105769,"DSM":512.70563,"DTM":510,"HEIGHT":2.70563,"BuildingID":"3c799","BuiType":null,"StructType":"Temporary","NameOwnRep":"3c799","Contact":0,"HNoPlotNo":null,"TPIN":null,"ColnyStrtN":null,"SyTsNo":"394","WardBlockN":null,"Use":"Govt","Extent":0,"PlinthArea":0,"Classifica":"Govt","Caste":null,"FinanDepen":null,"HHSize":0,"NoAdults":0,"NoChild":0,"Govtbenefi":null,"Borewell":"Yes","Courtcase":"No","NameStruct":"Rcc","ReliType":null,"Remarks":"Pump set","CommStatus":null,"Trees":"No","location":null,"Occupation":null,"SkilledOcc":null,"Craftsmen":null,"ReliStruct":null,"Cremetoriu":null,"Email":null,"Date":"1899-12-30T00:00:00","Time":null,"SurvyeorNa":null,"Survey_Dat":"2024/08/13 17:26:59.184","Survey_Loc":null,"UUID":null,"email_id":null,"Mandals":"Gandipet","Zone":"River","Income":"BPL","AreaSqm":7.2161,"Areatext":"7.2160783791093","Duplicate":"0","Dist":"Ranga Reddy","PCs":"Chevella","Assembly_C":"Rajendra Nagar","Affeceted_":"1900-01-01T00:00:00","S_Number":34,"S_Fall":null,"Zone_1":"Z1A S","Affected_S":"RIVER","Area_SQF":77.6729105769,"Zonewise":"Z1A","no_of_Floo":1,"gis_geometry_geojson":"{\"type\":\"Polygon\",\"coordinates\":[[[78.3833336,17.3285481],[78.3833593,17.3285554],[78.3833661,17.3285335],[78.3833404,17.3285261],[78.3833336,17.3285481]]]}"}},{"type":"Feature","id":"AS589-587","geometry":{"type":"Polygon","coordinates":[[[78.3832805,17.3286159],[78.3833255,17.3286221],[78.3833323,17.3285761],[78.3832873,17.32857],[78.3832805,17.3286159]]]},"properties":{"household_id":"AS589-587","OBJECTID":370,"fid_1":369,"Area":267.260649054,"DSM":512.68042,"DTM":508,"HEIGHT":4.68042,"BuildingID":"d992b","BuiType":null,"StructType":"Temporary","NameOwnRep":"d992b","Contact":0,"HNoPlotNo":null,"TPIN":null,"ColnyStrtN":null,"SyTsNo":"394","WardBlockN":null,"Use":"Govt","Extent":0,"PlinthArea":0,"Classifica":"Govt","Caste":null,"FinanDepen":null,"HHSize":0,"NoAdults":0,"NoChild":0,"Govtbenefi":null,"Borewell":"No","Courtcase":"No","NameStruct":"Rcc","ReliType":null,"Remarks":null,"CommStatus":null,"Trees":"No","location":null,"Occupation":null,"SkilledOcc":null,"Craftsmen":null,"ReliStruct":null,"Cremetoriu":null,"Email":null,"Date":"1899-12-30T00:00:00","Time":null,"SurvyeorNa":null,"Survey_Dat":"2024/08/13 17:26:59.117","Survey_Loc":null,"UUID":null,"email_id":null,"Mandals":"Gandipet","Zone":"River","Income":"BPL","AreaSqm":2.4829,"Areatext":"24.8294260849938","Duplicate":"0","Dist":"Ranga Reddy","PCs":"Chevella","Assembly_C":"Rajendra Nagar","Affeceted_":"1900-01-01T00:00:00","S_Number":33,"S_Fall":null,"Zone_1":"Z1A S","Affected_S":"RIVER","Area_SQF":534.521298108,"Zonewise":"Z1A","no_of_Floo":2,"gis_geometry_geojson":"{\"type\":\"Polygon\",\"coordinates\":[[[78.3832805,17.3286159],[78.3833255,17.3286221],[78.3833323,17.3285761],[78.3832873,17.32857],[78.3832805,17.3286159]]]}"}},{"type":"Feature","id":"AS589-588","geometry":{"type":"Polygon","coordinates":[[[78.3830097,17.3285997],[78.383057,17.328627],[78.3830787,17.3285923],[78.3830314,17.328565],[78.3830097,17.3285997]]]},"properties":{"household_id":"AS589-588","OBJECTID":369,"fid_1":368,"Area":283.393749049,"DSM":510.58359,"DTM":507,"HEIGHT":3.58359,"BuildingID":"e6704","BuiType":null,"StructType":"Temporary","NameOwnRep":"e6704","Contact":0,"HNoPlotNo":null,"TPIN":null,"ColnyStrtN":null,"SyTsNo":"394","WardBlockN":null,"Use":"Govt","Extent":0,"PlinthArea":0,"Classifica":"Govt","Caste":null,"FinanDepen":null,"HHSize":0,"NoAdults":0,"NoChild":0,"Govtbenefi":null,"Borewell":"Yes","Courtcase":"No","NameStruct":"Rcc","ReliType":null,"Remarks":null,"CommStatus":null,"Trees":"No","location":null,"Occupation":null,"SkilledOcc":null,"Craftsmen":null,"ReliStruct":null,"Cremetoriu":null,"Email":null,"Date":"1899-12-30T00:00:00","Time":null,"SurvyeorNa":null,"Survey_Dat":"2024/08/13 17:26:59.051","Survey_Loc":null,"UUID":null,"email_id":null,"Mandals":"Gandipet","Zone":"River","Income":"BPL","AreaSqm":2.6328,"Areatext":"26.3282461151667","Duplicate":"0","Dist":"Ranga Reddy","PCs":"Chevella","Assembly_C":"Rajendra Nagar","Affeceted_":"1900-01-01T00:00:00","S_Number":32,"S_Fall":null,"Zone_1":"Z1A S","Affected_S":"RIVER","Area_SQF":283.393749049,"Zonewise":"Z1A","no_of_Floo":1,"gis_geometry_geojson":"{\"type\":\"Polygon\",\"coordinates\":[[[78.3830097,17.3285997],[78.383057,17.328627],[78.3830787,17.3285923],[78.3830314,17.328565],[78.3830097,17.3285997]]]}"}},{"type":"Feature","id":"AS589-589","geometry":{"type":"Polygon","coordinates":[[[78.3864938,17.3287598],[78.3865558,17.3287649],[78.3865595,17.3287244],[78.3864975,17.3287193],[78.3864938,17.3287598]]]},"properties":{"household_id":"AS589-589","OBJECTID":372,"fid_1":371,"Area":320.530591403,"DSM":517.64478,"DTM":510,"HEIGHT":7.64478,"BuildingID":"850cb","BuiType":null,"StructType":"Temporary","NameOwnRep":"850cb","Contact":0,"HNoPlotNo":null,"TPIN":null,"ColnyStrtN":null,"SyTsNo":"395","WardBlockN":null,"Use":"Govt","Extent":0,"PlinthArea":0,"Classifica":"Govt","Caste":null,"FinanDepen":null,"HHSize":0,"NoAdults":0,"NoChild":0,"Govtbenefi":null,"Borewell":"Yes","Courtcase":"No","NameStruct":"Teen shad","ReliType":null,"Remarks":"Rice research","CommStatus":null,"Trees":"No","location":null,"Occupation":null,"SkilledOcc":null,"Craftsmen":null,"ReliStruct":null,"Cremetoriu":null,"Email":null,"Date":"1899-12-30T00:00:00","Time":null,"SurvyeorNa":null,"Survey_Dat":"2024/08/13 17:26:59.251","Survey_Loc":null,"UUID":null,"email_id":null,"Mandals":"Gandipet","Zone":"River","Income":"BPL","AreaSqm":2.9778,"Areatext":"29.7783854714855","Duplicate":"0","Dist":"Ranga Reddy","PCs":"Chevella","Assembly_C":"Rajendra Nagar","Affeceted_":"1900-01-01T00:00:00","S_Number":35,"S_Fall":null,"Zone_1":"Z1A S","Affected_S":"RIVER","Area_SQF":961.591774209,"Zonewise":"Z1A","no_of_Floo":3,"gis_geometry_geojson":"{\"type\":\"Polygon\",\"coordinates\":[[[78.3864938,17.3287598],[78.3865558,17.3287649],[78.3865595,17.3287244],[78.3864975,17.3287193],[78.3864938,17.3287598]]]}"}}]}