<?xml version="1.0" encoding="UTF-8"?><kml xmlns="http://www.opengis.net/kml/2.2"><Document><name>MRDCL Household Survey Export</name><Placemark><name>7f1c8</name><description>Household ID: AS589-001
Plot: Not recorded
Status: Not started</description><MultiGeometry><Polygon><outerBoundaryIs><LinearRing><coordinates>78.3731438,17.3286083,0 78.3731711,17.3286111,0 78.3731772,17.3285566,0 78.37315,17.3285538,0 78.3731438,17.3286083,0</coordinates></LinearRing></outerBoundaryIs></Polygon></MultiGeometry></Placemark><Placemark><name>393b2</name><description>Household ID: AS589-002
Plot: Not recorded
Status: Not started</description><MultiGeometry><Polygon><outerBoundaryIs><LinearRing><coordinates>78.4068264,17.3555213,0 78.4068371,17.3554945,0 78.4068475,17.3554983,0 78.4068514,17.3554883,0 78.4068718,17.3554962,0 78.4068907,17.3554441,0 78.4068151,17.355418,0 78.406781,17.3555054,0 78.4068264,17.3555213,0</coordinates></LinearRing></outerBoundaryIs></Polygon></MultiGeometry></Placemark><Placemark><name>6d4d1</name><description>Household ID: AS589-003
Plot: 3-7-400/MR/7&amp;6/P
Status: Not started</description><MultiGeometry><Polygon><outerBoundaryIs><LinearRing><coordinates>78.406781,17.3555054,0 78.4068151,17.355418,0 78.4067271,17.3553872,0 78.4066887,17.3554746,0 78.406781,17.3555054,0</coordinates></LinearRing></outerBoundaryIs></Polygon></MultiGeometry></Placemark><Placemark><name>b5c4a</name><description>Household ID: AS589-004
Plot: Not recorded
Status: Not started</description><MultiGeometry><Polygon><outerBoundaryIs><LinearRing><coordinates>78.4068356,17.355572,0 78.4067715,17.3555493,0 78.406731,17.3556543,0 78.406794,17.3556773,0 78.4068356,17.355572,0</coordinates></LinearRing></outerBoundaryIs></Polygon></MultiGeometry></Placemark><Placemark><name>93341</name><description>Household ID: AS589-005
Plot: Not recorded
Status: Not started</description><MultiGeometry><Polygon><outerBoundaryIs><LinearRing><coordinates>78.4073577,17.3556094,0 78.407321,17.3555749,0 78.407262,17.3556412,0 78.4073024,17.3556724,0 78.4073577,17.3556094,0</coordinates></LinearRing></outerBoundaryIs></Polygon></MultiGeometry></Placemark><Placemark><name>edde0</name><description>Household ID: AS589-006
Plot: Plot no 340 part
Status: Not started</description><MultiGeometry><Polygon><outerBoundaryIs><LinearRing><coordinates>78.4064549,17.3550783,0 78.4064265,17.3551474,0 78.4065684,17.3552164,0 78.4065955,17.3551485,0 78.4064549,17.3550783,0</coordinates></LinearRing></outerBoundaryIs></Polygon></MultiGeometry></Placemark><Placemark><name>b78c5</name><description>Household ID: AS589-007
Plot: 3-7-400/oc/open/44&amp;45
Status: Not started</description><MultiGeometry><Polygon><outerBoundaryIs><LinearRing><coordinates>78.4044788,17.3534563,0 78.4044968,17.3534087,0 78.4044646,17.3533983,0 78.4044599,17.3534123,0 78.404385,17.3533868,0 78.4043727,17.35342,0 78.4044788,17.3534563,0</coordinates></LinearRing></outerBoundaryIs></Polygon></MultiGeometry></Placemark><Placemark><name>d2fa2</name><description>Household ID: AS589-008
Plot: Not recorded
Status: Not started</description><MultiGeometry><Polygon><outerBoundaryIs><LinearRing><coordinates>78.4059641,17.3547654,0 78.4059679,17.3547555,0 78.4060191,17.3547718,0 78.406016,17.3547821,0 78.4060351,17.3547886,0 78.4060389,17.3547768,0 78.406031,17.3547745,0 78.4060477,17.3547263,0 78.4060559,17.3547286,0 78.4060725,17.3546802,0 78.4060033,17.3546585,0 78.4059946,17.3546866,0 78.405972,17.3546801,0 78.4059801,17.354654,0 78.4059478,17.3546447,0 78.405915,17.3547504,0 78.4059641,17.3547654,0</coordinates></LinearRing></outerBoundaryIs></Polygon></MultiGeometry></Placemark><Placemark><name>f9ac2</name><description>Household ID: AS589-009
Plot: Not recorded
Status: Not started</description><MultiGeometry><Polygon><outerBoundaryIs><LinearRing><coordinates>78.4062678,17.354904,0 78.4062128,17.3548849,0 78.4061971,17.3549329,0 78.4062492,17.3549509,0 78.4062678,17.354904,0</coordinates></LinearRing></outerBoundaryIs></Polygon></MultiGeometry></Placemark><Placemark><name>94242</name><description>Household ID: AS589-010
Plot: Not recorded
Status: Not started</description><MultiGeometry><Polygon><outerBoundaryIs><LinearRing><coordinates>78.4062678,17.354904,0 78.4062478,17.3549547,0 78.4062804,17.354968,0 78.4063016,17.3549156,0 78.4062678,17.354904,0</coordinates></LinearRing></outerBoundaryIs></Polygon></MultiGeometry></Placemark><Placemark><name>8e1d2</name><description>Household ID: AS589-011
Plot: Plot no 61
Status: Not started</description><MultiGeometry><Polygon><outerBoundaryIs><LinearRing><coordinates>78.4041657,17.3532326,0 78.4041472,17.3532853,0 78.4042911,17.353332,0 78.4043117,17.35328,0 78.4041657,17.3532326,0</coordinates></LinearRing></outerBoundaryIs></Polygon></MultiGeometry></Placemark><Placemark><name>8286e</name><description>Household ID: AS589-012
Plot: Polt no 61
Status: Not started</description><MultiGeometry><Polygon><outerBoundaryIs><LinearRing><coordinates>78.4041288,17.3533363,0 78.4042746,17.353385,0 78.4042911,17.353332,0 78.4041472,17.3532853,0 78.4041288,17.3533363,0</coordinates></LinearRing></outerBoundaryIs></Polygon></MultiGeometry></Placemark><Placemark><name>ac97a</name><description>Household ID: AS589-013
Plot: 3-7-400/oc/13
Status: Not started</description><MultiGeometry><Polygon><outerBoundaryIs><LinearRing><coordinates>78.405083,17.3539718,0 78.4052093,17.3540169,0 78.4052407,17.3539358,0 78.4051144,17.3538908,0 78.405083,17.3539718,0</coordinates></LinearRing></outerBoundaryIs></Polygon></MultiGeometry></Placemark><Placemark><name>8b0b8</name><description>Household ID: AS589-014
Plot: 3-7-400/oc/112/a
Status: Not started</description><MultiGeometry><Polygon><outerBoundaryIs><LinearRing><coordinates>78.4036512,17.3529549,0 78.4036721,17.3528995,0 78.4036173,17.3527656,0 78.4036066,17.3527687,0 78.4035522,17.3529232,0 78.4036512,17.3529549,0</coordinates></LinearRing></outerBoundaryIs></Polygon></MultiGeometry></Placemark><Placemark><name>dc96a</name><description>Household ID: AS589-015
Plot: Not recorded
Status: Not started</description><MultiGeometry><Polygon><outerBoundaryIs><LinearRing><coordinates>78.4073748,17.3557988,0 78.4074373,17.3558332,0 78.4074505,17.3558111,0 78.4073919,17.3557789,0 78.4073748,17.3557988,0</coordinates></LinearRing></outerBoundaryIs></Polygon></MultiGeometry></Placemark><Placemark><name>89d86</name><description>Household ID: AS589-016
Plot: Not recorded
Status: Not started</description><MultiGeometry><Polygon><outerBoundaryIs><LinearRing><coordinates>78.401132,17.3506066,0 78.4011734,17.3505882,0 78.4011609,17.3505624,0 78.4011196,17.3505808,0 78.401132,17.3506066,0</coordinates></LinearRing></outerBoundaryIs></Polygon></MultiGeometry></Placemark><Placemark><name>462dc</name><description>Household ID: AS589-017
Plot: Not recorded
Status: Not started</description><MultiGeometry><Polygon><outerBoundaryIs><LinearRing><coordinates>78.4010764,17.3505315,0 78.4011256,17.3505107,0 78.401111,17.3504788,0 78.4010617,17.3504997,0 78.4010764,17.3505315,0</coordinates></LinearRing></outerBoundaryIs></Polygon></MultiGeometry></Placemark><Placemark><name>270c0</name><description>Household ID: AS589-018
Plot: Not recorded
Status: Not started</description><MultiGeometry><Polygon><outerBoundaryIs><LinearRing><coordinates>78.3980997,17.3402892,0 78.3981696,17.3402821,0 78.3981416,17.3400287,0 78.3980718,17.3400358,0 78.3980997,17.3402892,0</coordinates></LinearRing></outerBoundaryIs></Polygon></MultiGeometry></Placemark><Placemark><name>3798a</name><description>Household ID: AS589-019
Plot: Not recorded
Status: Not started</description><MultiGeometry><Polygon><outerBoundaryIs><LinearRing><coordinates>78.3981885,17.3402524,0 78.3982368,17.3402452,0 78.3982255,17.3401749,0 78.3981772,17.3401821,0 78.3981885,17.3402524,0</coordinates></LinearRing></outerBoundaryIs></Polygon></MultiGeometry></Placemark><Placemark><name>eea17</name><description>Household ID: AS589-020
Plot: Not recorded
Status: Not started</description><MultiGeometry><Polygon><outerBoundaryIs><LinearRing><coordinates>78.3981254,17.3403382,0 78.3981775,17.340332,0 78.398172,17.3402892,0 78.3981199,17.3402954,0 78.3981254,17.3403382,0</coordinates></LinearRing></outerBoundaryIs></Polygon></MultiGeometry></Placemark><Placemark><name>a3e58</name><description>Household ID: AS589-021
Plot: Not recorded
Status: Not started</description><MultiGeometry><Polygon><outerBoundaryIs><LinearRing><coordinates>78.3983831,17.3413584,0 78.3984173,17.3413607,0 78.3984187,17.3413073,0 78.3983843,17.3413048,0 78.3983831,17.3413584,0</coordinates></LinearRing></outerBoundaryIs></Polygon></MultiGeometry></Placemark><Placemark><name>59a5b</name><description>Household ID: AS589-022
Plot: Not recorded
Status: Not started</description><MultiGeometry><Polygon><outerBoundaryIs><LinearRing><coordinates>78.3983826,17.3413641,0 78.3983544,17.3413621,0 78.39835,17.3414176,0 78.3983783,17.3414197,0 78.3983826,17.3413641,0</coordinates></LinearRing></outerBoundaryIs></Polygon></MultiGeometry></Placemark><Placemark><name>22df5</name><description>Household ID: AS589-023
Plot: Not recorded
Status: Not started</description><MultiGeometry><Polygon><outerBoundaryIs><LinearRing><coordinates>78.3984261,17.3414273,0 78.3983836,17.3414244,0 78.3983816,17.3414509,0 78.3984242,17.3414538,0 78.3984261,17.3414273,0</coordinates></LinearRing></outerBoundaryIs></Polygon></MultiGeometry></Placemark><Placemark><name>01398</name><description>Household ID: AS589-024
Plot: Not recorded
Status: Not started</description><MultiGeometry><Polygon><outerBoundaryIs><LinearRing><coordinates>78.3986755,17.3428523,0 78.398719,17.3428389,0 78.3987055,17.3427985,0 78.3986621,17.3428119,0 78.3986755,17.3428523,0</coordinates></LinearRing></outerBoundaryIs></Polygon></MultiGeometry></Placemark><Placemark><name>6d6fe</name><description>Household ID: AS589-025
Plot: Not recorded
Status: Not started</description><MultiGeometry><Polygon><outerBoundaryIs><LinearRing><coordinates>78.3986165,17.3414381,0 78.3986217,17.341374,0 78.3983831,17.3413584,0 78.398378,17.341424,0 78.3986165,17.3414381,0</coordinates></LinearRing></outerBoundaryIs></Polygon></MultiGeometry></Placemark><Placemark><name>d4216</name><description>Household ID: AS589-026
Plot: Villa 72
Status: Not started</description><MultiGeometry><Polygon><outerBoundaryIs><LinearRing><coordinates>78.4079001,17.3622428,0 78.4079979,17.3622294,0 78.4079935,17.3622001,0 78.4079991,17.3621994,0 78.4079901,17.362139,0 78.4078526,17.362159,0 78.4078695,17.362248,0 78.4079006,17.3622461,0 78.4079001,17.3622428,0</coordinates></LinearRing></outerBoundaryIs></Polygon></MultiGeometry></Placemark><Placemark><name>d7a47</name><description>Household ID: AS589-027
Plot: Plot no 87
Status: Not started</description><MultiGeometry><Polygon><outerBoundaryIs><LinearRing><coordinates>78.4081952,17.3622005,0 78.4081828,17.3621171,0 78.4081613,17.36212,0 78.4081606,17.3621153,0 78.4080511,17.3621303,0 78.4080601,17.3621909,0 78.4080658,17.3621901,0 78.4080699,17.3622177,0 78.4081952,17.3622005,0</coordinates></LinearRing></outerBoundaryIs></Polygon></MultiGeometry></Placemark><Placemark><name>d5c03</name><description>Household ID: AS589-028
Plot: 87
Status: Not started</description><MultiGeometry><Polygon><outerBoundaryIs><LinearRing><coordinates>78.4081886,17.362156,0 78.4081952,17.3622005,0 78.4082393,17.3621945,0 78.4082327,17.3621499,0 78.4081886,17.362156,0</coordinates></LinearRing></outerBoundaryIs></Polygon></MultiGeometry></Placemark><Placemark><name>c618a</name><description>Household ID: AS589-029
Plot: 72
Status: Not started</description><MultiGeometry><Polygon><outerBoundaryIs><LinearRing><coordinates>78.4078702,17.3622525,0 78.407859,17.362202,0 78.4078288,17.3622062,0 78.4078364,17.3622571,0 78.4078702,17.3622525,0</coordinates></LinearRing></outerBoundaryIs></Polygon></MultiGeometry></Placemark><Placemark><name>0d53e</name><description>Household ID: AS589-030
Plot: Plot no 89
Status: Not started</description><MultiGeometry><Polygon><outerBoundaryIs><LinearRing><coordinates>78.4085001,17.3620097,0 78.4084913,17.3619483,0 78.4083449,17.3619679,0 78.4083536,17.3620285,0 78.4083595,17.3620277,0 78.4083649,17.3620648,0 78.4084976,17.3620471,0 78.4084923,17.3620108,0 78.4085001,17.3620097,0</coordinates></LinearRing></outerBoundaryIs></Polygon></MultiGeometry></Placemark><Placemark><name>10f7b</name><description>Household ID: AS589-031
Plot: Villa 101
Status: Not started</description><MultiGeometry><Polygon><outerBoundaryIs><LinearRing><coordinates>78.4085268,17.3618182,0 78.4085462,17.361915,0 78.4086703,17.3618972,0 78.408663,17.3618503,0 78.4086699,17.3618493,0 78.4086627,17.3618032,0 78.4086436,17.3618059,0 78.4086429,17.3618016,0 78.4085268,17.3618182,0</coordinates></LinearRing></outerBoundaryIs></Polygon></MultiGeometry></Placemark><Placemark><name>c400c</name><description>Household ID: AS589-032
Plot: Plot no 103
Status: Not started</description><MultiGeometry><Polygon><outerBoundaryIs><LinearRing><coordinates>78.4088091,17.361587,0 78.408839,17.3615828,0 78.4088446,17.3616197,0 78.4089414,17.3616063,0 78.4089358,17.3615695,0 78.4089413,17.3615687,0 78.408932,17.3615076,0 78.4087999,17.3615259,0 78.4088091,17.361587,0</coordinates></LinearRing></outerBoundaryIs></Polygon></MultiGeometry></Placemark><Placemark><name>278f8</name><description>Household ID: AS589-033
Plot: STP
Status: Not started</description><MultiGeometry><Polygon><outerBoundaryIs><LinearRing><coordinates>78.4093361,17.3611705,0 78.409302,17.3611383,0 78.4092562,17.3611831,0 78.4092903,17.3612152,0 78.4093361,17.3611705,0</coordinates></LinearRing></outerBoundaryIs></Polygon></MultiGeometry></Placemark><Placemark><name>ca1af</name><description>Household ID: AS589-034
Plot: STP
Status: Not started</description><MultiGeometry><Polygon><outerBoundaryIs><LinearRing><coordinates>78.4093361,17.3611705,0 78.4092903,17.3612152,0 78.409314,17.3612375,0 78.4093597,17.3611928,0 78.4093361,17.3611705,0</coordinates></LinearRing></outerBoundaryIs></Polygon></MultiGeometry></Placemark><Placemark><name>d619f</name><description>Household ID: AS589-035
Plot: Villa no 101
Status: Not started</description><MultiGeometry><Polygon><outerBoundaryIs><LinearRing><coordinates>78.4085379,17.3619357,0 78.4085422,17.3619604,0 78.4085671,17.3619564,0 78.4085629,17.3619318,0 78.4085379,17.3619357,0</coordinates></LinearRing></outerBoundaryIs></Polygon></MultiGeometry></Placemark><Placemark><name>15365</name><description>Household ID: AS589-036
Plot: STP
Status: Not started</description><MultiGeometry><Polygon><outerBoundaryIs><LinearRing><coordinates>78.4092953,17.3611449,0 78.4093664,17.3610753,0 78.4093271,17.3610383,0 78.4092569,17.3611087,0 78.4092953,17.3611449,0</coordinates></LinearRing></outerBoundaryIs></Polygon></MultiGeometry></Placemark><Placemark><name>25006</name><description>Household ID: AS589-037
Plot: Not recorded
Status: Not started</description><MultiGeometry><Polygon><outerBoundaryIs><LinearRing><coordinates>78.4038602,17.3530542,0 78.4038504,17.3530587,0 78.4038419,17.3530565,0 78.4038161,17.3531213,0 78.4038501,17.3531338,0 78.4038774,17.3530596,0 78.4038602,17.3530542,0</coordinates></LinearRing></outerBoundaryIs></Polygon></MultiGeometry></Placemark><Placemark><name>e1877</name><description>Household ID: AS589-038
Plot: 11
Status: Not started</description><MultiGeometry><Polygon><outerBoundaryIs><LinearRing><coordinates>78.4031619,17.3524395,0 78.4031253,17.3523927,0 78.4030446,17.352447,0 78.403073,17.3524875,0 78.4030809,17.3524821,0 78.4031027,17.3525098,0 78.4030985,17.3525133,0 78.4031081,17.3525251,0 78.4031287,17.3525112,0 78.40312,17.3524994,0 78.4031403,17.3524856,0 78.403149,17.3524974,0 78.4031667,17.3524854,0 78.4031426,17.3524526,0 78.4031619,17.3524395,0</coordinates></LinearRing></outerBoundaryIs></Polygon></MultiGeometry></Placemark><Placemark><name>a1789</name><description>Household ID: AS589-039
Plot: 125
Status: Not started</description><MultiGeometry><Polygon><outerBoundaryIs><LinearRing><coordinates>78.4033821,17.3525045,0 78.4034278,17.3523826,0 78.4033734,17.3523484,0 78.4033606,17.3523654,0 78.4032693,17.3524285,0 78.4032523,17.3524629,0 78.4033821,17.3525045,0</coordinates></LinearRing></outerBoundaryIs></Polygon></MultiGeometry></Placemark><Placemark><name>8440f</name><description>Household ID: AS589-040
Plot: 14
Status: Not started</description><MultiGeometry><Polygon><outerBoundaryIs><LinearRing><coordinates>78.4030214,17.3523003,0 78.4030716,17.3523855,0 78.4030796,17.3523803,0 78.403077,17.3523766,0 78.4031118,17.3523535,0 78.403074,17.3523044,0 78.4030792,17.3523008,0 78.4030673,17.3522853,0 78.4030627,17.3522885,0 78.4030556,17.3522794,0 78.4030214,17.3523003,0</coordinates></LinearRing></outerBoundaryIs></Polygon></MultiGeometry></Placemark><Placemark><name>9c768</name><description>Household ID: AS589-041
Plot: 13
Status: Not started</description><MultiGeometry><Polygon><outerBoundaryIs><LinearRing><coordinates>78.4030689,17.3523817,0 78.4030214,17.3523003,0 78.4029449,17.352347,0 78.4029713,17.3524378,0 78.4029962,17.352423,0 78.4030025,17.3524327,0 78.403008,17.3524331,0 78.403039,17.3524115,0 78.403034,17.3524024,0 78.4030689,17.3523817,0</coordinates></LinearRing></outerBoundaryIs></Polygon></MultiGeometry></Placemark><Placemark><name>09f9e</name><description>Household ID: AS589-042
Plot: Not recorded
Status: Not started</description><MultiGeometry><Polygon><outerBoundaryIs><LinearRing><coordinates>78.4026406,17.3522227,0 78.4027339,17.3521561,0 78.4026854,17.3520841,0 78.4025655,17.3521094,0 78.4026406,17.3522227,0</coordinates></LinearRing></outerBoundaryIs></Polygon></MultiGeometry></Placemark><Placemark><name>653ec</name><description>Household ID: AS589-043
Plot: 3-7-400/oc/113/p
Status: Not started</description><MultiGeometry><Polygon><outerBoundaryIs><LinearRing><coordinates>78.4034928,17.352815,0 78.4035784,17.3528429,0 78.4035889,17.3528133,0 78.4035819,17.352811,0 78.4035992,17.3527619,0 78.4036079,17.3527647,0 78.4036153,17.3527439,0 78.4035921,17.3527109,0 78.4035694,17.3526442,0 78.4035545,17.3526405,0 78.4034928,17.352815,0</coordinates></LinearRing></outerBoundaryIs></Polygon></MultiGeometry></Placemark><Placemark><name>75501</name><description>Household ID: AS589-044
Plot: Plot no 10
Status: Not started</description><MultiGeometry><Polygon><outerBoundaryIs><LinearRing><coordinates>78.4031323,17.3524012,0 78.403185,17.35247,0 78.4032557,17.3524212,0 78.4032498,17.3524128,0 78.4032732,17.3523972,0 78.4032795,17.352405,0 78.4033726,17.3523433,0 78.4033015,17.3522835,0 78.4031323,17.3524012,0</coordinates></LinearRing></outerBoundaryIs></Polygon></MultiGeometry></Placemark><Placemark><name>ccb1a</name><description>Household ID: AS589-045
Plot: Not recorded
Status: Not started</description><MultiGeometry><Polygon><outerBoundaryIs><LinearRing><coordinates>78.4024075,17.3518305,0 78.4024076,17.351846,0 78.4024166,17.3518665,0 78.4024504,17.3518528,0 78.4024356,17.3518191,0 78.4024075,17.3518305,0</coordinates></LinearRing></outerBoundaryIs></Polygon></MultiGeometry></Placemark><Placemark><name>9c53b</name><description>Household ID: AS589-046
Plot: Not recorded
Status: Not started</description><MultiGeometry><Polygon><outerBoundaryIs><LinearRing><coordinates>78.4023278,17.3517872,0 78.4023735,17.3517776,0 78.402365,17.3517404,0 78.4023193,17.35175,0 78.4023278,17.3517872,0</coordinates></LinearRing></outerBoundaryIs></Polygon></MultiGeometry></Placemark><Placemark><name>42616</name><description>Household ID: AS589-047
Plot: Not recorded
Status: Not started</description><MultiGeometry><Polygon><outerBoundaryIs><LinearRing><coordinates>78.4022852,17.3516313,0 78.4022613,17.3515534,0 78.4022117,17.3515698,0 78.4022224,17.3516049,0 78.4022313,17.3516023,0 78.4022438,17.351643,0 78.4022852,17.3516313,0</coordinates></LinearRing></outerBoundaryIs></Polygon></MultiGeometry></Placemark><Placemark><name>836b9</name><description>Household ID: AS589-048
Plot: Not recorded
Status: Not started</description><MultiGeometry><Polygon><outerBoundaryIs><LinearRing><coordinates>78.4021684,17.3515832,0 78.4021433,17.351601,0 78.4021664,17.3516312,0 78.4021915,17.3516134,0 78.4021684,17.3515832,0</coordinates></LinearRing></outerBoundaryIs></Polygon></MultiGeometry></Placemark><Placemark><name>95747</name><description>Household ID: AS589-049
Plot: Not recorded
Status: Not started</description><MultiGeometry><Polygon><outerBoundaryIs><LinearRing><coordinates>78.4021481,17.3515975,0 78.4021684,17.3515832,0 78.402159,17.351571,0 78.4021388,17.3515854,0 78.4021481,17.3515975,0</coordinates></LinearRing></outerBoundaryIs></Polygon></MultiGeometry></Placemark><Placemark><name>4f08c</name><description>Household ID: AS589-050
Plot: Not recorded
Status: Not started</description><MultiGeometry><Polygon><outerBoundaryIs><LinearRing><coordinates>78.40215,17.351676,0 78.4021806,17.3516562,0 78.4021632,17.3516315,0 78.4021326,17.3516514,0 78.40215,17.351676,0</coordinates></LinearRing></outerBoundaryIs></Polygon></MultiGeometry></Placemark><Placemark><name>1ebb1</name><description>Household ID: AS589-051
Plot: Not recorded
Status: Not started</description><MultiGeometry><Polygon><outerBoundaryIs><LinearRing><coordinates>78.4021538,17.3516312,0 78.4021116,17.3515859,0 78.4020856,17.3516083,0 78.4021278,17.3516536,0 78.4021538,17.3516312,0</coordinates></LinearRing></outerBoundaryIs></Polygon></MultiGeometry></Placemark><Placemark><name>f3920</name><description>Household ID: AS589-052
Plot: Not recorded
Status: Not started</description><MultiGeometry><Polygon><outerBoundaryIs><LinearRing><coordinates>78.4021116,17.3515859,0 78.4020544,17.3515245,0 78.4020283,17.3515469,0 78.4020856,17.3516083,0 78.4021116,17.3515859,0</coordinates></LinearRing></outerBoundaryIs></Polygon></MultiGeometry></Placemark><Placemark><name>970d7</name><description>Household ID: AS589-053
Plot: Not recorded
Status: Not started</description><MultiGeometry><Polygon><outerBoundaryIs><LinearRing><coordinates>78.4021422,17.3515338,0 78.4021322,17.3515418,0 78.4021447,17.3515563,0 78.4021547,17.3515484,0 78.4021422,17.3515338,0</coordinates></LinearRing></outerBoundaryIs></Polygon></MultiGeometry></Placemark><Placemark><name>2a123</name><description>Household ID: AS589-054
Plot: Not recorded
Status: Not started</description><MultiGeometry><Polygon><outerBoundaryIs><LinearRing><coordinates>78.4019914,17.3516211,0 78.4020438,17.3515906,0 78.4020267,17.3515635,0 78.4019743,17.351594,0 78.4019914,17.3516211,0</coordinates></LinearRing></outerBoundaryIs></Polygon></MultiGeometry></Placemark><Placemark><name>5ce01</name><description>Household ID: AS589-055
Plot: Not recorded
Status: Not started</description><MultiGeometry><Polygon><outerBoundaryIs><LinearRing><coordinates>78.4019871,17.3514977,0 78.4020258,17.3515353,0 78.4020499,17.3515125,0 78.4020111,17.3514748,0 78.4019871,17.3514977,0</coordinates></LinearRing></outerBoundaryIs></Polygon></MultiGeometry></Placemark><Placemark><name>4af11</name><description>Household ID: AS589-056
Plot: Not recorded
Status: Not started</description><MultiGeometry><Polygon><outerBoundaryIs><LinearRing><coordinates>78.401916,17.3514399,0 78.4019505,17.3514729,0 78.4019821,17.3514425,0 78.4019477,17.3514095,0 78.401916,17.3514399,0</coordinates></LinearRing></outerBoundaryIs></Polygon></MultiGeometry></Placemark><Placemark><name>fee68</name><description>Household ID: AS589-057
Plot: Not recorded
Status: Not started</description><MultiGeometry><Polygon><outerBoundaryIs><LinearRing><coordinates>78.4018362,17.3513428,0 78.4018596,17.3513682,0 78.4018851,17.3513466,0 78.4018617,17.3513212,0 78.4018362,17.3513428,0</coordinates></LinearRing></outerBoundaryIs></Polygon></MultiGeometry></Placemark><Placemark><name>919f9</name><description>Household ID: AS589-058
Plot: Not recorded
Status: Not started</description><MultiGeometry><Polygon><outerBoundaryIs><LinearRing><coordinates>78.4018,17.351303,0 78.4018264,17.3513363,0 78.4018531,17.3513167,0 78.4018267,17.3512834,0 78.4018,17.351303,0</coordinates></LinearRing></outerBoundaryIs></Polygon></MultiGeometry></Placemark><Placemark><name>d3ec3</name><description>Household ID: AS589-059
Plot: Not recorded
Status: Not started</description><MultiGeometry><Polygon><outerBoundaryIs><LinearRing><coordinates>78.4017686,17.3512716,0 78.4017909,17.3512996,0 78.4018226,17.3512762,0 78.4018002,17.3512483,0 78.4017686,17.3512716,0</coordinates></LinearRing></outerBoundaryIs></Polygon></MultiGeometry></Placemark><Placemark><name>e150f</name><description>Household ID: AS589-060
Plot: Not recorded
Status: Not started</description><MultiGeometry><Polygon><outerBoundaryIs><LinearRing><coordinates>78.4017289,17.3512194,0 78.4017529,17.3512472,0 78.4017878,17.3512194,0 78.4017637,17.3511916,0 78.4017289,17.3512194,0</coordinates></LinearRing></outerBoundaryIs></Polygon></MultiGeometry></Placemark><Placemark><name>c6a9f</name><description>Household ID: AS589-061
Plot: Not recorded
Status: Not started</description><MultiGeometry><Polygon><outerBoundaryIs><LinearRing><coordinates>78.4016927,17.3511744,0 78.4017188,17.351207,0 78.401741,17.3511906,0 78.4017149,17.351158,0 78.4016927,17.3511744,0</coordinates></LinearRing></outerBoundaryIs></Polygon></MultiGeometry></Placemark><Placemark><name>d096e</name><description>Household ID: AS589-062
Plot: Not recorded
Status: Not started</description><MultiGeometry><Polygon><outerBoundaryIs><LinearRing><coordinates>78.4019921,17.3513874,0 78.4019782,17.3514001,0 78.4020002,17.3514223,0 78.4020141,17.3514097,0 78.4019921,17.3513874,0</coordinates></LinearRing></outerBoundaryIs></Polygon></MultiGeometry></Placemark><Placemark><name>780d8</name><description>Household ID: AS589-063
Plot: Tin shed
Status: Not started</description><MultiGeometry><Polygon><outerBoundaryIs><LinearRing><coordinates>78.4020169,17.3514116,0 78.4020248,17.3514192,0 78.4020167,17.3514263,0 78.4020461,17.3514563,0 78.4020831,17.3514256,0 78.4020426,17.3513864,0 78.4020169,17.3514116,0</coordinates></LinearRing></outerBoundaryIs></Polygon></MultiGeometry></Placemark><Placemark><name>79ed9</name><description>Household ID: AS589-064
Plot: Tin shed
Status: Not started</description><MultiGeometry><Polygon><outerBoundaryIs><LinearRing><coordinates>78.4020579,17.3514663,0 78.4020887,17.3515005,0 78.4021388,17.3514614,0 78.4021068,17.3514258,0 78.4020579,17.3514663,0</coordinates></LinearRing></outerBoundaryIs></Polygon></MultiGeometry></Placemark><Placemark><name>e53cc</name><description>Household ID: AS589-065
Plot: Not recorded
Status: Not started</description><MultiGeometry><Polygon><outerBoundaryIs><LinearRing><coordinates>78.4021929,17.3514848,0 78.402173,17.3514616,0 78.4021542,17.3514765,0 78.4021436,17.3514641,0 78.402092,17.3515049,0 78.4021225,17.3515404,0 78.4021929,17.3514848,0</coordinates></LinearRing></outerBoundaryIs></Polygon></MultiGeometry></Placemark><Placemark><name>d15a2</name><description>Household ID: AS589-066
Plot: Tin shed
Status: Not started</description><MultiGeometry><Polygon><outerBoundaryIs><LinearRing><coordinates>78.4021929,17.3514848,0 78.4021376,17.3515285,0 78.4021583,17.3515526,0 78.4022136,17.351509,0 78.4021929,17.3514848,0</coordinates></LinearRing></outerBoundaryIs></Polygon></MultiGeometry></Placemark><Placemark><name>d446d</name><description>Household ID: AS589-067
Plot: Not recorded
Status: Not started</description><MultiGeometry><Polygon><outerBoundaryIs><LinearRing><coordinates>78.3939574,17.3287842,0 78.3939876,17.3287861,0 78.3939897,17.3287544,0 78.3939595,17.3287525,0 78.3939574,17.3287842,0</coordinates></LinearRing></outerBoundaryIs></Polygon></MultiGeometry></Placemark><Placemark><name>b9e2a</name><description>Household ID: AS589-068
Plot: Not recorded
Status: Not started</description><MultiGeometry><Polygon><outerBoundaryIs><LinearRing><coordinates>78.4035139,17.3507471,0 78.4036025,17.3507472,0 78.4036025,17.3507034,0 78.403514,17.3507033,0 78.4035139,17.3507471,0</coordinates></LinearRing></outerBoundaryIs></Polygon></MultiGeometry></Placemark><Placemark><name>23aed</name><description>Household ID: AS589-069
Plot: Not recorded
Status: Not started</description><MultiGeometry><Polygon><outerBoundaryIs><LinearRing><coordinates>78.4020351,17.3491089,0 78.4020063,17.34911,0 78.4020064,17.3492012,0 78.4020351,17.3492011,0 78.4020351,17.3491089,0</coordinates></LinearRing></outerBoundaryIs></Polygon></MultiGeometry></Placemark><Placemark><name>12f9e</name><description>Household ID: AS589-070
Plot: Not recorded
Status: Not started</description><MultiGeometry><Polygon><outerBoundaryIs><LinearRing><coordinates>78.4020064,17.3492012,0 78.4020063,17.34911,0 78.402021,17.34911,0 78.40202,17.3490625,0 78.4019277,17.3490633,0 78.4019328,17.3491436,0 78.4019286,17.3491437,0 78.4019298,17.3492033,0 78.4020064,17.3492012,0</coordinates></LinearRing></outerBoundaryIs></Polygon></MultiGeometry></Placemark><Placemark><name>df1d9</name><description>Household ID: AS589-071
Plot: Not recorded
Status: Not started</description><MultiGeometry><Polygon><outerBoundaryIs><LinearRing><coordinates>78.4021018,17.3492019,0 78.4021014,17.3491507,0 78.4020822,17.3491507,0 78.4020851,17.3492019,0 78.4021018,17.3492019,0</coordinates></LinearRing></outerBoundaryIs></Polygon></MultiGeometry></Placemark><Placemark><name>6641a</name><description>Household ID: AS589-072
Plot: 520 plot
Status: Not started</description><MultiGeometry><Polygon><outerBoundaryIs><LinearRing><coordinates>78.4021798,17.3494765,0 78.4022212,17.3494767,0 78.4022211,17.3493319,0 78.4021797,17.3493317,0 78.4021798,17.3494765,0</coordinates></LinearRing></outerBoundaryIs></Polygon></MultiGeometry></Placemark><Placemark><name>839c5</name><description>Household ID: AS589-073
Plot: Not recorded
Status: Not started</description><MultiGeometry><Polygon><outerBoundaryIs><LinearRing><coordinates>78.4022263,17.3495199,0 78.4022077,17.3494766,0 78.4021798,17.3494765,0 78.4021734,17.3494815,0 78.4022077,17.3495267,0 78.4022263,17.3495199,0</coordinates></LinearRing></outerBoundaryIs></Polygon></MultiGeometry></Placemark><Placemark><name>43b8b</name><description>Household ID: AS589-074
Plot: 519
Status: Not started</description><MultiGeometry><Polygon><outerBoundaryIs><LinearRing><coordinates>78.4022307,17.3494914,0 78.4022306,17.3495027,0 78.4022835,17.3495563,0 78.4022956,17.3495559,0 78.4022957,17.3495787,0 78.4023076,17.3495789,0 78.4023079,17.3495902,0 78.4023268,17.3495902,0 78.4023271,17.3496031,0 78.4023416,17.3496035,0 78.4023415,17.3496079,0 78.4023713,17.3496079,0 78.4023717,17.3496023,0 78.4023858,17.3496023,0 78.4023866,17.3495907,0 78.4023809,17.3495906,0 78.4023805,17.3494896,0 78.4022307,17.3494914,0</coordinates></LinearRing></outerBoundaryIs></Polygon></MultiGeometry></Placemark><Placemark><name>e92ce</name><description>Household ID: AS589-075
Plot: Plot 520
Status: Not started</description><MultiGeometry><Polygon><outerBoundaryIs><LinearRing><coordinates>78.4022137,17.3494905,0 78.4022284,17.3494891,0 78.4022271,17.3494781,0 78.4022094,17.3494806,0 78.4022137,17.3494905,0</coordinates></LinearRing></outerBoundaryIs></Polygon></MultiGeometry></Placemark><Placemark><name>75526</name><description>Household ID: AS589-076
Plot: Not recorded
Status: Not started</description><MultiGeometry><Polygon><outerBoundaryIs><LinearRing><coordinates>78.4065663,17.353386,0 78.4065665,17.353551,0 78.4067412,17.3535414,0 78.406741,17.353379,0 78.4065663,17.353386,0</coordinates></LinearRing></outerBoundaryIs></Polygon></MultiGeometry></Placemark><Placemark><name>103fe</name><description>Household ID: AS589-077
Plot: Not recorded
Status: Not started</description><MultiGeometry><Polygon><outerBoundaryIs><LinearRing><coordinates>78.4068666,17.3536289,0 78.4068665,17.3536997,0 78.4069255,17.3536998,0 78.4069256,17.3536758,0 78.406964,17.3536759,0 78.406964,17.3536998,0 78.407023,17.3537002,0 78.4070218,17.3536292,0 78.4068666,17.3536289,0</coordinates></LinearRing></outerBoundaryIs></Polygon></MultiGeometry></Placemark><Placemark><name>aadac</name><description>Household ID: AS589-078
Plot: 2-6-7/jc/528
Status: Not started</description><MultiGeometry><Polygon><outerBoundaryIs><LinearRing><coordinates>78.4066939,17.3537508,0 78.406711,17.3537566,0 78.4067359,17.3537503,0 78.4067305,17.3536747,0 78.4067347,17.3536744,0 78.4067335,17.353633,0 78.4066314,17.3536331,0 78.4066257,17.3536606,0 78.4066332,17.3536758,0 78.4066639,17.3536755,0 78.4066644,17.3536968,0 78.4066808,17.3537122,0 78.4066943,17.3537129,0 78.4066939,17.3537508,0</coordinates></LinearRing></outerBoundaryIs></Polygon></MultiGeometry></Placemark><Placemark><name>5c6bf</name><description>Household ID: AS589-079
Plot: 2-6-7/543/1/jc
Status: Not started</description><MultiGeometry><Polygon><outerBoundaryIs><LinearRing><coordinates>78.4071702,17.3541218,0 78.4071705,17.3541078,0 78.4071341,17.3541072,0 78.4071338,17.3541211,0 78.4071702,17.3541218,0</coordinates></LinearRing></outerBoundaryIs></Polygon></MultiGeometry></Placemark><Placemark><name>cdc98</name><description>Household ID: AS589-080
Plot: Not recorded
Status: Not started</description><MultiGeometry><Polygon><outerBoundaryIs><LinearRing><coordinates>78.4071155,17.3542982,0 78.4071474,17.3542765,0 78.4071028,17.3542172,0 78.4070709,17.3542389,0 78.4071155,17.3542982,0</coordinates></LinearRing></outerBoundaryIs></Polygon></MultiGeometry></Placemark><Placemark><name>85371</name><description>Household ID: AS589-081
Plot: Not recorded
Status: Not started</description><MultiGeometry><Polygon><outerBoundaryIs><LinearRing><coordinates>78.4071191,17.3542958,0 78.40716,17.3543051,0 78.4071647,17.3543011,0 78.4071474,17.3542765,0 78.4071191,17.3542958,0</coordinates></LinearRing></outerBoundaryIs></Polygon></MultiGeometry></Placemark><Placemark><name>5e747</name><description>Household ID: AS589-082
Plot: Not recorded
Status: Not started</description><MultiGeometry><Polygon><outerBoundaryIs><LinearRing><coordinates>78.4071846,17.3543041,0 78.4072064,17.3543066,0 78.4072077,17.3542942,0 78.4071863,17.3542922,0 78.4071846,17.3543041,0</coordinates></LinearRing></outerBoundaryIs></Polygon></MultiGeometry></Placemark><Placemark><name>dd971</name><description>Household ID: AS589-083
Plot: Not recorded
Status: Not started</description><MultiGeometry><Polygon><outerBoundaryIs><LinearRing><coordinates>78.407837,17.3549314,0 78.4078633,17.3549105,0 78.4077862,17.3548213,0 78.40776,17.3548422,0 78.407837,17.3549314,0</coordinates></LinearRing></outerBoundaryIs></Polygon></MultiGeometry></Placemark><Placemark><name>60b7b</name><description>Household ID: AS589-084
Plot: Not recorded
Status: Not started</description><MultiGeometry><Polygon><outerBoundaryIs><LinearRing><coordinates>78.4077236,17.3548762,0 78.407833,17.3550032,0 78.4078625,17.3549798,0 78.407753,17.3548528,0 78.4077236,17.3548762,0</coordinates></LinearRing></outerBoundaryIs></Polygon></MultiGeometry></Placemark><Placemark><name>bd362</name><description>Household ID: AS589-085
Plot: Not recorded
Status: Not started</description><MultiGeometry><Polygon><outerBoundaryIs><LinearRing><coordinates>78.407833,17.3550032,0 78.4078437,17.3550189,0 78.4078725,17.3549913,0 78.4078625,17.3549798,0 78.407833,17.3550032,0</coordinates></LinearRing></outerBoundaryIs></Polygon></MultiGeometry></Placemark><Placemark><name>fc097</name><description>Household ID: AS589-086
Plot: Not recorded
Status: Not started</description><MultiGeometry><Polygon><outerBoundaryIs><LinearRing><coordinates>78.4065665,17.353516,0 78.4065663,17.3534055,0 78.4064829,17.3534056,0 78.406483,17.3535161,0 78.4065665,17.353516,0</coordinates></LinearRing></outerBoundaryIs></Polygon></MultiGeometry></Placemark><Placemark><name>b595a</name><description>Household ID: AS589-087
Plot: Plot no 544
Status: Not started</description><MultiGeometry><Polygon><outerBoundaryIs><LinearRing><coordinates>78.4020938,17.3487167,0 78.4020933,17.3486477,0 78.4020274,17.3486482,0 78.4020274,17.3486436,0 78.4019176,17.3486483,0 78.4019182,17.3487179,0 78.4020938,17.3487167,0</coordinates></LinearRing></outerBoundaryIs></Polygon></MultiGeometry></Placemark><Placemark><name>23708</name><description>Household ID: AS589-088
Plot: 541/p
Status: Not started</description><MultiGeometry><Polygon><outerBoundaryIs><LinearRing><coordinates>78.4058897,17.3529186,0 78.4059208,17.3529168,0 78.4059189,17.352888,0 78.4058879,17.3528899,0 78.4058897,17.3529186,0</coordinates></LinearRing></outerBoundaryIs></Polygon></MultiGeometry></Placemark><Placemark><name>a7c77</name><description>Household ID: AS589-089
Plot: Plot no. 541/p
Status: Not started</description><MultiGeometry><Polygon><outerBoundaryIs><LinearRing><coordinates>78.4058965,17.3529794,0 78.4059418,17.3529774,0 78.405939,17.3529189,0 78.4058938,17.3529191,0 78.4058965,17.3529794,0</coordinates></LinearRing></outerBoundaryIs></Polygon></MultiGeometry></Placemark><Placemark><name>bffbc</name><description>Household ID: AS589-090
Plot: Not recorded
Status: Not started</description><MultiGeometry><Polygon><outerBoundaryIs><LinearRing><coordinates>78.4059917,17.3529713,0 78.4060276,17.3529713,0 78.4060275,17.3529431,0 78.4059917,17.3529431,0 78.4059917,17.3529713,0</coordinates></LinearRing></outerBoundaryIs></Polygon></MultiGeometry></Placemark><Placemark><name>ed1f8</name><description>Household ID: AS589-091
Plot: Not recorded
Status: Not started</description><MultiGeometry><Polygon><outerBoundaryIs><LinearRing><coordinates>78.406019,17.3529713,0 78.4059917,17.3529713,0 78.4059917,17.3529907,0 78.406019,17.3529907,0 78.406019,17.3529713,0</coordinates></LinearRing></outerBoundaryIs></Polygon></MultiGeometry></Placemark><Placemark><name>a16a5</name><description>Household ID: AS589-092
Plot: 1-2-116/NDC/49
Status: Not started</description><MultiGeometry><Polygon><outerBoundaryIs><LinearRing><coordinates>78.40006,17.3431547,0 78.4001773,17.3431305,0 78.4001621,17.3430617,0 78.4001271,17.343068,0 78.4001333,17.3430947,0 78.4000968,17.3431015,0 78.4000915,17.3430763,0 78.400047,17.3430852,0 78.40006,17.3431547,0</coordinates></LinearRing></outerBoundaryIs></Polygon></MultiGeometry></Placemark><Placemark><name>d1c88</name><description>Household ID: AS589-093
Plot: 1-2-116/NDC/50
Status: Not started</description><MultiGeometry><Polygon><outerBoundaryIs><LinearRing><coordinates>78.4000505,17.3430701,0 78.400156,17.3430518,0 78.4001433,17.3429851,0 78.4000376,17.3430037,0 78.4000505,17.3430701,0</coordinates></LinearRing></outerBoundaryIs></Polygon></MultiGeometry></Placemark><Placemark><name>3e153</name><description>Household ID: AS589-094
Plot: Not recorded
Status: Not started</description><MultiGeometry><Polygon><outerBoundaryIs><LinearRing><coordinates>78.400141,17.3427552,0 78.4001835,17.3427436,0 78.4001608,17.3426674,0 78.4001184,17.342679,0 78.400141,17.3427552,0</coordinates></LinearRing></outerBoundaryIs></Polygon></MultiGeometry></Placemark><Placemark><name>62831</name><description>Household ID: AS589-095
Plot: Not recorded
Status: Not started</description><MultiGeometry><Polygon><outerBoundaryIs><LinearRing><coordinates>78.400141,17.3427552,0 78.4001452,17.3427691,0 78.4001719,17.3427618,0 78.4001677,17.3427479,0 78.400141,17.3427552,0</coordinates></LinearRing></outerBoundaryIs></Polygon></MultiGeometry></Placemark><Placemark><name>424b0</name><description>Household ID: AS589-096
Plot: Not recorded
Status: Not started</description><MultiGeometry><Polygon><outerBoundaryIs><LinearRing><coordinates>78.3999474,17.3420033,0 78.3999257,17.3419457,0 78.399914,17.3419499,0 78.3999112,17.3419422,0 78.3998635,17.34196,0 78.3998885,17.3420257,0 78.3999474,17.3420033,0</coordinates></LinearRing></outerBoundaryIs></Polygon></MultiGeometry></Placemark><Placemark><name>02992</name><description>Household ID: AS589-097
Plot: 1-2-116/NDC/55
Status: Not started</description><MultiGeometry><Polygon><outerBoundaryIs><LinearRing><coordinates>78.399969,17.3426668,0 78.4000985,17.3426415,0 78.4000843,17.3425746,0 78.3999638,17.3425981,0 78.3999706,17.3426299,0 78.3999615,17.3426317,0 78.399969,17.3426668,0</coordinates></LinearRing></outerBoundaryIs></Polygon></MultiGeometry></Placemark><Placemark><name>610f5</name><description>Household ID: AS589-098
Plot: 1-2-116/ndc/54
Status: Not started</description><MultiGeometry><Polygon><outerBoundaryIs><LinearRing><coordinates>78.3999679,17.3426797,0 78.3999798,17.3427341,0 78.400007,17.3427286,0 78.4000092,17.3427388,0 78.400018,17.342737,0 78.4000203,17.3427474,0 78.4000723,17.3427328,0 78.4000736,17.3427385,0 78.4001114,17.3427308,0 78.4000981,17.3426533,0 78.3999679,17.3426797,0</coordinates></LinearRing></outerBoundaryIs></Polygon></MultiGeometry></Placemark><Placemark><name>8ba10</name><description>Household ID: AS589-099
Plot: 1-2-116ndc/52
Status: Not started</description><MultiGeometry><Polygon><outerBoundaryIs><LinearRing><coordinates>78.3999988,17.3428415,0 78.4000172,17.3429105,0 78.4001328,17.3428914,0 78.4001202,17.3428214,0 78.3999988,17.3428415,0</coordinates></LinearRing></outerBoundaryIs></Polygon></MultiGeometry></Placemark><Placemark><name>7f728</name><description>Household ID: AS589-100
Plot: Not recorded
Status: Not started</description><MultiGeometry><Polygon><outerBoundaryIs><LinearRing><coordinates>78.4003382,17.3436936,0 78.4003978,17.3436743,0 78.4003836,17.3436292,0 78.4003231,17.3436493,0 78.4003382,17.3436936,0</coordinates></LinearRing></outerBoundaryIs></Polygon></MultiGeometry></Placemark><Placemark><name>7d245</name><description>Household ID: AS589-101
Plot: 1-2-116/ndc/36
Status: Not started</description><MultiGeometry><Polygon><outerBoundaryIs><LinearRing><coordinates>78.4004322,17.3445127,0 78.4004638,17.3445028,0 78.4004526,17.34447,0 78.400421,17.34448,0 78.4004322,17.3445127,0</coordinates></LinearRing></outerBoundaryIs></Polygon></MultiGeometry></Placemark><Placemark><name>be777</name><description>Household ID: AS589-102
Plot: Plot no 28
Status: Not started</description><MultiGeometry><Polygon><outerBoundaryIs><LinearRing><coordinates>78.4003289,17.3445759,0 78.4003607,17.3445656,0 78.4003514,17.3445391,0 78.4003196,17.3445495,0 78.4003289,17.3445759,0</coordinates></LinearRing></outerBoundaryIs></Polygon></MultiGeometry></Placemark><Placemark><name>fadcf</name><description>Household ID: AS589-103
Plot: Plot no.15
Status: Not started</description><MultiGeometry><Polygon><outerBoundaryIs><LinearRing><coordinates>78.400517,17.3448317,0 78.4006458,17.3447864,0 78.4006271,17.3447221,0 78.4004931,17.3447692,0 78.400517,17.3448317,0</coordinates></LinearRing></outerBoundaryIs></Polygon></MultiGeometry></Placemark><Placemark><name>45ea4</name><description>Household ID: AS589-104
Plot: Not recorded
Status: Not started</description><MultiGeometry><Polygon><outerBoundaryIs><LinearRing><coordinates>78.4008665,17.3452445,0 78.4009107,17.3452409,0 78.4009092,17.3452235,0 78.4008649,17.3452271,0 78.4008665,17.3452445,0</coordinates></LinearRing></outerBoundaryIs></Polygon></MultiGeometry></Placemark><Placemark><name>740dc</name><description>Household ID: AS589-105
Plot: Not recorded
Status: Not started</description><MultiGeometry><Polygon><outerBoundaryIs><LinearRing><coordinates>78.3990686,17.3364332,0 78.3990736,17.3365026,0 78.3990677,17.3365027,0 78.3990679,17.3365213,0 78.3990763,17.3365212,0 78.3990763,17.336526,0 78.3991008,17.3365258,0 78.3990997,17.3364328,0 78.3990686,17.3364332,0</coordinates></LinearRing></outerBoundaryIs></Polygon></MultiGeometry></Placemark><Placemark><name>16671</name><description>Household ID: AS589-106
Plot: 1-1-27/HDDV/27
Status: Not started</description><MultiGeometry><Polygon><outerBoundaryIs><LinearRing><coordinates>78.3997107,17.3395633,0 78.3997567,17.3395562,0 78.3997555,17.3395474,0 78.3998613,17.3395333,0 78.3998589,17.3395134,0 78.3998463,17.3395149,0 78.3998442,17.3394978,0 78.3998564,17.3394962,0 78.3998536,17.3394766,0 78.3997093,17.3394978,0 78.3997119,17.3395229,0 78.3997065,17.3395237,0 78.3997107,17.3395633,0</coordinates></LinearRing></outerBoundaryIs></Polygon></MultiGeometry></Placemark><Placemark><name>979f2</name><description>Household ID: AS589-107
Plot: 1-2-108/116
Status: Not started</description><MultiGeometry><Polygon><outerBoundaryIs><LinearRing><coordinates>78.3997659,17.3412086,0 78.399892,17.3411577,0 78.3998668,17.3410988,0 78.3998229,17.3411147,0 78.3998193,17.3411075,0 78.3997713,17.3411271,0 78.3997639,17.3411108,0 78.3997289,17.3411241,0 78.3997659,17.3412086,0</coordinates></LinearRing></outerBoundaryIs></Polygon></MultiGeometry></Placemark><Placemark><name>cc290</name><description>Household ID: AS589-108
Plot: 1-2-116/33
Status: Not started</description><MultiGeometry><Polygon><outerBoundaryIs><LinearRing><coordinates>78.4000189,17.3414519,0 78.4000315,17.3414818,0 78.4000597,17.3414709,0 78.4000471,17.3414409,0 78.4000189,17.3414519,0</coordinates></LinearRing></outerBoundaryIs></Polygon></MultiGeometry></Placemark><Placemark><name>e73eb</name><description>Household ID: AS589-109
Plot: 37
Status: Not started</description><MultiGeometry><Polygon><outerBoundaryIs><LinearRing><coordinates>78.4000841,17.3416441,0 78.400047,17.3415616,0 78.3999888,17.3415858,0 78.4000169,17.3416394,0 78.4000135,17.3416407,0 78.4000259,17.3416683,0 78.4000841,17.3416441,0</coordinates></LinearRing></outerBoundaryIs></Polygon></MultiGeometry></Placemark><Placemark><name>8ca84</name><description>Household ID: AS589-110
Plot: Not recorded
Status: Not started</description><MultiGeometry><Polygon><outerBoundaryIs><LinearRing><coordinates>78.3996316,17.3417548,0 78.3999227,17.3416361,0 78.3998698,17.3415121,0 78.3995786,17.3416279,0 78.3996316,17.3417548,0</coordinates></LinearRing></outerBoundaryIs></Polygon></MultiGeometry></Placemark><Placemark><name>24ff4</name><description>Household ID: AS589-111
Plot: Syno 511
Status: Not started</description><MultiGeometry><Polygon><outerBoundaryIs><LinearRing><coordinates>78.3998004,17.3416873,0 78.3996316,17.3417548,0 78.3996294,17.3417495,0 78.3996251,17.3417513,0 78.3996372,17.3417789,0 78.3996328,17.3417809,0 78.3996461,17.3418232,0 78.3996379,17.3418269,0 78.3996602,17.3418853,0 78.399866,17.3418422,0 78.3998004,17.3416873,0</coordinates></LinearRing></outerBoundaryIs></Polygon></MultiGeometry></Placemark><Placemark><name>44185</name><description>Household ID: AS589-112
Plot: Not recorded
Status: Not started</description><MultiGeometry><Polygon><outerBoundaryIs><LinearRing><coordinates>78.4001792,17.3420838,0 78.4001494,17.3418784,0 78.4001136,17.3418934,0 78.4000965,17.3418558,0 78.3999427,17.3419075,0 78.3999385,17.3418961,0 78.3999126,17.3419048,0 78.3999187,17.3419214,0 78.3999416,17.3419136,0 78.4000222,17.3421367,0 78.4001792,17.3420838,0</coordinates></LinearRing></outerBoundaryIs></Polygon></MultiGeometry></Placemark><Placemark><name>fbcbd</name><description>Household ID: AS589-113
Plot: Not recorded
Status: Not started</description><MultiGeometry><Polygon><outerBoundaryIs><LinearRing><coordinates>78.4000879,17.3418368,0 78.4001136,17.3418934,0 78.4001545,17.3418763,0 78.4001587,17.341885,0 78.4001667,17.3418812,0 78.4001709,17.3418912,0 78.4002313,17.3418665,0 78.4001987,17.3417922,0 78.4000879,17.3418368,0</coordinates></LinearRing></outerBoundaryIs></Polygon></MultiGeometry></Placemark><Placemark><name>5f42f</name><description>Household ID: AS589-114
Plot: 1-2-154/Gc/14
Status: Not started</description><MultiGeometry><Polygon><outerBoundaryIs><LinearRing><coordinates>78.3989898,17.3363463,0 78.3989876,17.3362996,0 78.3989459,17.3363013,0 78.3989485,17.3363481,0 78.3989898,17.3363463,0</coordinates></LinearRing></outerBoundaryIs></Polygon></MultiGeometry></Placemark><Placemark><name>d5b22</name><description>Household ID: AS589-115
Plot: 1-2-154/Gc/14
Status: Not started</description><MultiGeometry><Polygon><outerBoundaryIs><LinearRing><coordinates>78.3989876,17.3362996,0 78.3989889,17.3363267,0 78.3990719,17.3363231,0 78.3990705,17.3362942,0 78.3989876,17.3362996,0</coordinates></LinearRing></outerBoundaryIs></Polygon></MultiGeometry></Placemark><Placemark><name>3f9d7</name><description>Household ID: AS589-116
Plot: 492
Status: Not started</description><MultiGeometry><Polygon><outerBoundaryIs><LinearRing><coordinates>78.3990436,17.3364068,0 78.3990934,17.3364034,0 78.3990914,17.3363766,0 78.3990401,17.3363801,0 78.3990436,17.3364068,0</coordinates></LinearRing></outerBoundaryIs></Polygon></MultiGeometry></Placemark><Placemark><name>cd0c3</name><description>Household ID: AS589-117
Plot: Plot no 461
Status: Not started</description><MultiGeometry><Polygon><outerBoundaryIs><LinearRing><coordinates>78.3991937,17.3364219,0 78.3991887,17.3363294,0 78.3991409,17.3363326,0 78.3991477,17.3364183,0 78.3991601,17.3364175,0 78.3991606,17.3364241,0 78.3991937,17.3364219,0</coordinates></LinearRing></outerBoundaryIs></Polygon></MultiGeometry></Placemark><Placemark><name>d2186</name><description>Household ID: AS589-118
Plot: Not recorded
Status: Not started</description><MultiGeometry><Polygon><outerBoundaryIs><LinearRing><coordinates>78.4081998,17.3548701,0 78.4082337,17.3549128,0 78.4082396,17.3549127,0 78.4082397,17.3549046,0 78.4082489,17.3549035,0 78.4082837,17.3548762,0 78.4082497,17.3548335,0 78.4081998,17.3548701,0</coordinates></LinearRing></outerBoundaryIs></Polygon></MultiGeometry></Placemark><Placemark><name>62d85</name><description>Household ID: AS589-119
Plot: Not recorded
Status: Not started</description><MultiGeometry><Polygon><outerBoundaryIs><LinearRing><coordinates>78.4082441,17.3549843,0 78.4083457,17.3549778,0 78.408338,17.3548985,0 78.4082397,17.3549046,0 78.4082441,17.3549843,0</coordinates></LinearRing></outerBoundaryIs></Polygon></MultiGeometry></Placemark><Placemark><name>3ce65</name><description>Household ID: AS589-120
Plot: Not recorded
Status: Not started</description><MultiGeometry><Polygon><outerBoundaryIs><LinearRing><coordinates>78.4084824,17.3555421,0 78.4085155,17.3555265,0 78.4084973,17.355491,0 78.4084642,17.3555067,0 78.4084824,17.3555421,0</coordinates></LinearRing></outerBoundaryIs></Polygon></MultiGeometry></Placemark><Placemark><name>b36b2</name><description>Household ID: AS589-121
Plot: Not recorded
Status: Not started</description><MultiGeometry><Polygon><outerBoundaryIs><LinearRing><coordinates>78.4082126,17.3553222,0 78.4082352,17.3553061,0 78.4082186,17.3552849,0 78.4081959,17.3552992,0 78.4082126,17.3553222,0</coordinates></LinearRing></outerBoundaryIs></Polygon></MultiGeometry></Placemark><Placemark><name>987ae</name><description>Household ID: AS589-122
Plot: Not recorded
Status: Not started</description><MultiGeometry><Polygon><outerBoundaryIs><LinearRing><coordinates>78.4086785,17.3558497,0 78.4087177,17.3558245,0 78.4086731,17.3557602,0 78.4086338,17.3557854,0 78.4086785,17.3558497,0</coordinates></LinearRing></outerBoundaryIs></Polygon></MultiGeometry></Placemark><Placemark><name>424cc</name><description>Household ID: AS589-123
Plot: Not recorded
Status: Not started</description><MultiGeometry><Polygon><outerBoundaryIs><LinearRing><coordinates>78.412534,17.3702231,0 78.4125617,17.3702306,0 78.4125587,17.370241,0 78.4125929,17.3702503,0 78.4126204,17.3701564,0 78.4125585,17.3701397,0 78.412534,17.3702231,0</coordinates></LinearRing></outerBoundaryIs></Polygon></MultiGeometry></Placemark><Placemark><name>1afc7</name><description>Household ID: AS589-124
Plot: Not recorded
Status: Not started</description><MultiGeometry><Polygon><outerBoundaryIs><LinearRing><coordinates>78.4125223,17.3703879,0 78.412557,17.3702699,0 78.4125861,17.3702769,0 78.4125929,17.3702503,0 78.4125126,17.3702303,0 78.4124653,17.3703866,0 78.4125147,17.3704,0 78.4125223,17.3703879,0</coordinates></LinearRing></outerBoundaryIs></Polygon></MultiGeometry></Placemark><Placemark><name>e4648</name><description>Household ID: AS589-125
Plot: Not recorded
Status: Not started</description><MultiGeometry><Polygon><outerBoundaryIs><LinearRing><coordinates>78.4126419,17.3703861,0 78.412643,17.3703696,0 78.4126382,17.3703687,0 78.4126597,17.3702962,0 78.412557,17.3702699,0 78.4125223,17.3703879,0 78.4125546,17.3703961,0 78.4125541,17.3703997,0 78.4125749,17.3704017,0 78.4125758,17.3703946,0 78.4126419,17.3703861,0</coordinates></LinearRing></outerBoundaryIs></Polygon></MultiGeometry></Placemark><Placemark><name>0d974</name><description>Household ID: AS589-126
Plot: Not recorded
Status: Not started</description><MultiGeometry><Polygon><outerBoundaryIs><LinearRing><coordinates>78.4121506,17.3702719,0 78.4121388,17.3703171,0 78.4122915,17.3703538,0 78.4123033,17.3703086,0 78.4121506,17.3702719,0</coordinates></LinearRing></outerBoundaryIs></Polygon></MultiGeometry></Placemark><Placemark><name>ff669</name><description>Household ID: AS589-127
Plot: Not recorded
Status: Not started</description><MultiGeometry><Polygon><outerBoundaryIs><LinearRing><coordinates>78.4122896,17.3703534,0 78.4122199,17.3703366,0 78.4122137,17.3703605,0 78.4122834,17.3703772,0 78.4122896,17.3703534,0</coordinates></LinearRing></outerBoundaryIs></Polygon></MultiGeometry></Placemark><Placemark><name>eb338</name><description>Household ID: AS589-128
Plot: Not recorded
Status: Not started</description><MultiGeometry><Polygon><outerBoundaryIs><LinearRing><coordinates>78.4125292,17.3702341,0 78.4125585,17.3701397,0 78.4125418,17.3701352,0 78.4125097,17.3702294,0 78.4125292,17.3702341,0</coordinates></LinearRing></outerBoundaryIs></Polygon></MultiGeometry></Placemark><Placemark><name>026e1</name><description>Household ID: AS589-129
Plot: Not recorded
Status: Not started</description><MultiGeometry><Polygon><outerBoundaryIs><LinearRing><coordinates>78.4121506,17.3702719,0 78.4121259,17.3702659,0 78.4121144,17.3703103,0 78.4121391,17.3703163,0 78.4121506,17.3702719,0</coordinates></LinearRing></outerBoundaryIs></Polygon></MultiGeometry></Placemark><Placemark><name>835d4</name><description>Household ID: AS589-130
Plot: Not recorded
Status: Not started</description><MultiGeometry><Polygon><outerBoundaryIs><LinearRing><coordinates>78.4093183,17.363185,0 78.4093187,17.3631803,0 78.4093622,17.3631828,0 78.4093643,17.3631534,0 78.4092951,17.3631488,0 78.4092928,17.3631833,0 78.4093183,17.363185,0</coordinates></LinearRing></outerBoundaryIs></Polygon></MultiGeometry></Placemark><Placemark><name>9d6d2</name><description>Household ID: AS589-131
Plot: Not recorded
Status: Not started</description><MultiGeometry><Polygon><outerBoundaryIs><LinearRing><coordinates>78.409221,17.3632444,0 78.409198,17.3633121,0 78.4092303,17.3633223,0 78.4092534,17.3632546,0 78.409221,17.3632444,0</coordinates></LinearRing></outerBoundaryIs></Polygon></MultiGeometry></Placemark><Placemark><name>c6d0e</name><description>Household ID: AS589-132
Plot: Not recorded
Status: Not started</description><MultiGeometry><Polygon><outerBoundaryIs><LinearRing><coordinates>78.4092188,17.3632509,0 78.4092063,17.3632469,0 78.4091981,17.3632708,0 78.4092107,17.3632747,0 78.4092188,17.3632509,0</coordinates></LinearRing></outerBoundaryIs></Polygon></MultiGeometry></Placemark><Placemark><name>92945</name><description>Household ID: AS589-133
Plot: Not recorded
Status: Not started</description><MultiGeometry><Polygon><outerBoundaryIs><LinearRing><coordinates>78.4092747,17.3632146,0 78.409239,17.3632046,0 78.4092299,17.3632343,0 78.4092657,17.3632444,0 78.4092747,17.3632146,0</coordinates></LinearRing></outerBoundaryIs></Polygon></MultiGeometry></Placemark><Placemark><name>3a2b9</name><description>Household ID: AS589-134
Plot: Not recorded
Status: Not started</description><MultiGeometry><Polygon><outerBoundaryIs><LinearRing><coordinates>78.4092457,17.3631687,0 78.4092769,17.3631774,0 78.4092853,17.3631499,0 78.409254,17.3631411,0 78.4092457,17.3631687,0</coordinates></LinearRing></outerBoundaryIs></Polygon></MultiGeometry></Placemark><Placemark><name>9ee92</name><description>Household ID: AS589-135
Plot: Not recorded
Status: Not started</description><MultiGeometry><Polygon><outerBoundaryIs><LinearRing><coordinates>78.4092769,17.3631774,0 78.4092457,17.3631687,0 78.4092351,17.3632035,0 78.4092693,17.3632131,0 78.4092769,17.3631774,0</coordinates></LinearRing></outerBoundaryIs></Polygon></MultiGeometry></Placemark><Placemark><name>0964e</name><description>Household ID: AS589-136
Plot: Not recorded
Status: Not started</description><MultiGeometry><Polygon><outerBoundaryIs><LinearRing><coordinates>78.4091449,17.3632506,0 78.4091139,17.363244,0 78.4091097,17.3632675,0 78.409141,17.3632726,0 78.4091449,17.3632506,0</coordinates></LinearRing></outerBoundaryIs></Polygon></MultiGeometry></Placemark><Placemark><name>6bfeb</name><description>Household ID: AS589-137
Plot: Not recorded
Status: Not started</description><MultiGeometry><Polygon><outerBoundaryIs><LinearRing><coordinates>78.4093255,17.3628698,0 78.4093644,17.3627888,0 78.4093343,17.3627733,0 78.4093258,17.3627884,0 78.409322,17.3627864,0 78.4092723,17.3628753,0 78.409315,17.362897,0 78.4093292,17.3628717,0 78.4093255,17.3628698,0</coordinates></LinearRing></outerBoundaryIs></Polygon></MultiGeometry></Placemark><Placemark><name>60b8b</name><description>Household ID: AS589-138
Plot: Not recorded
Status: Not started</description><MultiGeometry><Polygon><outerBoundaryIs><LinearRing><coordinates>78.409201,17.3631877,0 78.4092118,17.3631311,0 78.4092335,17.3630738,0 78.4092271,17.3630715,0 78.4093053,17.3629078,0 78.4092615,17.3628857,0 78.4092253,17.3629572,0 78.4092369,17.3629631,0 78.4092091,17.3630338,0 78.4091968,17.3630294,0 78.409165,17.3631101,0 78.4091816,17.3631163,0 78.4091562,17.363187,0 78.4091223,17.3631772,0 78.4091111,17.363213,0 78.4091517,17.3632245,0 78.4091449,17.3632506,0 78.4091739,17.3632606,0 78.409201,17.3631877,0</coordinates></LinearRing></outerBoundaryIs></Polygon></MultiGeometry></Placemark><Placemark><name>a7208</name><description>Household ID: AS589-139
Plot: Not recorded
Status: Not started</description><MultiGeometry><Polygon><outerBoundaryIs><LinearRing><coordinates>78.4093084,17.363341,0 78.4093119,17.3633448,0 78.4093516,17.3633251,0 78.4093371,17.3632982,0 78.4092321,17.3633541,0 78.4092473,17.3633822,0 78.4092707,17.3633706,0 78.4092912,17.3633549,0 78.4092893,17.3633516,0 78.4093084,17.363341,0</coordinates></LinearRing></outerBoundaryIs></Polygon></MultiGeometry></Placemark><Placemark><name>0fa24</name><description>Household ID: AS589-140
Plot: Not recorded
Status: Not started</description><MultiGeometry><Polygon><outerBoundaryIs><LinearRing><coordinates>78.4093375,17.3632655,0 78.40933,17.3632296,0 78.4093102,17.3632334,0 78.4093177,17.3632693,0 78.4093375,17.3632655,0</coordinates></LinearRing></outerBoundaryIs></Polygon></MultiGeometry></Placemark><Placemark><name>a7fb4</name><description>Household ID: AS589-141
Plot: Not recorded
Status: Not started</description><MultiGeometry><Polygon><outerBoundaryIs><LinearRing><coordinates>78.4093372,17.3632641,0 78.4094369,17.3632463,0 78.40943,17.3632106,0 78.4093303,17.3632284,0 78.4093372,17.3632641,0</coordinates></LinearRing></outerBoundaryIs></Polygon></MultiGeometry></Placemark><Placemark><name>c9f1b</name><description>Household ID: AS589-142
Plot: Not recorded
Status: Not started</description><MultiGeometry><Polygon><outerBoundaryIs><LinearRing><coordinates>78.4093478,17.362879,0 78.4093782,17.3628886,0 78.4093851,17.3628685,0 78.4093547,17.3628589,0 78.4093478,17.362879,0</coordinates></LinearRing></outerBoundaryIs></Polygon></MultiGeometry></Placemark><Placemark><name>b9448</name><description>Household ID: AS589-143
Plot: Not recorded
Status: Not started</description><MultiGeometry><Polygon><outerBoundaryIs><LinearRing><coordinates>78.4108796,17.3587408,0 78.4110522,17.3586363,0 78.410899,17.358403,0 78.4107263,17.3585075,0 78.4108796,17.3587408,0</coordinates></LinearRing></outerBoundaryIs></Polygon></MultiGeometry></Placemark><Placemark><name>746ea</name><description>Household ID: AS589-144
Plot: Not recorded
Status: Not started</description><MultiGeometry><Polygon><outerBoundaryIs><LinearRing><coordinates>78.4108398,17.3586804,0 78.4108302,17.3586862,0 78.4108542,17.3587227,0 78.4108638,17.3587169,0 78.4108398,17.3586804,0</coordinates></LinearRing></outerBoundaryIs></Polygon></MultiGeometry></Placemark><Placemark><name>1f9b1</name><description>Household ID: AS589-145
Plot: Not recorded
Status: Not started</description><MultiGeometry><Polygon><outerBoundaryIs><LinearRing><coordinates>78.4110079,17.3586954,0 78.4109952,17.3586708,0 78.4108622,17.358749,0 78.4108681,17.3587621,0 78.4110079,17.3586954,0</coordinates></LinearRing></outerBoundaryIs></Polygon></MultiGeometry></Placemark><Placemark><name>0ec39</name><description>Household ID: AS589-146
Plot: 2-4-67mr/5
Status: Not started</description><MultiGeometry><Polygon><outerBoundaryIs><LinearRing><coordinates>78.4110428,17.3587992,0 78.4110352,17.3587852,0 78.4110585,17.3587736,0 78.4110449,17.3587485,0 78.4109617,17.3587901,0 78.4109597,17.3587862,0 78.4110293,17.358753,0 78.4110228,17.3587383,0 78.4110923,17.358704,0 78.4110721,17.3586648,0 78.4108681,17.3587621,0 78.4109302,17.3588823,0 78.4109808,17.3588576,0 78.4109783,17.3588527,0 78.4109993,17.3588421,0 78.4109908,17.3588243,0 78.4110428,17.3587992,0</coordinates></LinearRing></outerBoundaryIs></Polygon></MultiGeometry></Placemark><Placemark><name>dc59c</name><description>Household ID: AS589-147
Plot: Not recorded
Status: Not started</description><MultiGeometry><Polygon><outerBoundaryIs><LinearRing><coordinates>78.4096879,17.3623184,0 78.4097612,17.3622276,0 78.4097284,17.3622043,0 78.40966,17.3622997,0 78.4096879,17.3623184,0</coordinates></LinearRing></outerBoundaryIs></Polygon></MultiGeometry></Placemark><Placemark><name>2d076</name><description>Household ID: AS589-148
Plot: Not recorded
Status: Not started</description><MultiGeometry><Polygon><outerBoundaryIs><LinearRing><coordinates>78.4099061,17.3620353,0 78.4097425,17.3621958,0 78.409768,17.3622195,0 78.4099307,17.3620581,0 78.4099061,17.3620353,0</coordinates></LinearRing></outerBoundaryIs></Polygon></MultiGeometry></Placemark><Placemark><name>9ba79</name><description>Household ID: AS589-149
Plot: Not recorded
Status: Not started</description><MultiGeometry><Polygon><outerBoundaryIs><LinearRing><coordinates>78.4100132,17.3619863,0 78.4100934,17.3618978,0 78.4100583,17.3618686,0 78.4100274,17.3619042,0 78.4100462,17.3619193,0 78.4100164,17.3618954,0 78.4099876,17.3619287,0 78.4099982,17.3619372,0 78.4099792,17.3619591,0 78.4100132,17.3619863,0</coordinates></LinearRing></outerBoundaryIs></Polygon></MultiGeometry></Placemark><Placemark><name>f45dd</name><description>Household ID: AS589-150
Plot: Not recorded
Status: Not started</description><MultiGeometry><Polygon><outerBoundaryIs><LinearRing><coordinates>78.4101005,17.3618876,0 78.4101365,17.3618513,0 78.4101,17.3618178,0 78.4100639,17.361854,0 78.4101005,17.3618876,0</coordinates></LinearRing></outerBoundaryIs></Polygon></MultiGeometry></Placemark><Placemark><name>54902</name><description>Household ID: AS589-151
Plot: Not recorded
Status: Not started</description><MultiGeometry><Polygon><outerBoundaryIs><LinearRing><coordinates>78.4104631,17.361444,0 78.4105663,17.3613296,0 78.4105418,17.3613084,0 78.4105031,17.3613498,0 78.4105077,17.3613538,0 78.4105012,17.3613607,0 78.4104981,17.3613581,0 78.4104536,17.3614057,0 78.410445,17.3613983,0 78.4104283,17.3614161,0 78.4104631,17.361444,0</coordinates></LinearRing></outerBoundaryIs></Polygon></MultiGeometry></Placemark><Placemark><name>f970c</name><description>Household ID: AS589-152
Plot: Not recorded
Status: Not started</description><MultiGeometry><Polygon><outerBoundaryIs><LinearRing><coordinates>78.4105463,17.3613871,0 78.4105998,17.3613297,0 78.4105611,17.361294,0 78.410545,17.3613112,0 78.4105663,17.3613296,0 78.4105621,17.3613342,0 78.4105667,17.3613382,0 78.4105633,17.3613368,0 78.4104766,17.3614297,0 78.4104982,17.3614483,0 78.4105514,17.3613914,0 78.4105463,17.3613871,0</coordinates></LinearRing></outerBoundaryIs></Polygon></MultiGeometry></Placemark><Placemark><name>ee537</name><description>Household ID: AS589-153
Plot: Plot no 635
Status: Not started</description><MultiGeometry><Polygon><outerBoundaryIs><LinearRing><coordinates>78.4099359,17.3575989,0 78.4099679,17.3576444,0 78.4100574,17.3575863,0 78.4100254,17.3575408,0 78.4099359,17.3575989,0</coordinates></LinearRing></outerBoundaryIs></Polygon></MultiGeometry></Placemark><Placemark><name>76cd0</name><description>Household ID: AS589-154
Plot: Not recorded
Status: Not started</description><MultiGeometry><Polygon><outerBoundaryIs><LinearRing><coordinates>78.4099679,17.3576444,0 78.4099492,17.3576178,0 78.4099228,17.3576349,0 78.4099416,17.3576616,0 78.4099679,17.3576444,0</coordinates></LinearRing></outerBoundaryIs></Polygon></MultiGeometry></Placemark><Placemark><name>102d7</name><description>Household ID: AS589-155
Plot: Not recorded
Status: Not started</description><MultiGeometry><Polygon><outerBoundaryIs><LinearRing><coordinates>78.4099416,17.3576616,0 78.4099316,17.3576475,0 78.4099191,17.3576556,0 78.409929,17.3576697,0 78.4099416,17.3576616,0</coordinates></LinearRing></outerBoundaryIs></Polygon></MultiGeometry></Placemark><Placemark><name>be0c3</name><description>Household ID: AS589-156
Plot: Not recorded
Status: Not started</description><MultiGeometry><Polygon><outerBoundaryIs><LinearRing><coordinates>78.409893,17.3575274,0 78.4099312,17.3575019,0 78.4099152,17.3574799,0 78.409877,17.3575053,0 78.409893,17.3575274,0</coordinates></LinearRing></outerBoundaryIs></Polygon></MultiGeometry></Placemark><Placemark><name>3c55f</name><description>Household ID: AS589-157
Plot: Not recorded
Status: Not started</description><MultiGeometry><Polygon><outerBoundaryIs><LinearRing><coordinates>78.409901,17.3575385,0 78.4099195,17.3575261,0 78.4099115,17.357515,0 78.409893,17.3575274,0 78.409901,17.3575385,0</coordinates></LinearRing></outerBoundaryIs></Polygon></MultiGeometry></Placemark><Placemark><name>dbfad</name><description>Household ID: AS589-158
Plot: Not recorded
Status: Not started</description><MultiGeometry><Polygon><outerBoundaryIs><LinearRing><coordinates>78.409901,17.3575385,0 78.4099071,17.3575468,0 78.4099215,17.3575372,0 78.4099155,17.3575288,0 78.409901,17.3575385,0</coordinates></LinearRing></outerBoundaryIs></Polygon></MultiGeometry></Placemark><Placemark><name>e0553</name><description>Household ID: AS589-159
Plot: Not recorded
Status: Not started</description><MultiGeometry><Polygon><outerBoundaryIs><LinearRing><coordinates>78.322855,17.3791496,0 78.3228002,17.3793699,0 78.3229475,17.3794037,0 78.3229653,17.3793322,0 78.3229591,17.3793308,0 78.3229943,17.3791893,0 78.322855,17.3791496,0</coordinates></LinearRing></outerBoundaryIs></Polygon></MultiGeometry></Placemark><Placemark><name>b4b9d</name><description>Household ID: AS589-160
Plot: Not recorded
Status: Not started</description><MultiGeometry><Polygon><outerBoundaryIs><LinearRing><coordinates>78.3500418,17.3853489,0 78.3500224,17.3852443,0 78.3499886,17.3852501,0 78.350008,17.3853547,0 78.3500418,17.3853489,0</coordinates></LinearRing></outerBoundaryIs></Polygon></MultiGeometry></Placemark><Placemark><name>d8f39</name><description>Household ID: AS589-161
Plot: Not recorded
Status: Not started</description><MultiGeometry><Polygon><outerBoundaryIs><LinearRing><coordinates>78.349911,17.3853462,0 78.3499724,17.3853352,0 78.3499635,17.3852895,0 78.3499021,17.3853005,0 78.349911,17.3853462,0</coordinates></LinearRing></outerBoundaryIs></Polygon></MultiGeometry></Placemark><Placemark><name>997f8</name><description>Household ID: AS589-162
Plot: Not recorded
Status: Not started</description><MultiGeometry><Polygon><outerBoundaryIs><LinearRing><coordinates>78.3500224,17.3852443,0 78.3500317,17.3852946,0 78.3500593,17.3852903,0 78.3500729,17.3853509,0 78.3501902,17.3853272,0 78.350186,17.3853087,0 78.350158,17.3853133,0 78.3501401,17.3852237,0 78.3500224,17.3852443,0</coordinates></LinearRing></outerBoundaryIs></Polygon></MultiGeometry></Placemark><Placemark><name>75793</name><description>Household ID: AS589-163
Plot: Not recorded
Status: Not started</description><MultiGeometry><Polygon><outerBoundaryIs><LinearRing><coordinates>78.3491293,17.3840754,0 78.349137,17.3841028,0 78.3491643,17.3840954,0 78.3491568,17.3840684,0 78.3491293,17.3840754,0</coordinates></LinearRing></outerBoundaryIs></Polygon></MultiGeometry></Placemark><Placemark><name>10b32</name><description>Household ID: AS589-164
Plot: Not recorded
Status: Not started</description><MultiGeometry><Polygon><outerBoundaryIs><LinearRing><coordinates>78.3491669,17.3840612,0 78.3491799,17.3840871,0 78.3492066,17.384075,0 78.3491939,17.3840491,0 78.3491669,17.3840612,0</coordinates></LinearRing></outerBoundaryIs></Polygon></MultiGeometry></Placemark><Placemark><name>fe409</name><description>Household ID: AS589-165
Plot: Not recorded
Status: Not started</description><MultiGeometry><Polygon><outerBoundaryIs><LinearRing><coordinates>78.3417392,17.3834003,0 78.3420262,17.3833447,0 78.3420131,17.3832818,0 78.3417215,17.383332,0 78.3417392,17.3834003,0</coordinates></LinearRing></outerBoundaryIs></Polygon></MultiGeometry></Placemark><Placemark><name>988d6</name><description>Household ID: AS589-166
Plot: Not recorded
Status: Not started</description><MultiGeometry><Polygon><outerBoundaryIs><LinearRing><coordinates>78.3420065,17.3831742,0 78.3420138,17.3832253,0 78.342047,17.3832191,0 78.3420399,17.3831697,0 78.3420065,17.3831742,0</coordinates></LinearRing></outerBoundaryIs></Polygon></MultiGeometry></Placemark><Placemark><name>6390c</name><description>Household ID: AS589-167
Plot: Not recorded
Status: Not started</description><MultiGeometry><Polygon><outerBoundaryIs><LinearRing><coordinates>78.3420253,17.3832574,0 78.3420397,17.3833076,0 78.3420312,17.3833099,0 78.3420362,17.3833277,0 78.3420764,17.3833171,0 78.3420689,17.3832911,0 78.3420783,17.3832886,0 78.34207,17.3832599,0 78.3420605,17.3832624,0 78.3420564,17.3832482,0 78.3420253,17.3832574,0</coordinates></LinearRing></outerBoundaryIs></Polygon></MultiGeometry></Placemark><Placemark><name>58573</name><description>Household ID: AS589-168
Plot: Not recorded
Status: Not started</description><MultiGeometry><Polygon><outerBoundaryIs><LinearRing><coordinates>78.3421163,17.3833108,0 78.3421479,17.383301,0 78.3421251,17.3832541,0 78.3420981,17.3832633,0 78.3421163,17.3833108,0</coordinates></LinearRing></outerBoundaryIs></Polygon></MultiGeometry></Placemark><Placemark><name>d3f0f</name><description>Household ID: AS589-169
Plot: Not recorded
Status: Not started</description><MultiGeometry><Polygon><outerBoundaryIs><LinearRing><coordinates>78.3421274,17.383314,0 78.342039,17.3833334,0 78.3420449,17.3833654,0 78.3420838,17.3833579,0 78.3420859,17.383366,0 78.3421364,17.3833544,0 78.3421274,17.383314,0</coordinates></LinearRing></outerBoundaryIs></Polygon></MultiGeometry></Placemark><Placemark><name>1e8b1</name><description>Household ID: AS589-170
Plot: Not recorded
Status: Not started</description><MultiGeometry><Polygon><outerBoundaryIs><LinearRing><coordinates>78.32462,17.3773045,0 78.324543,17.3773048,0 78.3245449,17.3774558,0 78.3245266,17.377456,0 78.3245268,17.3774754,0 78.3246222,17.3774742,0 78.32462,17.3773045,0</coordinates></LinearRing></outerBoundaryIs></Polygon></MultiGeometry></Placemark><Placemark><name>1f26b</name><description>Household ID: AS589-171
Plot: Not recorded
Status: Not started</description><MultiGeometry><Polygon><outerBoundaryIs><LinearRing><coordinates>78.3413999,17.3726072,0 78.3413951,17.3726058,0 78.3413954,17.3725726,0 78.341375,17.3725724,0 78.3413751,17.372566,0 78.3413104,17.3725652,0 78.3413093,17.372667,0 78.3413992,17.372668,0 78.3413999,17.3726072,0</coordinates></LinearRing></outerBoundaryIs></Polygon><Polygon><outerBoundaryIs><LinearRing><coordinates>78.3413134,17.3727022,0 78.3413081,17.3727241,0 78.3413357,17.3727283,0 78.3413394,17.3727062,0 78.3413134,17.3727022,0</coordinates></LinearRing></outerBoundaryIs></Polygon><Polygon><outerBoundaryIs><LinearRing><coordinates>78.3414153,17.3725284,0 78.3413976,17.3727603,0 78.3415295,17.3727689,0 78.3415455,17.3725417,0 78.3414153,17.3725284,0</coordinates></LinearRing></outerBoundaryIs></Polygon></MultiGeometry></Placemark><Placemark><name>c119a</name><description>Household ID: AS589-172
Plot: Not recorded
Status: Not started</description><MultiGeometry><Polygon><outerBoundaryIs><LinearRing><coordinates>78.340793,17.3725535,0 78.3408914,17.3725665,0 78.3409011,17.3724989,0 78.3408019,17.3724858,0 78.340793,17.3725535,0</coordinates></LinearRing></outerBoundaryIs></Polygon></MultiGeometry></Placemark><Placemark><name>28109</name><description>Household ID: AS589-173
Plot: Not recorded
Status: Not started</description><MultiGeometry><Polygon><outerBoundaryIs><LinearRing><coordinates>78.3403326,17.3726421,0 78.3402831,17.3727535,0 78.3403503,17.372781,0 78.3403871,17.3726984,0 78.34038,17.3726954,0 78.340383,17.3726885,0 78.3403729,17.3726843,0 78.3404001,17.3726128,0 78.3403458,17.3725905,0 78.3403244,17.3726387,0 78.3403326,17.3726421,0</coordinates></LinearRing></outerBoundaryIs></Polygon></MultiGeometry></Placemark><Placemark><name>73d87</name><description>Household ID: AS589-174
Plot: Not recorded
Status: Not started</description><MultiGeometry><Polygon><outerBoundaryIs><LinearRing><coordinates>78.3429344,17.3731908,0 78.3429665,17.3731757,0 78.3429483,17.3731401,0 78.3429263,17.3731504,0 78.3429359,17.3731691,0 78.342925,17.3731742,0 78.3429344,17.3731908,0</coordinates></LinearRing></outerBoundaryIs></Polygon></MultiGeometry></Placemark><Placemark><name>66321</name><description>Household ID: AS589-175
Plot: Not recorded
Status: Not started</description><MultiGeometry><Polygon><outerBoundaryIs><LinearRing><coordinates>78.3394786,17.3742134,0 78.3395295,17.3742228,0 78.3395387,17.3741778,0 78.3394878,17.3741682,0 78.3394786,17.3742134,0</coordinates></LinearRing></outerBoundaryIs></Polygon></MultiGeometry></Placemark><Placemark><name>5dc47</name><description>Household ID: AS589-176
Plot: Not recorded
Status: Not started</description><MultiGeometry><Polygon><outerBoundaryIs><LinearRing><coordinates>78.3449265,17.3817478,0 78.344749,17.3817834,0 78.3447551,17.3818103,0 78.3448574,17.3817902,0 78.3448668,17.38181,0 78.3449105,17.3817975,0 78.3449097,17.3817909,0 78.3449346,17.3817858,0 78.3449265,17.3817478,0</coordinates></LinearRing></outerBoundaryIs></Polygon></MultiGeometry></Placemark><Placemark><name>45b45</name><description>Household ID: AS589-177
Plot: Not recorded
Status: Not started</description><MultiGeometry><Polygon><outerBoundaryIs><LinearRing><coordinates>78.34531,17.3829688,0 78.3452676,17.3828823,0 78.3450748,17.3829722,0 78.3451176,17.383057,0 78.34531,17.3829688,0</coordinates></LinearRing></outerBoundaryIs></Polygon></MultiGeometry></Placemark><Placemark><name>dc445</name><description>Household ID: AS589-178
Plot: Not recorded
Status: Not started</description><MultiGeometry><Polygon><outerBoundaryIs><LinearRing><coordinates>78.3451006,17.383092,0 78.3451263,17.3830797,0 78.3451135,17.383055,0 78.3450878,17.3830672,0 78.3451006,17.383092,0</coordinates></LinearRing></outerBoundaryIs></Polygon></MultiGeometry></Placemark><Placemark><name>16f8c</name><description>Household ID: AS589-179
Plot: Not recorded
Status: Not started</description><MultiGeometry><Polygon><outerBoundaryIs><LinearRing><coordinates>78.3452611,17.3830461,0 78.3453161,17.3831006,0 78.3453373,17.3830809,0 78.3452823,17.3830264,0 78.3452611,17.3830461,0</coordinates></LinearRing></outerBoundaryIs></Polygon></MultiGeometry></Placemark><Placemark><name>ddd1e</name><description>Household ID: AS589-180
Plot: Not recorded
Status: Not started</description><MultiGeometry><Polygon><outerBoundaryIs><LinearRing><coordinates>78.3479839,17.3852503,0 78.3479294,17.385258,0 78.3479341,17.3852893,0 78.3479887,17.3852817,0 78.3479839,17.3852503,0</coordinates></LinearRing></outerBoundaryIs></Polygon></MultiGeometry></Placemark><Placemark><name>71207</name><description>Household ID: AS589-181
Plot: Not recorded
Status: Not started</description><MultiGeometry><Polygon><outerBoundaryIs><LinearRing><coordinates>78.3479369,17.3852945,0 78.347917,17.3852955,0 78.3479159,17.3852835,0 78.3478574,17.3852848,0 78.3478585,17.3852965,0 78.347852,17.3852976,0 78.3478514,17.3853555,0 78.3478866,17.3853542,0 78.3478868,17.3853586,0 78.3479474,17.385352,0 78.3479463,17.3853249,0 78.3479384,17.3853252,0 78.3479369,17.3852945,0</coordinates></LinearRing></outerBoundaryIs></Polygon></MultiGeometry></Placemark><Placemark><name>1e963</name><description>Household ID: AS589-182
Plot: Not recorded
Status: Not started</description><MultiGeometry><Polygon><outerBoundaryIs><LinearRing><coordinates>78.3476986,17.3852776,0 78.3476998,17.385333,0 78.3477269,17.3853325,0 78.3477257,17.385277,0 78.3476986,17.3852776,0</coordinates></LinearRing></outerBoundaryIs></Polygon></MultiGeometry></Placemark><Placemark><name>64bbd</name><description>Household ID: AS589-183
Plot: Not recorded
Status: Not started</description><MultiGeometry><Polygon><outerBoundaryIs><LinearRing><coordinates>78.3454526,17.3833159,0 78.3454492,17.3832537,0 78.3453343,17.3832587,0 78.3453351,17.3832477,0 78.3452188,17.3832473,0 78.3452151,17.38331,0 78.3452988,17.3833157,0 78.3452985,17.383321,0 78.3454526,17.3833159,0</coordinates></LinearRing></outerBoundaryIs></Polygon></MultiGeometry></Placemark><Placemark><name>61473</name><description>Household ID: AS589-184
Plot: Not recorded
Status: Not started</description><MultiGeometry><Polygon><outerBoundaryIs><LinearRing><coordinates>78.3452118,17.3832063,0 78.3451253,17.3832009,0 78.3450647,17.3832067,0 78.3450694,17.3832615,0 78.345126,17.3832551,0 78.3451236,17.3832336,0 78.3452118,17.383239,0 78.3452118,17.3832063,0</coordinates></LinearRing></outerBoundaryIs></Polygon></MultiGeometry></Placemark><Placemark><name>7abbf</name><description>Household ID: AS589-185
Plot: Not recorded
Status: Not started</description><MultiGeometry><Polygon><outerBoundaryIs><LinearRing><coordinates>78.3452099,17.383304,0 78.3452125,17.3832477,0 78.3451684,17.3832454,0 78.3451687,17.3832402,0 78.3451292,17.3832421,0 78.3451232,17.3832914,0 78.3451477,17.3833027,0 78.3451832,17.3833066,0 78.3451829,17.3833118,0 78.345204,17.383313,0 78.3452045,17.3833041,0 78.3452099,17.383304,0</coordinates></LinearRing></outerBoundaryIs></Polygon></MultiGeometry></Placemark><Placemark><name>5f8bf</name><description>Household ID: AS589-186
Plot: Not recorded
Status: Not started</description><MultiGeometry><Polygon><outerBoundaryIs><LinearRing><coordinates>78.3450351,17.3831277,0 78.3450589,17.3832008,0 78.3451218,17.3831791,0 78.3451236,17.3831868,0 78.3451923,17.3831747,0 78.3451754,17.3831191,0 78.3451824,17.3831172,0 78.3452088,17.3832042,0 78.3452673,17.3831935,0 78.3452856,17.3831939,0 78.3452901,17.3832117,0 78.3453602,17.3832043,0 78.3453303,17.3831199,0 78.3453016,17.3831261,0 78.3452878,17.3830892,0 78.3452478,17.3831003,0 78.3452422,17.3830796,0 78.3451723,17.3830957,0 78.3451687,17.3830831,0 78.3450988,17.3830974,0 78.3451021,17.3831085,0 78.3450351,17.3831277,0</coordinates></LinearRing></outerBoundaryIs></Polygon></MultiGeometry></Placemark><Placemark><name>2ad67</name><description>Household ID: AS589-187
Plot: Not recorded
Status: Not started</description><MultiGeometry><Polygon><outerBoundaryIs><LinearRing><coordinates>78.3453497,17.3831329,0 78.3454044,17.3831864,0 78.3454259,17.3831662,0 78.3453712,17.3831126,0 78.3453497,17.3831329,0</coordinates></LinearRing></outerBoundaryIs></Polygon></MultiGeometry></Placemark><Placemark><name>cd2a7</name><description>Household ID: AS589-188
Plot: Not recorded
Status: Not started</description><MultiGeometry><Polygon><outerBoundaryIs><LinearRing><coordinates>78.3453707,17.3832054,0 78.3454031,17.3832412,0 78.345431,17.3832221,0 78.3453965,17.3831839,0 78.3453707,17.3832054,0</coordinates></LinearRing></outerBoundaryIs></Polygon></MultiGeometry></Placemark><Placemark><name>0b61b</name><description>Household ID: AS589-189
Plot: Not recorded
Status: Not started</description><MultiGeometry><Polygon><outerBoundaryIs><LinearRing><coordinates>78.3455309,17.3833171,0 78.3454671,17.3832553,0 78.3454615,17.3832593,0 78.3454549,17.3832523,0 78.3454494,17.3832567,0 78.3454564,17.3832853,0 78.3454528,17.3832875,0 78.3454925,17.3833383,0 78.3455309,17.3833171,0</coordinates></LinearRing></outerBoundaryIs></Polygon></MultiGeometry></Placemark><Placemark><name>61cbb</name><description>Household ID: AS589-190
Plot: Not recorded
Status: Not started</description><MultiGeometry><Polygon><outerBoundaryIs><LinearRing><coordinates>78.3452222,17.3832409,0 78.3452753,17.3832384,0 78.3452709,17.3831981,0 78.3452203,17.3832059,0 78.3452222,17.3832409,0</coordinates></LinearRing></outerBoundaryIs></Polygon></MultiGeometry></Placemark><Placemark><name>8d81b</name><description>Household ID: AS589-191
Plot: Not recorded
Status: Not started</description><MultiGeometry><Polygon><outerBoundaryIs><LinearRing><coordinates>78.3415642,17.3819801,0 78.3415203,17.3819837,0 78.3415241,17.3820018,0 78.3415338,17.382001,0 78.3415345,17.382008,0 78.341568,17.3820058,0 78.3415642,17.3819801,0</coordinates></LinearRing></outerBoundaryIs></Polygon></MultiGeometry></Placemark><Placemark><name>02968</name><description>Household ID: AS589-192
Plot: Not recorded
Status: Not started</description><MultiGeometry><Polygon><outerBoundaryIs><LinearRing><coordinates>78.3415119,17.3824119,0 78.3415799,17.3824064,0 78.3415672,17.3821937,0 78.3414995,17.3822035,0 78.3415119,17.3824119,0</coordinates></LinearRing></outerBoundaryIs></Polygon></MultiGeometry></Placemark><Placemark><name>397b9</name><description>Household ID: AS589-193
Plot: Not recorded
Status: Not started</description><MultiGeometry><Polygon><outerBoundaryIs><LinearRing><coordinates>78.34159,17.3824011,0 78.3416573,17.3823932,0 78.3416439,17.3821771,0 78.3415752,17.3821851,0 78.34159,17.3824011,0</coordinates></LinearRing></outerBoundaryIs></Polygon></MultiGeometry></Placemark><Placemark><name>def35</name><description>Household ID: AS589-194
Plot: Not recorded
Status: Not started</description><MultiGeometry><Polygon><outerBoundaryIs><LinearRing><coordinates>78.3415152,17.3825039,0 78.3417717,17.3824478,0 78.3417592,17.3823813,0 78.3415008,17.3824384,0 78.3415152,17.3825039,0</coordinates></LinearRing></outerBoundaryIs></Polygon></MultiGeometry></Placemark><Placemark><name>14339</name><description>Household ID: AS589-195
Plot: Not recorded
Status: Not started</description><MultiGeometry><Polygon><outerBoundaryIs><LinearRing><coordinates>78.3415354,17.3825812,0 78.3417604,17.3825301,0 78.3417464,17.3824671,0 78.3415213,17.3825176,0 78.3415354,17.3825812,0</coordinates></LinearRing></outerBoundaryIs></Polygon></MultiGeometry></Placemark><Placemark><name>154a9</name><description>Household ID: AS589-196
Plot: Not recorded
Status: Not started</description><MultiGeometry><Polygon><outerBoundaryIs><LinearRing><coordinates>78.3417615,17.3825365,0 78.3415277,17.382589,0 78.3415286,17.3825929,0 78.34151,17.3825971,0 78.3415239,17.3826543,0 78.3417768,17.3825999,0 78.3417615,17.3825365,0</coordinates></LinearRing></outerBoundaryIs></Polygon></MultiGeometry></Placemark><Placemark><name>22969</name><description>Household ID: AS589-197
Plot: Not recorded
Status: Not started</description><MultiGeometry><Polygon><outerBoundaryIs><LinearRing><coordinates>78.3417809,17.3826033,0 78.3415001,17.3826685,0 78.3415152,17.3827286,0 78.3417967,17.3826674,0 78.3417809,17.3826033,0</coordinates></LinearRing></outerBoundaryIs></Polygon></MultiGeometry></Placemark><Placemark><name>cfede</name><description>Household ID: AS589-198
Plot: Not recorded
Status: Not started</description><MultiGeometry><Polygon><outerBoundaryIs><LinearRing><coordinates>78.3417966,17.3826728,0 78.3415185,17.3827387,0 78.3415337,17.3827979,0 78.3416415,17.3827758,0 78.3416428,17.382781,0 78.3416585,17.3827772,0 78.3416572,17.3827722,0 78.3418123,17.3827377,0 78.3417966,17.3826728,0</coordinates></LinearRing></outerBoundaryIs></Polygon></MultiGeometry></Placemark><Placemark><name>ccd51</name><description>Household ID: AS589-199
Plot: Not recorded
Status: Not started</description><MultiGeometry><Polygon><outerBoundaryIs><LinearRing><coordinates>78.3418179,17.3827456,0 78.3415317,17.3828128,0 78.3415485,17.3828759,0 78.3418336,17.3828094,0 78.3418179,17.3827456,0</coordinates></LinearRing></outerBoundaryIs></Polygon></MultiGeometry></Placemark><Placemark><name>aca0f</name><description>Household ID: AS589-200
Plot: Not recorded
Status: Not started</description><MultiGeometry><Polygon><outerBoundaryIs><LinearRing><coordinates>78.341837,17.3828188,0 78.3415523,17.3828869,0 78.3415681,17.3829483,0 78.3418532,17.3828833,0 78.341837,17.3828188,0</coordinates></LinearRing></outerBoundaryIs></Polygon></MultiGeometry></Placemark><Placemark><name>d8a93</name><description>Household ID: AS589-201
Plot: Not recorded
Status: Not started</description><MultiGeometry><Polygon><outerBoundaryIs><LinearRing><coordinates>78.3417357,17.3829284,0 78.3418126,17.3833087,0 78.3418795,17.3832954,0 78.3418011,17.3829159,0 78.3417357,17.3829284,0</coordinates></LinearRing></outerBoundaryIs></Polygon></MultiGeometry></Placemark><Placemark><name>e15f2</name><description>Household ID: AS589-202
Plot: Not recorded
Status: Not started</description><MultiGeometry><Polygon><outerBoundaryIs><LinearRing><coordinates>78.3418163,17.3829116,0 78.3418919,17.3832767,0 78.3419566,17.3832637,0 78.3418812,17.3828964,0 78.3418163,17.3829116,0</coordinates></LinearRing></outerBoundaryIs></Polygon></MultiGeometry></Placemark><Placemark><name>a806d</name><description>Household ID: AS589-203
Plot: Not recorded
Status: Not started</description><MultiGeometry><Polygon><outerBoundaryIs><LinearRing><coordinates>78.3419422,17.3829741,0 78.3419493,17.383016,0 78.3419808,17.3830119,0 78.3419774,17.3829868,0 78.3419881,17.3829855,0 78.3419869,17.3829764,0 78.3419768,17.3829776,0 78.3419755,17.3829676,0 78.3419422,17.3829741,0</coordinates></LinearRing></outerBoundaryIs></Polygon></MultiGeometry></Placemark><Placemark><name>a1734</name><description>Household ID: AS589-204
Plot: Not recorded
Status: Not started</description><MultiGeometry><Polygon><outerBoundaryIs><LinearRing><coordinates>78.3419575,17.3830311,0 78.3419761,17.3831406,0 78.3420123,17.3831324,0 78.3419837,17.3830269,0 78.3419575,17.3830311,0</coordinates></LinearRing></outerBoundaryIs></Polygon></MultiGeometry></Placemark><Placemark><name>6d0d1</name><description>Household ID: AS589-205
Plot: Not recorded
Status: Not started</description><MultiGeometry><Polygon><outerBoundaryIs><LinearRing><coordinates>78.35432,17.3824384,0 78.3543275,17.3824695,0 78.3543695,17.3824623,0 78.3543636,17.3824309,0 78.35432,17.3824384,0</coordinates></LinearRing></outerBoundaryIs></Polygon></MultiGeometry></Placemark><Placemark><name>01a78</name><description>Household ID: AS589-206
Plot: Not recorded
Status: Not started</description><MultiGeometry><Polygon><outerBoundaryIs><LinearRing><coordinates>78.3543637,17.3823783,0 78.354374,17.3824241,0 78.3544566,17.3824045,0 78.3544449,17.3823591,0 78.3543637,17.3823783,0</coordinates></LinearRing></outerBoundaryIs></Polygon></MultiGeometry></Placemark><Placemark><name>b2862</name><description>Household ID: AS589-207
Plot: Not recorded
Status: Not started</description><MultiGeometry><Polygon><outerBoundaryIs><LinearRing><coordinates>78.3540122,17.3825093,0 78.3540243,17.3825537,0 78.3542461,17.3825003,0 78.3542345,17.3824558,0 78.3540122,17.3825093,0</coordinates></LinearRing></outerBoundaryIs></Polygon></MultiGeometry></Placemark><Placemark><name>bd913</name><description>Household ID: AS589-208
Plot: Not recorded
Status: Not started</description><MultiGeometry><Polygon><outerBoundaryIs><LinearRing><coordinates>78.3538304,17.3826306,0 78.3538324,17.3826499,0 78.3539353,17.3826381,0 78.3539329,17.3826188,0 78.3538304,17.3826306,0</coordinates></LinearRing></outerBoundaryIs></Polygon></MultiGeometry></Placemark><Placemark><name>4ec99</name><description>Household ID: AS589-209
Plot: Not recorded
Status: Not started</description><MultiGeometry><Polygon><outerBoundaryIs><LinearRing><coordinates>78.3538331,17.3826554,0 78.3538351,17.3826742,0 78.3539363,17.382663,0 78.3539341,17.3826442,0 78.3538331,17.3826554,0</coordinates></LinearRing></outerBoundaryIs></Polygon></MultiGeometry></Placemark><Placemark><name>f9d81</name><description>Household ID: AS589-210
Plot: Not recorded
Status: Not started</description><MultiGeometry><Polygon><outerBoundaryIs><LinearRing><coordinates>78.3511909,17.3827987,0 78.3512308,17.3827887,0 78.351213,17.3827201,0 78.3512028,17.3827191,0 78.3511764,17.3827438,0 78.3511909,17.3827987,0</coordinates></LinearRing></outerBoundaryIs></Polygon></MultiGeometry></Placemark><Placemark><name>2973f</name><description>Household ID: AS589-211
Plot: Not recorded
Status: Not started</description><MultiGeometry><Polygon><outerBoundaryIs><LinearRing><coordinates>78.3544543,17.3823548,0 78.3544643,17.3824011,0 78.3545457,17.3823848,0 78.3545357,17.3823385,0 78.3544543,17.3823548,0</coordinates></LinearRing></outerBoundaryIs></Polygon></MultiGeometry></Placemark><Placemark><name>e2b5d</name><description>Household ID: AS589-212
Plot: Not recorded
Status: Not started</description><MultiGeometry><Polygon><outerBoundaryIs><LinearRing><coordinates>78.3556879,17.3819886,0 78.3556608,17.3819959,0 78.35569,17.3821019,0 78.3558028,17.3820684,0 78.3557957,17.3820425,0 78.3558039,17.3820404,0 78.3557952,17.3820087,0 78.3557022,17.3820323,0 78.3556879,17.3819886,0</coordinates></LinearRing></outerBoundaryIs></Polygon></MultiGeometry></Placemark><Placemark><name>b80f3</name><description>Household ID: AS589-213
Plot: Not recorded
Status: Not started</description><MultiGeometry><Polygon><outerBoundaryIs><LinearRing><coordinates>78.3579417,17.3812498,0 78.3579062,17.3814801,0 78.3580382,17.3814996,0 78.3580742,17.3812745,0 78.3579417,17.3812498,0</coordinates></LinearRing></outerBoundaryIs></Polygon></MultiGeometry></Placemark><Placemark><name>43581</name><description>Household ID: AS589-214
Plot: Not recorded
Status: Not started</description><MultiGeometry><Polygon><outerBoundaryIs><LinearRing><coordinates>78.3581105,17.3813529,0 78.3580917,17.3815175,0 78.3581751,17.3815263,0 78.358181,17.3814751,0 78.3582239,17.3814796,0 78.3582366,17.381368,0 78.3581105,17.3813529,0</coordinates></LinearRing></outerBoundaryIs></Polygon></MultiGeometry></Placemark><Placemark><name>508d0</name><description>Household ID: AS589-215
Plot: Not recorded
Status: Not started</description><MultiGeometry><Polygon><outerBoundaryIs><LinearRing><coordinates>78.3589797,17.3815706,0 78.3589553,17.3816456,0 78.3590117,17.3816625,0 78.3590074,17.3816757,0 78.3590687,17.3816941,0 78.3591625,17.3814299,0 78.3590861,17.3814049,0 78.3589462,17.381405,0 78.3589463,17.3814335,0 78.3588777,17.3814246,0 78.3588636,17.3815245,0 78.3590485,17.3815517,0 78.3590358,17.3815886,0 78.3589797,17.3815706,0</coordinates></LinearRing></outerBoundaryIs></Polygon></MultiGeometry></Placemark><Placemark><name>9b614</name><description>Household ID: AS589-216
Plot: Not recorded
Status: Not started</description><MultiGeometry><Polygon><outerBoundaryIs><LinearRing><coordinates>78.3591711,17.3814465,0 78.3591025,17.3816169,0 78.3591265,17.3816256,0 78.3591941,17.3814542,0 78.3591711,17.3814465,0</coordinates></LinearRing></outerBoundaryIs></Polygon></MultiGeometry></Placemark><Placemark><name>80e27</name><description>Household ID: AS589-217
Plot: Not recorded
Status: Not started</description><MultiGeometry><Polygon><outerBoundaryIs><LinearRing><coordinates>78.3625277,17.3804957,0 78.3625541,17.3805435,0 78.3626578,17.3804873,0 78.3627221,17.3804459,0 78.3626797,17.380388,0 78.3626198,17.3804263,0 78.3626288,17.3804418,0 78.3625277,17.3804957,0</coordinates></LinearRing></outerBoundaryIs></Polygon></MultiGeometry></Placemark><Placemark><name>a57ac</name><description>Household ID: AS589-218
Plot: Not recorded
Status: Not started</description><MultiGeometry><Polygon><outerBoundaryIs><LinearRing><coordinates>78.3578027,17.3799842,0 78.3578095,17.3800424,0 78.3580275,17.3800215,0 78.3580214,17.3799632,0 78.3578027,17.3799842,0</coordinates></LinearRing></outerBoundaryIs></Polygon></MultiGeometry></Placemark><Placemark><name>429ec</name><description>Household ID: AS589-219
Plot: Not recorded
Status: Not started</description><MultiGeometry><Polygon><outerBoundaryIs><LinearRing><coordinates>78.3576475,17.3799819,0 78.3576539,17.3800399,0 78.3577653,17.3800319,0 78.3577613,17.379969,0 78.3576475,17.3799819,0</coordinates></LinearRing></outerBoundaryIs></Polygon></MultiGeometry></Placemark><Placemark><name>e7840</name><description>Household ID: AS589-220
Plot: Not recorded
Status: Not started</description><MultiGeometry><Polygon><outerBoundaryIs><LinearRing><coordinates>78.3584729,17.3800796,0 78.3585517,17.380067,0 78.3585447,17.380027,0 78.3584988,17.3800343,0 78.3585004,17.3800436,0 78.3584673,17.3800489,0 78.3584729,17.3800796,0</coordinates></LinearRing></outerBoundaryIs></Polygon></MultiGeometry></Placemark><Placemark><name>e9aab</name><description>Household ID: AS589-221
Plot: Not recorded
Status: Not started</description><MultiGeometry><Polygon><outerBoundaryIs><LinearRing><coordinates>78.3652705,17.3787418,0 78.365293,17.3787832,0 78.3653673,17.3787459,0 78.3653458,17.3787064,0 78.3652705,17.3787418,0</coordinates></LinearRing></outerBoundaryIs></Polygon></MultiGeometry></Placemark><Placemark><name>d009c</name><description>Household ID: AS589-222
Plot: Not recorded
Status: Not started</description><MultiGeometry><Polygon><outerBoundaryIs><LinearRing><coordinates>78.3650471,17.3789844,0 78.3650718,17.3790376,0 78.3651322,17.3790117,0 78.3651086,17.3789609,0 78.3650471,17.3789844,0</coordinates></LinearRing></outerBoundaryIs></Polygon></MultiGeometry></Placemark><Placemark><name>b35f7</name><description>Household ID: AS589-223
Plot: Not recorded
Status: Not started</description><MultiGeometry><Polygon><outerBoundaryIs><LinearRing><coordinates>78.3648201,17.3790293,0 78.3652512,17.3788042,0 78.3652283,17.3787639,0 78.3651941,17.3787818,0 78.3651875,17.3787701,0 78.364864,17.3789391,0 78.3648384,17.3788938,0 78.3647648,17.3789308,0 78.3648201,17.3790293,0</coordinates></LinearRing></outerBoundaryIs></Polygon></MultiGeometry></Placemark><Placemark><name>e78d9</name><description>Household ID: AS589-224
Plot: Not recorded
Status: Not started</description><MultiGeometry><Polygon><outerBoundaryIs><LinearRing><coordinates>78.3565547,17.379955,0 78.3565175,17.3799631,0 78.3565321,17.3800247,0 78.3565562,17.3800194,0 78.3565608,17.3800389,0 78.3567073,17.3800069,0 78.3566915,17.37994,0 78.3565582,17.3799691,0 78.3565547,17.379955,0</coordinates></LinearRing></outerBoundaryIs></Polygon></MultiGeometry></Placemark><Placemark><name>1ad2b</name><description>Household ID: AS589-225
Plot: 7-107/1
Status: Not started</description><MultiGeometry><Polygon><outerBoundaryIs><LinearRing><coordinates>78.3660843,17.3764846,0 78.3660544,17.3764899,0 78.3660619,17.3765296,0 78.3660919,17.3765243,0 78.3660843,17.3764846,0</coordinates></LinearRing></outerBoundaryIs></Polygon></MultiGeometry></Placemark><Placemark><name>89c91</name><description>Household ID: AS589-226
Plot: Not recorded
Status: Not started</description><MultiGeometry><Polygon><outerBoundaryIs><LinearRing><coordinates>78.3661123,17.3783629,0 78.3660969,17.3783151,0 78.3660442,17.3783329,0 78.3659953,17.3781812,0 78.3659891,17.3781831,0 78.3659718,17.3781371,0 78.3659082,17.3781626,0 78.365921,17.3782022,0 78.365847,17.3782254,0 78.3658953,17.3783599,0 78.3658832,17.3783635,0 78.3658716,17.3783275,0 78.3658576,17.3783317,0 78.3658506,17.3783099,0 78.3658243,17.3783177,0 78.365869,17.3784564,0 78.3659089,17.3784446,0 78.3659027,17.3784252,0 78.3661123,17.3783629,0</coordinates></LinearRing></outerBoundaryIs></Polygon></MultiGeometry></Placemark><Placemark><name>670c2</name><description>Household ID: AS589-227
Plot: Not recorded
Status: Not started</description><MultiGeometry><Polygon><outerBoundaryIs><LinearRing><coordinates>78.3662397,17.3782817,0 78.3661005,17.3783265,0 78.3661169,17.3783771,0 78.3662571,17.3783355,0 78.3662397,17.3782817,0</coordinates></LinearRing></outerBoundaryIs></Polygon></MultiGeometry></Placemark><Placemark><name>2d780</name><description>Household ID: AS589-228
Plot: Not recorded
Status: Not started</description><MultiGeometry><Polygon><outerBoundaryIs><LinearRing><coordinates>78.3655522,17.3783504,0 78.3655034,17.3783647,0 78.3655723,17.378573,0 78.3656953,17.3785387,0 78.3656617,17.3784318,0 78.3655863,17.3784536,0 78.3655522,17.3783504,0</coordinates></LinearRing></outerBoundaryIs></Polygon></MultiGeometry></Placemark><Placemark><name>05603</name><description>Household ID: AS589-229
Plot: Not recorded
Status: Not started</description><MultiGeometry><Polygon><outerBoundaryIs><LinearRing><coordinates>78.3657438,17.3787059,0 78.3657041,17.378588,0 78.3655086,17.3786458,0 78.3655307,17.3787085,0 78.3654656,17.3787297,0 78.3654857,17.378785,0 78.3657438,17.3787059,0</coordinates></LinearRing></outerBoundaryIs></Polygon></MultiGeometry></Placemark><Placemark><name>ea120</name><description>Household ID: AS589-230
Plot: Not recorded
Status: Not started</description><MultiGeometry><Polygon><outerBoundaryIs><LinearRing><coordinates>78.3692735,17.3764661,0 78.3692975,17.3765084,0 78.3694643,17.3764213,0 78.3694403,17.376379,0 78.3692735,17.3764661,0</coordinates></LinearRing></outerBoundaryIs></Polygon></MultiGeometry></Placemark><Placemark><name>37304</name><description>Household ID: AS589-231
Plot: Not recorded
Status: Not started</description><MultiGeometry><Polygon><outerBoundaryIs><LinearRing><coordinates>78.3690753,17.3765966,0 78.3691016,17.3766431,0 78.3692077,17.3765878,0 78.3691814,17.3765413,0 78.3690753,17.3765966,0</coordinates></LinearRing></outerBoundaryIs></Polygon></MultiGeometry></Placemark><Placemark><name>b9403</name><description>Household ID: AS589-232
Plot: Not recorded
Status: Not started</description><MultiGeometry><Polygon><outerBoundaryIs><LinearRing><coordinates>78.3699438,17.376262,0 78.3699581,17.3762993,0 78.3699997,17.3762845,0 78.3699853,17.3762473,0 78.3699438,17.376262,0</coordinates></LinearRing></outerBoundaryIs></Polygon></MultiGeometry></Placemark><Placemark><name>4d06b</name><description>Household ID: AS589-233
Plot: Deew villas
Status: Not started</description><MultiGeometry><Polygon><outerBoundaryIs><LinearRing><coordinates>78.3700691,17.374745,0 78.3701081,17.374738,0 78.3701096,17.3747447,0 78.3701674,17.3747325,0 78.3701563,17.3746768,0 78.3700969,17.3746878,0 78.3700983,17.3746942,0 78.3700606,17.3747022,0 78.3700691,17.374745,0</coordinates></LinearRing></outerBoundaryIs></Polygon></MultiGeometry></Placemark><Placemark><name>a3b87</name><description>Household ID: AS589-234
Plot: Deew villas
Status: Not started</description><MultiGeometry><Polygon><outerBoundaryIs><LinearRing><coordinates>78.3699455,17.374815,0 78.3699621,17.3748439,0 78.37001,17.3748185,0 78.3699935,17.3747896,0 78.3699455,17.374815,0</coordinates></LinearRing></outerBoundaryIs></Polygon></MultiGeometry></Placemark><Placemark><name>5cc2b</name><description>Household ID: AS589-235
Plot: 9-5-115/23/1/97
Status: Not started</description><MultiGeometry><Polygon><outerBoundaryIs><LinearRing><coordinates>78.3926998,17.3717145,0 78.3925968,17.371716,0 78.3925973,17.3717484,0 78.3926819,17.3717473,0 78.3926816,17.3717301,0 78.3927,17.3717299,0 78.3926998,17.3717145,0</coordinates></LinearRing></outerBoundaryIs></Polygon></MultiGeometry></Placemark><Placemark><name>c9961</name><description>Household ID: AS589-236
Plot: 9-5-115/23/1/104
Status: Not started</description><MultiGeometry><Polygon><outerBoundaryIs><LinearRing><coordinates>78.3928021,17.3717112,0 78.3926998,17.3717145,0 78.3927004,17.3717756,0 78.3927654,17.3717751,0 78.3927652,17.3717484,0 78.3927899,17.3717482,0 78.3927898,17.3717409,0 78.3928026,17.3717408,0 78.3928021,17.3717112,0</coordinates></LinearRing></outerBoundaryIs></Polygon></MultiGeometry></Placemark><Placemark><name>2615d</name><description>Household ID: AS589-237
Plot: Not recorded
Status: Not started</description><MultiGeometry><Polygon><outerBoundaryIs><LinearRing><coordinates>78.3928991,17.3717101,0 78.3928609,17.3717096,0 78.3928615,17.3717406,0 78.3928997,17.3717399,0 78.3928991,17.3717101,0</coordinates></LinearRing></outerBoundaryIs></Polygon><Polygon><outerBoundaryIs><LinearRing><coordinates>78.3928769,17.3717463,0 78.3928601,17.3717454,0 78.3928607,17.3717677,0 78.392877,17.3717673,0 78.3928769,17.3717463,0</coordinates></LinearRing></outerBoundaryIs></Polygon></MultiGeometry></Placemark><Placemark><name>77a66</name><description>Household ID: AS589-238
Plot: 9-5-115/23/1/110
Status: Not started</description><MultiGeometry><Polygon><outerBoundaryIs><LinearRing><coordinates>78.3929652,17.3717776,0 78.3928627,17.3717804,0 78.3928645,17.3718399,0 78.3929678,17.371837,0 78.3929652,17.3717776,0</coordinates></LinearRing></outerBoundaryIs></Polygon></MultiGeometry></Placemark><Placemark><name>6ad57</name><description>Household ID: AS589-239
Plot: Not recorded
Status: Not started</description><MultiGeometry><Polygon><outerBoundaryIs><LinearRing><coordinates>78.3917299,17.3718203,0 78.3917513,17.3718196,0 78.3917507,17.3718029,0 78.3917293,17.3718036,0 78.3917299,17.3718203,0</coordinates></LinearRing></outerBoundaryIs></Polygon></MultiGeometry></Placemark><Placemark><name>65185</name><description>Household ID: AS589-240
Plot: Ramdevguda
Status: Not started</description><MultiGeometry><Polygon><outerBoundaryIs><LinearRing><coordinates>78.3916965,17.3717124,0 78.3916963,17.3717052,0 78.391728,17.3717043,0 78.3917263,17.3716667,0 78.3916426,17.3716689,0 78.3916445,17.371737,0 78.3916972,17.3717357,0 78.3916965,17.3717124,0</coordinates></LinearRing></outerBoundaryIs></Polygon><Polygon><outerBoundaryIs><LinearRing><coordinates>78.3916965,17.3717124,0 78.3917013,17.3717399,0 78.391735,17.3717346,0 78.3917301,17.3717071,0 78.3916965,17.3717124,0</coordinates></LinearRing></outerBoundaryIs></Polygon></MultiGeometry></Placemark><Placemark><name>fe65b</name><description>Household ID: AS589-241
Plot: 9-5-115/23/1/58
Status: Not started</description><MultiGeometry><Polygon><outerBoundaryIs><LinearRing><coordinates>78.3920188,17.3717043,0 78.3919074,17.3717064,0 78.3919085,17.3717588,0 78.3919362,17.3717582,0 78.3919363,17.371766,0 78.3919467,17.3717658,0 78.3919468,17.3717748,0 78.3920195,17.3717707,0 78.3920188,17.3717043,0</coordinates></LinearRing></outerBoundaryIs></Polygon></MultiGeometry></Placemark><Placemark><name>b1acc</name><description>Household ID: AS589-242
Plot: Not recorded
Status: Not started</description><MultiGeometry><Polygon><outerBoundaryIs><LinearRing><coordinates>78.3917976,17.3718433,0 78.3918866,17.3718386,0 78.3918867,17.3718426,0 78.3919114,17.371842,0 78.3919108,17.3718202,0 78.3918868,17.3718209,0 78.3918861,17.3717952,0 78.3919088,17.3717946,0 78.3919086,17.3717739,0 78.3917956,17.3717769,0 78.3917976,17.3718433,0</coordinates></LinearRing></outerBoundaryIs></Polygon></MultiGeometry></Placemark><Placemark><name>7580d</name><description>Household ID: AS589-243
Plot: Not recorded
Status: Not started</description><MultiGeometry><Polygon><outerBoundaryIs><LinearRing><coordinates>78.3993843,17.3720909,0 78.3994426,17.3720329,0 78.3993813,17.3719761,0 78.399323,17.3720341,0 78.3993843,17.3720909,0</coordinates></LinearRing></outerBoundaryIs></Polygon></MultiGeometry></Placemark><Placemark><name>99d38</name><description>Household ID: AS589-244
Plot: Not recorded
Status: Not started</description><MultiGeometry><Polygon><outerBoundaryIs><LinearRing><coordinates>78.3992303,17.3722638,0 78.3993078,17.3722218,0 78.3992754,17.3721668,0 78.3991979,17.3722088,0 78.3992303,17.3722638,0</coordinates></LinearRing></outerBoundaryIs></Polygon></MultiGeometry></Placemark><Placemark><name>4114f</name><description>Household ID: AS589-245
Plot: Not recorded
Status: Not started</description><MultiGeometry><Polygon><outerBoundaryIs><LinearRing><coordinates>78.3993985,17.3724087,0 78.3994854,17.3723826,0 78.3994714,17.3723395,0 78.3993844,17.3723656,0 78.3993985,17.3724087,0</coordinates></LinearRing></outerBoundaryIs></Polygon></MultiGeometry></Placemark><Placemark><name>ebf07</name><description>Household ID: AS589-246
Plot: Not recorded
Status: Not started</description><MultiGeometry><Polygon><outerBoundaryIs><LinearRing><coordinates>78.3724124,17.3750614,0 78.3719892,17.3751657,0 78.372012,17.3752508,0 78.3724352,17.3751466,0 78.3724124,17.3750614,0</coordinates></LinearRing></outerBoundaryIs></Polygon></MultiGeometry></Placemark><Placemark><name>49b7a</name><description>Household ID: AS589-247
Plot: 9-5-115/23/1/16
Status: Not started</description><MultiGeometry><Polygon><outerBoundaryIs><LinearRing><coordinates>78.3936442,17.3716801,0 78.3936478,17.3718394,0 78.3937505,17.3718372,0 78.3937469,17.3716779,0 78.3936442,17.3716801,0</coordinates></LinearRing></outerBoundaryIs></Polygon></MultiGeometry></Placemark><Placemark><name>e8f4c</name><description>Household ID: AS589-248
Plot: 9-5-115/23/1/167
Status: Not started</description><MultiGeometry><Polygon><outerBoundaryIs><LinearRing><coordinates>78.3938329,17.3717283,0 78.3937588,17.3717309,0 78.3937618,17.3718093,0 78.3937984,17.371808,0 78.3937991,17.3718265,0 78.3938352,17.3718252,0 78.3938329,17.3717283,0</coordinates></LinearRing></outerBoundaryIs></Polygon></MultiGeometry></Placemark><Placemark><name>e94c5</name><description>Household ID: AS589-249
Plot: 9-5-115/58
Status: Not started</description><MultiGeometry><Polygon><outerBoundaryIs><LinearRing><coordinates>78.3940318,17.3718901,0 78.3940098,17.3717705,0 78.393886,17.3717905,0 78.3939051,17.3718922,0 78.3939463,17.3718851,0 78.393948,17.3718942,0 78.3939415,17.3718954,0 78.3939433,17.3719054,0 78.3940318,17.3718901,0</coordinates></LinearRing></outerBoundaryIs></Polygon></MultiGeometry></Placemark><Placemark><name>0f06d</name><description>Household ID: AS589-250
Plot: 9-5-113/1/60
Status: Not started</description><MultiGeometry><Polygon><outerBoundaryIs><LinearRing><coordinates>78.3940098,17.3717705,0 78.3940318,17.3718901,0 78.3940901,17.37188,0 78.3940705,17.3717607,0 78.3940098,17.3717705,0</coordinates></LinearRing></outerBoundaryIs></Polygon></MultiGeometry></Placemark><Placemark><name>ddb5f</name><description>Household ID: AS589-251
Plot: 9-5-113/1/61
Status: Not started</description><MultiGeometry><Polygon><outerBoundaryIs><LinearRing><coordinates>78.3942462,17.3717415,0 78.3941355,17.3717551,0 78.3941497,17.3718617,0 78.3941939,17.3718562,0 78.394201,17.3718711,0 78.3942621,17.3718636,0 78.3942462,17.3717415,0</coordinates></LinearRing></outerBoundaryIs></Polygon></MultiGeometry></Placemark><Placemark><name>7cd3e</name><description>Household ID: AS589-252
Plot: Not recorded
Status: Not started</description><MultiGeometry><Polygon><outerBoundaryIs><LinearRing><coordinates>78.3943058,17.3717426,0 78.3942964,17.3717437,0 78.3942952,17.3717355,0 78.3942702,17.3717387,0 78.3942714,17.3717472,0 78.39425,17.3717505,0 78.3942633,17.3718472,0 78.3942966,17.371843,0 78.3943,17.371868,0 78.3943178,17.3718657,0 78.3943058,17.3717426,0</coordinates></LinearRing></outerBoundaryIs></Polygon></MultiGeometry></Placemark><Placemark><name>65cdf</name><description>Household ID: AS589-253
Plot: 9-5-113/1/55
Status: Not started</description><MultiGeometry><Polygon><outerBoundaryIs><LinearRing><coordinates>78.3943471,17.372036,0 78.394331,17.3719068,0 78.3942742,17.3719135,0 78.3942897,17.3720246,0 78.3943176,17.372021,0 78.3943202,17.3720395,0 78.3943471,17.372036,0</coordinates></LinearRing></outerBoundaryIs></Polygon></MultiGeometry></Placemark><Placemark><name>56f5a</name><description>Household ID: AS589-254
Plot: Plot No.56
Status: Not started</description><MultiGeometry><Polygon><outerBoundaryIs><LinearRing><coordinates>78.394271,17.3719174,0 78.3941579,17.3719317,0 78.3941629,17.3719709,0 78.3942762,17.3719575,0 78.394271,17.3719174,0</coordinates></LinearRing></outerBoundaryIs></Polygon></MultiGeometry></Placemark><Placemark><name>edf5f</name><description>Household ID: AS589-255
Plot: 9-5-115/23/1/116
Status: Not started</description><MultiGeometry><Polygon><outerBoundaryIs><LinearRing><coordinates>78.3930695,17.3717066,0 78.392965,17.3717079,0 78.3929652,17.3717776,0 78.3930697,17.3717745,0 78.3930695,17.3717066,0</coordinates></LinearRing></outerBoundaryIs></Polygon></MultiGeometry></Placemark><Placemark><name>d81a0</name><description>Household ID: AS589-256
Plot: 9-5-115/23/1/115
Status: Not started</description><MultiGeometry><Polygon><outerBoundaryIs><LinearRing><coordinates>78.3930712,17.3717808,0 78.3930472,17.3717795,0 78.3930472,17.3717953,0 78.3930716,17.3717954,0 78.3930712,17.3717808,0</coordinates></LinearRing></outerBoundaryIs></Polygon><Polygon><outerBoundaryIs><LinearRing><coordinates>78.3930142,17.3718085,0 78.39297,17.3718087,0 78.3929713,17.371845,0 78.3930154,17.3718435,0 78.3930142,17.3718085,0</coordinates></LinearRing></outerBoundaryIs></Polygon></MultiGeometry></Placemark><Placemark><name>26442</name><description>Household ID: AS589-257
Plot: 9-5-115/29/1/88
Status: Not started</description><MultiGeometry><Polygon><outerBoundaryIs><LinearRing><coordinates>78.3932302,17.3717762,0 78.3932296,17.3717519,0 78.3931251,17.3717546,0 78.3931268,17.371818,0 78.3932253,17.3718158,0 78.3932246,17.371776,0 78.3932302,17.3717762,0</coordinates></LinearRing></outerBoundaryIs></Polygon></MultiGeometry></Placemark><Placemark><name>6ba24</name><description>Household ID: AS589-258
Plot: Not recorded
Status: Not started</description><MultiGeometry><Polygon><outerBoundaryIs><LinearRing><coordinates>78.3931773,17.3717533,0 78.3931764,17.3716852,0 78.3931155,17.3716847,0 78.3931157,17.371737,0 78.3931514,17.3717368,0 78.3931515,17.3717434,0 78.3931205,17.3717435,0 78.3931206,17.3717547,0 78.3931773,17.3717533,0</coordinates></LinearRing></outerBoundaryIs></Polygon></MultiGeometry></Placemark><Placemark><name>7cf1a</name><description>Household ID: AS589-259
Plot: 9-5-115/23/1/146
Status: Not started</description><MultiGeometry><Polygon><outerBoundaryIs><LinearRing><coordinates>78.3932312,17.3718224,0 78.393329,17.3718202,0 78.3933278,17.3717741,0 78.3933329,17.3717739,0 78.3933322,17.3717513,0 78.3932296,17.3717519,0 78.3932312,17.3718224,0</coordinates></LinearRing></outerBoundaryIs></Polygon></MultiGeometry></Placemark><Placemark><name>ed57a</name><description>Household ID: AS589-260
Plot: Not recorded
Status: Not started</description><MultiGeometry><Polygon><outerBoundaryIs><LinearRing><coordinates>78.3932323,17.3718729,0 78.3932312,17.3718224,0 78.393127,17.3718245,0 78.3931287,17.3718852,0 78.3931988,17.3718838,0 78.3931987,17.3718794,0 78.393225,17.3718788,0 78.3932248,17.3718731,0 78.3932323,17.3718729,0</coordinates></LinearRing></outerBoundaryIs></Polygon></MultiGeometry></Placemark><Placemark><name>a6b9f</name><description>Household ID: AS589-261
Plot: 9-5-115/23/1/145
Status: Not started</description><MultiGeometry><Polygon><outerBoundaryIs><LinearRing><coordinates>78.3933004,17.3718907,0 78.3933001,17.3718822,0 78.3933159,17.3718818,0 78.3933147,17.3718399,0 78.3933356,17.3718393,0 78.3933351,17.3718205,0 78.3933139,17.371821,0 78.393314,17.3718273,0 78.3932689,17.3718285,0 78.3932687,17.3718217,0 78.3932312,17.3718224,0 78.3932327,17.3718917,0 78.3933004,17.3718907,0</coordinates></LinearRing></outerBoundaryIs></Polygon></MultiGeometry></Placemark><Placemark><name>d8e1b</name><description>Household ID: AS589-262
Plot: 9-5-115/23/1/150
Status: Not started</description><MultiGeometry><Polygon><outerBoundaryIs><LinearRing><coordinates>78.3934727,17.3717523,0 78.3933837,17.3717509,0 78.3933831,17.3718163,0 78.3934918,17.3718173,0 78.3934922,17.3717837,0 78.3934724,17.3717835,0 78.3934727,17.3717523,0</coordinates></LinearRing></outerBoundaryIs></Polygon></MultiGeometry></Placemark><Placemark><name>f3538</name><description>Household ID: AS589-263
Plot: 9-5-115/23/1/1/163
Status: Not started</description><MultiGeometry><Polygon><outerBoundaryIs><LinearRing><coordinates>78.3935356,17.3717856,0 78.3935356,17.3717797,0 78.3935794,17.3717779,0 78.3935791,17.3717705,0 78.3935927,17.37177,0 78.393592,17.3717482,0 78.3934943,17.3717517,0 78.393495,17.3717864,0 78.3935356,17.3717856,0</coordinates></LinearRing></outerBoundaryIs></Polygon></MultiGeometry></Placemark><Placemark><name>0365c</name><description>Household ID: AS589-264
Plot: 9-5-115/23/1/16
Status: Not started</description><MultiGeometry><Polygon><outerBoundaryIs><LinearRing><coordinates>78.3934957,17.3718211,0 78.3936,17.3718185,0 78.3935998,17.3718078,0 78.3935887,17.371808,0 78.3935882,17.3717846,0 78.393495,17.3717864,0 78.3934957,17.3718211,0</coordinates></LinearRing></outerBoundaryIs></Polygon></MultiGeometry></Placemark><Placemark><name>93633</name><description>Household ID: AS589-265
Plot: 9-5-115/23/1/162/1
Status: Not started</description><MultiGeometry><Polygon><outerBoundaryIs><LinearRing><coordinates>78.3936003,17.3718535,0 78.3936,17.3718397,0 78.3935804,17.3718401,0 78.39358,17.3718189,0 78.3934957,17.3718211,0 78.3934964,17.3718568,0 78.3936003,17.3718535,0</coordinates></LinearRing></outerBoundaryIs></Polygon></MultiGeometry></Placemark><Placemark><name>c6f0c</name><description>Household ID: AS589-266
Plot: 9-5-115/23/1/162
Status: Not started</description><MultiGeometry><Polygon><outerBoundaryIs><LinearRing><coordinates>78.393497,17.3718889,0 78.3936009,17.3718863,0 78.3936003,17.3718535,0 78.3934964,17.3718568,0 78.393497,17.3718889,0</coordinates></LinearRing></outerBoundaryIs></Polygon></MultiGeometry></Placemark><Placemark><name>3a35f</name><description>Household ID: AS589-267
Plot: 9-5-115/23/2/53
Status: Not started</description><MultiGeometry><Polygon><outerBoundaryIs><LinearRing><coordinates>78.3945751,17.372017,0 78.394557,17.3718804,0 78.3945003,17.3718881,0 78.3945186,17.372024,0 78.3945751,17.372017,0</coordinates></LinearRing></outerBoundaryIs></Polygon></MultiGeometry></Placemark><Placemark><name>d21c9</name><description>Household ID: AS589-268
Plot: 9-5-115/23/2/50
Status: Not started</description><MultiGeometry><Polygon><outerBoundaryIs><LinearRing><coordinates>78.394557,17.3718804,0 78.3945717,17.3719916,0 78.3946032,17.3719877,0 78.3946103,17.3720058,0 78.3946319,17.3720032,0 78.3946143,17.3718726,0 78.394557,17.3718804,0</coordinates></LinearRing></outerBoundaryIs></Polygon></MultiGeometry></Placemark><Placemark><name>264f6</name><description>Household ID: AS589-269
Plot: 9-5-113/1/54
Status: Not started</description><MultiGeometry><Polygon><outerBoundaryIs><LinearRing><coordinates>78.3943396,17.3719754,0 78.3943969,17.3719678,0 78.3943919,17.371932,0 78.3943835,17.3719331,0 78.3943804,17.3719114,0 78.3943876,17.3719104,0 78.3943863,17.3719008,0 78.394331,17.3719068,0 78.3943396,17.3719754,0</coordinates></LinearRing></outerBoundaryIs></Polygon></MultiGeometry></Placemark><Placemark><name>b8b93</name><description>Household ID: AS589-270
Plot: 9-5-115
Status: Not started</description><MultiGeometry><Polygon><outerBoundaryIs><LinearRing><coordinates>78.3949423,17.3719674,0 78.3949335,17.3719681,0 78.3949327,17.3719592,0 78.3949234,17.37196,0 78.3949209,17.3719343,0 78.3948796,17.3719397,0 78.394881,17.3719491,0 78.3948885,17.3719485,0 78.3948934,17.3719883,0 78.3949441,17.3719822,0 78.3949423,17.3719674,0</coordinates></LinearRing></outerBoundaryIs></Polygon></MultiGeometry></Placemark><Placemark><name>666c0</name><description>Household ID: AS589-271
Plot: 9-5-127/2/A
Status: Not started</description><MultiGeometry><Polygon><outerBoundaryIs><LinearRing><coordinates>78.395026,17.3719711,0 78.3950187,17.3719215,0 78.3949381,17.3719321,0 78.3949441,17.3719822,0 78.395026,17.3719711,0</coordinates></LinearRing></outerBoundaryIs></Polygon></MultiGeometry></Placemark><Placemark><name>40a44</name><description>Household ID: AS589-272
Plot: 9-5-130/13
Status: Not started</description><MultiGeometry><Polygon><outerBoundaryIs><LinearRing><coordinates>78.3948988,17.3720313,0 78.3948885,17.3719485,0 78.3948497,17.3719532,0 78.3948615,17.3720362,0 78.3948988,17.3720313,0</coordinates></LinearRing></outerBoundaryIs></Polygon></MultiGeometry></Placemark><Placemark><name>47da3</name><description>Household ID: AS589-273
Plot: 9-5-126/9
Status: Not started</description><MultiGeometry><Polygon><outerBoundaryIs><LinearRing><coordinates>78.3952998,17.3719342,0 78.3952964,17.3718959,0 78.3952115,17.3719089,0 78.3952154,17.3719446,0 78.3952998,17.3719342,0</coordinates></LinearRing></outerBoundaryIs></Polygon></MultiGeometry></Placemark><Placemark><name>4d35a</name><description>Household ID: AS589-274
Plot: 9-5-11
Status: Not started</description><MultiGeometry><Polygon><outerBoundaryIs><LinearRing><coordinates>78.3950978,17.3719559,0 78.3950941,17.3719236,0 78.3950599,17.3719272,0 78.3950636,17.3719605,0 78.3950978,17.3719559,0</coordinates></LinearRing></outerBoundaryIs></Polygon></MultiGeometry></Placemark><Placemark><name>49563</name><description>Household ID: AS589-275
Plot: Not recorded
Status: Not started</description><MultiGeometry><Polygon><outerBoundaryIs><LinearRing><coordinates>78.395183,17.3719433,0 78.3952149,17.3719404,0 78.3952115,17.3719089,0 78.3951781,17.3719146,0 78.395183,17.3719433,0</coordinates></LinearRing></outerBoundaryIs></Polygon></MultiGeometry></Placemark><Placemark><name>69f92</name><description>Household ID: AS589-276
Plot: Not recorded
Status: Not started</description><MultiGeometry><Polygon><outerBoundaryIs><LinearRing><coordinates>78.3951808,17.3719435,0 78.3951781,17.3719146,0 78.3951474,17.3719179,0 78.3951508,17.3719466,0 78.3951808,17.3719435,0</coordinates></LinearRing></outerBoundaryIs></Polygon></MultiGeometry></Placemark><Placemark><name>8c557</name><description>Household ID: AS589-277
Plot: Not available
Status: Not started</description><MultiGeometry><Polygon><outerBoundaryIs><LinearRing><coordinates>78.3950632,17.3719575,0 78.3950599,17.3719272,0 78.3950313,17.3719304,0 78.3950351,17.3719608,0 78.3950632,17.3719575,0</coordinates></LinearRing></outerBoundaryIs></Polygon></MultiGeometry></Placemark><Placemark><name>6e9c0</name><description>Household ID: AS589-278
Plot: 9-5-126/11/1
Status: Not started</description><MultiGeometry><Polygon><outerBoundaryIs><LinearRing><coordinates>78.3955254,17.3718758,0 78.3955349,17.3719837,0 78.3955646,17.3719821,0 78.3955612,17.3718717,0 78.3955254,17.3718758,0</coordinates></LinearRing></outerBoundaryIs></Polygon></MultiGeometry></Placemark><Placemark><name>de04c</name><description>Household ID: AS589-279
Plot: Not recorded
Status: Not started</description><MultiGeometry><Polygon><outerBoundaryIs><LinearRing><coordinates>78.3955812,17.3718136,0 78.3955565,17.3718169,0 78.3955593,17.3718364,0 78.395584,17.3718331,0 78.3955812,17.3718136,0</coordinates></LinearRing></outerBoundaryIs></Polygon></MultiGeometry></Placemark><Placemark><name>5ec01</name><description>Household ID: AS589-280
Plot: 9-5-126/9
Status: Not started</description><MultiGeometry><Polygon><outerBoundaryIs><LinearRing><coordinates>78.3953616,17.3718781,0 78.3954795,17.3718639,0 78.3954743,17.3718239,0 78.3953653,17.3718371,0 78.3953689,17.3718646,0 78.3953602,17.3718657,0 78.3953616,17.3718781,0</coordinates></LinearRing></outerBoundaryIs></Polygon></MultiGeometry></Placemark><Placemark><name>d23ef</name><description>Household ID: AS589-281
Plot: 9-5-126/14/1
Status: Not started</description><MultiGeometry><Polygon><outerBoundaryIs><LinearRing><coordinates>78.3953815,17.3718923,0 78.3953464,17.3718959,0 78.3953489,17.3719332,0 78.395385,17.371931,0 78.3953815,17.3718923,0</coordinates></LinearRing></outerBoundaryIs></Polygon></MultiGeometry></Placemark><Placemark><name>e4a56</name><description>Household ID: AS589-282
Plot: Not recorded
Status: Not started</description><MultiGeometry><Polygon><outerBoundaryIs><LinearRing><coordinates>78.3979405,17.3703802,0 78.3979439,17.3703227,0 78.3979048,17.3703206,0 78.3979029,17.3703518,0 78.3979163,17.3703525,0 78.3979148,17.3703785,0 78.3979405,17.3703802,0</coordinates></LinearRing></outerBoundaryIs></Polygon></MultiGeometry></Placemark><Placemark><name>4f540</name><description>Household ID: AS589-283
Plot: Not recorded
Status: Not started</description><MultiGeometry><Polygon><outerBoundaryIs><LinearRing><coordinates>78.3751525,17.3726525,0 78.3752483,17.3726127,0 78.3752249,17.3725608,0 78.3751278,17.3726012,0 78.3751525,17.3726525,0</coordinates></LinearRing></outerBoundaryIs></Polygon></MultiGeometry></Placemark><Placemark><name>62746</name><description>Household ID: AS589-284
Plot: 6-20
Status: Not started</description><MultiGeometry><Polygon><outerBoundaryIs><LinearRing><coordinates>78.3985882,17.3703713,0 78.3987308,17.3703815,0 78.3987377,17.3702937,0 78.3985957,17.3702835,0 78.3985882,17.3703713,0</coordinates></LinearRing></outerBoundaryIs></Polygon></MultiGeometry></Placemark><Placemark><name>0bf0d</name><description>Household ID: AS589-285
Plot: Not recorded
Status: Not started</description><MultiGeometry><Polygon><outerBoundaryIs><LinearRing><coordinates>78.412304,17.3727337,0 78.4123085,17.3726262,0 78.4121801,17.3726269,0 78.412178,17.3725548,0 78.4121531,17.3725552,0 78.4121519,17.372493,0 78.4121062,17.3724938,0 78.4121074,17.372556,0 78.4120272,17.3725574,0 78.4120281,17.3728671,0 78.4122021,17.3728643,0 78.4121899,17.3727328,0 78.412304,17.3727337,0</coordinates></LinearRing></outerBoundaryIs></Polygon></MultiGeometry></Placemark><Placemark><name>504d1</name><description>Household ID: AS589-286
Plot: 6-54
Status: Not started</description><MultiGeometry><Polygon><outerBoundaryIs><LinearRing><coordinates>78.3982203,17.3703569,0 78.3983751,17.3703693,0 78.3983803,17.3703205,0 78.3982204,17.3703074,0 78.3982203,17.3703569,0</coordinates></LinearRing></outerBoundaryIs></Polygon></MultiGeometry></Placemark><Placemark><name>52e81</name><description>Household ID: AS589-287
Plot: 9-5-115/23/1/85
Status: Not started</description><MultiGeometry><Polygon><outerBoundaryIs><LinearRing><coordinates>78.3924379,17.3718007,0 78.3924379,17.371786,0 78.3923349,17.3717884,0 78.3923369,17.3718428,0 78.3924192,17.3718399,0 78.3924178,17.3718014,0 78.3924379,17.3718007,0</coordinates></LinearRing></outerBoundaryIs></Polygon></MultiGeometry></Placemark><Placemark><name>c78fa</name><description>Household ID: AS589-288
Plot: Not recorded
Status: Not started</description><MultiGeometry><Polygon><outerBoundaryIs><LinearRing><coordinates>78.3924755,17.3718525,0 78.3924749,17.3717851,0 78.3924379,17.371786,0 78.3924399,17.3718539,0 78.3924755,17.3718525,0</coordinates></LinearRing></outerBoundaryIs></Polygon></MultiGeometry></Placemark><Placemark><name>d59e0</name><description>Household ID: AS589-289
Plot: Plot no. 84
Status: Not started</description><MultiGeometry><Polygon><outerBoundaryIs><LinearRing><coordinates>78.392432,17.3717168,0 78.3923318,17.3717193,0 78.3923327,17.371753,0 78.3923976,17.3717514,0 78.3923972,17.3717363,0 78.3924321,17.3717354,0 78.392432,17.3717168,0</coordinates></LinearRing></outerBoundaryIs></Polygon></MultiGeometry></Placemark><Placemark><name>2dfbb</name><description>Household ID: AS589-290
Plot: Not revealed
Status: Not started</description><MultiGeometry><Polygon><outerBoundaryIs><LinearRing><coordinates>78.3924875,17.3717164,0 78.3924892,17.3717836,0 78.392546,17.3717832,0 78.3925458,17.3717428,0 78.3925394,17.3717429,0 78.3925387,17.3717146,0 78.3924875,17.3717164,0</coordinates></LinearRing></outerBoundaryIs></Polygon></MultiGeometry></Placemark><Placemark><name>6ebd8</name><description>Household ID: AS589-291
Plot: Not recorded
Status: Not started</description><MultiGeometry><Polygon><outerBoundaryIs><LinearRing><coordinates>78.3924892,17.3717836,0 78.3924875,17.3717164,0 78.3924343,17.371717,0 78.3924365,17.3717839,0 78.3924892,17.3717836,0</coordinates></LinearRing></outerBoundaryIs></Polygon></MultiGeometry></Placemark><Placemark><name>5f078</name><description>Household ID: AS589-292
Plot: Hno
Status: Not started</description><MultiGeometry><Polygon><outerBoundaryIs><LinearRing><coordinates>78.3927855,17.3717809,0 78.3927059,17.3717825,0 78.3927073,17.3718474,0 78.3928062,17.3718454,0 78.3928054,17.3718128,0 78.3927856,17.3718132,0 78.3927855,17.3717809,0</coordinates></LinearRing></outerBoundaryIs></Polygon></MultiGeometry></Placemark><Placemark><name>f8b70</name><description>Household ID: AS589-293
Plot: 9-5-115/23/1/9
Status: Not started</description><MultiGeometry><Polygon><outerBoundaryIs><LinearRing><coordinates>78.3927009,17.3717828,0 78.3925876,17.3717852,0 78.3925891,17.3718501,0 78.3926993,17.3718478,0 78.3927009,17.3717828,0</coordinates></LinearRing></outerBoundaryIs></Polygon></MultiGeometry></Placemark><Placemark><name>0fa86</name><description>Household ID: AS589-294
Plot: Not recorded
Status: Not started</description><MultiGeometry><Polygon><outerBoundaryIs><LinearRing><coordinates>78.3921066,17.371701,0 78.3920658,17.3717012,0 78.3920661,17.3717369,0 78.3921069,17.3717366,0 78.3921066,17.371701,0</coordinates></LinearRing></outerBoundaryIs></Polygon></MultiGeometry></Placemark><Placemark><name>19d26</name><description>Household ID: AS589-295
Plot: 9-5-115/23/1/79
Status: Not started</description><MultiGeometry><Polygon><outerBoundaryIs><LinearRing><coordinates>78.392276,17.3717695,0 78.3922744,17.3717,0 78.392169,17.3717033,0 78.3921708,17.3717723,0 78.392276,17.3717695,0</coordinates></LinearRing></outerBoundaryIs></Polygon></MultiGeometry></Placemark><Placemark><name>95472</name><description>Household ID: AS589-296
Plot: 9-5-115/23/1/6
Status: Not started</description><MultiGeometry><Polygon><outerBoundaryIs><LinearRing><coordinates>78.3921209,17.3718306,0 78.3921196,17.3717724,0 78.3920858,17.3717725,0 78.3920858,17.3717575,0 78.3920655,17.3717576,0 78.392061,17.3718307,0 78.3921209,17.3718306,0</coordinates></LinearRing></outerBoundaryIs></Polygon></MultiGeometry></Placemark><Placemark><name>b839a</name><description>Household ID: AS589-297
Plot: Not recorded
Status: Not started</description><MultiGeometry><Polygon><outerBoundaryIs><LinearRing><coordinates>78.3921728,17.3718402,0 78.3921708,17.3717723,0 78.3921196,17.3717724,0 78.3921209,17.3718263,0 78.3921484,17.3718262,0 78.3921485,17.3718403,0 78.3921728,17.3718402,0</coordinates></LinearRing></outerBoundaryIs></Polygon></MultiGeometry></Placemark><Placemark><name>51060</name><description>Household ID: AS589-298
Plot: Hno
Status: Not started</description><MultiGeometry><Polygon><outerBoundaryIs><LinearRing><coordinates>78.3922119,17.3718285,0 78.3922113,17.3718032,0 78.3922624,17.371802,0 78.3922621,17.3717916,0 78.3922766,17.3717912,0 78.392276,17.3717695,0 78.3921708,17.3717723,0 78.3921725,17.3718291,0 78.3922119,17.3718285,0</coordinates></LinearRing></outerBoundaryIs></Polygon></MultiGeometry></Placemark><Placemark><name>8dafe</name><description>Household ID: AS589-299
Plot: Not recorded
Status: Not started</description><MultiGeometry><Polygon><outerBoundaryIs><LinearRing><coordinates>78.342913,17.3741272,0 78.3429086,17.3742696,0 78.3430848,17.3742708,0 78.3430913,17.3741299,0 78.342913,17.3741272,0</coordinates></LinearRing></outerBoundaryIs></Polygon></MultiGeometry></Placemark><Placemark><name>4fd8e</name><description>Household ID: AS589-300
Plot: Not recorded
Status: Not started</description><MultiGeometry><Polygon><outerBoundaryIs><LinearRing><coordinates>78.3449304,17.3829068,0 78.3450382,17.3831228,0 78.3450925,17.3830976,0 78.3449849,17.3828829,0 78.3449304,17.3829068,0</coordinates></LinearRing></outerBoundaryIs></Polygon></MultiGeometry></Placemark><Placemark><name>7cf95</name><description>Household ID: AS589-301
Plot: Not recorded
Status: Not started</description><MultiGeometry><Polygon><outerBoundaryIs><LinearRing><coordinates>78.3455894,17.3831284,0 78.3454833,17.3832268,0 78.3455862,17.3833223,0 78.3457049,17.3832375,0 78.3455894,17.3831284,0</coordinates></LinearRing></outerBoundaryIs></Polygon></MultiGeometry></Placemark><Placemark><name>56a02</name><description>Household ID: AS589-302
Plot: Deew villas
Status: Not started</description><MultiGeometry><Polygon><outerBoundaryIs><LinearRing><coordinates>78.3676469,17.3758498,0 78.3676646,17.3758912,0 78.3677067,17.375873,0 78.3676874,17.3758322,0 78.3676469,17.3758498,0</coordinates></LinearRing></outerBoundaryIs></Polygon></MultiGeometry></Placemark><Placemark><name>a73a6</name><description>Household ID: AS589-303
Plot: Not recorded
Status: Not started</description><MultiGeometry><Polygon><outerBoundaryIs><LinearRing><coordinates>78.3669062,17.3762343,0 78.3669142,17.3762683,0 78.3669508,17.3762603,0 78.3669428,17.3762263,0 78.3669062,17.3762343,0</coordinates></LinearRing></outerBoundaryIs></Polygon></MultiGeometry></Placemark><Placemark><name>5a185</name><description>Household ID: AS589-304
Plot: Not recorded
Status: Not started</description><MultiGeometry><Polygon><outerBoundaryIs><LinearRing><coordinates>78.3991598,17.336714,0 78.3992159,17.3367097,0 78.3992051,17.3365727,0 78.399149,17.3365768,0 78.3991598,17.336714,0</coordinates></LinearRing></outerBoundaryIs></Polygon></MultiGeometry></Placemark><Placemark><name>32212</name><description>Household ID: AS589-305
Plot: Not recorded
Status: Not started</description><MultiGeometry><Polygon><outerBoundaryIs><LinearRing><coordinates>78.3993266,17.3379325,0 78.3993597,17.3379114,0 78.3993378,17.3378797,0 78.3993062,17.3378998,0 78.3993266,17.3379325,0</coordinates></LinearRing></outerBoundaryIs></Polygon></MultiGeometry></Placemark><Placemark><name>ca2d2</name><description>Household ID: AS589-306
Plot: Not recorded
Status: Not started</description><MultiGeometry><Polygon><outerBoundaryIs><LinearRing><coordinates>78.3995271,17.3379605,0 78.39953,17.3379709,0 78.3993557,17.338016,0 78.3993702,17.3380836,0 78.3994195,17.338074,0 78.3994235,17.3380884,0 78.3994747,17.3380769,0 78.3994736,17.3380693,0 78.3995022,17.3380641,0 78.3995032,17.3380705,0 78.3995167,17.3380675,0 78.3995147,17.3380515,0 78.3995489,17.3380439,0 78.3995449,17.3380273,0 78.3996214,17.3380076,0 78.3996071,17.3379398,0 78.3995271,17.3379605,0</coordinates></LinearRing></outerBoundaryIs></Polygon></MultiGeometry></Placemark><Placemark><name>2eedc</name><description>Household ID: AS589-307
Plot: Not recorded
Status: Not started</description><MultiGeometry><Polygon><outerBoundaryIs><LinearRing><coordinates>78.4080031,17.3548225,0 78.4080252,17.3548403,0 78.4081189,17.3547329,0 78.4080968,17.3547151,0 78.4080031,17.3548225,0</coordinates></LinearRing></outerBoundaryIs></Polygon></MultiGeometry></Placemark><Placemark><name>AS589-308</name><description>Household ID: AS589-308
Plot: Not recorded
Status: Not started</description><MultiGeometry><Polygon><outerBoundaryIs><LinearRing><coordinates>78.3406002,17.3724188,0 78.340487,17.3723707,0 78.3404592,17.372433,0 78.3405717,17.3724807,0 78.3406002,17.3724188,0</coordinates></LinearRing></outerBoundaryIs></Polygon></MultiGeometry></Placemark><Placemark><name>AS589-309</name><description>Household ID: AS589-309
Plot: Not recorded
Status: Not started</description><MultiGeometry><Polygon><outerBoundaryIs><LinearRing><coordinates>78.3414755,17.3815297,0 78.3414725,17.3815118,0 78.3414261,17.3815193,0 78.3414286,17.3815365,0 78.3414755,17.3815297,0</coordinates></LinearRing></outerBoundaryIs></Polygon></MultiGeometry></Placemark><Placemark><name>AS589-310</name><description>Household ID: AS589-310
Plot: Not recorded
Status: Not started</description><MultiGeometry><Polygon><outerBoundaryIs><LinearRing><coordinates>78.3414157,17.3816946,0 78.3414152,17.3816638,0 78.341394,17.3816641,0 78.3413945,17.3816949,0 78.3414157,17.3816946,0</coordinates></LinearRing></outerBoundaryIs></Polygon></MultiGeometry></Placemark><Placemark><name>AS589-311</name><description>Household ID: AS589-311
Plot: Not recorded
Status: Not started</description><MultiGeometry><Polygon><outerBoundaryIs><LinearRing><coordinates>78.3501442,17.3852348,0 78.3501896,17.3852305,0 78.350186,17.3851738,0 78.3501693,17.3851753,0 78.3501833,17.3850958,0 78.3501414,17.385088,0 78.3501265,17.3851732,0 78.3501561,17.3851773,0 78.3501379,17.3851799,0 78.3501442,17.3852348,0</coordinates></LinearRing></outerBoundaryIs></Polygon></MultiGeometry></Placemark><Placemark><name>AS589-312</name><description>Household ID: AS589-312
Plot: Not recorded
Status: Not started</description><MultiGeometry><Polygon><outerBoundaryIs><LinearRing><coordinates>78.3494259,17.3852373,0 78.3494668,17.3852399,0 78.3494688,17.3852109,0 78.3494279,17.3852083,0 78.3494259,17.3852373,0</coordinates></LinearRing></outerBoundaryIs></Polygon></MultiGeometry></Placemark><Placemark><name>AS589-313</name><description>Household ID: AS589-313
Plot: Not recorded
Status: Not started</description><MultiGeometry><Polygon><outerBoundaryIs><LinearRing><coordinates>78.3487781,17.3852757,0 78.3488646,17.385268,0 78.3488618,17.3852391,0 78.3487753,17.3852468,0 78.3487781,17.3852757,0</coordinates></LinearRing></outerBoundaryIs></Polygon></MultiGeometry></Placemark><Placemark><name>AS589-314</name><description>Household ID: AS589-314
Plot: Not recorded
Status: Not started</description><MultiGeometry><Polygon><outerBoundaryIs><LinearRing><coordinates>78.3494625,17.3838614,0 78.3495058,17.3839347,0 78.3495446,17.3839137,0 78.3495023,17.3838415,0 78.3494625,17.3838614,0</coordinates></LinearRing></outerBoundaryIs></Polygon></MultiGeometry></Placemark><Placemark><name>AS589-315</name><description>Household ID: AS589-315
Plot: Not recorded
Status: Not started</description><MultiGeometry><Polygon><outerBoundaryIs><LinearRing><coordinates>78.3489182,17.3838806,0 78.348928,17.3839245,0 78.3489587,17.3839188,0 78.3489497,17.3838721,0 78.3489182,17.3838806,0</coordinates></LinearRing></outerBoundaryIs></Polygon></MultiGeometry></Placemark><Placemark><name>AS589-316</name><description>Household ID: AS589-316
Plot: Not recorded
Status: Not started</description><MultiGeometry><Polygon><outerBoundaryIs><LinearRing><coordinates>78.3493799,17.3839168,0 78.3494302,17.3839977,0 78.349519,17.3839473,0 78.3494683,17.3838713,0 78.3493799,17.3839168,0</coordinates></LinearRing></outerBoundaryIs></Polygon></MultiGeometry></Placemark><Placemark><name>AS589-317</name><description>Household ID: AS589-317
Plot: Not recorded
Status: Not started</description><MultiGeometry><Polygon><outerBoundaryIs><LinearRing><coordinates>78.3547009,17.382158,0 78.354871,17.3825148,0 78.3549351,17.382488,0 78.354765,17.382133,0 78.3547009,17.382158,0</coordinates></LinearRing></outerBoundaryIs></Polygon></MultiGeometry></Placemark><Placemark><name>AS589-318</name><description>Household ID: AS589-318
Plot: Not recorded
Status: Not started</description><MultiGeometry><Polygon><outerBoundaryIs><LinearRing><coordinates>78.3546739,17.3823029,0 78.354788,17.3825424,0 78.35486,17.3825175,0 78.354743,17.3822742,0 78.3546739,17.3823029,0</coordinates></LinearRing></outerBoundaryIs></Polygon></MultiGeometry></Placemark><Placemark><name>AS589-319</name><description>Household ID: AS589-319
Plot: Not recorded
Status: Not started</description><MultiGeometry><Polygon><outerBoundaryIs><LinearRing><coordinates>78.3561729,17.3818786,0 78.3561691,17.3818651,0 78.3561529,17.3818694,0 78.3561495,17.3818577,0 78.3560931,17.3818726,0 78.3561099,17.3819312,0 78.3561663,17.3819162,0 78.3561567,17.3818828,0 78.3561729,17.3818786,0</coordinates></LinearRing></outerBoundaryIs></Polygon></MultiGeometry></Placemark><Placemark><name>AS589-320</name><description>Household ID: AS589-320
Plot: Not recorded
Status: Not started</description><MultiGeometry><Polygon><outerBoundaryIs><LinearRing><coordinates>78.3592428,17.3802531,0 78.3592778,17.3803724,0 78.3593296,17.3803618,0 78.3592965,17.3802407,0 78.3592428,17.3802531,0</coordinates></LinearRing></outerBoundaryIs></Polygon></MultiGeometry></Placemark><Placemark><name>AS589-321</name><description>Household ID: AS589-321
Plot: Not recorded
Status: Not started</description><MultiGeometry><Polygon><outerBoundaryIs><LinearRing><coordinates>78.3621109,17.3809214,0 78.3620845,17.3809304,0 78.3620818,17.3809363,0 78.3621012,17.3809781,0 78.3620877,17.380985,0 78.3621012,17.3810199,0 78.3621047,17.3810607,0 78.3621617,17.3810427,0 78.362143,17.3809864,0 78.3621109,17.3809214,0</coordinates></LinearRing></outerBoundaryIs></Polygon></MultiGeometry></Placemark><Placemark><name>AS589-322</name><description>Household ID: AS589-322
Plot: Not recorded
Status: Not started</description><MultiGeometry><Polygon><outerBoundaryIs><LinearRing><coordinates>78.3666977,17.3764047,0 78.3666748,17.3763364,0 78.3666423,17.3763464,0 78.3666652,17.3764148,0 78.3666977,17.3764047,0</coordinates></LinearRing></outerBoundaryIs></Polygon></MultiGeometry></Placemark><Placemark><name>AS589-323</name><description>Household ID: AS589-323
Plot: Not recorded
Status: Not started</description><MultiGeometry><Polygon><outerBoundaryIs><LinearRing><coordinates>78.3909645,17.3704965,0 78.3909178,17.3704911,0 78.3909147,17.3705191,0 78.3909623,17.370524,0 78.3909645,17.3704965,0</coordinates></LinearRing></outerBoundaryIs></Polygon></MultiGeometry></Placemark><Placemark><name>AS589-324</name><description>Household ID: AS589-324
Plot: Not recorded
Status: Not started</description><MultiGeometry><Polygon><outerBoundaryIs><LinearRing><coordinates>78.3907417,17.3705055,0 78.3906903,17.3704981,0 78.3906842,17.3705334,0 78.3907362,17.3705408,0 78.3907417,17.3705055,0</coordinates></LinearRing></outerBoundaryIs></Polygon></MultiGeometry></Placemark><Placemark><name>AS589-325</name><description>Household ID: AS589-325
Plot: Not recorded
Status: Not started</description><MultiGeometry><Polygon><outerBoundaryIs><LinearRing><coordinates>78.3916905,17.3705164,0 78.3916563,17.370514,0 78.391653,17.3705574,0 78.3916871,17.3705605,0 78.3916905,17.3705164,0</coordinates></LinearRing></outerBoundaryIs></Polygon></MultiGeometry></Placemark><Placemark><name>AS589-326</name><description>Household ID: AS589-326
Plot: Not recorded
Status: Not started</description><MultiGeometry><Polygon><outerBoundaryIs><LinearRing><coordinates>78.3913619,17.3705708,0 78.3913644,17.370531,0 78.3912724,17.3705314,0 78.3912692,17.3705654,0 78.3913619,17.3705708,0</coordinates></LinearRing></outerBoundaryIs></Polygon></MultiGeometry></Placemark><Placemark><name>AS589-327</name><description>Household ID: AS589-327
Plot: Not recorded
Status: Not started</description><MultiGeometry><Polygon><outerBoundaryIs><LinearRing><coordinates>78.3915771,17.3705356,0 78.3914755,17.3705272,0 78.3914733,17.3705763,0 78.3915727,17.3705844,0 78.3915771,17.3705356,0</coordinates></LinearRing></outerBoundaryIs></Polygon></MultiGeometry></Placemark><Placemark><name>AS589-328</name><description>Household ID: AS589-328
Plot: Not recorded
Status: Not started</description><MultiGeometry><Polygon><outerBoundaryIs><LinearRing><coordinates>78.3916672,17.3705746,0 78.3916348,17.3705737,0 78.3916351,17.3705988,0 78.3916664,17.3705996,0 78.3916672,17.3705746,0</coordinates></LinearRing></outerBoundaryIs></Polygon></MultiGeometry></Placemark><Placemark><name>AS589-329</name><description>Household ID: AS589-329
Plot: Not recorded
Status: Not started</description><MultiGeometry><Polygon><outerBoundaryIs><LinearRing><coordinates>78.4054745,17.3546032,0 78.4055126,17.3544931,0 78.4054389,17.3544715,0 78.4054018,17.3545804,0 78.4054745,17.3546032,0</coordinates></LinearRing></outerBoundaryIs></Polygon></MultiGeometry></Placemark><Placemark><name>AS589-330</name><description>Household ID: AS589-330
Plot: Not recorded
Status: Not started</description><MultiGeometry><Polygon><outerBoundaryIs><LinearRing><coordinates>78.4047598,17.3538693,0 78.4047234,17.3538572,0 78.4047045,17.3539093,0 78.4047409,17.3539215,0 78.4047598,17.3538693,0</coordinates></LinearRing></outerBoundaryIs></Polygon></MultiGeometry></Placemark><Placemark><name>AS589-331</name><description>Household ID: AS589-331
Plot: Not recorded
Status: Not started</description><MultiGeometry><Polygon><outerBoundaryIs><LinearRing><coordinates>78.405211,17.3540253,0 78.4051313,17.353999,0 78.4051284,17.3540069,0 78.4050793,17.3539908,0 78.4050523,17.3540664,0 78.40518,17.3541122,0 78.405211,17.3540253,0</coordinates></LinearRing></outerBoundaryIs></Polygon></MultiGeometry></Placemark><Placemark><name>AS589-332</name><description>Household ID: AS589-332
Plot: Not recorded
Status: Not started</description><MultiGeometry><Polygon><outerBoundaryIs><LinearRing><coordinates>78.4051292,17.3541949,0 78.4051333,17.3541843,0 78.4051466,17.354189,0 78.4051515,17.3541762,0 78.4051346,17.3541703,0 78.4051389,17.3541592,0 78.4051642,17.3541681,0 78.4051812,17.3541205,0 78.4051449,17.3541077,0 78.4051418,17.3541159,0 78.4051164,17.3541069,0 78.4051196,17.3540984,0 78.405085,17.3540862,0 78.4050701,17.3541251,0 78.4050769,17.3541275,0 78.405035,17.3542358,0 78.4051284,17.354269,0 78.4051519,17.3542029,0 78.4051292,17.3541949,0</coordinates></LinearRing></outerBoundaryIs></Polygon></MultiGeometry></Placemark><Placemark><name>AS589-333</name><description>Household ID: AS589-333
Plot: Not recorded
Status: Not started</description><MultiGeometry><Polygon><outerBoundaryIs><LinearRing><coordinates>78.4053212,17.3540421,0 78.4053003,17.3540347,0 78.4052635,17.3541308,0 78.4053858,17.354174,0 78.4054208,17.3540825,0 78.4053194,17.3540467,0 78.4053212,17.3540421,0</coordinates></LinearRing></outerBoundaryIs></Polygon></MultiGeometry></Placemark><Placemark><name>AS589-334</name><description>Household ID: AS589-334
Plot: Not recorded
Status: Not started</description><MultiGeometry><Polygon><outerBoundaryIs><LinearRing><coordinates>78.4053215,17.3543271,0 78.4053394,17.3542782,0 78.4053494,17.3542818,0 78.4053653,17.3542414,0 78.4053555,17.354238,0 78.4053754,17.3541853,0 78.4052573,17.3541442,0 78.4052028,17.3542893,0 78.4053215,17.3543271,0</coordinates></LinearRing></outerBoundaryIs></Polygon></MultiGeometry></Placemark><Placemark><name>AS589-335</name><description>Household ID: AS589-335
Plot: Not recorded
Status: Not started</description><MultiGeometry><Polygon><outerBoundaryIs><LinearRing><coordinates>78.4055004,17.3545284,0 78.4054737,17.3546045,0 78.4055422,17.3546261,0 78.4055809,17.3545164,0 78.4055452,17.3545029,0 78.4055422,17.3545116,0 78.40553,17.3545077,0 78.4055206,17.3545348,0 78.4055004,17.3545284,0</coordinates></LinearRing></outerBoundaryIs></Polygon></MultiGeometry></Placemark><Placemark><name>AS589-336</name><description>Household ID: AS589-336
Plot: Not recorded
Status: Not started</description><MultiGeometry><Polygon><outerBoundaryIs><LinearRing><coordinates>78.4057024,17.3545538,0 78.4056639,17.3546641,0 78.4057256,17.3546847,0 78.4057466,17.3546256,0 78.4057247,17.3546186,0 78.405727,17.354612,0 78.4057492,17.3546191,0 78.4057644,17.354574,0 78.4057024,17.3545538,0</coordinates></LinearRing></outerBoundaryIs></Polygon></MultiGeometry></Placemark><Placemark><name>AS589-337</name><description>Household ID: AS589-337
Plot: Not recorded
Status: Not started</description><MultiGeometry><Polygon><outerBoundaryIs><LinearRing><coordinates>78.4060151,17.3548507,0 78.406001,17.3548967,0 78.4060434,17.3549082,0 78.406057,17.354862,0 78.4060151,17.3548507,0</coordinates></LinearRing></outerBoundaryIs></Polygon></MultiGeometry></Placemark><Placemark><name>AS589-338</name><description>Household ID: AS589-338
Plot: Not recorded
Status: Not started</description><MultiGeometry><Polygon><outerBoundaryIs><LinearRing><coordinates>78.4057265,17.3546882,0 78.4056905,17.3547928,0 78.4058148,17.3548309,0 78.4058516,17.3547266,0 78.4057265,17.3546882,0</coordinates></LinearRing></outerBoundaryIs></Polygon></MultiGeometry></Placemark><Placemark><name>AS589-339</name><description>Household ID: AS589-339
Plot: Not recorded
Status: Not started</description><MultiGeometry><Polygon><outerBoundaryIs><LinearRing><coordinates>78.4054754,17.3543646,0 78.405478,17.3543568,0 78.405506,17.3543659,0 78.405524,17.3543167,0 78.4055134,17.3543134,0 78.4055109,17.3543206,0 78.4055034,17.3543183,0 78.4055058,17.354311,0 78.4054806,17.3543031,0 78.4054613,17.3543602,0 78.4054754,17.3543646,0</coordinates></LinearRing></outerBoundaryIs></Polygon></MultiGeometry></Placemark><Placemark><name>AS589-340</name><description>Household ID: AS589-340
Plot: Not recorded
Status: Not started</description><MultiGeometry><Polygon><outerBoundaryIs><LinearRing><coordinates>78.405506,17.3543659,0 78.4054784,17.3543569,0 78.4054719,17.3543696,0 78.405459,17.3543656,0 78.4054429,17.3544092,0 78.4054863,17.3544236,0 78.405506,17.3543659,0</coordinates></LinearRing></outerBoundaryIs></Polygon></MultiGeometry></Placemark><Placemark><name>AS589-341</name><description>Household ID: AS589-341
Plot: Not recorded
Status: Not started</description><MultiGeometry><Polygon><outerBoundaryIs><LinearRing><coordinates>78.4055885,17.3543385,0 78.4055733,17.354372,0 78.4056341,17.3543922,0 78.4056465,17.3543577,0 78.4055885,17.3543385,0</coordinates></LinearRing></outerBoundaryIs></Polygon></MultiGeometry></Placemark><Placemark><name>AS589-342</name><description>Household ID: AS589-342
Plot: Not recorded
Status: Not started</description><MultiGeometry><Polygon><outerBoundaryIs><LinearRing><coordinates>78.4056146,17.3544398,0 78.4055893,17.3544326,0 78.4055836,17.3544508,0 78.4056073,17.3544576,0 78.4056146,17.3544398,0</coordinates></LinearRing></outerBoundaryIs></Polygon></MultiGeometry></Placemark><Placemark><name>AS589-343</name><description>Household ID: AS589-343
Plot: Not recorded
Status: Not started</description><MultiGeometry><Polygon><outerBoundaryIs><LinearRing><coordinates>78.4057713,17.3546575,0 78.4057412,17.3546483,0 78.4057286,17.3546865,0 78.4057586,17.3546956,0 78.4057713,17.3546575,0</coordinates></LinearRing></outerBoundaryIs></Polygon></MultiGeometry></Placemark><Placemark><name>AS589-344</name><description>Household ID: AS589-344
Plot: Not recorded
Status: Not started</description><MultiGeometry><Polygon><outerBoundaryIs><LinearRing><coordinates>78.4058469,17.3547239,0 78.4058831,17.3546195,0 78.4058581,17.3546107,0 78.40585,17.3546338,0 78.4058324,17.3546288,0 78.4058049,17.3547109,0 78.4058469,17.3547239,0</coordinates></LinearRing></outerBoundaryIs></Polygon></MultiGeometry></Placemark><Placemark><name>AS589-345</name><description>Household ID: AS589-345
Plot: Not recorded
Status: Not started</description><MultiGeometry><Polygon><outerBoundaryIs><LinearRing><coordinates>78.4020955,17.3488071,0 78.402095,17.3487381,0 78.4020291,17.3487386,0 78.4020291,17.3487339,0 78.4019217,17.3487386,0 78.4019223,17.3488083,0 78.4020955,17.3488071,0</coordinates></LinearRing></outerBoundaryIs></Polygon></MultiGeometry></Placemark><Placemark><name>AS589-346</name><description>Household ID: AS589-346
Plot: Not recorded
Status: Not started</description><MultiGeometry><Polygon><outerBoundaryIs><LinearRing><coordinates>78.403062,17.3502787,0 78.4032342,17.3502761,0 78.4032329,17.3501902,0 78.4030607,17.3501927,0 78.403062,17.3502787,0</coordinates></LinearRing></outerBoundaryIs></Polygon></MultiGeometry></Placemark><Placemark><name>AS589-347</name><description>Household ID: AS589-347
Plot: Not recorded
Status: Not started</description><MultiGeometry><Polygon><outerBoundaryIs><LinearRing><coordinates>78.4025913,17.351936,0 78.4026176,17.3519743,0 78.402653,17.3519554,0 78.4026259,17.3519142,0 78.4025913,17.351936,0</coordinates></LinearRing></outerBoundaryIs></Polygon></MultiGeometry></Placemark><Placemark><name>AS589-348</name><description>Household ID: AS589-348
Plot: Not recorded
Status: Not started</description><MultiGeometry><Polygon><outerBoundaryIs><LinearRing><coordinates>78.4016378,17.3511119,0 78.401673,17.3511521,0 78.4017015,17.3511322,0 78.4016639,17.3510878,0 78.4016378,17.3511119,0</coordinates></LinearRing></outerBoundaryIs></Polygon></MultiGeometry></Placemark><Placemark><name>AS589-349</name><description>Household ID: AS589-349
Plot: Not recorded
Status: Not started</description><MultiGeometry><Polygon><outerBoundaryIs><LinearRing><coordinates>78.4051061,17.353885,0 78.4049733,17.3538394,0 78.4049395,17.3539301,0 78.4050723,17.3539758,0 78.4051061,17.353885,0</coordinates></LinearRing></outerBoundaryIs></Polygon></MultiGeometry></Placemark><Placemark><name>AS589-350</name><description>Household ID: AS589-350
Plot: Not recorded
Status: Not started</description><MultiGeometry><Polygon><outerBoundaryIs><LinearRing><coordinates>78.4057024,17.3545538,0 78.4056389,17.3545334,0 78.4056189,17.3545855,0 78.4056455,17.3545941,0 78.4056393,17.3546121,0 78.405612,17.3546033,0 78.405597,17.3546426,0 78.4056639,17.3546641,0 78.4057024,17.3545538,0</coordinates></LinearRing></outerBoundaryIs></Polygon></MultiGeometry></Placemark><Placemark><name>AS589-351</name><description>Household ID: AS589-351
Plot: Not recorded
Status: Not started</description><MultiGeometry><Polygon><outerBoundaryIs><LinearRing><coordinates>78.4059433,17.3547611,0 78.405918,17.3547528,0 78.4059074,17.3547829,0 78.4059326,17.3547912,0 78.4059433,17.3547611,0</coordinates></LinearRing></outerBoundaryIs></Polygon></MultiGeometry></Placemark><Placemark><name>AS589-352</name><description>Household ID: AS589-352
Plot: Not recorded
Status: Not started</description><MultiGeometry><Polygon><outerBoundaryIs><LinearRing><coordinates>78.4062405,17.3550749,0 78.4062359,17.3550701,0 78.406259,17.3550048,0 78.406267,17.3550075,0 78.4062751,17.3549853,0 78.4061813,17.3549561,0 78.4061661,17.355001,0 78.4062025,17.3550123,0 78.4061976,17.3550266,0 78.4061916,17.3550247,0 78.4061886,17.3550336,0 78.4061552,17.3550232,0 78.4061435,17.355058,0 78.4062357,17.3550874,0 78.4062405,17.3550749,0</coordinates></LinearRing></outerBoundaryIs></Polygon></MultiGeometry></Placemark><Placemark><name>AS589-353</name><description>Household ID: AS589-353
Plot: Not recorded
Status: Not started</description><MultiGeometry><Polygon><outerBoundaryIs><LinearRing><coordinates>78.4063416,17.3550636,0 78.4063189,17.3550547,0 78.4063112,17.355073,0 78.4063338,17.3550818,0 78.4063416,17.3550636,0</coordinates></LinearRing></outerBoundaryIs></Polygon></MultiGeometry></Placemark><Placemark><name>AS589-354</name><description>Household ID: AS589-354
Plot: Not recorded
Status: Not started</description><MultiGeometry><Polygon><outerBoundaryIs><LinearRing><coordinates>78.4063893,17.3550822,0 78.4063656,17.3550722,0 78.4063588,17.3550869,0 78.4063835,17.3550974,0 78.4063893,17.3550822,0</coordinates></LinearRing></outerBoundaryIs></Polygon></MultiGeometry></Placemark><Placemark><name>AS589-355</name><description>Household ID: AS589-355
Plot: Not recorded
Status: Not started</description><MultiGeometry><Polygon><outerBoundaryIs><LinearRing><coordinates>78.4063806,17.3551048,0 78.4063711,17.3551012,0 78.406364,17.3551185,0 78.4063739,17.3551223,0 78.4063806,17.3551048,0</coordinates></LinearRing></outerBoundaryIs></Polygon></MultiGeometry></Placemark><Placemark><name>AS589-356</name><description>Household ID: AS589-356
Plot: Not recorded
Status: Not started</description><MultiGeometry><Polygon><outerBoundaryIs><LinearRing><coordinates>78.4062434,17.3551592,0 78.406275,17.3550769,0 78.4063032,17.3550878,0 78.4063165,17.3550532,0 78.4062574,17.3550314,0 78.4062122,17.355148,0 78.4062434,17.3551592,0</coordinates></LinearRing></outerBoundaryIs></Polygon></MultiGeometry></Placemark><Placemark><name>AS589-357</name><description>Household ID: AS589-357
Plot: Not recorded
Status: Not started</description><MultiGeometry><Polygon><outerBoundaryIs><LinearRing><coordinates>78.4071388,17.3561117,0 78.4071495,17.356098,0 78.4071618,17.3561057,0 78.4071686,17.3560944,0 78.4071317,17.3560752,0 78.4071148,17.3560945,0 78.4071388,17.3561117,0</coordinates></LinearRing></outerBoundaryIs></Polygon></MultiGeometry></Placemark><Placemark><name>AS589-358</name><description>Household ID: AS589-358
Plot: Not recorded
Status: Not started</description><MultiGeometry><Polygon><outerBoundaryIs><LinearRing><coordinates>78.4072862,17.3561543,0 78.4072178,17.3561244,0 78.4071826,17.3561914,0 78.4072503,17.3562276,0 78.4072862,17.3561543,0</coordinates></LinearRing></outerBoundaryIs></Polygon></MultiGeometry></Placemark><Placemark><name>AS589-359</name><description>Household ID: AS589-359
Plot: Not recorded
Status: Not started</description><MultiGeometry><Polygon><outerBoundaryIs><LinearRing><coordinates>78.406947,17.3559194,0 78.4069753,17.3559434,0 78.4070359,17.3558796,0 78.4070058,17.3558535,0 78.406947,17.3559194,0</coordinates></LinearRing></outerBoundaryIs></Polygon></MultiGeometry></Placemark><Placemark><name>AS589-360</name><description>Household ID: AS589-360
Plot: Not recorded
Status: Not started</description><MultiGeometry><Polygon><outerBoundaryIs><LinearRing><coordinates>78.4075798,17.3564563,0 78.4075205,17.3564255,0 78.4074945,17.3564719,0 78.4075557,17.3565037,0 78.4075798,17.3564563,0</coordinates></LinearRing></outerBoundaryIs></Polygon></MultiGeometry></Placemark><Placemark><name>AS589-361</name><description>Household ID: AS589-361
Plot: Not recorded
Status: Not started</description><MultiGeometry><Polygon><outerBoundaryIs><LinearRing><coordinates>78.4076547,17.3566748,0 78.4076208,17.3566571,0 78.4076053,17.3566846,0 78.4076391,17.3567023,0 78.4076547,17.3566748,0</coordinates></LinearRing></outerBoundaryIs></Polygon></MultiGeometry></Placemark><Placemark><name>AS589-362</name><description>Household ID: AS589-362
Plot: Not recorded
Status: Not started</description><MultiGeometry><Polygon><outerBoundaryIs><LinearRing><coordinates>78.4077894,17.3567562,0 78.4077751,17.3567489,0 78.4077664,17.3567646,0 78.4077807,17.3567719,0 78.4077894,17.3567562,0</coordinates></LinearRing></outerBoundaryIs></Polygon></MultiGeometry></Placemark><Placemark><name>AS589-363</name><description>Household ID: AS589-363
Plot: Not recorded
Status: Not started</description><MultiGeometry><Polygon><outerBoundaryIs><LinearRing><coordinates>78.3980695,17.3399613,0 78.3981404,17.3399364,0 78.3981159,17.3398698,0 78.3980443,17.3398946,0 78.3980695,17.3399613,0</coordinates></LinearRing></outerBoundaryIs></Polygon></MultiGeometry></Placemark><Placemark><name>AS589-364</name><description>Household ID: AS589-364
Plot: Not recorded
Status: Not started</description><MultiGeometry><Polygon><outerBoundaryIs><LinearRing><coordinates>78.407531,17.3622919,0 78.4075212,17.362203,0 78.4073917,17.3622211,0 78.4074009,17.3622818,0 78.407407,17.3622809,0 78.4074112,17.3623086,0 78.407531,17.3622919,0</coordinates></LinearRing></outerBoundaryIs></Polygon></MultiGeometry></Placemark><Placemark><name>AS589-365</name><description>Household ID: AS589-365
Plot: Not recorded
Status: Not started</description><MultiGeometry><Polygon><outerBoundaryIs><LinearRing><coordinates>78.407021,17.3627485,0 78.4071235,17.362734,0 78.4071301,17.3627216,0 78.4071276,17.3627002,0 78.407132,17.3626996,0 78.4071311,17.3626941,0 78.4071556,17.3626907,0 78.4071613,17.3626825,0 78.4071554,17.3626338,0 78.4069969,17.3626559,0 78.407006,17.3627165,0 78.4070139,17.3627154,0 78.407021,17.3627485,0</coordinates></LinearRing></outerBoundaryIs></Polygon></MultiGeometry></Placemark><Placemark><name>AS589-366</name><description>Household ID: AS589-366
Plot: Not recorded
Status: Not started</description><MultiGeometry><Polygon><outerBoundaryIs><LinearRing><coordinates>78.4094827,17.3626096,0 78.4095354,17.3625391,0 78.4096308,17.3623943,0 78.4095903,17.3623682,0 78.4095546,17.3624234,0 78.4095678,17.3624319,0 78.4095,17.3625288,0 78.4095042,17.3625316,0 78.4094961,17.3625433,0 78.4094732,17.3625255,0 78.4094588,17.3625462,0 78.409482,17.3625634,0 78.4094599,17.3625949,0 78.4094827,17.3626096,0</coordinates></LinearRing></outerBoundaryIs></Polygon></MultiGeometry></Placemark><Placemark><name>AS589-367</name><description>Household ID: AS589-367
Plot: Not recorded
Status: Not started</description><MultiGeometry><Polygon><outerBoundaryIs><LinearRing><coordinates>78.4094359,17.3626821,0 78.4093673,17.362668,0 78.4093604,17.3626988,0 78.4094233,17.3627144,0 78.4094415,17.3626878,0 78.4094349,17.3626864,0 78.4094359,17.3626821,0</coordinates></LinearRing></outerBoundaryIs></Polygon></MultiGeometry></Placemark><Placemark><name>AS589-368</name><description>Household ID: AS589-368
Plot: Not recorded
Status: Not started</description><MultiGeometry><Polygon><outerBoundaryIs><LinearRing><coordinates>78.4116126,17.3729156,0 78.4116056,17.3728696,0 78.4114937,17.372879,0 78.411226,17.3728903,0 78.4112367,17.372931,0 78.4116126,17.3729156,0</coordinates></LinearRing></outerBoundaryIs></Polygon></MultiGeometry></Placemark><Placemark><name>AS589-369</name><description>Household ID: AS589-369
Plot: Not recorded
Status: Not started</description><MultiGeometry><Polygon><outerBoundaryIs><LinearRing><coordinates>78.4037535,17.3685204,0 78.4037675,17.3685596,0 78.4038364,17.3685369,0 78.4038223,17.3684977,0 78.4037535,17.3685204,0</coordinates></LinearRing></outerBoundaryIs></Polygon></MultiGeometry></Placemark><Placemark><name>AS589-370</name><description>Household ID: AS589-370
Plot: Not recorded
Status: Not started</description><MultiGeometry><Polygon><outerBoundaryIs><LinearRing><coordinates>78.4043808,17.3683052,0 78.4043538,17.3682022,0 78.4040341,17.3682792,0 78.404061,17.3683823,0 78.4043808,17.3683052,0</coordinates></LinearRing></outerBoundaryIs></Polygon></MultiGeometry></Placemark><Placemark><name>AS589-371</name><description>Household ID: AS589-371
Plot: Not recorded
Status: Not started</description><MultiGeometry><Polygon><outerBoundaryIs><LinearRing><coordinates>78.40462,17.3682473,0 78.4045914,17.3681405,0 78.4044971,17.3681638,0 78.4045257,17.3682705,0 78.40462,17.3682473,0</coordinates></LinearRing></outerBoundaryIs></Polygon></MultiGeometry></Placemark><Placemark><name>AS589-372</name><description>Household ID: AS589-372
Plot: Not recorded
Status: Not started</description><MultiGeometry><Polygon><outerBoundaryIs><LinearRing><coordinates>78.4047565,17.3681457,0 78.4046969,17.3679042,0 78.4045741,17.3679322,0 78.4046337,17.3681737,0 78.4047565,17.3681457,0</coordinates></LinearRing></outerBoundaryIs></Polygon></MultiGeometry></Placemark><Placemark><name>AS589-373</name><description>Household ID: AS589-373
Plot: Not recorded
Status: Not started</description><MultiGeometry><Polygon><outerBoundaryIs><LinearRing><coordinates>78.4064717,17.3671338,0 78.4064503,17.3670845,0 78.406327,17.3671338,0 78.4063484,17.3671832,0 78.4064717,17.3671338,0</coordinates></LinearRing></outerBoundaryIs></Polygon></MultiGeometry></Placemark><Placemark><name>AS589-374</name><description>Household ID: AS589-374
Plot: Not recorded
Status: Not started</description><MultiGeometry><Polygon><outerBoundaryIs><LinearRing><coordinates>78.4064219,17.3670451,0 78.4064002,17.3669981,0 78.4063109,17.3670362,0 78.4063319,17.3670835,0 78.4064219,17.3670451,0</coordinates></LinearRing></outerBoundaryIs></Polygon></MultiGeometry></Placemark><Placemark><name>AS589-375</name><description>Household ID: AS589-375
Plot: Not recorded
Status: Not started</description><MultiGeometry><Polygon><outerBoundaryIs><LinearRing><coordinates>78.4063817,17.3669517,0 78.4063646,17.3669138,0 78.4063552,17.3669179,0 78.4063491,17.366905,0 78.4062672,17.366939,0 78.4062901,17.3669898,0 78.4063817,17.3669517,0</coordinates></LinearRing></outerBoundaryIs></Polygon></MultiGeometry></Placemark><Placemark><name>AS589-376</name><description>Household ID: AS589-376
Plot: Not recorded
Status: Not started</description><MultiGeometry><Polygon><outerBoundaryIs><LinearRing><coordinates>78.3987858,17.3334026,0 78.3988015,17.3334566,0 78.3988135,17.3334531,0 78.398817,17.3334661,0 78.3988388,17.3335603,0 78.3988245,17.3335666,0 78.3988328,17.333614,0 78.3988463,17.3336141,0 78.3988739,17.3337701,0 78.3989653,17.333749,0 78.3988638,17.3333764,0 78.3987858,17.3334026,0</coordinates></LinearRing></outerBoundaryIs></Polygon></MultiGeometry></Placemark><Placemark><name>AS589-377</name><description>Household ID: AS589-377
Plot: Not recorded
Status: Not started</description><MultiGeometry><Polygon><outerBoundaryIs><LinearRing><coordinates>78.3993582,17.3682906,0 78.3997965,17.36827,0 78.3997728,17.3680104,0 78.3993523,17.3680061,0 78.3993582,17.3682906,0</coordinates></LinearRing></outerBoundaryIs></Polygon></MultiGeometry></Placemark><Placemark><name>AS589-378</name><description>Household ID: AS589-378
Plot: Not recorded
Status: Not started</description><MultiGeometry><Polygon><outerBoundaryIs><LinearRing><coordinates>78.3999048,17.3680016,0 78.3999076,17.3678723,0 78.3998691,17.3678715,0 78.3998698,17.3678391,0 78.3997978,17.3678377,0 78.399797,17.36787,0 78.3998512,17.3678711,0 78.3998511,17.3678757,0 78.3997936,17.3678745,0 78.3997909,17.3679993,0 78.3999048,17.3680016,0</coordinates></LinearRing></outerBoundaryIs></Polygon></MultiGeometry></Placemark><Placemark><name>AS589-379</name><description>Household ID: AS589-379
Plot: Not recorded
Status: Not started</description><MultiGeometry><Polygon><outerBoundaryIs><LinearRing><coordinates>78.3994652,17.3688052,0 78.3994759,17.368646,0 78.3995187,17.3686485,0 78.3995193,17.3686404,0 78.3995366,17.3686414,0 78.39954,17.3685873,0 78.3996276,17.3685924,0 78.3996379,17.3684297,0 78.3993854,17.3684163,0 78.3993718,17.3686317,0 78.3994435,17.3686375,0 78.3994431,17.3686441,0 78.3993701,17.3686361,0 78.3993598,17.3687731,0 78.399371,17.368774,0 78.3993688,17.3688005,0 78.3994652,17.3688052,0</coordinates></LinearRing></outerBoundaryIs></Polygon></MultiGeometry></Placemark><Placemark><name>AS589-380</name><description>Household ID: AS589-380
Plot: Not recorded
Status: Not started</description><MultiGeometry><Polygon><outerBoundaryIs><LinearRing><coordinates>78.4004423,17.3681865,0 78.4003784,17.368157,0 78.4003682,17.3681783,0 78.4004328,17.3682066,0 78.4004423,17.3681865,0</coordinates></LinearRing></outerBoundaryIs></Polygon><Polygon><outerBoundaryIs><LinearRing><coordinates>78.4004636,17.3682228,0 78.4003414,17.3681858,0 78.4003291,17.3682459,0 78.400394,17.3682586,0 78.4004603,17.3682617,0 78.4004695,17.3682307,0 78.4004618,17.3682289,0 78.4004636,17.3682228,0</coordinates></LinearRing></outerBoundaryIs></Polygon></MultiGeometry></Placemark><Placemark><name>AS589-381</name><description>Household ID: AS589-381
Plot: Not recorded
Status: Not started</description><MultiGeometry><Polygon><outerBoundaryIs><LinearRing><coordinates>78.4127395,17.3700671,0 78.4128276,17.370093,0 78.4128531,17.370013,0 78.4127651,17.3699871,0 78.4127395,17.3700671,0</coordinates></LinearRing></outerBoundaryIs></Polygon></MultiGeometry></Placemark><Placemark><name>AS589-382</name><description>Household ID: AS589-382
Plot: Not recorded
Status: Not started</description><MultiGeometry><Polygon><outerBoundaryIs><LinearRing><coordinates>78.4127016,17.3701726,0 78.4126512,17.3703475,0 78.4127092,17.370361,0 78.4127126,17.3703482,0 78.4127485,17.3703568,0 78.4127529,17.3703389,0 78.4128283,17.3703559,0 78.4128433,17.3703013,0 78.4128335,17.3702986,0 78.412856,17.3702112,0 78.4127016,17.3701726,0</coordinates></LinearRing></outerBoundaryIs></Polygon></MultiGeometry></Placemark><Placemark><name>AS589-383</name><description>Household ID: AS589-383
Plot: Not recorded
Status: Not started</description><MultiGeometry><Polygon><outerBoundaryIs><LinearRing><coordinates>78.4127007,17.3701759,0 78.412621,17.3701543,0 78.4125929,17.3702503,0 78.4126734,17.3702706,0 78.4127007,17.3701759,0</coordinates></LinearRing></outerBoundaryIs></Polygon></MultiGeometry></Placemark><Placemark><name>AS589-384</name><description>Household ID: AS589-384
Plot: Not recorded
Status: Not started</description><MultiGeometry><Polygon><outerBoundaryIs><LinearRing><coordinates>78.4126734,17.3702706,0 78.4126458,17.3702636,0 78.412641,17.3702811,0 78.4126683,17.3702882,0 78.4126734,17.3702706,0</coordinates></LinearRing></outerBoundaryIs></Polygon></MultiGeometry></Placemark><Placemark><name>AS589-385</name><description>Household ID: AS589-385
Plot: Not recorded
Status: Not started</description><MultiGeometry><Polygon><outerBoundaryIs><LinearRing><coordinates>78.4126393,17.3702871,0 78.4126458,17.3702636,0 78.4126329,17.3702604,0 78.4126265,17.3702839,0 78.4126393,17.3702871,0</coordinates></LinearRing></outerBoundaryIs></Polygon></MultiGeometry></Placemark><Placemark><name>AS589-386</name><description>Household ID: AS589-386
Plot: Not recorded
Status: Not started</description><MultiGeometry><Polygon><outerBoundaryIs><LinearRing><coordinates>78.4126692,17.3703517,0 78.412645,17.3703458,0 78.4126382,17.3703687,0 78.412643,17.3703696,0 78.4126413,17.3703958,0 78.4126629,17.3703984,0 78.4126692,17.3703517,0</coordinates></LinearRing></outerBoundaryIs></Polygon></MultiGeometry></Placemark><Placemark><name>AS589-387</name><description>Household ID: AS589-387
Plot: Not recorded
Status: Not started</description><MultiGeometry><Polygon><outerBoundaryIs><LinearRing><coordinates>78.4131664,17.3700011,0 78.4133008,17.3700428,0 78.4133307,17.3699536,0 78.4131963,17.3699119,0 78.4131664,17.3700011,0</coordinates></LinearRing></outerBoundaryIs></Polygon></MultiGeometry></Placemark><Placemark><name>AS589-388</name><description>Household ID: AS589-388
Plot: Not recorded
Status: Not started</description><MultiGeometry><Polygon><outerBoundaryIs><LinearRing><coordinates>78.4129217,17.3703004,0 78.4129764,17.3703076,0 78.4129915,17.3702627,0 78.4130322,17.3702746,0 78.4130388,17.3702514,0 78.4130817,17.3702635,0 78.4130884,17.370241,0 78.4131298,17.3702526,0 78.4131277,17.3702605,0 78.4131658,17.3702689,0 78.4131743,17.3702394,0 78.4131835,17.3702419,0 78.4131961,17.3701989,0 78.4129754,17.3701341,0 78.4129217,17.3703004,0</coordinates></LinearRing></outerBoundaryIs></Polygon></MultiGeometry></Placemark><Placemark><name>AS589-389</name><description>Household ID: AS589-389
Plot: Not recorded
Status: Not started</description><MultiGeometry><Polygon><outerBoundaryIs><LinearRing><coordinates>78.4134985,17.3702023,0 78.4135339,17.3702123,0 78.4135482,17.3701653,0 78.4135761,17.3701728,0 78.4135865,17.3701371,0 78.4135252,17.3701202,0 78.4134985,17.3702023,0</coordinates></LinearRing></outerBoundaryIs></Polygon></MultiGeometry></Placemark><Placemark><name>a3e34</name><description>Household ID: AS589-390
Plot: Not recorded
Status: Not started</description><MultiGeometry><Polygon><outerBoundaryIs><LinearRing><coordinates>78.4102781,17.3616977,0 78.4103955,17.3615736,0 78.4103988,17.3615766,0 78.4104085,17.3615669,0 78.410386,17.3615463,0 78.410277,17.3616581,0 78.4102735,17.3616548,0 78.4102534,17.3616751,0 78.4102781,17.3616977,0</coordinates></LinearRing></outerBoundaryIs></Polygon></MultiGeometry></Placemark><Placemark><name>a3e34</name><description>Household ID: AS589-391
Plot: Not recorded
Status: Not started</description><MultiGeometry><Polygon><outerBoundaryIs><LinearRing><coordinates>78.410141,17.3618497,0 78.4101975,17.3617774,0 78.41028,17.361702,0 78.4102558,17.3616783,0 78.4101995,17.3617274,0 78.4101948,17.3617232,0 78.4101627,17.3617503,0 78.4101387,17.3617787,0 78.4101538,17.3617905,0 78.4101459,17.3617998,0 78.4101411,17.3617961,0 78.4101137,17.3618284,0 78.410141,17.3618497,0</coordinates></LinearRing></outerBoundaryIs></Polygon></MultiGeometry></Placemark><Placemark><name>3609f</name><description>Household ID: AS589-392
Plot: 123
Status: Not started</description><MultiGeometry><Polygon><outerBoundaryIs><LinearRing><coordinates>78.4123828,17.3723672,0 78.4123552,17.3723659,0 78.4123552,17.3723922,0 78.4123827,17.3723922,0 78.4123828,17.3723672,0</coordinates></LinearRing></outerBoundaryIs></Polygon><Polygon><outerBoundaryIs><LinearRing><coordinates>78.4123511,17.3724311,0 78.4123488,17.3723638,0 78.4120246,17.3723672,0 78.4120259,17.3724703,0 78.4123105,17.3724669,0 78.4123101,17.3724325,0 78.4123511,17.3724311,0</coordinates></LinearRing></outerBoundaryIs></Polygon></MultiGeometry></Placemark><Placemark><name>8b986</name><description>Household ID: AS589-393
Plot: Not recorded
Status: Not started</description><MultiGeometry><Polygon><outerBoundaryIs><LinearRing><coordinates>78.412317,17.3726209,0 78.4123917,17.3726186,0 78.4123885,17.3725177,0 78.4123799,17.3725175,0 78.4123798,17.3724996,0 78.4123695,17.3724995,0 78.4123683,17.3724679,0 78.4122638,17.3724675,0 78.4122701,17.3726158,0 78.412317,17.3726149,0 78.412317,17.3726209,0</coordinates></LinearRing></outerBoundaryIs></Polygon></MultiGeometry></Placemark><Placemark><name>AS589-394</name><description>Household ID: AS589-394
Plot: Not recorded
Status: Not started</description><MultiGeometry><Polygon><outerBoundaryIs><LinearRing><coordinates>78.4119578,17.3723453,0 78.412157,17.3723354,0 78.4121636,17.3722208,0 78.4121048,17.3721629,0 78.4120039,17.3721631,0 78.4119445,17.3722292,0 78.4119578,17.3723453,0</coordinates></LinearRing></outerBoundaryIs></Polygon></MultiGeometry></Placemark><Placemark><name>AS589-395</name><description>Household ID: AS589-395
Plot: Not recorded
Status: Not started</description><MultiGeometry><Polygon><outerBoundaryIs><LinearRing><coordinates>78.4126382,17.371985,0 78.4126284,17.3719345,0 78.4125621,17.3719464,0 78.4125719,17.3719968,0 78.4126382,17.371985,0</coordinates></LinearRing></outerBoundaryIs></Polygon></MultiGeometry></Placemark><Placemark><name>AS589-396</name><description>Household ID: AS589-396
Plot: Not recorded
Status: Not started</description><MultiGeometry><Polygon><outerBoundaryIs><LinearRing><coordinates>78.412722,17.3719724,0 78.4127122,17.371922,0 78.4126459,17.3719339,0 78.4126557,17.3719843,0 78.412722,17.3719724,0</coordinates></LinearRing></outerBoundaryIs></Polygon></MultiGeometry></Placemark><Placemark><name>1d2ad</name><description>Household ID: AS589-397
Plot: Not recorded
Status: Not started</description><MultiGeometry><Polygon><outerBoundaryIs><LinearRing><coordinates>78.4129038,17.371897,0 78.4129745,17.3718811,0 78.4129615,17.3718146,0 78.41289,17.3718302,0 78.4129038,17.371897,0</coordinates></LinearRing></outerBoundaryIs></Polygon></MultiGeometry></Placemark><Placemark><name>c14e0</name><description>Household ID: AS589-398
Plot: Not recorded
Status: Not started</description><MultiGeometry><Polygon><outerBoundaryIs><LinearRing><coordinates>78.4129735,17.3721481,0 78.4130975,17.372114,0 78.413067,17.3720114,0 78.412943,17.3720455,0 78.4129735,17.3721481,0</coordinates></LinearRing></outerBoundaryIs></Polygon></MultiGeometry></Placemark><Placemark><name>6e897</name><description>Household ID: AS589-399
Plot: Not recorded
Status: Not started</description><MultiGeometry><Polygon><outerBoundaryIs><LinearRing><coordinates>78.4124716,17.372012,0 78.4125379,17.3720002,0 78.4125281,17.3719497,0 78.4124618,17.3719616,0 78.4124716,17.372012,0</coordinates></LinearRing></outerBoundaryIs></Polygon></MultiGeometry></Placemark><Placemark><name>de681</name><description>Household ID: AS589-400
Plot: Not recorded
Status: Not started</description><MultiGeometry><Polygon><outerBoundaryIs><LinearRing><coordinates>78.4123582,17.3720329,0 78.4124248,17.3720212,0 78.412415,17.3719694,0 78.4123483,17.371981,0 78.4123582,17.3720329,0</coordinates></LinearRing></outerBoundaryIs></Polygon></MultiGeometry></Placemark><Placemark><name>99f07</name><description>Household ID: AS589-401
Plot: Not recorded
Status: Not started</description><MultiGeometry><Polygon><outerBoundaryIs><LinearRing><coordinates>78.412732,17.3721513,0 78.4128175,17.3721462,0 78.412814,17.3720926,0 78.4127285,17.3720977,0 78.412732,17.3721513,0</coordinates></LinearRing></outerBoundaryIs></Polygon></MultiGeometry></Placemark><Placemark><name>aa6f7</name><description>Household ID: AS589-402
Plot: Not recorded
Status: Not started</description><MultiGeometry><Polygon><outerBoundaryIs><LinearRing><coordinates>78.4127432,17.3722784,0 78.4127808,17.3722752,0 78.4127777,17.3722424,0 78.4127401,17.3722456,0 78.4127432,17.3722784,0</coordinates></LinearRing></outerBoundaryIs></Polygon></MultiGeometry></Placemark><Placemark><name>099e5</name><description>Household ID: AS589-403
Plot: Not recorded
Status: Not started</description><MultiGeometry><Polygon><outerBoundaryIs><LinearRing><coordinates>78.4127387,17.3722916,0 78.412733,17.3723471,0 78.4128898,17.3723542,0 78.412891,17.3723309,0 78.4128775,17.3723303,0 78.4128778,17.3723234,0 78.4128666,17.3723229,0 78.4128678,17.3722975,0 78.4127387,17.3722916,0</coordinates></LinearRing></outerBoundaryIs></Polygon></MultiGeometry></Placemark><Placemark><name>c8fc5</name><description>Household ID: AS589-404
Plot: Not recorded
Status: Not started</description><MultiGeometry><Polygon><outerBoundaryIs><LinearRing><coordinates>78.4130234,17.3706124,0 78.4130163,17.3705786,0 78.412852,17.370609,0 78.4128597,17.3706474,0 78.4130234,17.3706124,0</coordinates></LinearRing></outerBoundaryIs></Polygon></MultiGeometry></Placemark><Placemark><name>45fdd</name><description>Household ID: AS589-405
Plot: Not recorded
Status: Not started</description><MultiGeometry><Polygon><outerBoundaryIs><LinearRing><coordinates>78.4132783,17.3705404,0 78.4134023,17.3705078,0 78.4133867,17.370453,0 78.4132627,17.3704856,0 78.4132783,17.3705404,0</coordinates></LinearRing></outerBoundaryIs></Polygon></MultiGeometry></Placemark><Placemark><name>c8296</name><description>Household ID: AS589-406
Plot: Not recorded
Status: Not started</description><MultiGeometry><Polygon><outerBoundaryIs><LinearRing><coordinates>78.4129928,17.3704619,0 78.413019,17.3705921,0 78.4131635,17.3705653,0 78.4131373,17.3704351,0 78.4129928,17.3704619,0</coordinates></LinearRing></outerBoundaryIs></Polygon></MultiGeometry></Placemark><Placemark><name>a9149</name><description>Household ID: AS589-407
Plot: Not recorded
Status: Not started</description><MultiGeometry><Polygon><outerBoundaryIs><LinearRing><coordinates>78.4089955,17.3630916,0 78.4090007,17.3630934,0 78.4089937,17.363118,0 78.4090106,17.3631223,0 78.4090215,17.3630852,0 78.4089999,17.3630781,0 78.4089955,17.3630916,0</coordinates></LinearRing></outerBoundaryIs></Polygon></MultiGeometry></Placemark><Placemark><name>432ac</name><description>Household ID: AS589-408
Plot: Not recorded
Status: Not started</description><MultiGeometry><Polygon><outerBoundaryIs><LinearRing><coordinates>78.4089562,17.3632348,0 78.4089829,17.3632433,0 78.4089932,17.363213,0 78.408986,17.3632109,0 78.4090068,17.3631614,0 78.4089509,17.3631456,0 78.4089057,17.3632839,0 78.4089379,17.3632923,0 78.4089562,17.3632348,0</coordinates></LinearRing></outerBoundaryIs></Polygon></MultiGeometry></Placemark><Placemark><name>cc0c5</name><description>Household ID: AS589-409
Plot: Villa no 71
Status: Not started</description><MultiGeometry><Polygon><outerBoundaryIs><LinearRing><coordinates>78.4077002,17.3622689,0 78.4076846,17.3621752,0 78.4075579,17.3621951,0 78.4075676,17.3622884,0 78.4077002,17.3622689,0</coordinates></LinearRing></outerBoundaryIs></Polygon></MultiGeometry></Placemark><Placemark><name>97a94</name><description>Household ID: AS589-410
Plot: Villa no 102
Status: Not started</description><MultiGeometry><Polygon><outerBoundaryIs><LinearRing><coordinates>78.4095665,17.3607933,0 78.4095592,17.3607432,0 78.4095211,17.3607483,0 78.4095075,17.3606825,0 78.4094163,17.3606948,0 78.4094185,17.3607096,0 78.4093724,17.3607157,0 78.4093824,17.3607849,0 78.409388,17.3607842,0 78.4093927,17.3608166,0 78.4095665,17.3607933,0</coordinates></LinearRing></outerBoundaryIs></Polygon></MultiGeometry></Placemark><Placemark><name>62f9a</name><description>Household ID: AS589-411
Plot: Plot no 356
Status: Not started</description><MultiGeometry><Polygon><outerBoundaryIs><LinearRing><coordinates>78.4081703,17.3567552,0 78.4081391,17.3567989,0 78.4081745,17.3568222,0 78.4082056,17.3567785,0 78.4081703,17.3567552,0</coordinates></LinearRing></outerBoundaryIs></Polygon></MultiGeometry></Placemark><Placemark><name>cce66</name><description>Household ID: AS589-412
Plot: Plot No. 356/3
Status: Not started</description><MultiGeometry><Polygon><outerBoundaryIs><LinearRing><coordinates>78.4082474,17.3568069,0 78.4082857,17.3568366,0 78.4083063,17.3568077,0 78.408302,17.3568049,0 78.408349,17.3567273,0 78.4083306,17.356717,0 78.4083448,17.3566875,0 78.4083272,17.3566752,0 78.4082474,17.3568069,0</coordinates></LinearRing></outerBoundaryIs></Polygon></MultiGeometry></Placemark><Placemark><name>06368</name><description>Household ID: AS589-413
Plot: 3-7-400/MR/355
Status: Not started</description><MultiGeometry><Polygon><outerBoundaryIs><LinearRing><coordinates>78.4080055,17.3566166,0 78.4079575,17.356688,0 78.4079735,17.3566979,0 78.4079378,17.356751,0 78.4079763,17.356775,0 78.4079731,17.3567796,0 78.4080591,17.3568265,0 78.4080968,17.3567705,0 78.4081099,17.3567787,0 78.408159,17.3567119,0 78.4081186,17.3566868,0 78.4081262,17.3566755,0 78.4080527,17.3566298,0 78.408045,17.3566412,0 78.4080055,17.3566166,0</coordinates></LinearRing></outerBoundaryIs></Polygon></MultiGeometry></Placemark><Placemark><name>50efa</name><description>Household ID: AS589-414
Plot: 3-7-400/MR/355
Status: Not started</description><MultiGeometry><Polygon><outerBoundaryIs><LinearRing><coordinates>78.4080334,17.3568997,0 78.4080722,17.3569208,0 78.4081106,17.3568557,0 78.4080718,17.3568347,0 78.4080334,17.3568997,0</coordinates></LinearRing></outerBoundaryIs></Polygon></MultiGeometry></Placemark><Placemark><name>2de1b</name><description>Household ID: AS589-415
Plot: Not recorded
Status: Not started</description><MultiGeometry><Polygon><outerBoundaryIs><LinearRing><coordinates>78.4083656,17.3569083,0 78.4083048,17.3568524,0 78.4082557,17.3569445,0 78.4083287,17.35699,0 78.4083559,17.3569474,0 78.4083447,17.3569408,0 78.4083656,17.3569083,0</coordinates></LinearRing></outerBoundaryIs></Polygon></MultiGeometry></Placemark><Placemark><name>beebc</name><description>Household ID: AS589-416
Plot: 3-7-400/357/P
Status: Not started</description><MultiGeometry><Polygon><outerBoundaryIs><LinearRing><coordinates>78.4082949,17.3570223,0 78.4082626,17.3570046,0 78.4082814,17.3569728,0 78.4082496,17.3569554,0 78.4082126,17.3570179,0 78.4082444,17.3570353,0 78.4082525,17.3570216,0 78.4082872,17.3570405,0 78.4082949,17.3570223,0</coordinates></LinearRing></outerBoundaryIs></Polygon></MultiGeometry></Placemark><Placemark><name>60dd9</name><description>Household ID: AS589-417
Plot: 3-7-400/Mr/355/1//A
Status: Not started</description><MultiGeometry><Polygon><outerBoundaryIs><LinearRing><coordinates>78.4080904,17.3566333,0 78.4081232,17.3566549,0 78.408129,17.3566468,0 78.4081386,17.3566531,0 78.4081328,17.3566612,0 78.4081537,17.356675,0 78.4082145,17.35659,0 78.4081445,17.3565439,0 78.4081191,17.3565816,0 78.4081282,17.3565872,0 78.4081149,17.356607,0 78.408108,17.3566027,0 78.4080904,17.3566333,0</coordinates></LinearRing></outerBoundaryIs></Polygon></MultiGeometry></Placemark><Placemark><name>b45fe</name><description>Household ID: AS589-418
Plot: Not recorded
Status: Not started</description><MultiGeometry><Polygon><outerBoundaryIs><LinearRing><coordinates>78.4087394,17.3571993,0 78.4086348,17.3572909,0 78.408688,17.3573453,0 78.4087912,17.3572523,0 78.4087394,17.3571993,0</coordinates></LinearRing></outerBoundaryIs></Polygon></MultiGeometry></Placemark><Placemark><name>6609c</name><description>Household ID: AS589-419
Plot: Not recorded
Status: Not started</description><MultiGeometry><Polygon><outerBoundaryIs><LinearRing><coordinates>78.4086348,17.3572909,0 78.408746,17.3571934,0 78.4086737,17.3571048,0 78.4085441,17.3572165,0 78.4085763,17.3572495,0 78.4085798,17.3572463,0 78.4085936,17.3572559,0 78.4086348,17.3572909,0</coordinates></LinearRing></outerBoundaryIs></Polygon></MultiGeometry></Placemark><Placemark><name>9a7fd</name><description>Household ID: AS589-420
Plot: 367
Status: Not started</description><MultiGeometry><Polygon><outerBoundaryIs><LinearRing><coordinates>78.4075963,17.3560582,0 78.4076287,17.3560728,0 78.407655,17.3560241,0 78.4075915,17.3559924,0 78.4075652,17.3560412,0 78.4075753,17.3560462,0 78.4075716,17.3560532,0 78.4074038,17.3559696,0 78.4073454,17.3560775,0 78.407562,17.3561855,0 78.4076124,17.3560922,0 78.4075852,17.3560786,0 78.4075963,17.3560582,0</coordinates></LinearRing></outerBoundaryIs></Polygon></MultiGeometry></Placemark><Placemark><name>40972</name><description>Household ID: AS589-421
Plot: Not recorded
Status: Not started</description><MultiGeometry><Polygon><outerBoundaryIs><LinearRing><coordinates>78.4076736,17.355617,0 78.407559,17.3558175,0 78.4077198,17.3559038,0 78.4077993,17.3557708,0 78.4077689,17.355755,0 78.407787,17.3557229,0 78.4077707,17.3557128,0 78.4077738,17.3557072,0 78.4077573,17.3556986,0 78.4077593,17.355695,0 78.4077508,17.3556905,0 78.4077534,17.3556859,0 78.4077449,17.3556814,0 78.4077471,17.3556776,0 78.4077253,17.3556604,0 78.4077276,17.3556564,0 78.4077111,17.355645,0 78.4077133,17.3556411,0 78.4077065,17.3556342,0 78.4076736,17.355617,0</coordinates></LinearRing></outerBoundaryIs></Polygon></MultiGeometry></Placemark><Placemark><name>ef5ad</name><description>Household ID: AS589-422
Plot: Plot no 366
Status: Not started</description><MultiGeometry><Polygon><outerBoundaryIs><LinearRing><coordinates>78.4076535,17.3562446,0 78.4076876,17.3561908,0 78.4076545,17.3561735,0 78.4076232,17.3562288,0 78.4076535,17.3562446,0</coordinates></LinearRing></outerBoundaryIs></Polygon></MultiGeometry></Placemark><Placemark><name>f4325</name><description>Household ID: AS589-423
Plot: Plot no 359 and 364
Status: Not started</description><MultiGeometry><Polygon><outerBoundaryIs><LinearRing><coordinates>78.4076535,17.3562446,0 78.4076232,17.3562288,0 78.4076087,17.3562546,0 78.407639,17.3562704,0 78.4076535,17.3562446,0</coordinates></LinearRing></outerBoundaryIs></Polygon></MultiGeometry></Placemark><Placemark><name>1304b</name><description>Household ID: AS589-424
Plot: Plot No. 3
Status: Not started</description><MultiGeometry><Polygon><outerBoundaryIs><LinearRing><coordinates>78.4053275,17.3539434,0 78.4052909,17.3540298,0 78.4053481,17.3540505,0 78.4053512,17.3540427,0 78.4054268,17.3540704,0 78.4054571,17.3539989,0 78.4054062,17.353981,0 78.4054081,17.3539761,0 78.4053275,17.3539434,0</coordinates></LinearRing></outerBoundaryIs></Polygon></MultiGeometry></Placemark><Placemark><name>5c180</name><description>Household ID: AS589-425
Plot: Not recorded
Status: Not started</description><MultiGeometry><Polygon><outerBoundaryIs><LinearRing><coordinates>78.4057274,17.3543235,0 78.4057138,17.3543569,0 78.4057694,17.3543777,0 78.4057829,17.3543443,0 78.4057274,17.3543235,0</coordinates></LinearRing></outerBoundaryIs></Polygon></MultiGeometry></Placemark><Placemark><name>AS589-426</name><description>Household ID: AS589-426
Plot: Not recorded
Status: Not started</description><MultiGeometry><Polygon><outerBoundaryIs><LinearRing><coordinates>78.4059945,17.3548957,0 78.4058814,17.3548565,0 78.405863,17.3549065,0 78.4059758,17.3549456,0 78.4059945,17.3548957,0</coordinates></LinearRing></outerBoundaryIs></Polygon></MultiGeometry></Placemark><Placemark><name>44658</name><description>Household ID: AS589-427
Plot: 3-7-400/MR/30,31,46,47 &amp; 48
Status: Not started</description><MultiGeometry><Polygon><outerBoundaryIs><LinearRing><coordinates>78.4061546,17.3545977,0 78.4061414,17.3546337,0 78.4062202,17.3546594,0 78.4062327,17.3546216,0 78.4061546,17.3545977,0</coordinates></LinearRing></outerBoundaryIs></Polygon></MultiGeometry></Placemark><Placemark><name>8c4f3</name><description>Household ID: AS589-428
Plot: 3-7-400/MR/26
Status: Not started</description><MultiGeometry><Polygon><outerBoundaryIs><LinearRing><coordinates>78.4063362,17.3548333,0 78.4062329,17.3548232,0 78.4062128,17.3548849,0 78.4063016,17.3549156,0 78.4063362,17.3548333,0</coordinates></LinearRing></outerBoundaryIs></Polygon></MultiGeometry></Placemark><Placemark><name>2e622</name><description>Household ID: AS589-429
Plot: Plot No. 27
Status: Not started</description><MultiGeometry><Polygon><outerBoundaryIs><LinearRing><coordinates>78.4062329,17.3548232,0 78.4063362,17.3548333,0 78.4063574,17.3547709,0 78.4062854,17.3547595,0 78.4062843,17.3547698,0 78.4062737,17.3547688,0 78.4062728,17.3547774,0 78.4062433,17.3547734,0 78.4062329,17.3548232,0</coordinates></LinearRing></outerBoundaryIs></Polygon></MultiGeometry></Placemark><Placemark><name>476e7</name><description>Household ID: AS589-430
Plot: 3-7-400/MR/340
Status: Not started</description><MultiGeometry><Polygon><outerBoundaryIs><LinearRing><coordinates>78.4066029,17.3551519,0 78.4065661,17.3552429,0 78.4066176,17.3552684,0 78.4066549,17.3551773,0 78.4066029,17.3551519,0</coordinates></LinearRing></outerBoundaryIs></Polygon></MultiGeometry></Placemark><Placemark><name>9e984</name><description>Household ID: AS589-431
Plot: Plot No. 3
Status: Not started</description><MultiGeometry><Polygon><outerBoundaryIs><LinearRing><coordinates>78.4054384,17.354054,0 78.4054654,17.3540645,0 78.405482,17.3540249,0 78.405455,17.3540144,0 78.4054384,17.354054,0</coordinates></LinearRing></outerBoundaryIs></Polygon></MultiGeometry></Placemark><Placemark><name>e6ad2</name><description>Household ID: AS589-432
Plot: 3-7-400/MR/52,6
Status: Not started</description><MultiGeometry><Polygon><outerBoundaryIs><LinearRing><coordinates>78.4059216,17.3544427,0 78.4059125,17.3544594,0 78.4059198,17.3544625,0 78.4059126,17.3544785,0 78.4059377,17.354489,0 78.4059529,17.3544558,0 78.4059216,17.3544427,0</coordinates></LinearRing></outerBoundaryIs></Polygon></MultiGeometry></Placemark><Placemark><name>d48c3</name><description>Household ID: AS589-433
Plot: 3-7-400/MR/52,6
Status: Not started</description><MultiGeometry><Polygon><outerBoundaryIs><LinearRing><coordinates>78.4058734,17.3545416,0 78.4059113,17.3545547,0 78.4059239,17.3545207,0 78.4058861,17.3545077,0 78.4058734,17.3545416,0</coordinates></LinearRing></outerBoundaryIs></Polygon></MultiGeometry></Placemark><Placemark><name>9b6be</name><description>Household ID: AS589-434
Plot: 3-7-400/74/p
Status: Not started</description><MultiGeometry><Polygon><outerBoundaryIs><LinearRing><coordinates>78.4055241,17.3541852,0 78.4055037,17.3542428,0 78.4056827,17.3543007,0 78.405705,17.354244,0 78.4055241,17.3541852,0</coordinates></LinearRing></outerBoundaryIs></Polygon></MultiGeometry></Placemark><Placemark><name>1649f</name><description>Household ID: AS589-435
Plot: Not recorded
Status: Not started</description><MultiGeometry><Polygon><outerBoundaryIs><LinearRing><coordinates>78.4057665,17.354318,0 78.4058501,17.354353,0 78.4058918,17.3542537,0 78.4058088,17.3542189,0 78.4058012,17.3542356,0 78.4057681,17.3542217,0 78.4057751,17.3542062,0 78.405767,17.3542028,0 78.4057315,17.3542811,0 78.4057699,17.3542972,0 78.4057665,17.354318,0</coordinates></LinearRing></outerBoundaryIs></Polygon></MultiGeometry></Placemark><Placemark><name>0ed1d</name><description>Household ID: AS589-436
Plot: Plot no 441
Status: Not started</description><MultiGeometry><Polygon><outerBoundaryIs><LinearRing><coordinates>78.406477,17.3550352,0 78.4066135,17.3551033,0 78.4066405,17.3550378,0 78.4065048,17.3549718,0 78.406477,17.3550352,0</coordinates></LinearRing></outerBoundaryIs></Polygon></MultiGeometry></Placemark><Placemark><name>856bd</name><description>Household ID: AS589-437
Plot: 3-7-400/MR/340
Status: In progress</description><MultiGeometry><Polygon><outerBoundaryIs><LinearRing><coordinates>78.406687,17.3553014,0 78.4067277,17.3552103,0 78.4066537,17.3551798,0 78.4066176,17.3552684,0 78.406687,17.3553014,0</coordinates></LinearRing></outerBoundaryIs></Polygon></MultiGeometry></Placemark><Placemark><name>e6846</name><description>Household ID: AS589-438
Plot: Plot no 28/P
Status: Not started</description><MultiGeometry><Polygon><outerBoundaryIs><LinearRing><coordinates>78.4063021,17.3546286,0 78.4062859,17.3546801,0 78.4062896,17.3546806,0 78.4062874,17.3546889,0 78.4063855,17.3547061,0 78.4063879,17.3546933,0 78.4063936,17.3546942,0 78.4064056,17.3546454,0 78.4063021,17.3546286,0</coordinates></LinearRing></outerBoundaryIs></Polygon></MultiGeometry></Placemark><Placemark><name>9b6be</name><description>Household ID: AS589-439
Plot: 3-7-400/74/p
Status: Not started</description><MultiGeometry><Polygon><outerBoundaryIs><LinearRing><coordinates>78.4054849,17.3543045,0 78.405651,17.3543568,0 78.4056714,17.3542972,0 78.4055052,17.3542448,0 78.4054849,17.3543045,0</coordinates></LinearRing></outerBoundaryIs></Polygon></MultiGeometry></Placemark><Placemark><name>f4fdb</name><description>Household ID: AS589-440
Plot: Plot No. 340
Status: Not started</description><MultiGeometry><Polygon><outerBoundaryIs><LinearRing><coordinates>78.4064573,17.3550794,0 78.4065955,17.3551485,0 78.4066135,17.3551033,0 78.4065137,17.3550539,0 78.4065047,17.3550728,0 78.4064704,17.3550554,0 78.4064573,17.3550794,0</coordinates></LinearRing></outerBoundaryIs></Polygon></MultiGeometry></Placemark><Placemark><name>2e4df</name><description>Household ID: AS589-441
Plot: Not recorded
Status: Not started</description><MultiGeometry><Polygon><outerBoundaryIs><LinearRing><coordinates>78.4045358,17.3533173,0 78.4045061,17.3533861,0 78.404543,17.3534011,0 78.4045635,17.3533507,0 78.4045516,17.3533463,0 78.4045593,17.353325,0 78.4045358,17.3533173,0</coordinates></LinearRing></outerBoundaryIs></Polygon></MultiGeometry></Placemark><Placemark><name>3d233</name><description>Household ID: AS589-442
Plot: 3-7-400/oc/open/44&amp;45
Status: Not started</description><MultiGeometry><Polygon><outerBoundaryIs><LinearRing><coordinates>78.4045987,17.3534193,0 78.4045061,17.3533861,0 78.4044788,17.3534563,0 78.4045714,17.3534895,0 78.4045987,17.3534193,0</coordinates></LinearRing></outerBoundaryIs></Polygon></MultiGeometry></Placemark><Placemark><name>247e7</name><description>Household ID: AS589-443
Plot: 58
Status: Not started</description><MultiGeometry><Polygon><outerBoundaryIs><LinearRing><coordinates>78.40438,17.3532905,0 78.4045245,17.3533392,0 78.4045318,17.3533192,0 78.4045256,17.3533171,0 78.4045337,17.353295,0 78.4045398,17.353297,0 78.4045496,17.3532701,0 78.4044021,17.3532204,0 78.40438,17.3532905,0</coordinates></LinearRing></outerBoundaryIs></Polygon></MultiGeometry></Placemark><Placemark><name>AS589-444</name><description>Household ID: AS589-444
Plot: Not recorded
Status: Not started</description><MultiGeometry><Polygon><outerBoundaryIs><LinearRing><coordinates>78.4044259,17.3535956,0 78.404291,17.3535509,0 78.404274,17.3535965,0 78.4044007,17.3536384,0 78.404411,17.3536097,0 78.4044198,17.3536126,0 78.4044259,17.3535956,0</coordinates></LinearRing></outerBoundaryIs></Polygon></MultiGeometry></Placemark><Placemark><name>AS589-445</name><description>Household ID: AS589-445
Plot: Not recorded
Status: Not started</description><MultiGeometry><Polygon><outerBoundaryIs><LinearRing><coordinates>78.4044254,17.3535954,0 78.4044327,17.3535768,0 78.4044222,17.3535733,0 78.4044337,17.3535455,0 78.4043088,17.3535031,0 78.404291,17.3535508,0 78.4044254,17.3535954,0</coordinates></LinearRing></outerBoundaryIs></Polygon></MultiGeometry></Placemark><Placemark><name>11e1c</name><description>Household ID: AS589-446
Plot: Not recorded
Status: Not started</description><MultiGeometry><Polygon><outerBoundaryIs><LinearRing><coordinates>78.4028699,17.3520782,0 78.4028938,17.3521065,0 78.4028879,17.3521107,0 78.4029402,17.3521777,0 78.4029816,17.3521479,0 78.4029776,17.3521428,0 78.4030052,17.352123,0 78.4030094,17.3521284,0 78.4030497,17.3520995,0 78.4030207,17.3520623,0 78.4030127,17.3520681,0 78.4029905,17.3520395,0 78.4029847,17.3520437,0 78.402958,17.3520095,0 78.4028699,17.3520782,0</coordinates></LinearRing></outerBoundaryIs></Polygon></MultiGeometry></Placemark><Placemark><name>9abd4</name><description>Household ID: AS589-447
Plot: Not recorded
Status: Not started</description><MultiGeometry><Polygon><outerBoundaryIs><LinearRing><coordinates>78.4014903,17.3508577,0 78.4014617,17.3508768,0 78.4014923,17.3509191,0 78.4015209,17.3509,0 78.4014903,17.3508577,0</coordinates></LinearRing></outerBoundaryIs></Polygon></MultiGeometry></Placemark><Placemark><name>83c56</name><description>Household ID: AS589-448
Plot: Not recorded
Status: Not started</description><MultiGeometry><Polygon><outerBoundaryIs><LinearRing><coordinates>78.4012975,17.3506795,0 78.4013362,17.3507187,0 78.401387,17.3506724,0 78.4013484,17.3506332,0 78.4012975,17.3506795,0</coordinates></LinearRing></outerBoundaryIs></Polygon></MultiGeometry></Placemark><Placemark><name>a2a4b</name><description>Household ID: AS589-449
Plot: 97
Status: Not started</description><MultiGeometry><Polygon><outerBoundaryIs><LinearRing><coordinates>78.40123,17.3505981,0 78.4012636,17.3506322,0 78.4013058,17.3505939,0 78.4012722,17.3505598,0 78.40123,17.3505981,0</coordinates></LinearRing></outerBoundaryIs></Polygon></MultiGeometry></Placemark><Placemark><name>c26b5</name><description>Household ID: AS589-450
Plot: 97
Status: Not started</description><MultiGeometry><Polygon><outerBoundaryIs><LinearRing><coordinates>78.4012115,17.3505604,0 78.401244,17.3505431,0 78.4012108,17.3504854,0 78.4011782,17.3505028,0 78.4012115,17.3505604,0</coordinates></LinearRing></outerBoundaryIs></Polygon></MultiGeometry></Placemark><Placemark><name>9060f</name><description>Household ID: AS589-451
Plot: 97
Status: Not started</description><MultiGeometry><Polygon><outerBoundaryIs><LinearRing><coordinates>78.4010887,17.3503028,0 78.4011292,17.3502829,0 78.401106,17.3502394,0 78.4010655,17.3502594,0 78.4010887,17.3503028,0</coordinates></LinearRing></outerBoundaryIs></Polygon></MultiGeometry></Placemark><Placemark><name>d5dee</name><description>Household ID: AS589-452
Plot: 97
Status: Not started</description><MultiGeometry><Polygon><outerBoundaryIs><LinearRing><coordinates>78.4009895,17.3501434,0 78.4010292,17.3501242,0 78.401013,17.3500933,0 78.4009733,17.3501124,0 78.4009895,17.3501434,0</coordinates></LinearRing></outerBoundaryIs></Polygon></MultiGeometry></Placemark><Placemark><name>a5452</name><description>Household ID: AS589-453
Plot: 97
Status: Not started</description><MultiGeometry><Polygon><outerBoundaryIs><LinearRing><coordinates>78.4010089,17.3501684,0 78.4010436,17.3501516,0 78.4010292,17.3501242,0 78.4009945,17.350141,0 78.4010089,17.3501684,0</coordinates></LinearRing></outerBoundaryIs></Polygon></MultiGeometry></Placemark><Placemark><name>4670f</name><description>Household ID: AS589-454
Plot: 97
Status: Not started</description><MultiGeometry><Polygon><outerBoundaryIs><LinearRing><coordinates>78.4010371,17.3500297,0 78.4010748,17.3501055,0 78.4011473,17.3500672,0 78.4011224,17.3500238,0 78.4011032,17.3500339,0 78.4010865,17.3500036,0 78.4010371,17.3500297,0</coordinates></LinearRing></outerBoundaryIs></Polygon></MultiGeometry></Placemark><Placemark><name>be15b</name><description>Household ID: AS589-455
Plot: 97
Status: Not started</description><MultiGeometry><Polygon><outerBoundaryIs><LinearRing><coordinates>78.4012254,17.3503236,0 78.4012533,17.350304,0 78.4012363,17.3502817,0 78.4012084,17.3503014,0 78.4012254,17.3503236,0</coordinates></LinearRing></outerBoundaryIs></Polygon></MultiGeometry></Placemark><Placemark><name>92fca</name><description>Household ID: AS589-456
Plot: Not recorded
Status: Not started</description><MultiGeometry><Polygon><outerBoundaryIs><LinearRing><coordinates>78.4012922,17.3505172,0 78.4013142,17.3505537,0 78.4013906,17.3505114,0 78.4013687,17.3504748,0 78.4012922,17.3505172,0</coordinates></LinearRing></outerBoundaryIs></Polygon></MultiGeometry></Placemark><Placemark><name>491f5</name><description>Household ID: AS589-457
Plot: Tin shed
Status: Not started</description><MultiGeometry><Polygon><outerBoundaryIs><LinearRing><coordinates>78.401944,17.3513536,0 78.4019712,17.3513803,0 78.4020163,17.3513465,0 78.4019885,17.3513161,0 78.401944,17.3513536,0</coordinates></LinearRing></outerBoundaryIs></Polygon></MultiGeometry></Placemark><Placemark><name>2a474</name><description>Household ID: AS589-458
Plot: Tin shed
Status: Not started</description><MultiGeometry><Polygon><outerBoundaryIs><LinearRing><coordinates>78.4018433,17.3512318,0 78.4018735,17.3512654,0 78.4019021,17.3512417,0 78.4018719,17.3512081,0 78.4018433,17.3512318,0</coordinates></LinearRing></outerBoundaryIs></Polygon></MultiGeometry></Placemark><Placemark><name>f4ce5</name><description>Household ID: AS589-459
Plot: Tin shed
Status: Not started</description><MultiGeometry><Polygon><outerBoundaryIs><LinearRing><coordinates>78.4017702,17.3510627,0 78.4017261,17.3510978,0 78.4017559,17.3511323,0 78.4018,17.3510971,0 78.4017702,17.3510627,0</coordinates></LinearRing></outerBoundaryIs></Polygon></MultiGeometry></Placemark><Placemark><name>623db</name><description>Household ID: AS589-460
Plot: Not recorded
Status: Not started</description><MultiGeometry><Polygon><outerBoundaryIs><LinearRing><coordinates>78.4016451,17.3509713,0 78.4016053,17.3510043,0 78.4016414,17.3510425,0 78.4016667,17.3510205,0 78.4016492,17.3510019,0 78.4016628,17.35099,0 78.4016451,17.3509713,0</coordinates></LinearRing></outerBoundaryIs></Polygon></MultiGeometry></Placemark><Placemark><name>e4ba2</name><description>Household ID: AS589-461
Plot: Not recorded
Status: Not started</description><MultiGeometry><Polygon><outerBoundaryIs><LinearRing><coordinates>78.401381,17.3506096,0 78.4013989,17.3506312,0 78.4014227,17.350613,0 78.4014048,17.3505914,0 78.401381,17.3506096,0</coordinates></LinearRing></outerBoundaryIs></Polygon></MultiGeometry></Placemark><Placemark><name>0d874</name><description>Household ID: AS589-462
Plot: 97
Status: Not started</description><MultiGeometry><Polygon><outerBoundaryIs><LinearRing><coordinates>78.4011647,17.3503419,0 78.4011844,17.3503351,0 78.4011701,17.3502969,0 78.4011504,17.3503036,0 78.4011647,17.3503419,0</coordinates></LinearRing></outerBoundaryIs></Polygon></MultiGeometry></Placemark><Placemark><name>d54c7</name><description>Household ID: AS589-463
Plot: 97
Status: Not started</description><MultiGeometry><Polygon><outerBoundaryIs><LinearRing><coordinates>78.401119,17.3503855,0 78.4011713,17.3503614,0 78.4011625,17.3503438,0 78.4011102,17.3503679,0 78.401119,17.3503855,0</coordinates></LinearRing></outerBoundaryIs></Polygon></MultiGeometry></Placemark><Placemark><name>c5bb6</name><description>Household ID: AS589-464
Plot: 97
Status: Not started</description><MultiGeometry><Polygon><outerBoundaryIs><LinearRing><coordinates>78.401133,17.3504207,0 78.401182,17.350396,0 78.4011658,17.3503662,0 78.4011167,17.3503909,0 78.401133,17.3504207,0</coordinates></LinearRing></outerBoundaryIs></Polygon></MultiGeometry></Placemark><Placemark><name>3e256</name><description>Household ID: AS589-465
Plot: Sur no 97
Status: Not started</description><MultiGeometry><Polygon><outerBoundaryIs><LinearRing><coordinates>78.4009339,17.3499735,0 78.4009586,17.3499656,0 78.4009455,17.3499275,0 78.4009208,17.3499353,0 78.4009339,17.3499735,0</coordinates></LinearRing></outerBoundaryIs></Polygon></MultiGeometry></Placemark><Placemark><name>0f49a</name><description>Household ID: AS589-466
Plot: Sy no 97
Status: Not started</description><MultiGeometry><Polygon><outerBoundaryIs><LinearRing><coordinates>78.4009363,17.3499762,0 78.4009504,17.3500106,0 78.4009824,17.3499985,0 78.4009682,17.3499641,0 78.4009363,17.3499762,0</coordinates></LinearRing></outerBoundaryIs></Polygon></MultiGeometry></Placemark><Placemark><name>86efb</name><description>Household ID: AS589-467
Plot: Tin shed
Status: Not started</description><MultiGeometry><Polygon><outerBoundaryIs><LinearRing><coordinates>78.4020375,17.3513332,0 78.4019846,17.3513798,0 78.4019921,17.3513874,0 78.4019782,17.3514001,0 78.4020002,17.3514223,0 78.4020662,17.3513622,0 78.4020375,17.3513332,0</coordinates></LinearRing></outerBoundaryIs></Polygon></MultiGeometry></Placemark><Placemark><name>b5bfb</name><description>Household ID: AS589-468
Plot: Tin shed
Status: Not started</description><MultiGeometry><Polygon><outerBoundaryIs><LinearRing><coordinates>78.402161,17.3514515,0 78.4022036,17.3514159,0 78.4021705,17.3513792,0 78.4021278,17.3514148,0 78.402161,17.3514515,0</coordinates></LinearRing></outerBoundaryIs></Polygon></MultiGeometry></Placemark><Placemark><name>7676c</name><description>Household ID: AS589-469
Plot: 97
Status: Not started</description><MultiGeometry><Polygon><outerBoundaryIs><LinearRing><coordinates>78.4010388,17.3502191,0 78.4010859,17.3501958,0 78.401063,17.3501532,0 78.4010159,17.3501765,0 78.4010388,17.3502191,0</coordinates></LinearRing></outerBoundaryIs></Polygon></MultiGeometry></Placemark><Placemark><name>2db82</name><description>Household ID: AS589-470
Plot: 97
Status: Not started</description><MultiGeometry><Polygon><outerBoundaryIs><LinearRing><coordinates>78.4011435,17.3502202,0 78.4012111,17.3501834,0 78.4012077,17.3501775,0 78.401214,17.350174,0 78.4011915,17.3501359,0 78.4011175,17.3501762,0 78.4011435,17.3502202,0</coordinates></LinearRing></outerBoundaryIs></Polygon></MultiGeometry></Placemark><Placemark><name>ba588</name><description>Household ID: AS589-471
Plot: 97
Status: Not started</description><MultiGeometry><Polygon><outerBoundaryIs><LinearRing><coordinates>78.4010202,17.3500898,0 78.4010122,17.3500746,0 78.4010192,17.3500715,0 78.4010097,17.3500517,0 78.4010179,17.350048,0 78.4009986,17.3500079,0 78.400949,17.3500332,0 78.4009766,17.3500904,0 78.4009867,17.3500859,0 78.4009951,17.3501019,0 78.4010202,17.3500898,0</coordinates></LinearRing></outerBoundaryIs></Polygon></MultiGeometry></Placemark><Placemark><name>b55ad</name><description>Household ID: AS589-472
Plot: Not recorded
Status: Not started</description><MultiGeometry><Polygon><outerBoundaryIs><LinearRing><coordinates>78.4015654,17.3509554,0 78.4015918,17.3509891,0 78.4016278,17.350963,0 78.4016014,17.3509293,0 78.4015654,17.3509554,0</coordinates></LinearRing></outerBoundaryIs></Polygon></MultiGeometry></Placemark><Placemark><name>7a1f1</name><description>Household ID: AS589-473
Plot: Tin shed labour
Status: Not started</description><MultiGeometry><Polygon><outerBoundaryIs><LinearRing><coordinates>78.4018964,17.3513039,0 78.4019277,17.3513443,0 78.4019526,17.3513235,0 78.4019484,17.3513176,0 78.4019647,17.3513036,0 78.4019379,17.3512717,0 78.4018964,17.3513039,0</coordinates></LinearRing></outerBoundaryIs></Polygon></MultiGeometry></Placemark><Placemark><name>a1f5d</name><description>Household ID: AS589-474
Plot: 97
Status: Not started</description><MultiGeometry><Polygon><outerBoundaryIs><LinearRing><coordinates>78.4011832,17.3503989,0 78.4012022,17.3504317,0 78.4012236,17.3504202,0 78.4012045,17.3503874,0 78.4011832,17.3503989,0</coordinates></LinearRing></outerBoundaryIs></Polygon></MultiGeometry></Placemark><Placemark><name>9e422</name><description>Household ID: AS589-475
Plot: 97
Status: Not started</description><MultiGeometry><Polygon><outerBoundaryIs><LinearRing><coordinates>78.4012082,17.3501849,0 78.4011672,17.3502073,0 78.4012159,17.3502867,0 78.4012554,17.3502622,0 78.4012082,17.3501849,0</coordinates></LinearRing></outerBoundaryIs></Polygon></MultiGeometry></Placemark><Placemark><name>dd916</name><description>Household ID: AS589-476
Plot: 97
Status: Not started</description><MultiGeometry><Polygon><outerBoundaryIs><LinearRing><coordinates>78.4012614,17.3504386,0 78.4013313,17.3504113,0 78.4013135,17.3503693,0 78.4012435,17.3503966,0 78.4012614,17.3504386,0</coordinates></LinearRing></outerBoundaryIs></Polygon></MultiGeometry></Placemark><Placemark><name>6b334</name><description>Household ID: AS589-477
Plot: Not recorded
Status: Not started</description><MultiGeometry><Polygon><outerBoundaryIs><LinearRing><coordinates>78.4013819,17.3507335,0 78.401396,17.3507465,0 78.4014266,17.3507196,0 78.4014134,17.3507057,0 78.401421,17.3506991,0 78.401395,17.3506718,0 78.4013351,17.3507245,0 78.4013611,17.3507517,0 78.4013819,17.3507335,0</coordinates></LinearRing></outerBoundaryIs></Polygon></MultiGeometry></Placemark><Placemark><name>009e4</name><description>Household ID: AS589-478
Plot: Not recorded
Status: Not started</description><MultiGeometry><Polygon><outerBoundaryIs><LinearRing><coordinates>78.4012945,17.3506777,0 78.4013466,17.3506311,0 78.4013115,17.3505949,0 78.4012594,17.3506416,0 78.4012945,17.3506777,0</coordinates></LinearRing></outerBoundaryIs></Polygon></MultiGeometry></Placemark><Placemark><name>AS589-479</name><description>Household ID: AS589-479
Plot: Not recorded
Status: Not started</description><MultiGeometry><Polygon><outerBoundaryIs><LinearRing><coordinates>78.3986529,17.3315803,0 78.3986269,17.3314943,0 78.3985942,17.3315035,0 78.3986236,17.3315884,0 78.3986529,17.3315803,0</coordinates></LinearRing></outerBoundaryIs></Polygon></MultiGeometry></Placemark><Placemark><name>e7df1</name><description>Household ID: AS589-480
Plot: Sy no 456
Status: Not started</description><MultiGeometry><Polygon><outerBoundaryIs><LinearRing><coordinates>78.3983083,17.3316131,0 78.3983093,17.3316168,0 78.3982311,17.3316415,0 78.3982704,17.3318975,0 78.3983822,17.3318832,0 78.3983424,17.3316113,0 78.3983387,17.3316118,0 78.3983373,17.3316025,0 78.3983083,17.3316131,0</coordinates></LinearRing></outerBoundaryIs></Polygon></MultiGeometry></Placemark><Placemark><name>26695</name><description>Household ID: AS589-481
Plot: Not recorded
Status: Not started</description><MultiGeometry><Polygon><outerBoundaryIs><LinearRing><coordinates>78.394368,17.3292958,0 78.394431,17.3292988,0 78.3944291,17.3293356,0 78.3944936,17.3293387,0 78.3944953,17.3293049,0 78.3945631,17.3293082,0 78.3945695,17.3291856,0 78.3944995,17.3291823,0 78.3945008,17.3291584,0 78.3944416,17.3291555,0 78.3944404,17.3291791,0 78.3943743,17.3291759,0 78.394368,17.3292958,0</coordinates></LinearRing></outerBoundaryIs></Polygon></MultiGeometry></Placemark><Placemark><name>AS589-482</name><description>Household ID: AS589-482
Plot: Not recorded
Status: Not started</description><MultiGeometry><Polygon><outerBoundaryIs><LinearRing><coordinates>78.400738,17.371214,0 78.400596,17.3712001,0 78.400587,17.371282,0 78.4007319,17.3712924,0 78.400738,17.371214,0</coordinates></LinearRing></outerBoundaryIs></Polygon></MultiGeometry></Placemark><Placemark><name>AS589-483</name><description>Household ID: AS589-483
Plot: Not recorded
Status: Not started</description><MultiGeometry><Polygon><outerBoundaryIs><LinearRing><coordinates>78.4002915,17.3711856,0 78.4002288,17.3711783,0 78.4002171,17.3712225,0 78.4002851,17.3712362,0 78.4002915,17.3711856,0</coordinates></LinearRing></outerBoundaryIs></Polygon></MultiGeometry></Placemark><Placemark><name>55192</name><description>Household ID: AS589-484
Plot: 6-228/P
Status: Not started</description><MultiGeometry><Polygon><outerBoundaryIs><LinearRing><coordinates>78.4007258,17.371496,0 78.4007657,17.3714999,0 78.4007751,17.3714022,0 78.4007352,17.3713987,0 78.4007258,17.371496,0</coordinates></LinearRing></outerBoundaryIs></Polygon></MultiGeometry></Placemark><Placemark><name>4a610</name><description>Household ID: AS589-485
Plot: 6-1-56
Status: Not started</description><MultiGeometry><Polygon><outerBoundaryIs><LinearRing><coordinates>78.4007788,17.3714925,0 78.4008713,17.3715,0 78.400876,17.3714462,0 78.4008644,17.3714453,0 78.4008662,17.3714251,0 78.4008582,17.3714244,0 78.4008596,17.3714078,0 78.4007877,17.3714019,0 78.4007788,17.3714925,0</coordinates></LinearRing></outerBoundaryIs></Polygon></MultiGeometry></Placemark><Placemark><name>1e13f</name><description>Household ID: AS589-486
Plot: 112
Status: Not started</description><MultiGeometry><Polygon><outerBoundaryIs><LinearRing><coordinates>78.4005731,17.3714719,0 78.4006999,17.3714853,0 78.4007055,17.3714333,0 78.4006962,17.3714324,0 78.4006976,17.3714188,0 78.4006886,17.3714179,0 78.400691,17.3713962,0 78.4005824,17.3713854,0 78.4005731,17.3714719,0</coordinates></LinearRing></outerBoundaryIs></Polygon></MultiGeometry></Placemark><Placemark><name>12558</name><description>Household ID: AS589-487
Plot: 6-1-30
Status: Not started</description><MultiGeometry><Polygon><outerBoundaryIs><LinearRing><coordinates>78.4007559,17.37131,0 78.4007497,17.3713905,0 78.4008606,17.3714005,0 78.400869,17.371315,0 78.4008507,17.3713134,0 78.4008502,17.3713185,0 78.4007559,17.37131,0</coordinates></LinearRing></outerBoundaryIs></Polygon></MultiGeometry></Placemark><Placemark><name>febae</name><description>Household ID: AS589-488
Plot: Not recorded
Status: Not started</description><MultiGeometry><Polygon><outerBoundaryIs><LinearRing><coordinates>78.4002607,17.3714696,0 78.4002589,17.3715761,0 78.4004844,17.3715805,0 78.4004867,17.371474,0 78.4002607,17.3714696,0</coordinates></LinearRing></outerBoundaryIs></Polygon></MultiGeometry></Placemark><Placemark><name>586da</name><description>Household ID: AS589-489
Plot: Not recorded
Status: Not started</description><MultiGeometry><Polygon><outerBoundaryIs><LinearRing><coordinates>78.4004722,17.3712924,0 78.4004598,17.3712961,0 78.4004533,17.3713091,0 78.4004572,17.3713201,0 78.4004707,17.3713263,0 78.4004829,17.3713218,0 78.4004887,17.3713096,0 78.4004847,17.3712986,0 78.4004722,17.3712924,0</coordinates></LinearRing></outerBoundaryIs></Polygon><Polygon><outerBoundaryIs><LinearRing><coordinates>78.4002606,17.3712859,0 78.4002593,17.3713309,0 78.4004514,17.3713339,0 78.4004521,17.3712889,0 78.4002606,17.3712859,0</coordinates></LinearRing></outerBoundaryIs></Polygon></MultiGeometry></Placemark><Placemark><name>ef5e6</name><description>Household ID: AS589-490
Plot: Not recorded
Status: Not started</description><MultiGeometry><Polygon><outerBoundaryIs><LinearRing><coordinates>78.4002804,17.3714388,0 78.400443,17.371442,0 78.4004652,17.3714183,0 78.4004801,17.3714185,0 78.4004807,17.3713702,0 78.4004645,17.37137,0 78.4004441,17.3713447,0 78.4002793,17.3713409,0 78.4002804,17.3714388,0</coordinates></LinearRing></outerBoundaryIs></Polygon></MultiGeometry></Placemark><Placemark><name>f24e9</name><description>Household ID: AS589-491
Plot: Water tank
Status: Not started</description><MultiGeometry><Polygon><outerBoundaryIs><LinearRing><coordinates>78.4002862,17.3711199,0 78.4003181,17.3711093,0 78.400333,17.3710894,0 78.4003362,17.3710732,0 78.4003335,17.371057,0 78.4003217,17.3710393,0 78.4003044,17.3710283,0 78.4002876,17.3710253,0 78.4002557,17.3710359,0 78.4002408,17.3710558,0 78.4002376,17.371072,0 78.4002404,17.3710882,0 78.4002513,17.3711051,0 78.4002694,17.3711169,0 78.4002862,17.3711199,0</coordinates></LinearRing></outerBoundaryIs></Polygon></MultiGeometry></Placemark><Placemark><name>abf56</name><description>Household ID: AS589-492
Plot: 6-1–100
Status: Not started</description><MultiGeometry><Polygon><outerBoundaryIs><LinearRing><coordinates>78.4003086,17.3716715,0 78.4003452,17.3716715,0 78.4003456,17.3716221,0 78.400318,17.3716218,0 78.4003178,17.371645,0 78.4003089,17.3716449,0 78.4003086,17.3716715,0</coordinates></LinearRing></outerBoundaryIs></Polygon></MultiGeometry></Placemark><Placemark><name>f2f4c</name><description>Household ID: AS589-493
Plot: 111
Status: Not started</description><MultiGeometry><Polygon><outerBoundaryIs><LinearRing><coordinates>78.40058,17.3712934,0 78.4005707,17.3713732,0 78.4007149,17.3713876,0 78.4007235,17.3713077,0 78.40058,17.3712934,0</coordinates></LinearRing></outerBoundaryIs></Polygon></MultiGeometry></Placemark><Placemark><name>3e485</name><description>Household ID: AS589-494
Plot: 6-1-28 G+1
Status: Not started</description><MultiGeometry><Polygon><outerBoundaryIs><LinearRing><coordinates>78.4011012,17.371313,0 78.401089,17.3714214,0 78.4012269,17.3714389,0 78.4012334,17.3713813,0 78.4012213,17.37138,0 78.4012241,17.3713557,0 78.4012007,17.3713533,0 78.4012042,17.3713226,0 78.4011012,17.371313,0</coordinates></LinearRing></outerBoundaryIs></Polygon></MultiGeometry></Placemark><Placemark><name>5b234</name><description>Household ID: AS589-495
Plot: 1-11
Status: Not started</description><MultiGeometry><Polygon><outerBoundaryIs><LinearRing><coordinates>78.4009664,17.3713023,0 78.4009586,17.371384,0 78.4010815,17.3713962,0 78.40109,17.3713179,0 78.4009664,17.3713023,0</coordinates></LinearRing></outerBoundaryIs></Polygon></MultiGeometry></Placemark><Placemark><name>65e3e</name><description>Household ID: AS589-496
Plot: 121
Status: Not started</description><MultiGeometry><Polygon><outerBoundaryIs><LinearRing><coordinates>78.4009637,17.3713976,0 78.4009554,17.3715244,0 78.4010688,17.3715346,0 78.4010811,17.3714082,0 78.4009637,17.3713976,0</coordinates></LinearRing></outerBoundaryIs></Polygon></MultiGeometry></Placemark><Placemark><name>206df</name><description>Household ID: AS589-497
Plot: 122
Status: Not started</description><MultiGeometry><Polygon><outerBoundaryIs><LinearRing><coordinates>78.4010992,17.3714346,0 78.4010942,17.3714831,0 78.4011311,17.3714869,0 78.4011348,17.3714371,0 78.4010992,17.3714346,0</coordinates></LinearRing></outerBoundaryIs></Polygon><Polygon><outerBoundaryIs><LinearRing><coordinates>78.4011439,17.3714623,0 78.4011404,17.3714906,0 78.4011869,17.3714955,0 78.4011892,17.3714655,0 78.4011439,17.3714623,0</coordinates></LinearRing></outerBoundaryIs></Polygon><Polygon><outerBoundaryIs><LinearRing><coordinates>78.4010816,17.3714889,0 78.4010679,17.3716264,0 78.4011934,17.3716386,0 78.4012079,17.3715012,0 78.4010816,17.3714889,0</coordinates></LinearRing></outerBoundaryIs></Polygon></MultiGeometry></Placemark><Placemark><name>db950</name><description>Household ID: AS589-498
Plot: Not recorded
Status: Not started</description><MultiGeometry><Polygon><outerBoundaryIs><LinearRing><coordinates>78.4003439,17.3709133,0 78.4003202,17.370985,0 78.4004978,17.3710437,0 78.4005233,17.3709726,0 78.4003439,17.3709133,0</coordinates></LinearRing></outerBoundaryIs></Polygon></MultiGeometry></Placemark><Placemark><name>80e28</name><description>Household ID: AS589-499
Plot: 6-1-29
Status: Not started</description><MultiGeometry><Polygon><outerBoundaryIs><LinearRing><coordinates>78.4013216,17.3715528,0 78.4013227,17.3715194,0 78.4012799,17.3715155,0 78.401277,17.3715453,0 78.4012551,17.3715433,0 78.4012492,17.3716036,0 78.4012712,17.3716053,0 78.401258,17.3717402,0 78.4013495,17.3717464,0 78.4013577,17.3716626,0 78.4013472,17.3716616,0 78.4013494,17.3716385,0 78.4013381,17.3716375,0 78.4013368,17.3715921,0 78.4013279,17.3715913,0 78.4013316,17.3715537,0 78.4013216,17.3715528,0</coordinates></LinearRing></outerBoundaryIs></Polygon></MultiGeometry></Placemark><Placemark><name>3dcab</name><description>Household ID: AS589-500
Plot: 6-100
Status: Not started</description><MultiGeometry><Polygon><outerBoundaryIs><LinearRing><coordinates>78.3979726,17.3703294,0 78.3979751,17.3702417,0 78.3978325,17.3702316,0 78.3978271,17.3703266,0 78.3979043,17.3703281,0 78.3979048,17.3703206,0 78.3979439,17.3703227,0 78.3979436,17.3703289,0 78.3979726,17.3703294,0</coordinates></LinearRing></outerBoundaryIs></Polygon></MultiGeometry></Placemark><Placemark><name>AS589-501</name><description>Household ID: AS589-501
Plot: Not recorded
Status: Not started</description><MultiGeometry><Polygon><outerBoundaryIs><LinearRing><coordinates>78.3976385,17.3703208,0 78.3975939,17.3703194,0 78.3975953,17.3703572,0 78.3976819,17.37036,0 78.3976827,17.3703365,0 78.397638,17.3703351,0 78.3976385,17.3703208,0</coordinates></LinearRing></outerBoundaryIs></Polygon></MultiGeometry></Placemark><Placemark><name>4ab0a</name><description>Household ID: AS589-502
Plot: Not recorded
Status: Not started</description><MultiGeometry><Polygon><outerBoundaryIs><LinearRing><coordinates>78.3977824,17.3704117,0 78.3977801,17.3704614,0 78.3978195,17.3704631,0 78.3978218,17.3704138,0 78.3977824,17.3704117,0</coordinates></LinearRing></outerBoundaryIs></Polygon></MultiGeometry></Placemark><Placemark><name>2d4d6</name><description>Household ID: AS589-503
Plot: Not recorded
Status: Not started</description><MultiGeometry><Polygon><outerBoundaryIs><LinearRing><coordinates>78.3944052,17.3705867,0 78.3944739,17.3705876,0 78.3944748,17.3705249,0 78.3944054,17.370524,0 78.3944052,17.3705867,0</coordinates></LinearRing></outerBoundaryIs></Polygon></MultiGeometry></Placemark><Placemark><name>80e0f</name><description>Household ID: AS589-504
Plot: 9-5-113/1/62/1
Status: Not started</description><MultiGeometry><Polygon><outerBoundaryIs><LinearRing><coordinates>78.3943047,17.3717343,0 78.3943141,17.3718052,0 78.3943656,17.3717986,0 78.3943566,17.3717326,0 78.3943175,17.3717375,0 78.3943169,17.3717327,0 78.3943047,17.3717343,0</coordinates></LinearRing></outerBoundaryIs></Polygon></MultiGeometry></Placemark><Placemark><name>c714e</name><description>Household ID: AS589-505
Plot: 9-5-113/1/64/P
Status: Not started</description><MultiGeometry><Polygon><outerBoundaryIs><LinearRing><coordinates>78.3944779,17.3717167,0 78.3944931,17.3718383,0 78.3946056,17.371823,0 78.3945889,17.3717016,0 78.3944779,17.3717167,0</coordinates></LinearRing></outerBoundaryIs></Polygon></MultiGeometry></Placemark><Placemark><name>8055a</name><description>Household ID: AS589-506
Plot: 9-5-113/1/65
Status: Not started</description><MultiGeometry><Polygon><outerBoundaryIs><LinearRing><coordinates>78.3946465,17.3716966,0 78.3946649,17.3718197,0 78.3947247,17.3718124,0 78.3947083,17.3716898,0 78.3946465,17.3716966,0</coordinates></LinearRing></outerBoundaryIs></Polygon></MultiGeometry></Placemark><Placemark><name>f4184</name><description>Household ID: AS589-507
Plot: 9-5-113/1/63
Status: Not started</description><MultiGeometry><Polygon><outerBoundaryIs><LinearRing><coordinates>78.3944326,17.3717201,0 78.3944464,17.3718192,0 78.3944876,17.371814,0 78.394474,17.3717156,0 78.3944326,17.3717201,0</coordinates></LinearRing></outerBoundaryIs></Polygon></MultiGeometry></Placemark><Placemark><name>478b8</name><description>Household ID: AS589-508
Plot: 9-5-113/1/63
Status: Not started</description><MultiGeometry><Polygon><outerBoundaryIs><LinearRing><coordinates>78.3943628,17.3717297,0 78.3943802,17.3718502,0 78.3944442,17.3718416,0 78.3944331,17.3717652,0 78.3943794,17.3717724,0 78.3943787,17.3717677,0 78.3944334,17.3717604,0 78.3944277,17.3717207,0 78.3943628,17.3717297,0</coordinates></LinearRing></outerBoundaryIs></Polygon></MultiGeometry></Placemark><Placemark><name>50602</name><description>Household ID: AS589-509
Plot: 9-5-115/23/1/81
Status: Not started</description><MultiGeometry><Polygon><outerBoundaryIs><LinearRing><coordinates>78.3921527,17.3716353,0 78.3922707,17.3716312,0 78.3922697,17.3715921,0 78.3922515,17.3715926,0 78.3922507,17.3715611,0 78.392151,17.3715632,0 78.3921527,17.3716353,0</coordinates></LinearRing></outerBoundaryIs></Polygon></MultiGeometry></Placemark><Placemark><name>c41f3</name><description>Household ID: AS589-510
Plot: Not recorded
Status: Not started</description><MultiGeometry><Polygon><outerBoundaryIs><LinearRing><coordinates>78.3916987,17.3715926,0 78.3917392,17.3715907,0 78.3917373,17.3715525,0 78.3916968,17.3715543,0 78.3916987,17.3715926,0</coordinates></LinearRing></outerBoundaryIs></Polygon></MultiGeometry></Placemark><Placemark><name>3d7e6</name><description>Household ID: AS589-511
Plot: 9-5-115/23/1/42
Status: Not started</description><MultiGeometry><Polygon><outerBoundaryIs><LinearRing><coordinates>78.3919055,17.3717028,0 78.3919057,17.3716775,0 78.3918907,17.3716729,0 78.3918902,17.3716408,0 78.3917929,17.3716422,0 78.3917939,17.3717044,0 78.3919055,17.3717028,0</coordinates></LinearRing></outerBoundaryIs></Polygon></MultiGeometry></Placemark><Placemark><name>d9877</name><description>Household ID: AS589-512
Plot: 9-
Status: Not started</description><MultiGeometry><Polygon><outerBoundaryIs><LinearRing><coordinates>78.3919052,17.3716425,0 78.3919055,17.3717028,0 78.3920111,17.3717012,0 78.3920106,17.3716672,0 78.3919907,17.3716621,0 78.3919914,17.3716412,0 78.3919052,17.3716425,0</coordinates></LinearRing></outerBoundaryIs></Polygon></MultiGeometry></Placemark><Placemark><name>a1750</name><description>Household ID: AS589-513
Plot: 9-5-115/23/1/41
Status: Not started</description><MultiGeometry><Polygon><outerBoundaryIs><LinearRing><coordinates>78.3918928,17.3715249,0 78.3917873,17.3715316,0 78.3917905,17.3715782,0 78.3918804,17.3715726,0 78.3918794,17.3715576,0 78.3918932,17.3715567,0 78.3918928,17.3715249,0</coordinates></LinearRing></outerBoundaryIs></Polygon></MultiGeometry></Placemark><Placemark><name>b8c33</name><description>Household ID: AS589-514
Plot: 9-5-115/23/1/80
Status: Not started</description><MultiGeometry><Polygon><outerBoundaryIs><LinearRing><coordinates>78.3921678,17.3716348,0 78.392169,17.3717033,0 78.3922465,17.3717006,0 78.3922449,17.3716318,0 78.3921678,17.3716348,0</coordinates></LinearRing></outerBoundaryIs></Polygon></MultiGeometry></Placemark><Placemark><name>1216e</name><description>Household ID: AS589-515
Plot: Not given
Status: Not started</description><MultiGeometry><Polygon><outerBoundaryIs><LinearRing><coordinates>78.3924289,17.3715792,0 78.3924984,17.3715776,0 78.3924969,17.3715243,0 78.392529,17.3715235,0 78.3925284,17.3715088,0 78.3924243,17.3715108,0 78.3924289,17.3715792,0</coordinates></LinearRing></outerBoundaryIs></Polygon></MultiGeometry></Placemark><Placemark><name>88dea</name><description>Household ID: AS589-516
Plot: 9-5-113/23/1/83/1
Status: Not started</description><MultiGeometry><Polygon><outerBoundaryIs><LinearRing><coordinates>78.392533,17.3715768,0 78.3924289,17.3715792,0 78.3924307,17.371646,0 78.3924665,17.3716452,0 78.3924654,17.3716051,0 78.3925109,17.371604,0 78.3925107,17.3715958,0 78.3925335,17.3715953,0 78.392533,17.3715768,0</coordinates></LinearRing></outerBoundaryIs></Polygon></MultiGeometry></Placemark><Placemark><name>bb0b0</name><description>Household ID: AS589-517
Plot: 9-5-115/23/1/92
Status: Not started</description><MultiGeometry><Polygon><outerBoundaryIs><LinearRing><coordinates>78.3924645,17.3716823,0 78.3924642,17.3716742,0 78.3925357,17.3716716,0 78.3925346,17.3716446,0 78.3924319,17.3716483,0 78.3924331,17.371683,0 78.3924645,17.3716823,0</coordinates></LinearRing></outerBoundaryIs></Polygon></MultiGeometry></Placemark><Placemark><name>55412</name><description>Household ID: AS589-518
Plot: 9-5-115/23/1/82/A
Status: Not started</description><MultiGeometry><Polygon><outerBoundaryIs><LinearRing><coordinates>78.3923158,17.3715814,0 78.3924268,17.3715792,0 78.3924243,17.3715108,0 78.3923134,17.3715129,0 78.3923158,17.3715814,0</coordinates></LinearRing></outerBoundaryIs></Polygon></MultiGeometry></Placemark><Placemark><name>aafd9</name><description>Household ID: AS589-519
Plot: 9-5-115/23/1/82
Status: Not started</description><MultiGeometry><Polygon><outerBoundaryIs><LinearRing><coordinates>78.3924275,17.371607,0 78.3924086,17.3716069,0 78.3924084,17.3715796,0 78.3923196,17.3715813,0 78.3923219,17.3716472,0 78.3924285,17.3716446,0 78.3924275,17.371607,0</coordinates></LinearRing></outerBoundaryIs></Polygon></MultiGeometry></Placemark><Placemark><name>22a8f</name><description>Household ID: AS589-520
Plot: 9-5-115/23/1/60
Status: Not started</description><MultiGeometry><Polygon><outerBoundaryIs><LinearRing><coordinates>78.392018,17.37158,0 78.3919996,17.37158,0 78.3919991,17.3715971,0 78.3919693,17.3715964,0 78.3919689,17.3715798,0 78.3918796,17.3715794,0 78.3918799,17.3716078,0 78.3920186,17.3716096,0 78.392018,17.37158,0</coordinates></LinearRing></outerBoundaryIs></Polygon></MultiGeometry></Placemark><Placemark><name>b06c2</name><description>Household ID: AS589-521
Plot: 9-5-115/23/1/61
Status: Not started</description><MultiGeometry><Polygon><outerBoundaryIs><LinearRing><coordinates>78.3918934,17.3715793,0 78.3920146,17.3715801,0 78.3920133,17.3715199,0 78.3920049,17.3715201,0 78.3920056,17.3715533,0 78.3919969,17.3715534,0 78.3919968,17.3715459,0 78.3919884,17.3715461,0 78.3919878,17.371519,0 78.3918924,17.3715209,0 78.3918934,17.3715793,0</coordinates></LinearRing></outerBoundaryIs></Polygon></MultiGeometry></Placemark><Placemark><name>587c4</name><description>Household ID: AS589-522
Plot: 9-5-155/23/1/60/1
Status: Not started</description><MultiGeometry><Polygon><outerBoundaryIs><LinearRing><coordinates>78.3920075,17.3716095,0 78.3920072,17.3716177,0 78.3919999,17.3716174,0 78.3919996,17.371625,0 78.3919782,17.3716243,0 78.3919787,17.3716091,0 78.3918799,17.3716078,0 78.3918802,17.3716371,0 78.3920192,17.3716358,0 78.3920186,17.3716096,0 78.3920075,17.3716095,0</coordinates></LinearRing></outerBoundaryIs></Polygon></MultiGeometry></Placemark><Placemark><name>5220c</name><description>Household ID: AS589-523
Plot: 9-5-115/23/1/62/A
Status: Not started</description><MultiGeometry><Polygon><outerBoundaryIs><LinearRing><coordinates>78.3921198,17.3715567,0 78.3921307,17.3715554,0 78.3921307,17.3715471,0 78.3921492,17.3715471,0 78.3921497,17.3715054,0 78.3920554,17.3715053,0 78.3920554,17.3715548,0 78.3920674,17.3715548,0 78.3920674,17.3715832,0 78.3921198,17.3715832,0 78.3921198,17.3715567,0</coordinates></LinearRing></outerBoundaryIs></Polygon></MultiGeometry></Placemark><Placemark><name>7a01a</name><description>Household ID: AS589-524
Plot: 9-5-115/23/1/63
Status: Not started</description><MultiGeometry><Polygon><outerBoundaryIs><LinearRing><coordinates>78.3921302,17.3715924,0 78.3920563,17.3715928,0 78.3920565,17.371632,0 78.3921464,17.3716316,0 78.3921463,17.3716216,0 78.3921299,17.3716217,0 78.3921302,17.3715924,0</coordinates></LinearRing></outerBoundaryIs></Polygon></MultiGeometry></Placemark><Placemark><name>9b1bb</name><description>Household ID: AS589-525
Plot: Not recorded
Status: Not started</description><MultiGeometry><Polygon><outerBoundaryIs><LinearRing><coordinates>78.3921689,17.3717005,0 78.3921681,17.3716625,0 78.3921515,17.3716628,0 78.392151,17.3716351,0 78.3920567,17.3716356,0 78.3920572,17.3717012,0 78.3921689,17.3717005,0</coordinates></LinearRing></outerBoundaryIs></Polygon></MultiGeometry></Placemark><Placemark><name>ce310</name><description>Household ID: AS589-526
Plot: Not mentioned
Status: Not started</description><MultiGeometry><Polygon><outerBoundaryIs><LinearRing><coordinates>78.3925375,17.3716796,0 78.3924331,17.371683,0 78.3924343,17.371717,0 78.3924665,17.3717172,0 78.3924662,17.3717089,0 78.3925195,17.3717069,0 78.3925194,17.3717023,0 78.3925384,17.3717017,0 78.3925375,17.3716796,0</coordinates></LinearRing></outerBoundaryIs></Polygon></MultiGeometry></Placemark><Placemark><name>04036</name><description>Household ID: AS589-527
Plot: 9-5-115/23/1/95
Status: Not started</description><MultiGeometry><Polygon><outerBoundaryIs><LinearRing><coordinates>78.3926974,17.3715328,0 78.3925875,17.3715356,0 78.3925905,17.3716439,0 78.3926736,17.3716418,0 78.3926734,17.3716323,0 78.392691,17.3716318,0 78.3926899,17.3715929,0 78.3926965,17.3715927,0 78.3926974,17.3715328,0</coordinates></LinearRing></outerBoundaryIs></Polygon></MultiGeometry></Placemark><Placemark><name>5a222</name><description>Household ID: AS589-528
Plot: 9-5-115/96
Status: Not started</description><MultiGeometry><Polygon><outerBoundaryIs><LinearRing><coordinates>78.3926948,17.3716466,0 78.3925853,17.3716493,0 78.3925871,17.371714,0 78.3925956,17.3717138,0 78.3925955,17.3717092,0 78.3926974,17.3717106,0 78.3926948,17.3716466,0</coordinates></LinearRing></outerBoundaryIs></Polygon></MultiGeometry></Placemark><Placemark><name>776ef</name><description>Household ID: AS589-529
Plot: 9-5-115/25/1/18
Status: Not started</description><MultiGeometry><Polygon><outerBoundaryIs><LinearRing><coordinates>78.3928927,17.3716434,0 78.3928926,17.3716781,0 78.3929482,17.3716772,0 78.3929474,17.3716435,0 78.3928927,17.3716434,0</coordinates></LinearRing></outerBoundaryIs></Polygon></MultiGeometry></Placemark><Placemark><name>6f89f</name><description>Household ID: AS589-530
Plot: Not available
Status: Not started</description><MultiGeometry><Polygon><outerBoundaryIs><LinearRing><coordinates>78.3930646,17.371562,0 78.3929619,17.3715639,0 78.3929631,17.3716217,0 78.3929879,17.3716213,0 78.3929881,17.3716324,0 78.3929958,17.3716322,0 78.392996,17.3716394,0 78.3930657,17.371638,0 78.3930646,17.371562,0</coordinates></LinearRing></outerBoundaryIs></Polygon></MultiGeometry></Placemark><Placemark><name>28ccd</name><description>Household ID: AS589-531
Plot: 106
Status: Not started</description><MultiGeometry><Polygon><outerBoundaryIs><LinearRing><coordinates>78.3927797,17.3716137,0 78.3927778,17.3716284,0 78.3927941,17.3716289,0 78.3927946,17.3716142,0 78.3927797,17.3716137,0</coordinates></LinearRing></outerBoundaryIs></Polygon><Polygon><outerBoundaryIs><LinearRing><coordinates>78.3927392,17.371614,0 78.3926974,17.3716135,0 78.3926981,17.3716431,0 78.3927396,17.371643,0 78.3927392,17.371614,0</coordinates></LinearRing></outerBoundaryIs></Polygon></MultiGeometry></Placemark><Placemark><name>efa5b</name><description>Household ID: AS589-532
Plot: 9-5-115/23/1/105
Status: Not started</description><MultiGeometry><Polygon><outerBoundaryIs><LinearRing><coordinates>78.3927846,17.3716421,0 78.3926981,17.3716431,0 78.3926989,17.371679,0 78.3928128,17.3716766,0 78.3928125,17.3716644,0 78.3927852,17.371665,0 78.3927846,17.3716421,0</coordinates></LinearRing></outerBoundaryIs></Polygon></MultiGeometry></Placemark><Placemark><name>46fdb</name><description>Household ID: AS589-533
Plot: 9-5-115/23/1/1
Status: Not started</description><MultiGeometry><Polygon><outerBoundaryIs><LinearRing><coordinates>78.3928488,17.3715544,0 78.3928492,17.3716395,0 78.392959,17.3716404,0 78.392959,17.3716317,0 78.3929423,17.3716315,0 78.3929425,17.3716037,0 78.3929576,17.3716038,0 78.392958,17.3715543,0 78.3928488,17.3715544,0</coordinates></LinearRing></outerBoundaryIs></Polygon></MultiGeometry></Placemark><Placemark><name>0fc58</name><description>Household ID: AS589-534
Plot: 9-5-115/23/1/117
Status: Not started</description><MultiGeometry><Polygon><outerBoundaryIs><LinearRing><coordinates>78.392965,17.3717079,0 78.3930775,17.3717066,0 78.3930784,17.3716446,0 78.3929648,17.3716449,0 78.392965,17.3717079,0</coordinates></LinearRing></outerBoundaryIs></Polygon></MultiGeometry></Placemark><Placemark><name>868a1</name><description>Household ID: AS589-535
Plot: 9-5-115/23/1/148
Status: Not started</description><MultiGeometry><Polygon><outerBoundaryIs><LinearRing><coordinates>78.393312,17.3716457,0 78.3932271,17.3716461,0 78.3932265,17.3716855,0 78.3933114,17.3716843,0 78.393312,17.3716457,0</coordinates></LinearRing></outerBoundaryIs></Polygon></MultiGeometry></Placemark><Placemark><name>d752a</name><description>Household ID: AS589-536
Plot: Not recorded
Status: Not started</description><MultiGeometry><Polygon><outerBoundaryIs><LinearRing><coordinates>78.3932939,17.3716455,0 78.3932943,17.3716183,0 78.3932579,17.3716179,0 78.3932575,17.3716465,0 78.3932939,17.3716455,0</coordinates></LinearRing></outerBoundaryIs></Polygon></MultiGeometry></Placemark><Placemark><name>710bd</name><description>Household ID: AS589-537
Plot: 9-5-115/23/1/131
Status: Not started</description><MultiGeometry><Polygon><outerBoundaryIs><LinearRing><coordinates>78.3931595,17.3716084,0 78.3931223,17.3716093,0 78.3931231,17.3716432,0 78.3931596,17.3716424,0 78.3931595,17.3716084,0</coordinates></LinearRing></outerBoundaryIs></Polygon></MultiGeometry></Placemark><Placemark><name>115a2</name><description>Household ID: AS589-538
Plot: 9-5-115/1/23/149
Status: Not started</description><MultiGeometry><Polygon><outerBoundaryIs><LinearRing><coordinates>78.3934662,17.3716474,0 78.3933888,17.3716461,0 78.3933856,17.3716959,0 78.393482,17.3716972,0 78.3934822,17.3716829,0 78.3934732,17.3716827,0 78.3934733,17.371675,0 78.3934649,17.3716749,0 78.3934662,17.3716474,0</coordinates></LinearRing></outerBoundaryIs></Polygon></MultiGeometry></Placemark><Placemark><name>7710a</name><description>Household ID: AS589-539
Plot: 9-5-11523/1/147
Status: Not started</description><MultiGeometry><Polygon><outerBoundaryIs><LinearRing><coordinates>78.3931773,17.3717533,0 78.3933282,17.3717514,0 78.3933288,17.3717135,0 78.393311,17.3717132,0 78.3933114,17.3716843,0 78.3931764,17.3716852,0 78.3931773,17.3717533,0</coordinates></LinearRing></outerBoundaryIs></Polygon></MultiGeometry></Placemark><Placemark><name>362f9</name><description>Household ID: AS589-540
Plot: 9-5-115/23/1/149/1
Status: Not started</description><MultiGeometry><Polygon><outerBoundaryIs><LinearRing><coordinates>78.3933837,17.3717509,0 78.3934908,17.3717525,0 78.3934911,17.3717302,0 78.3934716,17.37173,0 78.3934714,17.3717003,0 78.3933843,17.3716995,0 78.3933837,17.3717509,0</coordinates></LinearRing></outerBoundaryIs></Polygon></MultiGeometry></Placemark><Placemark><name>af88e</name><description>Household ID: AS589-541
Plot: 9-5-115/23/1/64
Status: Not started</description><MultiGeometry><Polygon><outerBoundaryIs><LinearRing><coordinates>78.3935914,17.3716598,0 78.3934971,17.3716636,0 78.3934998,17.3717372,0 78.3935393,17.3717358,0 78.3935379,17.3716984,0 78.3935779,17.3716971,0 78.3935775,17.3716848,0 78.3935926,17.3716843,0 78.3935914,17.3716598,0</coordinates></LinearRing></outerBoundaryIs></Polygon></MultiGeometry></Placemark><Placemark><name>422df</name><description>Household ID: AS589-542
Plot: 9-5-115/23/1/178
Status: Not started</description><MultiGeometry><Polygon><outerBoundaryIs><LinearRing><coordinates>78.3937484,17.3716133,0 78.3937493,17.3716526,0 78.3937854,17.3716517,0 78.3937857,17.3716124,0 78.3937484,17.3716133,0</coordinates></LinearRing></outerBoundaryIs></Polygon></MultiGeometry></Placemark><Placemark><name>6c64e</name><description>Household ID: AS589-543
Plot: 9-5-115/23/1/178
Status: Not started</description><MultiGeometry><Polygon><outerBoundaryIs><LinearRing><coordinates>78.393749,17.3716388,0 78.3937484,17.3716133,0 78.3936476,17.3716157,0 78.3936487,17.3716592,0 78.3937257,17.3716574,0 78.3937252,17.3716394,0 78.393749,17.3716388,0</coordinates></LinearRing></outerBoundaryIs></Polygon></MultiGeometry></Placemark><Placemark><name>8df6f</name><description>Household ID: AS589-544
Plot: 9-5-113/1/60
Status: Not started</description><MultiGeometry><Polygon><outerBoundaryIs><LinearRing><coordinates>78.3941277,17.3717557,0 78.3940948,17.3717596,0 78.3940974,17.3717803,0 78.3941299,17.3717765,0 78.3941277,17.3717557,0</coordinates></LinearRing></outerBoundaryIs></Polygon></MultiGeometry></Placemark><Placemark><name>0ed71</name><description>Household ID: AS589-545
Plot: Not recorded
Status: Not started</description><MultiGeometry><Polygon><outerBoundaryIs><LinearRing><coordinates>78.3662253,17.3783972,0 78.3659216,17.3784932,0 78.3659578,17.3786008,0 78.366263,17.3785074,0 78.3662253,17.3783972,0</coordinates></LinearRing></outerBoundaryIs></Polygon></MultiGeometry></Placemark><Placemark><name>AS589-546</name><description>Household ID: AS589-546
Plot: Not recorded
Status: Not started</description><MultiGeometry><Polygon><outerBoundaryIs><LinearRing><coordinates>78.3607592,17.3812381,0 78.3607414,17.3811873,0 78.3607057,17.3811989,0 78.3606965,17.3811727,0 78.3606576,17.3811858,0 78.3606844,17.3812622,0 78.3607592,17.3812381,0</coordinates></LinearRing></outerBoundaryIs></Polygon></MultiGeometry></Placemark><Placemark><name>84d97</name><description>Household ID: AS589-547
Plot: Not recorded
Status: Not started</description><MultiGeometry><Polygon><outerBoundaryIs><LinearRing><coordinates>78.3981625,17.3398662,0 78.3982154,17.3398581,0 78.3982084,17.3398157,0 78.3981556,17.3398237,0 78.3981625,17.3398662,0</coordinates></LinearRing></outerBoundaryIs></Polygon></MultiGeometry></Placemark><Placemark><name>fb78f</name><description>Household ID: AS589-548
Plot: Not recorded
Status: Not started</description><MultiGeometry><Polygon><outerBoundaryIs><LinearRing><coordinates>78.3982214,17.34006,0 78.3982171,17.3400035,0 78.3981782,17.3400063,0 78.3981825,17.3400628,0 78.3982214,17.34006,0</coordinates></LinearRing></outerBoundaryIs></Polygon></MultiGeometry></Placemark><Placemark><name>fe89c</name><description>Household ID: AS589-549
Plot: Not recorded
Status: Not started</description><MultiGeometry><Polygon><outerBoundaryIs><LinearRing><coordinates>78.3983514,17.339966,0 78.3983427,17.3399124,0 78.398294,17.3399197,0 78.3983043,17.3399724,0 78.3983514,17.339966,0</coordinates></LinearRing></outerBoundaryIs></Polygon></MultiGeometry></Placemark><Placemark><name>2400d</name><description>Household ID: AS589-550
Plot: Not recorded
Status: Not started</description><MultiGeometry><Polygon><outerBoundaryIs><LinearRing><coordinates>78.3983651,17.3402039,0 78.3984065,17.3401948,0 78.398394,17.3401421,0 78.3983526,17.3401512,0 78.3983651,17.3402039,0</coordinates></LinearRing></outerBoundaryIs></Polygon></MultiGeometry></Placemark><Placemark><name>86a23</name><description>Household ID: AS589-551
Plot: Not recorded
Status: Not started</description><MultiGeometry><Polygon><outerBoundaryIs><LinearRing><coordinates>78.3982681,17.3402794,0 78.3983424,17.3402682,0 78.3982958,17.3399829,0 78.3982215,17.339994,0 78.3982681,17.3402794,0</coordinates></LinearRing></outerBoundaryIs></Polygon></MultiGeometry></Placemark><Placemark><name>662bb</name><description>Household ID: AS589-552
Plot: Not recorded
Status: Not started</description><MultiGeometry><Polygon><outerBoundaryIs><LinearRing><coordinates>78.3983742,17.3404268,0 78.3984232,17.3404126,0 78.3984065,17.3403592,0 78.3983575,17.3403733,0 78.3983742,17.3404268,0</coordinates></LinearRing></outerBoundaryIs></Polygon></MultiGeometry></Placemark><Placemark><name>db969</name><description>Household ID: AS589-553
Plot: Not recorded
Status: Not started</description><MultiGeometry><Polygon><outerBoundaryIs><LinearRing><coordinates>78.3985265,17.3403459,0 78.3985479,17.3403403,0 78.3985387,17.3403073,0 78.3985172,17.3403128,0 78.3985265,17.3403459,0</coordinates></LinearRing></outerBoundaryIs></Polygon></MultiGeometry></Placemark><Placemark><name>7d571</name><description>Household ID: AS589-554
Plot: Not recorded
Status: Not started</description><MultiGeometry><Polygon><outerBoundaryIs><LinearRing><coordinates>78.3940189,17.329047,0 78.3940127,17.3290673,0 78.3940255,17.3290677,0 78.3940243,17.3291028,0 78.3940874,17.3291048,0 78.3940889,17.3290606,0 78.3940758,17.3290602,0 78.3940762,17.3290488,0 78.3940189,17.329047,0</coordinates></LinearRing></outerBoundaryIs></Polygon></MultiGeometry></Placemark><Placemark><name>AS589-555</name><description>Household ID: AS589-555
Plot: Not recorded
Status: Not started</description><MultiGeometry><Polygon><outerBoundaryIs><LinearRing><coordinates>78.3990203,17.3312766,0 78.3989552,17.331274,0 78.3989491,17.3314204,0 78.3990181,17.3314217,0 78.3990203,17.3312766,0</coordinates></LinearRing></outerBoundaryIs></Polygon></MultiGeometry></Placemark><Placemark><name>AS589-556</name><description>Household ID: AS589-556
Plot: Not recorded
Status: Not started</description><MultiGeometry><Polygon><outerBoundaryIs><LinearRing><coordinates>78.3989377,17.3314113,0 78.3987612,17.3314037,0 78.3987531,17.3315749,0 78.3991041,17.3315901,0 78.3991056,17.3315582,0 78.3990855,17.3315574,0 78.3990867,17.3315328,0 78.3989329,17.3315261,0 78.3989377,17.3314113,0</coordinates></LinearRing></outerBoundaryIs></Polygon></MultiGeometry></Placemark><Placemark><name>c7331</name><description>Household ID: AS589-557
Plot: Not recorded
Status: Not started</description><MultiGeometry><Polygon><outerBoundaryIs><LinearRing><coordinates>78.4090416,17.3629882,0 78.4090171,17.3629766,0 78.4089948,17.3630235,0 78.4090197,17.3630344,0 78.4090416,17.3629882,0</coordinates></LinearRing></outerBoundaryIs></Polygon></MultiGeometry></Placemark><Placemark><name>a9149</name><description>Household ID: AS589-558
Plot: Not recorded
Status: Not started</description><MultiGeometry><Polygon><outerBoundaryIs><LinearRing><coordinates>78.4089955,17.3630916,0 78.4090007,17.3630934,0 78.4089937,17.363118,0 78.4090106,17.3631223,0 78.4090215,17.3630852,0 78.4089999,17.3630781,0 78.4089955,17.3630916,0</coordinates></LinearRing></outerBoundaryIs></Polygon></MultiGeometry></Placemark><Placemark><name>7f6c5</name><description>Household ID: AS589-559
Plot: Not recorded
Status: Not started</description><MultiGeometry><Polygon><outerBoundaryIs><LinearRing><coordinates>78.4089012,17.3632887,0 78.4088887,17.3633365,0 78.4089122,17.3633422,0 78.4089069,17.3633626,0 78.408935,17.3633693,0 78.4089467,17.3633247,0 78.4089279,17.3633208,0 78.408933,17.3632959,0 78.4089012,17.3632887,0</coordinates></LinearRing></outerBoundaryIs></Polygon></MultiGeometry></Placemark><Placemark><name>51855</name><description>Household ID: AS589-560
Plot: Not recorded
Status: Not started</description><MultiGeometry><Polygon><outerBoundaryIs><LinearRing><coordinates>78.4089597,17.3631014,0 78.4089869,17.3631102,0 78.4089965,17.3630829,0 78.4089692,17.3630741,0 78.4089597,17.3631014,0</coordinates></LinearRing></outerBoundaryIs></Polygon></MultiGeometry></Placemark><Placemark><name>92e6e</name><description>Household ID: AS589-561
Plot: Not recorded
Status: Not started</description><MultiGeometry><Polygon><outerBoundaryIs><LinearRing><coordinates>78.4080006,17.3563232,0 78.4080425,17.356267,0 78.4079973,17.3562359,0 78.4079553,17.3562921,0 78.4080006,17.3563232,0</coordinates></LinearRing></outerBoundaryIs></Polygon></MultiGeometry></Placemark><Placemark><name>9d259</name><description>Household ID: AS589-562
Plot: 3-7-400/oc/open/60
Status: Not started</description><MultiGeometry><Polygon><outerBoundaryIs><LinearRing><coordinates>78.4044961,17.3530893,0 78.404476,17.3531365,0 78.4045444,17.3531615,0 78.4045633,17.3531139,0 78.4044961,17.3530893,0</coordinates></LinearRing></outerBoundaryIs></Polygon><Polygon><outerBoundaryIs><LinearRing><coordinates>78.4045641,17.3531344,0 78.4045504,17.3531657,0 78.4045839,17.3531778,0 78.4045964,17.3531462,0 78.4045641,17.3531344,0</coordinates></LinearRing></outerBoundaryIs></Polygon></MultiGeometry></Placemark><Placemark><name>87017</name><description>Household ID: AS589-563
Plot: Plot no 23
Status: Not started</description><MultiGeometry><Polygon><outerBoundaryIs><LinearRing><coordinates>78.4052132,17.3536044,0 78.4052454,17.3535209,0 78.4051115,17.3534723,0 78.4050777,17.3535581,0 78.4051256,17.3535743,0 78.4051282,17.3535675,0 78.4051857,17.3535876,0 78.4051825,17.3535941,0 78.4052132,17.3536044,0</coordinates></LinearRing></outerBoundaryIs></Polygon></MultiGeometry></Placemark><Placemark><name>e4775</name><description>Household ID: AS589-564
Plot: Plot No. 24 Street No. 2
Status: Not started</description><MultiGeometry><Polygon><outerBoundaryIs><LinearRing><coordinates>78.4051151,17.353465,0 78.4051594,17.3534808,0 78.4051625,17.353473,0 78.4052533,17.3535054,0 78.4052781,17.3534412,0 78.4052685,17.3534378,0 78.4052721,17.3534286,0 78.4052467,17.3534195,0 78.4052434,17.3534281,0 78.405183,17.3534066,0 78.4051861,17.3533986,0 78.4051535,17.353387,0 78.4051378,17.3534277,0 78.4051305,17.3534251,0 78.4051151,17.353465,0</coordinates></LinearRing></outerBoundaryIs></Polygon></MultiGeometry></Placemark><Placemark><name>ab7cd</name><description>Household ID: AS589-565
Plot: 5
Status: Not started</description><MultiGeometry><Polygon><outerBoundaryIs><LinearRing><coordinates>78.4054095,17.3537806,0 78.4053823,17.353854,0 78.4054972,17.3538932,0 78.4055244,17.3538198,0 78.4054095,17.3537806,0</coordinates></LinearRing></outerBoundaryIs></Polygon></MultiGeometry></Placemark><Placemark><name>9a7b6</name><description>Household ID: AS589-566
Plot: 3-7-400/49/MR
Status: Not started</description><MultiGeometry><Polygon><outerBoundaryIs><LinearRing><coordinates>78.4059432,17.3541341,0 78.406041,17.3541789,0 78.4060381,17.3541839,0 78.4060443,17.3541872,0 78.4060547,17.3541672,0 78.4060788,17.3541802,0 78.4060941,17.354152,0 78.4060997,17.354155,0 78.4061164,17.3541264,0 78.4059841,17.3540477,0 78.4059432,17.3541341,0</coordinates></LinearRing></outerBoundaryIs></Polygon></MultiGeometry></Placemark><Placemark><name>59169</name><description>Household ID: AS589-567
Plot: 3-7-400/mr/30/1/2
Status: Not started</description><MultiGeometry><Polygon><outerBoundaryIs><LinearRing><coordinates>78.4061314,17.3542386,0 78.4061219,17.3542547,0 78.4061348,17.3542607,0 78.4061281,17.3542738,0 78.406189,17.3543024,0 78.4062041,17.3542728,0 78.4061314,17.3542386,0</coordinates></LinearRing></outerBoundaryIs></Polygon></MultiGeometry></Placemark><Placemark><name>9b855</name><description>Household ID: AS589-568
Plot: 3-7-400/MR/30/1/1
Status: Not started</description><MultiGeometry><Polygon><outerBoundaryIs><LinearRing><coordinates>78.4062216,17.3543439,0 78.4061734,17.3543226,0 78.4061479,17.3543833,0 78.4061956,17.3543976,0 78.4062216,17.3543439,0</coordinates></LinearRing></outerBoundaryIs></Polygon></MultiGeometry></Placemark><Placemark><name>57f6f</name><description>Household ID: AS589-569
Plot: Not recorded
Status: Not started</description><MultiGeometry><Polygon><outerBoundaryIs><LinearRing><coordinates>78.4063683,17.3545979,0 78.4063593,17.3546347,0 78.4063997,17.3546407,0 78.4064153,17.3546108,0 78.4063683,17.3545979,0</coordinates></LinearRing></outerBoundaryIs></Polygon></MultiGeometry></Placemark><Placemark><name>08857</name><description>Household ID: AS589-570
Plot: Not recorded
Status: Not started</description><MultiGeometry><Polygon><outerBoundaryIs><LinearRing><coordinates>78.406896,17.3550073,0 78.4068803,17.3550386,0 78.4069102,17.3550524,0 78.4069173,17.3550384,0 78.4069288,17.3550438,0 78.4069375,17.3550265,0 78.406896,17.3550073,0</coordinates></LinearRing></outerBoundaryIs></Polygon></MultiGeometry></Placemark><Placemark><name>53388</name><description>Household ID: AS589-571
Plot: 112
Status: Not started</description><MultiGeometry><Polygon><outerBoundaryIs><LinearRing><coordinates>78.4053031,17.3535317,0 78.4052821,17.3535911,0 78.4053624,17.3536173,0 78.4053835,17.3535579,0 78.4053031,17.3535317,0</coordinates></LinearRing></outerBoundaryIs></Polygon></MultiGeometry></Placemark><Placemark><name>a5136</name><description>Household ID: AS589-572
Plot: 111/A
Status: Not started</description><MultiGeometry><Polygon><outerBoundaryIs><LinearRing><coordinates>78.4038694,17.3527677,0 78.4039926,17.3528258,0 78.4040599,17.3526941,0 78.4039367,17.352636,0 78.4038694,17.3527677,0</coordinates></LinearRing></outerBoundaryIs></Polygon></MultiGeometry></Placemark><Placemark><name>ff35b</name><description>Household ID: AS589-573
Plot: Plot no 26
Status: Not started</description><MultiGeometry><Polygon><outerBoundaryIs><LinearRing><coordinates>78.4049058,17.3534219,0 78.4048916,17.3534566,0 78.4049563,17.3534787,0 78.4049693,17.3534437,0 78.4049058,17.3534219,0</coordinates></LinearRing></outerBoundaryIs></Polygon><Polygon><outerBoundaryIs><LinearRing><coordinates>78.4050227,17.3534845,0 78.4050309,17.353464,0 78.4049727,17.3534427,0 78.4049637,17.3534657,0 78.4050227,17.3534845,0</coordinates></LinearRing></outerBoundaryIs></Polygon></MultiGeometry></Placemark><Placemark><name>6b1b8</name><description>Household ID: AS589-574
Plot: Plot No. 26/P
Status: Not started</description><MultiGeometry><Polygon><outerBoundaryIs><LinearRing><coordinates>78.4048667,17.3534841,0 78.4049696,17.353519,0 78.4049813,17.3534872,0 78.4048784,17.3534523,0 78.4048667,17.3534841,0</coordinates></LinearRing></outerBoundaryIs></Polygon></MultiGeometry></Placemark><Placemark><name>2cb44</name><description>Household ID: AS589-575
Plot: Not recorded
Status: Not started</description><MultiGeometry><Polygon><outerBoundaryIs><LinearRing><coordinates>78.4055047,17.3539661,0 78.4055229,17.353926,0 78.4054965,17.3539149,0 78.4054783,17.353955,0 78.4055047,17.3539661,0</coordinates></LinearRing></outerBoundaryIs></Polygon></MultiGeometry></Placemark><Placemark><name>6d75e</name><description>Household ID: AS589-576
Plot: Not recorded
Status: Not started</description><MultiGeometry><Polygon><outerBoundaryIs><LinearRing><coordinates>78.4058709,17.3543144,0 78.4058578,17.3543442,0 78.4059176,17.3543658,0 78.4059295,17.3543356,0 78.4058709,17.3543144,0</coordinates></LinearRing></outerBoundaryIs></Polygon><Polygon><outerBoundaryIs><LinearRing><coordinates>78.405982,17.3543495,0 78.40597,17.3543743,0 78.4059871,17.354381,0 78.4059978,17.3543557,0 78.405982,17.3543495,0</coordinates></LinearRing></outerBoundaryIs></Polygon></MultiGeometry></Placemark><Placemark><name>c4198</name><description>Household ID: AS589-577
Plot: 3-7-400/MR/341/A
Status: Not started</description><MultiGeometry><Polygon><outerBoundaryIs><LinearRing><coordinates>78.40668,17.3548091,0 78.4067216,17.3548289,0 78.4067428,17.3547826,0 78.4067042,17.3547638,0 78.40668,17.3548091,0</coordinates></LinearRing></outerBoundaryIs></Polygon></MultiGeometry></Placemark><Placemark><name>b79d5</name><description>Household ID: AS589-578
Plot: Plot No. 26/P
Status: Not started</description><MultiGeometry><Polygon><outerBoundaryIs><LinearRing><coordinates>78.4049098,17.3533747,0 78.4049173,17.3533777,0 78.4049059,17.3534083,0 78.4048976,17.3534054,0 78.4048941,17.3534147,0 78.4049334,17.3534282,0 78.4049373,17.3534177,0 78.4049722,17.3534298,0 78.4049701,17.3534356,0 78.4049903,17.3534425,0 78.4049884,17.3534475,0 78.405033,17.3534628,0 78.4050373,17.3534586,0 78.4050627,17.3533943,0 78.4049217,17.3533457,0 78.4049098,17.3533747,0</coordinates></LinearRing></outerBoundaryIs></Polygon></MultiGeometry></Placemark><Placemark><name>e33a4</name><description>Household ID: AS589-579
Plot: 69/2
Status: Not started</description><MultiGeometry><Polygon><outerBoundaryIs><LinearRing><coordinates>78.4057873,17.354147,0 78.4059157,17.3542029,0 78.4059223,17.3541888,0 78.4059144,17.3541854,0 78.405936,17.3541396,0 78.4058998,17.3541238,0 78.4058973,17.3541292,0 78.4058855,17.3541241,0 78.4058882,17.3541184,0 78.4058584,17.3541055,0 78.4058556,17.3541114,0 78.4058184,17.3540953,0 78.4058139,17.3541048,0 78.4058346,17.3541138,0 78.4058262,17.3541316,0 78.4057971,17.3541189,0 78.4057873,17.354147,0</coordinates></LinearRing></outerBoundaryIs></Polygon></MultiGeometry></Placemark><Placemark><name>62cd6</name><description>Household ID: AS589-580
Plot: Not recorded
Status: Not started</description><MultiGeometry><Polygon><outerBoundaryIs><LinearRing><coordinates>78.4058732,17.3543111,0 78.4059718,17.3543442,0 78.4059792,17.3543239,0 78.4060143,17.3543357,0 78.4060263,17.3543028,0 78.4058926,17.3542579,0 78.4058732,17.3543111,0</coordinates></LinearRing></outerBoundaryIs></Polygon></MultiGeometry></Placemark><Placemark><name>d0310</name><description>Household ID: AS589-581
Plot: 3-7-400/MR/30/1/1
Status: Not started</description><MultiGeometry><Polygon><outerBoundaryIs><LinearRing><coordinates>78.4061734,17.3543226,0 78.4061009,17.3542906,0 78.4060694,17.3543542,0 78.4061479,17.3543833,0 78.4061734,17.3543226,0</coordinates></LinearRing></outerBoundaryIs></Polygon></MultiGeometry></Placemark><Placemark><name>faa49</name><description>Household ID: AS589-582
Plot: 3-7-400/MR/341/A
Status: Not started</description><MultiGeometry><Polygon><outerBoundaryIs><LinearRing><coordinates>78.4066408,17.3547911,0 78.4066637,17.354743,0 78.4066053,17.3547186,0 78.4065843,17.3547651,0 78.4066408,17.3547911,0</coordinates></LinearRing></outerBoundaryIs></Polygon></MultiGeometry></Placemark><Placemark><name>bd3a9</name><description>Household ID: AS589-583
Plot: Plot no 341 part c
Status: Not started</description><MultiGeometry><Polygon><outerBoundaryIs><LinearRing><coordinates>78.4067216,17.3548289,0 78.4065868,17.3547664,0 78.4065601,17.3548309,0 78.406694,17.3548917,0 78.4067216,17.3548289,0</coordinates></LinearRing></outerBoundaryIs></Polygon></MultiGeometry></Placemark><Placemark><name>4c7a3</name><description>Household ID: AS589-584
Plot: Not recorded
Status: Not started</description><MultiGeometry><Polygon><outerBoundaryIs><LinearRing><coordinates>78.4063444,17.3543749,0 78.4062898,17.3543534,0 78.4062973,17.3543329,0 78.4062379,17.3543104,0 78.4062304,17.3543336,0 78.4062276,17.3543319,0 78.4061956,17.3543976,0 78.4063188,17.354437,0 78.4063444,17.3543749,0</coordinates></LinearRing></outerBoundaryIs></Polygon></MultiGeometry></Placemark><Placemark><name>88d04</name><description>Household ID: AS589-585
Plot: Not recorded
Status: Not started</description><MultiGeometry><Polygon><outerBoundaryIs><LinearRing><coordinates>78.3805859,17.3280441,0 78.3806324,17.3280491,0 78.3806364,17.3280145,0 78.3805899,17.3280095,0 78.3805859,17.3280441,0</coordinates></LinearRing></outerBoundaryIs></Polygon></MultiGeometry></Placemark><Placemark><name>3c799</name><description>Household ID: AS589-586
Plot: Not recorded
Status: Not started</description><MultiGeometry><Polygon><outerBoundaryIs><LinearRing><coordinates>78.3833336,17.3285481,0 78.3833593,17.3285554,0 78.3833661,17.3285335,0 78.3833404,17.3285261,0 78.3833336,17.3285481,0</coordinates></LinearRing></outerBoundaryIs></Polygon></MultiGeometry></Placemark><Placemark><name>d992b</name><description>Household ID: AS589-587
Plot: Not recorded
Status: Not started</description><MultiGeometry><Polygon><outerBoundaryIs><LinearRing><coordinates>78.3832805,17.3286159,0 78.3833255,17.3286221,0 78.3833323,17.3285761,0 78.3832873,17.32857,0 78.3832805,17.3286159,0</coordinates></LinearRing></outerBoundaryIs></Polygon></MultiGeometry></Placemark><Placemark><name>e6704</name><description>Household ID: AS589-588
Plot: Not recorded
Status: Not started</description><MultiGeometry><Polygon><outerBoundaryIs><LinearRing><coordinates>78.3830097,17.3285997,0 78.383057,17.328627,0 78.3830787,17.3285923,0 78.3830314,17.328565,0 78.3830097,17.3285997,0</coordinates></LinearRing></outerBoundaryIs></Polygon></MultiGeometry></Placemark><Placemark><name>850cb</name><description>Household ID: AS589-589
Plot: Not recorded
Status: Not started</description><MultiGeometry><Polygon><outerBoundaryIs><LinearRing><coordinates>78.3864938,17.3287598,0 78.3865558,17.3287649,0 78.3865595,17.3287244,0 78.3864975,17.3287193,0 78.3864938,17.3287598,0</coordinates></LinearRing></outerBoundaryIs></Polygon></MultiGeometry></Placemark></Document></kml>